# Dragonfly_02.wad, map MAP01
# Created by Ultimate Doom Builder 3.0.0.3925

o MAP01
v -45.25 0 -8.5
v -45.25 6 -8.5
v -45 6 -10
v -45 0 -10
v -45 0 -7.25
v -45 6 -7.25
v -44.25 0 -6.5
v -44.25 6 -6.5
v -42.75 0 -6.25
v -42.75 6 -6.25
v -41 0 -6.5
v -41 6 -6.5
v -39.25 0 -5.75
v -39.25 6 -5.75
v -37 0 -5.5
v -37 6 -5.5
v -35.75 0 -5
v -35.75 6 -5
v -35.25 0 -4.25
v -35.25 6 -4.25
v -34.25 0 -3.5
v -34.25 6 -3.5
v -32.75 0 -3.75
v -32.75 6 -3.75
v -31.5 0 -3.5
v -31.5 6 -3.5
v -29.75 0 -4
v -29.75 6 -4
v -28.75 0 -5
v -28.75 6 -5
v -28 0 -7.5
v -28 6 -7.5
v -28.25 0 -9.5
v -28.25 6 -9.5
v -28 0 -11.5
v -28 6 -11.5
v -28.5 0 -12.5
v -28.5 6 -12.5
v -30.25 0 -13.5
v -30.25 6 -13.5
v -31.75 0 -14.75
v -31.75 6 -14.75
v -32 0 -16.5
v -32 6 -16.5
v -33.75 0 -17.5
v -33.75 6 -17.5
v -36.5 0 -17.25
v -36.5 6 -17.25
v -38 0 -16.25
v -38 6 -16.25
v -40 0 -16
v -40 6 -16
v -42 0 -16.5
v -42 6 -16.5
v -43.75 0 -15.75
v -43.75 6 -15.75
v -45 0 -13.75
v -45 6 -13.75
v -45.25 0 -12
v -45.25 6 -12
v 8 0 -28
v 8 20 -28
v 8 20 28
v 8 0 28
v 76 0 -28
v 76 20 -28
v 76 0 28
v 76 20 28
v -76 0 -28
v -76 6 -28
v -76 6 28
v -76 0 28
v -8 0 -28
v -8 6 -28
v -8 0 28
v -8 6 28
v 39 0 -10
v 39 4 -10
v 38.75 4 -12
v 38.75 0 -12
v 38.75 0 -8.5
v 38.75 4 -8.5
v 39 4 -10
v 39 0 -7.25
v 39 4 -7.25
v 38.75 4 -8.5
v 39.75 0 -6.5
v 39.75 4 -6.5
v 39 4 -7.25
v 41.25 0 -6.25
v 41.25 4 -6.25
v 39.75 4 -6.5
v 43 0 -6.5
v 43 4 -6.5
v 41.25 4 -6.25
v 44.75 0 -5.75
v 44.75 4 -5.75
v 47 0 -5.5
v 47 4 -5.5
v 44.75 4 -5.75
v 48.25 0 -5
v 48.25 4 -5
v 47 4 -5.5
v 48.75 0 -4.25
v 48.75 4 -4.25
v 49.75 0 -3.5
v 49.75 4 -3.5
v 48.75 4 -4.25
v 51.25 0 -3.75
v 51.25 4 -3.75
v 52.5 0 -3.5
v 52.5 4 -3.5
v 51.25 4 -3.75
v 54.25 0 -4
v 54.25 4 -4
v 52.5 4 -3.5
v 55.25 0 -5
v 55.25 4 -5
v 56 0 -7.5
v 56 4 -7.5
v 55.75 0 -9.5
v 55.75 4 -9.5
v 56 4 -7.5
v 56 0 -11.5
v 56 4 -11.5
v 55.75 4 -9.5
v 55.5 0 -12.5
v 55.5 4 -12.5
v 56 4 -11.5
v 53.75 0 -13.5
v 53.75 4 -13.5
v 55.5 4 -12.5
v 52.25 0 -14.75
v 52.25 4 -14.75
v 53.75 4 -13.5
v 52 0 -16.5
v 52 4 -16.5
v 52.25 4 -14.75
v 50.25 0 -17.5
v 50.25 3.99999999999999 -17.5
v 52 4 -16.5
v 47.5 0 -17.25
v 47.5 4 -17.25
v 50.25 4 -17.5
v 46 0 -16.25
v 46 3.99999999999999 -16.25
v 47.5 4 -17.25
v 44 0 -16
v 44 3.99999999999999 -16
v 46 4 -16.25
v 42 0 -16.5
v 42 4 -16.5
v 44 4 -16
v 40.25 0 -15.75
v 40.25 4 -15.75
v 42 4 -16.5
v 39 0 -13.75
v 39 4 -13.75
v 40.25 4 -15.75
v 38.75 4 -12
v 39 4 -13.75
v 42 0 2
v 42 4 2
v 41.875 4 0.5
v 41.875 0 0.5
v 41.875 0 3.25
v 41.875 4 3.25
v 42 4 2
v 42.25 0 4.125
v 42.25 4 4.125
v 41.875 4 3.25
v 42.875 0 4.375
v 42.875 4 4.375
v 42.25 4 4.125
v 43.875 0 4.25
v 43.875 4 4.25
v 42.875 4 4.375
v 45 0 4.375
v 45 4 4.375
v 43.875 4 4.25
v 46 0 4.25
v 46 4 4.25
v 45 4 4.375
v 46.375 0 4
v 46.375 4 4
v 46 4 4.25
v 46.5 0 3.125
v 46.5 4 3.125
v 46.375 4 4
v 46.375 0 2.125
v 46.375 4 2.125
v 46.5 0 1.25
v 46.5 4 1.25
v 46.25 0 0
v 46.25 4 0
v 45.75 0 -0.375
v 45.75 4 -0.375
v 44.25 0 -0.25
v 44.25 4 -0.25
v 45.75 4 -0.375
v 43 0 -0.375
v 43 4 -0.375
v 44.25 4 -0.25
v 42.125 0 -0.125
v 42.125 4 -0.125
v 28.25 0 12.5
v 28.25 4 12.5
v 27 4 12
v 27 0 12
v 29.5 0 12.75
v 29.5 4 12.75
v 28.25 4 12.5
v 30.9355936050415 0 12.5141878128052
v 30.9355936050415 4 12.5141878128052
v 32 0 13.25
v 32 4 13.25
v 30.9355936050415 4 12.5141878128052
v 33.25 0 13.5
v 33.25 4 13.5
v 32 4 13.25
v 35 0 13
v 35 4 13
v 33.25 4 13.5
v 36 0 12
v 36 4 12
v 35 4 13
v 36.5046248435974 0 10.021312713623
v 36.5046248435974 4 10.021312713623
v 36 4 12
v 35.75 0 8
v 35.75 4 8
v 36.5046248435974 4 10.021312713623
v 36.2574687004089 0 6.7059063911438
v 36.2574687004089 4 6.7059063911438
v 35.75 4 8
v 35.9397497177124 0 4.82049989700317
v 35.9397497177124 4 4.82049989700317
v 36.2574687004089 4 6.7059063911438
v 34.6431560516357 0 3.0438437461853
v 34.6431560516357 4 3.0438437461853
v 35.9397497177124 4 4.82049989700317
v 33.9839057922363 0 1.61946880817413
v 33.9839057922363 4 1.61946880817413
v 34.6431560516357 4 3.0438437461853
v 33.7301874160767 0 -0.156406253576279
v 33.7301874160767 4 -0.156406253576279
v 33.9839057922363 4 1.61946880817413
v 31.555718421936 0 -1.00609374046326
v 31.555718421936 4 -1.00609374046326
v 33.7301874160767 4 -0.156406253576279
v 28.414155960083 0 -0.743218779563904
v 28.414155960083 4 -0.743218779563904
v 31.555718421936 4 -1.00609374046326
v 26.910436630249 0 0.509249985218048
v 26.910436630249 4 0.509249985218048
v 28.414155960083 4 -0.743218779563904
v 24.765344619751 0 1.24612498283386
v 24.765344619751 4 1.24612498283386
v 26.910436630249 4 0.509249985218048
v 22.7289371490479 0 1.73703122138977
v 22.7289371490479 4 1.73703122138977
v 24.765344619751 4 1.24612498283386
v 21.3295307159424 0 3.55106258392334
v 21.3295307159424 3.99999999999999 3.55106258392334
v 20.0100002288818 0 3.91231250762939
v 20.0100002288818 4 3.91231250762939
v 21.3295307159424 4 3.55106258392334
v 18.75 0 5.5
v 18.75 4 5.5
v 20.0100002288818 4 3.91231250762939
v 19 0 7.5
v 19 3.99999999999999 7.5
v 18.75 4 5.5
v 18.75 0 9
v 18.75 4.00000000000001 9
v 19 4.00000000000001 7.5
v 19 0 10.25
v 19 4 10.25
v 18.75 3.99999999999999 9
v 19.75 0 11
v 19.75 4 11
v 19 4 10.25
v 21.25 0 11.25
v 21.25 4 11.25
v 19.75 4 11
v 23 0 11
v 23 4 11
v 27 4 12
v 24.75 4 11.75
v 24.75 0 11.75
v 24.75 4 11.75
v 23 4 11
v 33.625 0 -4.625
v 33.625 4 -4.625
v 32.8395624160767 4 -3.7592499256134
v 32.8395624160767 0 -3.7592499256134
v 34.0022192001343 0 -6.24778127670288
v 34.0022192001343 4 -6.24778127670288
v 33.625 4 -4.625
v 33.3722496032715 0 -7.62878131866455
v 33.3722496032715 4 -7.62878131866455
v 33.7264060974121 0 -8.64268779754639
v 33.7264060974121 4 -8.64268779754639
v 33.3722496032715 4 -7.62878131866455
v 33.4764060974121 0 -9.89268779754639
v 33.4764060974121 4 -9.89268779754639
v 33.7264060974121 4 -8.64268779754639
v 32.0739688873291 0 -10.5070314407349
v 32.0739688873291 4 -10.5070314407349
v 33.4764060974121 4 -9.89268779754639
v 30.2520627975464 0 -10.001030921936
v 30.2520627975464 4 -10.001030921936
v 32.0739688873291 4 -10.5070314407349
v 28.4772815704346 0 -10.2535314559937
v 28.4772815704346 4 -10.2535314559937
v 30.2520627975464 4 -10.001030921936
v 27.3134059906006 0 -9.45668792724609
v 27.3134059906006 4 -9.45668792724609
v 28.4772815704346 4 -10.2535314559937
v 26.9959678649902 0 -8.03806209564209
v 26.9959678649902 4 -8.03806209564209
v 27.3134059906006 4 -9.45668792724609
v 27.4989681243896 0 -6.50206232070923
v 27.4989681243896 4 -6.50206232070923
v 26.9959678649902 4 -8.03806209564209
v 26.9948444366455 0 -5.21075010299683
v 26.9948444366455 4 -5.21075010299683
v 27.4989681243896 4 -6.50206232070923
v 27.3110008239746 0 -4.05634355545044
v 27.3110008239746 4 -4.05634355545044
v 26.9948444366455 4 -5.21075010299683
v 28.4670314788818 0 -3.49393749237061
v 28.4670314788818 4 -3.49393749237061
v 27.3110008239746 4 -4.05634355545044
v 29.6267185211182 0 -3.87328124046326
v 29.6267185211182 4 -3.87328124046326
v 28.4670314788818 4 -3.49393749237061
v 31.0017185211182 0 -3.49828124046326
v 31.0017185211182 4 -3.49828124046326
v 29.6267185211182 4 -3.87328124046326
v -65 0 7.5
v -65 6 7.5
v -65.25 6 5.5
v -65.25 0 5.5
v -65.25 0 9
v -65.25 6 9
v -65 0 10.25
v -65 6 10.25
v -64.25 0 11
v -64.25 6 11
v -62.75 0 11.25
v -62.75 6 11.25
v -61 0 11
v -61 6 11
v -59.25 0 11.75
v -59.25 2 11.75
v -61 2 11
v -57 0 12
v -57 2 12
v -55.75 0 12.5
v -55.75 2 12.5
v -54.5 0 12.75
v -54.5 6 12.75
v -55.75 6 12.5
v -53.0644073486328 0 12.5141878128052
v -53.0644073486328 6 12.5141878128052
v -52 0 13.25
v -52 6 13.25
v -50.75 0 13.5
v -50.75 6 13.5
v -49 0 13
v -49 6 13
v -48 0 12
v -48 6 12
v -47.4953765869141 0 10.021312713623
v -47.4953765869141 6 10.021312713623
v -48.25 0 8
v -48.25 6 8
v -50.2698135375977 0 -0.156406253576279
v -50.2698135375977 6 -0.156406253576279
v -50.0160903930664 6 1.61946880817413
v -50.0160903930664 0 1.61946880817413
v -52.4442825317383 0 -1.00609374046326
v -52.4442825317383 6 -1.00609374046326
v -55.5858459472656 0 -0.743218779563904
v -55.5858459472656 6 -0.743218779563904
v -57.0895614624023 0 0.509249985218048
v -57.0895614624023 6 0.509249985218048
v -59.2346572875977 0 1.24612498283386
v -59.2346572875977 6 1.24612498283386
v -61.2710647583008 0 1.73703122138977
v -61.2710647583008 6 1.73703122138977
v -62.6704711914063 0 3.55106258392334
v -62.6704711914063 6 3.55106258392334
v -63.9899978637695 0 3.91231250762939
v -63.9899978637695 6 3.91231250762939
v -56.6890029907227 0 -4.05634355545044
v -56.6890029907227 6 -4.05634355545044
v -57.0051574707031 6 -5.21075010299683
v -57.0051574707031 0 -5.21075010299683
v -55.5329666137695 0 -3.49393749237061
v -55.5329666137695 6 -3.49393749237061
v -54.3732833862305 0 -3.87328124046326
v -54.3732833862305 6 -3.87328124046326
v -52.9982833862305 0 -3.49828124046326
v -52.9982833862305 6 -3.49828124046326
v -51.1604385375977 0 -3.7592499256134
v -51.1604385375977 6 -3.7592499256134
v -50.375 0 -4.625
v -50.375 6 -4.625
v -49.9977798461914 0 -6.24778127670288
v -49.9977798461914 6 -6.24778127670288
v -50.6277465820313 0 -7.62878131866455
v -50.6277465820313 6 -7.62878131866455
v -50.2735900878906 0 -8.64268779754639
v -50.2735900878906 6 -8.64268779754639
v -50.5235900878906 0 -9.89268779754639
v -50.5235900878906 6 -9.89268779754639
v -51.9260330200195 0 -10.5070314407349
v -51.9260330200195 6 -10.5070314407349
v -53.7479400634766 0 -10.001030921936
v -53.7479400634766 6 -10.001030921936
v -55.5227203369141 0 -10.2535314559937
v -55.5227203369141 6 -10.2535314559937
v -56.6865921020508 0 -9.45668792724609
v -56.6865921020508 6 -9.45668792724609
v -57.0040283203125 0 -8.03806209564209
v -57.0040283203125 6 -8.03806209564209
v -56.5010299682617 0 -6.50206232070923
v -56.5010299682617 6 -6.50206232070923
v -42 0 2
v -42 6 2
v -42.125 6 0.5
v -42.125 0 0.5
v -42.125 0 3.25
v -42.125 6 3.25
v -41.75 0 4.125
v -41.75 6 4.125
v -41.125 0 4.375
v -41.125 6 4.375
v -40.125 0 4.25
v -40.125 6 4.25
v -39 0 4.375
v -39 6 4.375
v -38 0 4.25
v -38 6 4.25
v -37.625 0 4
v -37.625 6 4
v -37.5 0 3.125
v -37.5 6 3.125
v -37.625 0 2.125
v -37.625 6 2.125
v -37.5 0 1.25
v -37.5 6 1.25
v -37.75 0 0
v -37.75 6 0
v -38.25 0 -0.375
v -38.25 6 -0.375
v -39.75 0 -0.25
v -39.75 6 -0.25
v -41 0 -0.375
v -41 6 -0.375
v -41.875 0 -0.125
v -41.875 6 -0.125
v -53.25 1 9.5
v -53.25 5 9.5
v -50.8022155761719 5 9.25
v -50.8022155761719 1 9.25
v -56.75 1 5
v -56.75 5 5
v -58.5 5 7
v -58.5 1 7
v -55.25 1 2.25
v -55.25 5 2.25
v -52.75 1 1
v -52.75 5 1
v -60.75 2 8.5
v -60.75 5 8.5
v -55 5 10.75
v -55 2 10.75
v 42.4390000104904 4.25 3.93134379386902
v 42.1301562786102 4.25 3.21075010299683
v 43.0227187275887 4.25 -0.121468752622604
v 42.3115937709808 4.25 0.0816875025629997
v 42.1290313005447 4.25 0.538062512874603
v 44.2479375004768 4.25 0.00103124999441206
v 46.0235936641693 4.25 0.142687499523163
v 45.6760312318802 4.25 -0.117968752980232
v 46.2464687824249 4.25 1.25703120231628
v 46.1227812767029 4.25 2.12278127670288
v 46.1433124542236 4.25 3.85400009155273
v 46.2477812767029 4.25 3.12278127670288
v 45.9104374647141 4.25 4.00925016403198
v 44.9982812404633 4.25 4.12328147888184
v 43.8732812553644 4.25 3.99828124046326
v 42.9079687595367 4.25 4.11893749237061
v 42.2510312795639 4.25 2.00206255912781
v 45 4 4.375
v 46 4 4.25
v 46 4 4.25
v 46.375 4 2.125
v 44.25 4 -0.25
v 43 4 -0.375
v 42.125 4 -0.125
v 42.25 4 4.125
v 42.875 4 4.375
v 43.875 4 4.25
v 55.5 4 -12.5
v 55.3102502822876 4.25 -12.3205003738403
v 40.4204688072205 4.25 -15.5510625839233
v 39.2399997711182 4.25 -13.6623125076294
v 39.0022187232971 4.25 -11.9977807998657
v 42.0210624933243 4.25 -16.2370319366455
v 43.9846562501043 4.25 -15.7461252212524
v 50.1942811012268 4.25 -17.2439060211182
v 47.5858438014984 4.25 -17.0067806243896
v 46.0895624160767 4.25 -16.0092506408691
v 51.7698125839233 4.25 -16.3435935974121
v 52.0160942077637 4.25 -14.6194686889648
v 55.7425308227539 4.25 -11.4559059143066
v 53.6068439483643 4.25 -13.2938442230225
v 55.4980621337891 4.25 -9.5
v 55.0286560058594 4.25 -5.13221883773804
v 55.7453746795654 4.25 -7.52131271362305
v 54.1190309524536 4.25 -4.22259378433228
v 52.4895935058594 4.25 -3.75703120231628
v 51.2540936470032 4.25 -4.00412511825562
v 48.9342498779297 4.25 -4.42431259155273
v 49.8144063949585 4.25 -3.7641875743866
v 48.4149374961853 4.25 -5.20328140258789
v 43.0340312719345 4.25 -6.75740623474121
v 44.8144375085831 4.25 -5.99437522888184
v 47.0613436698914 4.25 -5.74471855163574
v 39.8701248168945 4.25 -6.73343753814697
v 41.2529375553131 4.25 -6.50296878814697
v 39.2303123474121 4.25 -7.37325000762939
v 39.0041251182556 4.25 -8.50409412384033
v 39.2525935173035 4.25 -9.99484348297119
v 48.25 4 -5
v 47 4 -5.5
v 44.75 4 -5.75
v 43 4 -6.5
v 38.75 4 -8.5
v 38.75 4 -12
v 40.25 4 -15.75
v 42 4 -16.5
v 44 4 -16
v 46 4 -16.25
v 50.25 4 -17.5
v 52.25 4 -14.75
v 53.75 4 -13.5
v 48.25 4 -5
v 51.25 4 -3.75
v 43 4 -6.5
v 41.25 4 -6.25
v 52.5 4 -3.5
v 54.25 4 -4
v 39 4 -10
v 55.75 4 -9.5
v 38.75 4 -12
v 40.25 4 -15.75
v 39 4 -13.75
v 44 4 -16
v 46 4 -16.25
v 44 4 -16
v 46 4 -16.25
v 50.25 4 -17.5
v 47.5 4 -17.25
v 52 4 -16.5
v 50.25 4 -17.5
v 52.25 4 -14.75
v 52.25 4 -14.75
v 35.75 4.25 5
v 21.5 4.25 3.75
v 20.25 4.25 4
v 19.00221824646 4.25 5.50221872329712
v 24.75 4.25 1.5
v 22.75 4.25 2
v 31.5 4.25 -0.75
v 28.5 4.25 -0.5
v 27 4.25 0.75
v 33.5 4.25 0
v 33.75 4.25 1.75
v 36 4.25 6.75
v 34.5 4.25 3.25
v 35.4980621337891 4.25 8
v 35.7786560058594 4.25 11.8677816390991
v 36.25 4.25 10
v 34.8690309524536 4.25 12.7774066925049
v 33.2395935058594 4.25 13.2429685592651
v 32.0040941238403 4.25 12.9958753585815
v 31 4.25 12.25
v 28.4149379730225 4.25 12.2967185974121
v 29.6842498779297 4.25 12.5756874084473
v 27.0613441467285 4.25 11.7552814483643
v 23.0340309143066 4.25 10.7425937652588
v 24.8144378662109 4.25 11.5056247711182
v 19.8701248168945 4.25 10.766562461853
v 21.2529373168945 4.25 10.997031211853
v 19.2303123474121 4.25 10.1267499923706
v 19.0041255950928 4.25 8.99590587615967
v 19.2525939941406 4.25 7.50515604019165
v 29.5 4 12.75
v 28.25 4 12.5
v 27 4 12
v 24.75 4 11.75
v 23 4 11
v 19.75 4 11
v 19 4 10.25
v 18.75 4 9
v 19 4 7.5
v 18.75 4 5.5
v 20.0100002288818 4 3.91231250762939
v 21.3295307159424 4 3.55106258392334
v 24.765344619751 4 1.24612498283386
v 26.910436630249 4 0.509249985218048
v 28.414155960083 4 -0.743218779563904
v 36.5046248435974 4 10.021312713623
v 33.7301874160767 4 -0.156406253576279
v 33.9839057922363 4 1.61946880817413
v 24.75 4 11.75
v 21.25 4 11.25
v 19.75 4 11
v 18.75 4 9
v 19 4.00000000000001 7.5
v 18.75 4.00000000000001 9
v 36.2574687004089 4 6.7059063911438
v 19 4 7.5
v 18.75 4 5.5
v 21.3295307159424 4 3.55106258392334
v 21.3295307159424 4 3.55106258392334
v 24.765344619751 4 1.24612498283386
v 22.7289371490479 4 1.73703122138977
v 26.910436630249 4 0.509249985218048
v 31.555718421936 4 -1.00609374046326
v 28.414155960083 4 -0.743218779563904
v 33.7301874160767 4 -0.156406253576279
v 36.5046248435974 4 10.021312713623
v 33.9839057922363 4 1.61946880817413
v 33.7301874160767 4 -0.156406253576279
v 33.9839057922363 4 1.61946880817413
v 34.6431560516357 4 3.0438437461853
v 27.5 4.25 -4.25
v 27.25 4.25 -5.25
v 28.5 4.25 -10
v 27.5 4.25 -9.25
v 27.25 4.25 -8
v 30.25 4.25 -9.75
v 33.25 4.25 -9.75
v 32 4.25 -10.25
v 33.4728746414185 4.25 -8.63565635681152
v 33.1200313568115 4.25 -7.63100004196167
v 33.3933124542236 4.25 -4.77099990844727
v 33.75 4.25 -6.25
v 32.75 4.25 -4
v 31 4.25 -3.75
v 29.625 4.25 -4.125
v 28.5 4.25 -3.75
v 27.75 4.25 -6.5
v 33.7264060974121 4 -8.64268779754639
v 33.4764060974121 4 -9.89268779754639
v 27.3134059906006 4 -9.45668792724609
v 28.4670314788818 4 -3.49393749237061
v 27.4989681243896 4 -6.50206232070923
v 26.9948444366455 4 -5.21075010299683
v 26.9948444366455 4 -5.21075010299683
v 28.4670314788818 4 -3.49393749237061
v 27.3110008239746 4 -4.05634355545044
v 31.0017185211182 4 -3.49828124046326
v -56.5 2 10
v -57 6 12
v -59.25 6 11.75
v -56.5 5 10
v -52 1 3.25
v -50.25 1 7.5
v -50.5 1 5
v -55 1 8.5
v -57.5 1 7.75
v -52 5 3.25
v -50.25 5 7.5
v -50.5 5 5
v -55 5 8.5
v -57.5 5 7.75
v -59 2 9.75
v -59 5 9.75
v -47.7425308227539 0 6.7059063911438
v -47.7425308227539 6 6.7059063911438
v -48.0602493286133 0 4.82049989700317
v -48.0602493286133 6 4.82049989700317
v -49.3568420410156 0 3.0438437461853
v -49.3568420410156 6 3.0438437461853
v 42.25 20 4.125
v 42.1301562786102 20 3.21075010299683
v 42.4390000104904 20 3.93134379386902
v 43.0227187275887 20 -0.121468752622604
v 42.1290313005447 20 0.538062512874603
v 42.3115937709808 20 0.0816875025629997
v 44.2479375004768 20 0.00103124999441206
v 46.0235936641693 20 0.142687499523163
v 45.6760312318802 20 -0.117968752980232
v 46.2464687824249 20 1.25703120231628
v 46.1227812767029 20 2.12278127670288
v 46.1433124542236 20 3.85400009155273
v 46.2477812767029 20 3.12278127670288
v 45.9104374647141 20 4.00925016403198
v 44.9982812404633 20 4.12328147888184
v 43.8732812553644 20 3.99828124046326
v 42.9079687595367 20 4.11893749237061
v 42.2510312795639 20 2.00206255912781
v 45 20 4.375
v 46 20 4.25
v 46.375 20 4
v 46.5 20 3.125
v 46.375 20 2.125
v 46.5 20 1.25
v 46.25 20 0
v 45.75 20 -0.375
v 44.25 20 -0.25
v 43 20 -0.375
v 42.125 20 -0.125
v 41.875 20 0.5
v 43.875 20 4.25
v 42.875 20 4.375
v 42 20 2
v 41.875 20 3.25
v 8 0 9
v 34.793607711792 0 3.25
v 8 0 -5.21075010299683
v 33.6765661239624 0 -8.5
v 18.75 20 9
v 8 20 9
v 19 20 10.25
v 24.75 20 11.75
v 21.25 20 11.25
v 23 20 11
v 28.25 20 12.5
v 27 20 12
v 32 20 13.25
v 29.5 20 12.75
v 30.9355936050415 20 12.5141878128052
v 36.2574687004089 20 6.7059063911438
v 36.5046248435974 20 10.021312713623
v 35.75 20 8
v 35.9397497177124 20 4.82049989700317
v 34.793607711792 20 3.25
v 34.6431560516357 20 3.0438437461853
v 33.9839057922363 20 1.61946880817413
v 33.7301874160767 20 -0.156406253576279
v 24.765344619751 20 1.24612498283386
v 28.414155960083 20 -0.743218779563904
v 26.910436630249 20 0.509249985218048
v 22.7289371490479 20 1.73703122138977
v 20.0100002288818 20 3.91231250762939
v 21.3295307159424 20 3.55106258392334
v 18.75 20 5.5
v 19 20 7.5
v 8 20 -5.21075010299683
v 26.9948444366455 20 -5.21075010299683
v 31.0017185211182 20 -3.49828124046326
v 28.4670314788818 20 -3.49393749237061
v 29.6267185211182 20 -3.87328124046326
v 33.6765661239624 20 -8.5
v 34.0022192001343 20 -6.24778127670288
v 33.3722496032715 20 -7.62878131866455
v 38.75 20 -8.5
v 39 20 -7.25
v 44.75 20 -5.75
v 41.25 20 -6.25
v 43 20 -6.5
v 48.25 20 -5
v 47 20 -5.5
v 48.75 20 -4.25
v 52.5 20 -3.5
v 49.75 20 -3.5
v 51.25 20 -3.75
v 56 20 -11.5
v 56 20 -7.5
v 55.75 20 -9.5
v 52.25 20 -14.75
v 55.5 20 -12.5
v 53.75 20 -13.5
v 52 20 -16.5
v 44 20 -16
v 47.5 20 -17.25
v 46 20 -16.25
v 42 20 -16.5
v 38.75 20 -12
v 39 20 -10
v 33.7264060974121 20 -8.64268779754639
v 28.4772815704346 20 -10.2535314559937
v 32.0739688873291 20 -10.5070314407349
v 30.2520627975464 20 -10.001030921936
v 26.9959678649902 20 -8.03806209564209
v 27.4989681243896 20 -6.50206232070923
v 19.75 20 11
v 31.555718421936 20 -1.00609374046326
v 33.625 20 -4.625
v 39.75 20 -6.5
v 39 20 -13.75
v 33.4764060974121 20 -9.89268779754639
v 27.3134059906006 20 -9.45668792724609
v 33.25 20 13.5
v 27.3110008239746 20 -4.05634355545044
v 32.8395624160767 20 -3.7592499256134
v 40.25 20 -15.75
v 35 20 13
v 36 20 12
v 54.25 20 -4
v 50.25 20 -17.5
v 55.25 20 -5
v 55.3102502822876 20 -12.3205003738403
v 40.4204688072205 20 -15.5510625839233
v 39.0022187232971 20 -11.9977807998657
v 39.2399997711182 20 -13.6623125076294
v 42.0210624933243 20 -16.2370319366455
v 43.9846562501043 20 -15.7461252212524
v 50.1942811012268 20 -17.2439060211182
v 46.0895624160767 20 -16.0092506408691
v 47.5858438014984 20 -17.0067806243896
v 51.7698125839233 20 -16.3435935974121
v 52.0160942077637 20 -14.6194686889648
v 55.7425308227539 20 -11.4559059143066
v 53.6068439483643 20 -13.2938442230225
v 55.4980621337891 20 -9.5
v 55.0286560058594 20 -5.13221883773804
v 55.7453746795654 20 -7.52131271362305
v 54.1190309524536 20 -4.22259378433228
v 52.4895935058594 20 -3.75703120231628
v 51.2540936470032 20 -4.00412511825562
v 48.9342498779297 20 -4.42431259155273
v 49.8144063949585 20 -3.7641875743866
v 48.4149374961853 20 -5.20328140258789
v 43.0340312719345 20 -6.75740623474121
v 47.0613436698914 20 -5.74471855163574
v 44.8144375085831 20 -5.99437522888184
v 39.8701248168945 20 -6.73343753814697
v 41.2529375553131 20 -6.50296878814697
v 39.2303123474121 20 -7.37325000762939
v 39.0041251182556 20 -8.50409412384033
v 39.2525935173035 20 -9.99484348297119
v 35.75 20 5
v 21.5 20 3.75
v 19.00221824646 20 5.50221872329712
v 20.25 20 4
v 24.75 20 1.5
v 22.75 20 2
v 31.5 20 -0.75
v 27 20 0.75
v 28.5 20 -0.5
v 33.5 20 0
v 33.75 20 1.75
v 36 20 6.75
v 34.5 20 3.25
v 35.4980621337891 20 8
v 35.7786560058594 20 11.8677816390991
v 36.25 20 10
v 34.8690309524536 20 12.7774066925049
v 33.2395935058594 20 13.2429685592651
v 32.0040941238403 20 12.9958753585815
v 31 20 12.25
v 28.4149379730225 20 12.2967185974121
v 29.6842498779297 20 12.5756874084473
v 27.0613441467285 20 11.7552814483643
v 23.0340309143066 20 10.7425937652588
v 24.8144378662109 20 11.5056247711182
v 19.8701248168945 20 10.766562461853
v 21.2529373168945 20 10.997031211853
v 19.2303123474121 20 10.1267499923706
v 19.0041255950928 20 8.99590587615967
v 19.2525939941406 20 7.50515604019165
v 27.25 20 -5.25
v 27.5 20 -4.25
v 28.5 20 -10
v 27.25 20 -8
v 27.5 20 -9.25
v 30.25 20 -9.75
v 33.25 20 -9.75
v 32 20 -10.25
v 33.4728746414185 20 -8.63565635681152
v 33.1200313568115 20 -7.63100004196167
v 33.3933124542236 20 -4.77099990844727
v 33.75 20 -6.25
v 32.75 20 -4
v 31 20 -3.75
v 29.625 20 -4.125
v 28.5 20 -3.75
v 27.75 20 -6.5
v -76 0 9
v -49.2063903808594 0 3.25
v -76 0 -5.21075010299683
v -76 0 -12
v -76 6 9
v -49.2063903808594 6 3.25
v -76 6 -5.21075010299683
v -76 6 -12
vn 0.986393923832144 0 0.164398987305357
vn 0.98058067569092 0 -0.196116135138184
vn 0.707106781186547 0 -0.707106781186547
vn 0.164398987305357 0 -0.986393923832144
vn -0.14142135623731 0 -0.989949493661167
vn 0.393919298579168 0 -0.919145030018058
vn 0.110431526074847 0 -0.993883734673619
vn 0.371390676354104 0 -0.928476690885259
vn 0.832050294337844 0 -0.554700196225229
vn 0.6 0 -0.8
vn -0.164398987305357 0 -0.986393923832144
vn 0.196116135138184 0 -0.98058067569092
vn -0.274721127897378 0 -0.961523947640823
vn -0.707106781186548 0 -0.707106781186548
vn -0.957826285221151 0 -0.287347885566345
vn -0.992277876713668 0 0.124034734589208
vn -0.992277876713668 0 -0.124034734589208
vn -0.894427190999916 0 0.447213595499958
vn -0.496138938356834 0 0.868243142124459
vn -0.64018439966448 0 0.768221279597376
vn -0.989949493661167 0 0.14142135623731
vn 0.0905357460425185 0 0.995893206467704
vn 0.554700196225229 0 0.832050294337844
vn 0.124034734589208 0 0.992277876713668
vn -0.242535625036333 0 0.970142500145332
vn 0.393919298579168 0 0.919145030018058
vn 0.847998304005088 0 0.52999894000318
vn 0.989949493661167 0 0.14142135623731
vn 0.992277876713668 0 -0.124034734589208
vn -1 0 0
vn 0 0 -1
vn 1 0 0
vn 0 0 1
vn 0.98058067569092 0 -0.196116135138184
vn 0.707106781186548 0 -0.707106781186548
vn 0.393919298579168 0 -0.919145030018058
vn 0.110431526074847 0 -0.993883734673619
vn 0.371390676354104 0 -0.928476690885259
vn 0.832050294337844 0 -0.554700196225229
vn 0.6 0 -0.8
vn 0.196116135138184 0 -0.98058067569092
vn -0.274721127897378 0 -0.961523947640823
vn -0.707106781186547 0 -0.707106781186547
vn -0.957826285221151 0 -0.287347885566345
vn -0.894427190999916 0 0.447213595499958
vn 0.554700196225229 0 0.832050294337844
vn 0.393919298579168 0 0.919145030018058
vn 0.99654575824488 0 -0.08304547985374
vn 0.995037190209989 0 0.0995037190209989
vn 0.919145030018058 0 -0.393919298579168
vn -0.124034734589208 0 -0.992277876713668
vn -0.554700196225229 0 -0.832050294337844
vn -0.989949493661167 0 -0.14142135623731
vn -0.98058067569092 0 0.196116135138184
vn -0.6 0 0.8
vn 0.08304547985374 0 0.99654575824488
vn -0.0995037190209989 0 0.995037190209989
vn 0.274721127897378 0 0.961523947640823
vn 0.928476690885259 0 0.371390676354104
vn -0.162088938051316 0 -0.986776153016172
vn 0.568643254465813 0 -0.822584250487772
vn -0.968984806233148 0 -0.247120305295436
vn -0.936841297480626 0 0.349754747408547
vn -0.930977841614722 0 -0.365075688621406
vn -0.986096792275909 0 0.166171947882794
vn -0.807766082294269 0 0.589503143583619
vn -0.907511252116666 0 0.420027769655343
vn -0.98994778177758 0 0.141433338904407
vn -0.363956628837187 0 0.931415896538957
vn 0.083385091172469 0 0.996517399030323
vn 0.639994207618859 0 0.768379733084046
vn 0.324882461147789 0 0.94575440069743
vn 0.23435164003986 0 0.972151895955888
vn 0.791779973556325 0 0.610806412437808
vn 0.264054776418017 0 0.964507685324918
vn 0.783305529442537 0 0.621636909734893
vn -0.740624350548306 0 -0.671919319096348
vn -0.974030771971053 0 -0.22641566918717
vn -0.909809159388972 0 0.415026858759686
vn -0.944064528022818 0 -0.329760772271435
vn -0.401244940789597 0 0.915970795107984
vn 0.267602373211612 0 0.963529433827277
vn -0.140852986241871 0 0.990030522896515
vn 0.564929010632422 0 0.825139511201513
vn 0.975867284557364 0 0.218364472684172
vn 0.95034052039466 0 -0.311211978072837
vn 0.931529490102037 0 0.363665793098883
vn 0.964483700207864 0 -0.264142370764984
vn 0.437473752067714 0 -0.899231180649224
vn -0.310898261062392 0 -0.950443197286603
vn 0.263117405792109 0 -0.964763821237732
vn -0.140586930812711 0 -0.990068338492178
vn -0.162089042899163 0 -0.986776135793744
vn 0.568642909724697 0 -0.822584488803327
vn -0.968984973980644 0 -0.247119647538862
vn -0.936841514727357 0 0.349754165498213
vn -0.989947409610565 0 0.141435943823811
vn -0.363956614071061 0 0.931415902308914
vn 0.0833850660355274 0 0.996517401133694
vn 0.639995166183856 0 0.768378934680864
vn 0.324881936543567 0 0.945754580907595
vn 0.791779960614791 0 0.610806429213741
vn 0.264055486563267 0 0.964507490907062
vn 0.783305071232937 0 0.621637487110264
vn 0.964484106181772 0 -0.264140888396228
vn 0.437472001111967 0 -0.899232032482769
vn -0.310899184890392 0 -0.950442895093908
vn 0.263117405792109 0 -0.964763821237732
vn -0.14058685930275 0 -0.990068348646389
vn -0.740623944553425 0 -0.671919766604707
vn -0.974030645732387 0 -0.226416212259964
vn -0.909809871100476 0 0.415025298563998
vn -0.944064528022819 0 -0.329760772271435
vn -0.98058067569092 0 0.196116135138184
vn -0.401243567255674 0 0.915971396789191
vn 0.267602243166561 0 0.963529469944861
vn -0.140853060427318 0 0.990030512342048
vn 0.564930271306749 0 0.825138648083632
vn 0.975867564149273 0 0.218363223188714
vn 0.950340869416934 0 -0.311210912269905
vn 0.931528557866878 0 0.363668181009083
vn 0.995037190209989 0 0.0995037190209989
vn 0.919145030018058 0 -0.393919298579168
vn -0.554700196225229 0 -0.832050294337844
vn -0.6 0 0.8
vn -0.0995037190209989 0 0.995037190209989
vn 0.274721127897378 0 0.961523947640823
vn 0.928476690885259 0 0.371390676354104
vn 0.101604623503202 0 0.994824859200238
vn -0.752576694706878 0 -0.658504607868518
vn -0.877895572914384 0 -0.478852130680573
vn -0.447213595499958 0 -0.894427190999916
vn -0.995037190209989 0 -0.0995037190209989
vn 0.919145030018058 0 0.393919298579168
vn 0.220985262880085 0 -0.97527714706632
vn 0.439849066652327 0 0.898071711259784
vn 0.581238193719096 0 0.813733471206735
vn 0.649920712824257 0.707114545806285 -0.278553560650695
vn 0 1 0
vn 0 1 0
vn -0.0877079234636543 0.707089676427322 -0.701663387709234
vn -0.39223515101605 0.707101587821087 -0.588352726524075
vn -0.699990936889805 0.70711593619184 -0.0999987052699722
vn -0.70165222444888 0.707100926927891 0.08770652805611
vn -0.700003398819551 0.707103347843659 -0.10000048554565
vn -0.693393627094094 0.707088034845385 0.138678725418819
vn -0.424269328671228 0.707098014479027 0.565692438228304
vn 0.0587219500450417 0.707107647053549 0.7046634005405
vn -0.0703610677286467 0.707093582884588 0.703610677286467
vn 0.194250301953831 0.707131789363697 0.679876056838407
vn 0.656519321134606 0.707120613426924 0.262607728453842
vn -0.0877065228687627 0.707100968750311 -0.701652182950102
vn 0.704674283218161 0.707096726512279 -0.0587228569348467
vn 0.703610643902202 0.70709361643661 0.0703610643902202
vn 0.649950689669881 0.707088278671021 -0.278550295572806
vn 0.262613855685228 0.707104115612052 -0.65653463921307
vn 0.262624750570321 0.707094923822979 -0.65654018086607
vn 0.0780885402180093 0.707091755504806 -0.702796861962084
vn -0.0877146672236372 0.707107279582926 -0.701644804950967
vn -0.392235234308703 0.707101688260758 -0.588352550283912
vn -0.700002773853611 0.707102761752892 -0.100009004188042
vn -0.700015392851128 0.70709021122753 -0.100009414345289
vn -0.693383473504254 0.707097610156236 0.138680670543935
vn -0.424240195934199 0.707119508852079 0.565687419300189
vn 0.0587190256968944 0.707096815408297 0.704674513275918
vn -0.0703454518453171 0.707125527290381 0.703580134781375
vn 0.194240308200524 0.707096425865652 0.679915691242808
vn 0.656530163316474 0.707102274070241 0.262630003351364
vn -0.0877022523759145 0.707090343973426 -0.701663423863418
vn 0.70467430807652 0.707096702361254 -0.0587228494431111
vn 0.703619492593651 0.707084361306813 0.0703655856053878
vn 0.0780887252597085 0.707091412146705 -0.702797186858123
vn -0.63246567643323 0.707095439221129 0.316232838216615
vn -0.116241508589898 0.707114446505356 -0.697479083001181
vn 0.424267009255724 0.707107110632634 -0.56568280771999
vn 0.588352566116631 0.707101847202961 -0.392234924026578
vn 0.262613792973176 0.707103854989682 -0.656534944994531
vn 0.078087559001036 0.707101826949425 -0.702786837849177
vn 0.278543358462208 0.70710570298016 -0.649934706158648
vn 0.138673658291839 0.707097209358954 -0.693385284681423
vn -0.0999960646693678 0.707122317294836 -0.699984868003746
vn 0.116245349475971 0.707120587370733 -0.697472217110961
vn -0.194260564566093 0.707107108027579 -0.679898794550583
vn 0.499993660425997 0.707115746584409 -0.499993660425997
vn 0.693383654722456 0.707095991648051 -0.138688016638025
vn -0.632450224857398 0.707118174200214 0.316212904217368
vn 0.69747920803339 0.707112714480086 0.116251294107722
vn 0.701652170667041 0.707100649615256 -0.0877091939987644
vn 0.700016996532966 0.70709015863144 0.099998560647294
vn -0.499993319033986 0.707116229373048 -0.499993319033986
vn 0.599632663700694 0.707098117710536 0.374770490505091
vn -0.677283951775453 0.707109130331269 -0.20318249548025
vn 0.278541756512357 0.707110505049712 0.649930168192978
vn -0.171495845918873 0.707129306260488 0.685971806315778
vn 0.0877098890868656 0.707106004524687 0.70164668724473
vn 0.392244120091901 0.707089864478498 0.588360836396433
vn 0.0640173035435405 0.707103756566231 0.704205980020718
vn -0.701624749572286 0.707129642512583 0.087694808669919
vn -0.350822787010562 0.707112791553426 0.613933931409286
vn -0.701657549226179 0.707096430485098 -0.0877001802115911
vn -0.699982161107413 0.707126060001377 0.0999885463356911
vn -0.452660980101944 0.707134406597552 0.543193306382798
vn -0.350821395384122 0.70709334789413 0.613957120574889
vn 0.424269247748283 0.70709814935392 -0.565692330331044
vn 0.588352648713943 0.70710168133859 -0.392235099142628
vn 0.262613762671159 0.707104366061896 -0.656534406677898
vn 0.078087495783336 0.707101213538467 -0.702787462050024
vn -0.116248921864727 0.70709897618062 -0.69749353118836
vn 0.278543302007441 0.707106032956703 -0.649934371350696
vn -0.0999987153850854 0.707115864669033 -0.699991007695598
vn 0.11624535876265 0.707120649498573 -0.697472152575899
vn 0.138675340654255 0.707105294319797 -0.693376703271274
vn 0.499993661218048 0.707115745464308 -0.499993661218048
vn 0.693359779861513 0.707122552530472 -0.138671955972303
vn -0.194253590909972 0.707119818026761 -0.679887568184904
vn 0.697493640543561 0.707098865314535 0.116248940090593
vn -0.701629898460974 0.707123426318149 -0.0877037373076218
vn 0.701641683838182 0.707111549584236 -0.0877052104797727
vn 0.700003304410159 0.70710344321246 0.100000472058594
vn 0.599632934253412 0.707097838771703 0.374770583908383
vn -0.499993324047648 0.707116222282848 -0.499993324047648
vn 0.278541174324136 0.70711143424464 0.649929406756318
vn -0.171495810503794 0.707118221129956 0.685983242015177
vn 0.0877038488119697 0.707122568878197 0.701630748675303
vn 0.392235514130195 0.707100933197531 0.588353271195293
vn -0.677270577629911 0.707122320039301 -0.203181173288973
vn 0.0640194058246173 0.70709611277342 0.70421346407079
vn -0.350825904730606 0.70710134515176 0.613945333278561
vn -0.701657121321891 0.707095991830185 0.0877071401652364
vn -0.700009629867621 0.707097053417442 0.100001375695374
vn -0.452660831674997 0.70713473849063 0.543192998009997
vn -0.350810135558328 0.707133127994678 0.613917737227073
vn -0.744780219102283 0.655401051200826 0.125506523012978
vn 0.421248511912931 0.707790000425351 -0.567082892096933
vn -0.214933817453824 0.447026692965032 -0.868314798843987
vn 0.156733403572806 0.683276826930113 -0.713139129472504
vn 0.26261369634078 0.707104115182588 -0.656534703413371
vn 0.0780875507658667 0.707101901522967 -0.702786763732779
vn 0.278543328335661 0.707105539467046 -0.649934896966389
vn 0.138673421531409 0.70709671088318 -0.693385840365204
vn -0.0999960646359297 0.707122363908636 -0.699984820919418
vn 0.116245364168461 0.707120616617594 -0.697472185010768
vn -0.194260188557375 0.707107472340775 -0.679898523091125
vn 0.693383037770738 0.707096678184002 -0.13868760086242
vn -0.684613090337605 0.72231552022192 0.0978018700482293
vn 0.697478662411551 0.707113273732232 0.116251165982455
vn 0.701652730237839 0.707100044239202 -0.0877095980306851
vn 0.554206428411933 0.693501242005952 0.460338203979521
vn -0.499993666536783 0.707115737942672 -0.499993666536783
vn 0.144758234264284 0.674663911833038 0.723791171321418
vn -0.689783525238258 0.702778924556537 -0.174070306224349
vn 0.672913952579636 0.562280780309185 0.480652823271169
vn 0.174064536330783 0.696366377895389 0.696258145323131
vn 0.220622893533161 0.716418445107714 0.661868680599484
vn 0.460160804676522 0.695222958890363 0.552192965611827
vn 0.0586537131359032 0.707928372527066 0.703844557630839
vn -0.687706527453444 0.678386598703999 0.258556289416338
vn -0.259810699737605 0.672671557798166 0.692828532633613
vn -0.677782219624935 0.683036024672076 -0.272163648859402
vn -0.699979254032169 0.707127737157668 0.0999970362903098
vn -0.671140889577709 0.661031302527386 0.335570444788854
vn -0.565430129831824 0.719145877350477 0.403878664165588
vn -0.114555824666197 0.707466663127162 -0.697400805562172
vn 0.151037669016117 0.637870038481685 -0.755188345080584
vn 0.262613669657123 0.707104616511475 -0.656534174142809
vn 0.0780874875594964 0.707101288009667 -0.702787388035468
vn 0.434241240169406 0.645637066383687 -0.628161861185159
vn 0.278543232247075 0.707106210050074 -0.649934208576509
vn -0.0999987052699722 0.70711593619184 -0.699990936889805
vn 0.116245367875304 0.707120594070635 -0.697472207251822
vn 0.138675275812828 0.707105624948732 -0.693376379064141
vn -0.194253769036847 0.707119169658466 -0.679888191628963
vn 0.697492984412613 0.70709953051026 0.116248830735435
vn -0.693919081415533 0.666655656087992 -0.272114947500705
vn 0.701640936871778 0.707112302352741 -0.0877051171089723
vn 0.612920690247301 0.622676071482665 0.486418274193813
vn 0.227243702939786 0.509293253792349 0.830048601658852
vn -0.499993661218048 0.707115745464308 -0.499993661218048
vn 0.552657549325258 0.716103756620752 0.426339117285111
vn 0.162242452176817 0.721606481285475 0.673024125034495
vn 0.236662502543305 0.68509283675474 0.688940247711863
vn 0.459559357545284 0.695972955223334 0.551748894416893
vn -0.682448158299264 0.709910492877722 -0.174044831397123
vn 0.0590176311491471 0.706440955197618 0.705307093423156
vn -0.252862780671167 0.719240918812606 0.647111207488206
vn -0.681211974732181 0.686492371918247 0.254319619336656
vn -0.700006387964326 0.707099105497547 0.100009558611701
vn -0.620149132659279 0.730089577939625 0.28702658665337
vn -0.586020346201765 0.688240366422747 0.427674352590667
vn 0.713496008588959 0.677573731106513 -0.17837400214724
vn -0.0995173200608398 0.706342385936717 -0.700840022285495
vn -0.547119168900743 0.674004815043305 -0.496364910443718
vn -0.676828441077758 0.719131722666777 -0.15733031113732
vn -0.671493376327727 0.674735533160492 0.306314553749271
vn -0.682613894027854 0.690786787975713 -0.238436333721031
vn -0.693393238036058 0.707088431629104 0.138678647607212
vn -0.300299496541102 0.663225758354298 0.685530309929858
vn 0.197777089854652 0.673627797014526 0.712116432767831
vn -0.0998336653557022 0.705430408510268 0.701713031096531
vn 0.422391809692334 0.664047862748612 0.616948616242743
vn 0.722152952538833 0.672594284568831 0.161592207438316
vn -0.227379206029903 0.681989350572392 -0.695118135550396
vn 0.699982349352586 0.676372742048517 -0.229226142506923
vn 0.679288984127944 0.684280410333231 0.265191998515435
vn 0.673237959314735 0.716069119988455 -0.184379135307365
vn 0.305147912038704 0.716562598526518 -0.627234241867696
vn 0.320190118602448 0.698134256247858 -0.640380237204897
vn 0.188902384028182 0.696105484511347 -0.692642074770001
vn -0.0998009084592831 0.708511773744861 -0.698606359214982
vn -0.520178407423152 0.735548914793675 -0.434030204474942
vn -0.693322326822967 0.70096070434225 -0.16720718314954
vn -0.671494600989673 0.674734271280087 0.306314648689629
vn -0.684889633286478 0.687798903559349 -0.240538683955971
vn -0.693383829345541 0.707097305449622 0.138680445009373
vn -0.254287146189018 0.728835264515978 0.635717865472545
vn 0.197861551847378 0.693738555568487 0.692515431465824
vn -0.100446896593792 0.703932559435775 0.703128276156545
vn 0.401755082658993 0.742729301588379 0.535673443545323
vn 0.684333672142654 0.716208714118043 0.136866734428531
vn -0.228421550268729 0.691546060453174 -0.685264650806187
vn 0.6877981719887 0.688745780070962 -0.229266057329567
vn 0.693805039719163 0.664542020912099 0.277522015887665
vn 0.188902376131789 0.696105515463579 -0.69264204581656
vn 0.048549982142713 -0.89817466964019 -0.436949839284417
vn 0 -1 0
vn 0.199007438041998 -0.89553347118899 -0.398014876083996
vn 0.0442346904483436 -0.895752481578958 -0.442346904483436
vn 0.242375282665604 -0.908907309996016 -0.339325395731846
vn 0.180722071773562 -0.888550186220012 -0.421684834138311
vn 0.172733406835012 -0.885258710029437 -0.43183351708753
vn -0.409049967032266 0.898302884145507 -0.16040590016195
vn -0.409049967032266 -0.898302884145507 -0.16040590016195
vn -0.37452151682158 0.92506781692357 0.0631123405517793
vn -0.37452151682158 -0.92506781692357 0.0631123405517793
vn -0.327265130585972 0.914250984760813 0.238836075931651
vn -0.327265130585972 -0.914250984760813 0.238836075931651
vn -0.372600454030671 0.91182741057149 0.172451949790742
vn -0.372600475219903 -0.911827400058132 0.172451959597826
vn -0.343697679115071 0.93206574957094 0.114565893038357
vn -0.343697702448972 -0.932065740010565 0.114565900816324
vn -0.343776705861803 0.891621934191963 0.294665747881545
vn -0.343776705861803 -0.891621934191963 0.294665747881545
vn -0.3603295766382 0.932128865641298 0.03603295766382
vn -0.3603295766382 -0.932128865641298 0.03603295766382
vn -0.416827000213905 0.899419246738416 -0.131530492621209
vn -0.416827000213905 -0.899419246738416 -0.131530492621209
vn -0.051760694136267 0.854051453248405 0.51760694136267
vn -0.217813108046932 0.898479070693595 0.381172939082131
vn -0.112647506399034 0.919954635592109 0.375491687996779
vn 0 -1 0
vn -0.219052517291074 0.930973198487063 0.292070023054765
vn -0.215916758543765 0.92844206173819 0.302283461961271
vn -0.208231682518141 0.884984650702101 0.416463365036283
vt 0.765625 -3
vt 0.765625 0
vt 0 0
vt 0 -3
vt 0.640625 -3
vt 0.640625 0
vt 0.53125 -3
vt 0.53125 0
vt 0.890625 -3
vt 0.890625 0
vt 0.953125 -3
vt 0.953125 0
vt 1.125 -3
vt 1.125 0
vt 0.671875 -3
vt 0.671875 0
vt 0.453125 -3
vt 0.453125 0
vt 0.625 -3
vt 0.625 0
vt 0.90625 -3
vt 0.90625 0
vt 0.703125 -3
vt 0.703125 0
vt 1.3125 -3
vt 1.3125 0
vt 1 -3
vt 1 0
vt 0.5625 -3
vt 0.5625 0
vt 0.96875 -3
vt 0.96875 0
vt 1.375 -3
vt 1.375 0
vt 1.03125 -3
vt 1.03125 0
vt 1.171875 -3
vt 1.171875 0
vt 28 -10
vt 28 0
vt 0 -10
vt 34 -10
vt 34 0
vt 28 -3
vt 34 -3
vt 1.796875 -1
vt 1.796875 0
vt 0.796875 2.220446E-16
vt 0.796875 -1
vt 1.5625 -1
vt 1.5625 4.320868E-16
vt 0.796875 -2.220446E-16
vt 1.203125 -1
vt 1.203125 4.440892E-16
vt 0.5625 -1.110223E-16
vt 0.5625 -1
vt 0.734375 -1
vt 0.734375 0
vt 0.203125 0
vt 0.203125 -1
vt 1.5 -1
vt 1.5 8.881784E-16
vt 0.734375 -2.220446E-16
vt 0.890625 -1
vt 0 -1
vt 1.84375 -1
vt 1.84375 0
vt 1.96875 -1
vt 1.96875 4.332578E-16
vt 0.84375 -2.220446E-16
vt 0.84375 -1
vt 1.640625 -1
vt 1.640625 4.440892E-16
vt 0.96875 2.220446E-16
vt 0.96875 -1
vt 1.09375 -1
vt 1.09375 0
vt 0.640625 4.440892E-16
vt 0.640625 -1
vt 0.71875 -1
vt 0.71875 0
vt 0.09375 -1.110223E-16
vt 0.09375 -1
vt 1.484375 -1
vt 1.484375 0
vt 1.125 -1
vt 1.125 4.440892E-16
vt 0.484375 2.220446E-16
vt 0.484375 -1
vt 1.03125 -1
vt 0.125 0
vt 0.125 -1
vt 0.03125 0
vt 0.03125 -1
vt 2.046875 -1
vt 2.046875 -9.126237E-16
vt 1.046875 -1
vt 1.046875 0
vt 0.046875 0
vt 0.046875 -1
vt 0.046875 -3.330669E-16
vt 0.609375 -1
vt 0.609375 -8.881784E-16
vt 0.046875 2.220446E-16
vt 1.609375 -1
vt 1.609375 -8.745141E-16
vt 0.609375 -1.110223E-16
vt 1.578125 -1
vt 1.578125 -8.736181E-16
vt 0.609375 2.220446E-16
vt 1.46875 -1
vt 1.46875 0
vt 0.578125 4.440892E-16
vt 0.578125 -1
vt 1.46875 -1.749028E-15
vt 0.46875 -7.771561E-16
vt 0.46875 -1
vt 1.84375 8.736181E-16
vt 0.46875 2.220446E-16
vt 1.75 -1
vt 1.75 -1.776357E-15
vt 0.84375 0
vt 1.75 -1.749028E-15
vt 0.75 -2.220446E-16
vt 0.75 -1
vt 1.78125 -1
vt 1.78125 4.179663E-16
vt 0.75 2.220446E-16
vt 1.734375 -1
vt 1.734375 -8.881784E-16
vt 0.78125 2.220446E-16
vt 0.78125 -1
vt 1.90625 -1
vt 1.90625 -8.781989E-16
vt 0.734375 -6.661338E-16
vt 1.796875 4.263256E-16
vt 0.90625 -1
vt 0.75 0
vt 1.375 -1
vt 1.375 4.396923E-16
vt 0.75 -1.110223E-16
vt 0.375 0
vt 0.375 -1
vt 1.1875 -1
vt 1.1875 4.440892E-16
vt 0.84375 -1.110223E-16
vt 0.6875 -1
vt 0.6875 0
vt 0.1875 0
vt 0.1875 -1
vt 1.25 -1
vt 1.25 4.440892E-16
vt 0.6875 -1.110223E-16
vt 0.75 4.372571E-16
vt 0.25 -1.110223E-16
vt 0.25 -1
vt 0.96875 4.440892E-16
vt 1.40625 -1
vt 1.40625 0
vt 0.40625 0
vt 0.40625 -1
vt 1.34375 -1
vt 1.34375 0
vt 0.984375 -1
vt 0.984375 0
vt 0.34375 0
vt 0.34375 -1
vt 1.296875 -1
vt 1.296875 0
vt 1.046875 4.410265E-16
vt 0.296875 -1.110223E-16
vt 0.296875 -1
vt 0.671875 -1
vt 0.46875 0
vt 1.28125 -1
vt 1.28125 0
vt 0.640625 -2.220446E-16
vt 0.828125 -1
vt 0.828125 0
vt 0.09375 0
vt 1.359375 -1
vt 1.359375 0
vt 0.71875 -2.220446E-16
vt 0.484375 -1.110223E-16
vt 1.03125 -8.714203E-16
vt 0.125 2.220446E-16
vt 0.734375 -8.881784E-16
vt 1.75 4.260001E-16
vt 0.046875 -1.110223E-16
vt 0.734375 4.453066E-16
vt 1 -1
vt 1.703125 -1
vt 1.703125 4.589915E-16
vt 1.390625 -1
vt 1.390625 0
vt 0.609375 0
vt 1.46875 -8.969812E-16
vt 0.578125 -2.220446E-16
vt 1.640625 0
vt 2.046875 4.468365E-16
vt 1.828125 -1
vt 1.828125 4.348305E-16
vt 1.890625 -1
vt 1.890625 0
vt 1.921875 -1
vt 1.921875 -1.776679E-15
vt 0.78125 0
vt 1.421875 -1
vt 1.421875 4.448807E-16
vt 0.734375 2.220446E-16
vt 1.921875 4.32377E-16
vt 0.90625 2.220446E-16
vt 1.796875 -1.749028E-15
vt 0.796875 -1.221245E-15
vt 1.5625 1.776357E-15
vt 0.796875 2.664535E-15
vt 0.5625 -1.332268E-15
vt 0.203125 2.220446E-16
vt 1.5 0
vt 1.96875 0
vt 1.84375 4.287758E-16
vt 0.890625 4.440892E-16
vt 1.328125 -1
vt 1.328125 0
vt 0.96875 -2.220446E-16
vt 1.171875 -1
vt 1.4375 -1
vt 1.4375 4.45174E-16
vt 0.34375 2.220446E-16
vt 1.75 0
vt 0.984375 2.220446E-16
vt 1.25 -9.005052E-16
vt 0.296875 2.220446E-16
vt 0.9375 -1
vt 0.9375 0
vt 1.375 4.324678E-16
vt 0.671875 4.440892E-16
vt 0.859375 -1
vt 0.859375 0
vt 0.125 -1.110223E-16
vt 0.8125 -1
vt 0.8125 4.462473E-16
vt 0 2.220446E-16
vt 1.4375 4.477568E-16
vt 0.375 6.661338E-16
vt 1.484375 4.534376E-16
vt 0.796875 4.47437E-16
vt 0.1875 -1.110223E-16
vt 0.25 0
vt 1.4375 -1.5
vt 1.4375 0
vt 0.4375 0
vt 0.4375 -1.5
vt 1.203125 -1.5
vt 1.203125 0
vt 0.84375 -1.5
vt 0.203125 -1.5
vt 1.375 -1.5
vt 1.140625 -1.5
vt 1.140625 0
vt 0.375 -1.5
vt 1.03125 -1.5
vt 0.140625 0
vt 0.140625 -1.5
vt 1.84375 -0.5
vt 0.890625 -0.5
vt 1.96875 -0.5
vt 0.84375 -0.5
vt 1.640625 -0.5
vt 0.96875 -0.5
vt 1.421875 -1.5
vt 1.421875 0
vt 0.78125 -1.5
vt 1.15625 -1.5
vt 1.15625 0
vt 0.421875 0
vt 0.421875 -1.5
vt 0.796875 -1.5
vt 0.796875 0
vt 0.15625 0
vt 0.15625 -1.5
vt 1.34375 -1.5
vt 1.046875 -1.5
vt 0.34375 -1.5
vt 1.0625 -1.5
vt 1.0625 0
vt 0.046875 -1.5
vt 0.0625 0
vt 0.0625 -1.5
vt 1.671875 -1.5
vt 1.671875 0
vt 1.84375 -1.5
vt 0.671875 -1.5
vt 2.421875 -1.5
vt 2.421875 0
vt 1.40625 -1.5
vt 1.546875 -1.5
vt 1.546875 0
vt 0.40625 -1.5
vt 1.59375 -1.5
vt 1.59375 0
vt 0.546875 0
vt 0.546875 -1.5
vt 1.734375 -1.5
vt 1.734375 0
vt 0.59375 0
vt 0.59375 -1.5
vt 0.734375 -1.5
vt 0 -1.5
vt 0.640625 -1.5
vt 0.609375 -1.5
vt 0.71875 -1.5
vt 0.921875 -1.5
vt 0.921875 0
vt 0.578125 -1.5
vt 0.578125 0
vt 0.828125 -1.5
vt 0.765625 -1.5
vt 0.53125 -1.5
vt 0.953125 -1.5
vt 0.890625 -1.5
vt 0.703125 -1.5
vt 0.8125 -1.5
vt 0.8125 0
vt 0.6875 -1.5
vt 0.75 -1.5
vt 0.625 -1.5
vt 0.46875 -1.5
vt 0.5 -1.5
vt 0.5 0
vt 0.5625 -1.5
vt 0.21875 -1.5
vt 0.21875 0
vt 0.3125 -1.5
vt 0.3125 0
vt 0.453125 -1.5
vt 1.234375 -1
vt 1.234375 0
vt 1.5625 0
vt 1.25 -0.25
vt 0 6.661338E-16
vt 0.953125 -1
vt 0.953125 4.287758E-16
vt 0 -0.25
vt 1.40625 -1.25
vt 1.40625 0.25
vt 0 3.885781E-16
vt 1.421875 -5.278711E-16
vt 0 0.25
vt 0 -1.25
vt 0 -0.75
vt 1.078125 -0.75
vt 1.078125 0
vt 0.875 1.03125
vt 0.7805 0.9828359
vt 0.9349219 0.8026875
vt 0.4886406 -0.03036719
vt 0.8442031 0.02042188
vt 0.9354843 0.1345156
vt -0.1239688 0.0002578125
vt -1.011797 0.03567187
vt -0.8380156 -0.02949219
vt -1.123234 0.3142578
vt -1.061391 0.5306953
vt -1.071656 0.9635
vt -1.123891 0.7806953
vt -0.9552187 1.002313
vt -0.4991406 1.03082
vt 0.06335937 0.9995703
vt 0.5460156 1.029734
vt 0.8744844 0.5005156
vt -0.5 1.09375
vt -1 1.0625
vt -1.1875 1
vt -1.25 0.78125
vt -1.1875 0.53125
vt -1.25 0.3125
vt -1.125 0
vt -0.875 -0.09375
vt -0.125 -0.0625
vt 0.5 -0.09375
vt 0.9375 -0.03125
vt 1.0625 0.125
vt 0.0625 1.0625
vt 0.5625 1.09375
vt 1 0.5
vt 1.0625 0.8125
vt -6 -2.875
vt -5.75 -3.125
vt -5.655125 -3.080125
vt 1.789766 -3.887766
vt 2.38 -3.415578
vt 2.498891 -2.999445
vt 0.9894688 -4.059258
vt 0.007671875 -3.936531
vt -3.097141 -4.310977
vt -1.792922 -4.251695
vt -1.044781 -4.002313
vt -3.884906 -4.085898
vt -4.008047 -3.654867
vt -5.871265 -2.863976
vt -4.803422 -3.323461
vt -5.749031 -2.375
vt -5.514328 -1.283055
vt -5.872687 -1.880328
vt -5.059515 -1.055648
vt -4.244797 -0.9392578
vt -3.627047 -1.001031
vt -2.467125 -1.106078
vt -2.907203 -0.9410469
vt -2.207469 -1.30082
vt 0.4829844 -1.689352
vt -0.4072188 -1.498594
vt -1.530672 -1.43618
vt 2.064938 -1.683359
vt 1.373531 -1.625742
vt 2.384844 -1.843313
vt 2.497937 -2.126024
vt 2.373703 -2.498711
vt -2.875 -0.875
vt -2.375 -1.0625
vt -2.125 -1.25
vt -1.5 -1.375
vt -0.375 -1.4375
vt 0.5 -1.625
vt -3.625 -0.9375
vt 1.375 -1.5625
vt 2.125 -1.625
vt -4.25 -0.875
vt 2.5 -1.8125
vt 2.625 -2.125
vt 2.5 -2.5
vt 2.625 -3
vt 2.5 -3.4375
vt -5.125 -1
vt 1.875 -3.9375
vt -5.625 -1.25
vt 1 -4.125
vt 0 -4
vt -1 -4.0625
vt -1.75 -4.3125
vt -3.125 -4.375
vt -6 -1.875
vt -4 -4.125
vt -5.875 -2.375
vt -4.125 -3.6875
vt -4.875 -3.375
vt 3.871266 1.676477
vt 4.030125 1.205125
vt 4.125 1.25
vt 11.25 0.9375
vt 11.875 1
vt 12.49889 1.375555
vt 9.625 0.375
vt 10.625 0.5
vt 6.25 -0.1875
vt 7.75 -0.125
vt 8.5 0.1875
vt 5.25 0
vt 5.125 0.4375
vt 4 1.6875
vt 4.75 0.8125
vt 4.250969 2
vt 4.110672 2.966945
vt 3.875 2.5
vt 4.565485 3.194352
vt 5.380203 3.310742
vt 5.997953 3.248969
vt 6.5 3.0625
vt 7.792531 3.07418
vt 7.157875 3.143922
vt 8.469328 2.93882
vt 10.48298 2.685648
vt 9.592781 2.876406
vt 12.06494 2.691641
vt 11.37353 2.749258
vt 12.38484 2.531687
vt 12.49794 2.248976
vt 12.3737 1.876289
vt 6.532203 3.128547
vt 7.25 3.1875
vt 7.875 3.125
vt 8.5 3
vt 9.625 2.9375
vt 10.5 2.75
vt 6 3.3125
vt 11.375 2.8125
vt 12.125 2.75
vt 5.375 3.375
vt 12.5 2.5625
vt 12.625 2.25
vt 12.5 1.875
vt 12.625 1.375
vt 11.995 0.9780781
vt 4.5 3.25
vt 11.33523 0.8877656
vt 4 3
vt 10.63553 0.4342578
vt 9.617328 0.3115312
vt 8.544782 0.1273125
vt 7.792922 -0.1858047
vt 6.222141 -0.2515234
vt 3.747688 2.505328
vt 5.134906 -0.03910156
vt 4.125 2
vt 5.008047 0.4048672
vt 4.678422 0.7609609
vt 8.3445 -1.014086
vt 8.25 -1.0625
vt 8.375 -1.3125
vt 7.75 -2.5
vt 8.25 -2.3125
vt 8.375 -2
vt 6.875 -2.4375
vt 5.375 -2.4375
vt 6 -2.5625
vt 5.263563 -2.158914
vt 5.439984 -1.90775
vt 5.303344 -1.19275
vt 5.125 -1.5625
vt 5.625 -1
vt 6.5 -0.9375
vt 7.1875 -1.03125
vt 7.75 -0.9375
vt 8.125 -1.625
vt 6.499141 -0.8745703
vt 5.580219 -0.9398125
vt 5.1875 -1.15625
vt 4.99889 -1.561945
vt 5.313875 -1.907195
vt 5.136797 -2.160672
vt 5.261797 -2.473172
vt 5.963016 -2.626758
vt 6.873969 -2.500258
vt 7.761359 -2.563383
vt 8.343297 -2.364172
vt 8.502016 -2.009516
vt 7.186641 -0.9683203
vt 7.766484 -0.8734844
vt 8.250516 -1.625516
vt 8.502578 -1.302688
vt 50.5 3
vt 50.25 2.5
vt 51.625 2.9375
vt 48.375 0.25
vt 49.625 0.5625
vt 50.375 1.25
vt 48 0.8125
vt 47.125 1.875
vt 47.25 1.25
vt 47.40111 2.3125
vt 48.625 2.375
vt 49.5 2.125
vt 51.25 1.75
vt 50.75 1.9375
vt 48.23438 0.296875
vt 50.23438 1.296875
vt 49.48438 0.609375
vt 47.85938 0.859375
vt 46.98438 1.921875
vt 47.10938 1.296875
vt 47.26048 2.359375
vt 48.48438 2.421875
vt 49.35938 2.171875
vt 51.10938 1.796875
vt 50.60938 1.984375
vt 49.5 2.6875
vt 49.35938 2.734375
vt 50.35938 3.046875
vt 50.10938 2.546875
vt 51.5 2.4375
vt 52.375 2.125
vt 52.5 2.75
vt 49.875 3.125
vt 49.73438 3.171875
vt 46.125 2
vt 45.87127 1.676477
vt 45.98438 2.046875
vt 45.73064 1.723352
vt 46.03012 1.205125
vt 45.8895 1.252
vt 46.67842 0.7609609
vt 46.5378 0.8078359
vt 47.00805 0.4048672
vt 46.86742 0.4517422
vt 51.35938 2.484375
vt 52.23438 2.171875
vt 0.875 2.0625
vt 0.9349219 1.605375
vt 0.7805 1.965672
vt 0.4886406 -0.06073438
vt 0.9354843 0.2690313
vt 0.8442031 0.04084375
vt -0.1239688 0.000515625
vt -1.011797 0.07134375
vt -0.8380156 -0.05898438
vt -1.123234 0.6285156
vt -1.061391 1.061391
vt -1.071656 1.927
vt -1.123891 1.561391
vt -0.9552187 2.004625
vt -0.4991406 2.061641
vt 0.06335937 1.999141
vt 0.5460156 2.059469
vt 0.8744844 1.001031
vt -0.5 2.1875
vt -1 2.125
vt -1.1875 2
vt -1.25 1.5625
vt -1.1875 1.0625
vt -1.25 0.625
vt -0.875 -0.1875
vt -0.125 -0.125
vt 0.5 -0.1875
vt 0.9375 -0.0625
vt 1.0625 0.25
vt 0.0625 2.125
vt 0.5625 2.1875
vt 1 1
vt 1.0625 1.625
vt 12.625 4.5
vt 18 4.5
vt 18 14
vt 12.5 5.125
vt 9.625 5.875
vt 10.5 5.5
vt 11.375 5.625
vt 7.875 6.25
vt 8.5 6
vt 6 6.625
vt 6.532203 6.257094
vt 7.25 6.375
vt 3.871266 3.352953
vt 4.125 4
vt 3.747688 5.010656
vt 4.603196 1.625
vt 4.030125 2.41025
vt 4.678422 1.521922
vt 5.008047 0.8097344
vt 5.134906 -0.07820313
vt 9.617328 0.6230625
vt 8.544782 0.254625
vt 7.792922 -0.3716094
vt 10.63553 0.8685156
vt 11.995 1.956156
vt 11.33523 1.775531
vt 12.5 3.75
vt 12.625 2.75
vt 18 -2.605375
vt 8.502578 -2.605375
vt 6.499141 -1.749141
vt 7.186641 -1.936641
vt 7.766484 -1.746969
vt 5.161717 -4.25
vt 5.313875 -3.814391
vt 4.99889 -3.123891
vt 2.625 -4.25
vt 2.5 -3.625
vt -0.375 -2.875
vt 0.5 -3.25
vt 1.375 -3.125
vt -2.125 -2.5
vt -1.5 -2.75
vt -2.375 -2.125
vt -4.25 -1.75
vt -3.625 -1.875
vt -2.875 -1.75
vt -6 -5.75
vt -5.875 -4.75
vt -6 -3.75
vt -4.125 -7.375
vt -4.875 -6.75
vt -5.75 -6.25
vt -4 -8.25
vt 0 -8
vt -1 -8.125
vt -1.75 -8.625
vt 1 -8.25
vt 2.5 -5
vt 2.625 -6
vt 5.136797 -4.321344
vt 7.761359 -5.126766
vt 6.873969 -5.000515
vt 5.963016 -5.253516
vt 8.250516 -3.251031
vt 8.502016 -4.019031
vt 18 -14
vt 12.125 5.5
vt 6.222141 -0.5030469
vt 5.1875 -2.3125
vt 2.125 -3.25
vt 2.5 -6.875
vt 5.261797 -4.946344
vt 8.343297 -4.728344
vt -16 14
vt 5.375 6.75
vt 8.3445 -2.028172
vt 5.580219 -1.879625
vt 1.875 -7.875
vt 4.5 6.5
vt 4 6
vt -16 -14
vt -5.125 -2
vt -3.125 -8.75
vt -5.625 -2.5
vt -5.655125 -6.16025
vt 1.789766 -7.775531
vt 2.498891 -5.99889
vt 2.38 -6.831156
vt 0.9894688 -8.118516
vt 0.007671875 -7.873063
vt -3.097141 -8.621953
vt -1.044781 -8.004625
vt -1.792922 -8.50339
vt -3.884906 -8.171797
vt -4.008047 -7.309734
vt -5.871265 -5.727953
vt -4.803422 -6.646922
vt -5.749031 -4.75
vt -5.514328 -2.566109
vt -5.872687 -3.760656
vt -5.059515 -2.111297
vt -4.244797 -1.878516
vt -3.627047 -2.002063
vt -2.467125 -2.212156
vt -2.907203 -1.882094
vt -2.207469 -2.601641
vt 0.4829844 -3.378703
vt -1.530672 -2.872359
vt -0.4072188 -2.997188
vt 2.064938 -3.366719
vt 1.373531 -3.251484
vt 2.384844 -3.686625
vt 2.497937 -4.252047
vt 2.373703 -4.997422
vt 4.125 2.5
vt 11.25 1.875
vt 12.49889 2.751109
vt 11.875 2
vt 9.625 0.75
vt 10.625 1
vt 6.25 -0.375
vt 8.5 0.375
vt 7.75 -0.25
vt 5.125 0.875
vt 4 3.375
vt 4.75 1.625
vt 4.250969 4
vt 4.110672 5.933891
vt 3.875 5
vt 4.565485 6.388703
vt 5.380203 6.621484
vt 5.997953 6.497938
vt 6.5 6.125
vt 7.792531 6.148359
vt 7.157875 6.287844
vt 8.469328 5.877641
vt 10.48298 5.371297
vt 9.592781 5.752812
vt 12.06494 5.383281
vt 11.37353 5.498516
vt 12.38484 5.063375
vt 12.49794 4.497953
vt 12.3737 3.752578
vt 8.375 -2.625
vt 8.25 -2.125
vt 7.75 -5
vt 8.375 -4
vt 8.25 -4.625
vt 6.875 -4.875
vt 5.375 -4.875
vt 6 -5.125
vt 5.263563 -4.317828
vt 5.439984 -3.8155
vt 5.303344 -2.3855
vt 5.125 -3.125
vt 5.625 -2
vt 6.5 -1.875
vt 7.1875 -2.0625
vt 7.75 -1.875
vt 8.125 -3.25
vt 54.625 4.5
vt 60 4.5
vt 60 14
vt 54.5 5.125
vt 51.625 5.875
vt 52.5 5.5
vt 53.375 5.625
vt 49.875 6.25
vt 50.5 6
vt 48 6.625
vt 48.5322 6.257094
vt 49.25 6.375
vt 45.87127 3.352953
vt 46.125 4
vt 45.74769 5.010656
vt 43.0625 1.625
vt 46.6032 1.625
vt 46.03012 2.41025
vt 42.875 2.0625
vt 41.5 2.1875
vt 42.0625 2.125
vt 42.5625 2.1875
vt 40.75 0.625
vt 40.8125 1.0625
vt 40.75 1.5625
vt 42.5 -0.1875
vt 41.875 -0.125
vt 41.125 -0.1875
vt 43 1
vt 43.0625 0.25
vt 46.67842 1.521922
vt 47.00805 0.8097344
vt 47.13491 -0.07820313
vt 51.61733 0.6230625
vt 50.54478 0.254625
vt 49.79292 -0.3716094
vt 52.63553 0.8685156
vt 53.995 1.956156
vt 53.33524 1.775531
vt 54.5 3.75
vt 54.625 2.75
vt 60 -2.605375
vt 50.50258 -2.605375
vt 48.49914 -1.749141
vt 49.18664 -1.936641
vt 49.76648 -1.746969
vt 47.1368 -4.321344
vt 47.31387 -3.814391
vt 46.99889 -3.123891
vt 49.76136 -5.126766
vt 48.87397 -5.000515
vt 47.96302 -5.253516
vt 50.25051 -3.251031
vt 50.50201 -4.019031
vt 60 -6
vt 44.625 -4.25
vt 44.5 -5
vt 44.625 -6
vt 41.625 -2.875
vt 42.5 -3.25
vt 43.375 -3.125
vt 39.875 -2.5
vt 40.5 -2.75
vt 39.625 -2.125
vt 37.75 -1.75
vt 38.375 -1.875
vt 39.125 -1.75
vt 36 -5.75
vt 36.125 -4.75
vt 36 -3.75
vt 37.875 -7.375
vt 37.125 -6.75
vt 36.25 -6.25
vt 38 -8.25
vt 42 -8
vt 41 -8.125
vt 40.25 -8.625
vt 43 -8.25
vt 44.5 -6.875
vt 60 -14
vt 54.125 5.5
vt 42.9375 -0.0625
vt 48.22214 -0.5030469
vt 50.3433 -4.728344
vt 43.875 -7.875
vt 26 14
vt 47.375 6.75
vt 50.3445 -2.028172
vt 44.125 -3.25
vt 46.5 6.5
vt 46 6
vt 41 2.125
vt 26 -14
vt 40.8125 2
vt 47.2618 -4.946344
vt 38.875 -8.75
vt 47.58022 -1.879625
vt 44.5 -3.625
vt 47.1875 -2.3125
vt 40.875 0
vt 36.875 -2
vt 36.375 -2.5
mtllib Dragonfly_02_MAP01.mtl
usemtl Default
f 1/1/1 2/2/1 3/3/1 4/4/1
f 5/5/2 6/6/2 2/3/2 1/4/2
f 7/7/3 8/8/3 6/3/3 5/4/3
f 9/1/4 10/2/4 8/3/4 7/4/4
f 11/9/5 12/10/5 10/3/5 9/4/5
f 13/11/6 14/12/6 12/3/6 11/4/6
f 15/13/7 16/14/7 14/3/7 13/4/7
f 17/15/8 18/16/8 16/3/8 15/4/8
f 19/17/9 20/18/9 18/3/9 17/4/9
f 21/19/10 22/20/10 20/3/10 19/4/10
f 23/1/11 24/2/11 22/3/11 21/4/11
f 25/5/12 26/6/12 24/3/12 23/4/12
f 27/21/13 28/22/13 26/3/13 25/4/13
f 29/23/14 30/24/14 28/3/14 27/4/14
f 31/25/15 32/26/15 30/3/15 29/4/15
f 33/27/16 34/28/16 32/3/16 31/4/16
f 35/27/17 36/28/17 34/3/17 33/4/17
f 37/29/18 38/30/18 36/3/18 35/4/18
f 39/27/19 40/28/19 38/3/19 37/4/19
f 41/31/20 42/32/20 40/3/20 39/4/20
f 43/9/21 44/10/21 42/3/21 41/4/21
f 45/27/19 46/28/19 44/3/19 43/4/19
f 47/33/22 48/34/22 46/3/22 45/4/22
f 49/21/23 50/22/23 48/3/23 47/4/23
f 51/27/24 52/28/24 50/3/24 49/4/24
f 53/35/25 54/36/25 52/3/25 51/4/25
f 55/11/26 56/12/26 54/3/26 53/4/26
f 57/37/27 58/38/27 56/3/27 55/4/27
f 59/9/28 60/10/28 58/3/28 57/4/28
f 4/27/29 3/28/29 60/3/29 59/4/29
usemtl BLOOD1
f 61/39/30 62/40/30 63/3/30 64/41/30
f 65/42/31 66/43/31 62/3/31 61/41/31
f 67/39/32 68/40/32 66/3/32 65/41/32
f 64/42/33 63/43/33 68/3/33 67/41/33
f 69/44/30 70/40/30 71/3/30 72/4/30
f 73/45/31 74/43/31 70/3/31 69/4/31
f 75/44/32 76/40/32 74/3/32 73/4/32
f 72/45/33 71/43/33 76/3/33 75/4/33
usemtl ASHWALL2
f 77/46/29 78/47/29 79/48/29 80/49/29
f 81/50/1 82/51/1 83/52/1 77/49/1
f 84/53/34 85/54/34 86/55/34 81/56/34
f 87/57/35 88/58/35 89/59/35 84/60/35
f 90/61/4 91/62/4 92/63/4 87/57/4
f 93/64/5 94/10/5 95/3/5 90/65/5
f 96/66/36 97/67/36 94/10/36 93/64/36
f 98/68/37 99/69/37 100/70/37 96/71/37
f 101/72/38 102/73/38 103/74/38 98/75/38
f 104/76/39 105/77/39 102/78/39 101/79/39
f 106/80/40 107/81/40 108/82/40 104/83/40
f 109/84/11 110/85/11 107/81/11 106/80/11
f 111/86/41 112/87/41 113/88/41 109/89/41
f 114/90/42 115/36/42 116/91/42 111/92/42
f 117/57/43 118/58/43 115/93/43 114/94/43
f 119/95/44 120/96/44 118/58/44 117/57/44
f 121/97/16 122/98/16 123/99/16 119/100/16
f 124/97/17 125/98/17 126/101/17 121/100/17
f 127/102/45 128/103/45 129/104/45 124/100/45
f 130/105/19 131/106/19 132/107/19 127/102/19
f 133/108/20 134/109/20 135/110/20 130/102/20
f 136/111/21 137/112/21 138/113/21 133/114/21
f 139/111/19 140/115/19 141/116/19 136/117/19
f 142/66/22 143/118/22 144/119/22 139/117/22
f 145/120/46 146/121/46 147/122/46 142/71/46
f 148/120/24 149/123/24 150/124/24 145/125/24
f 151/126/25 152/127/25 153/128/25 148/125/25
f 154/129/47 155/130/47 156/131/47 151/132/47
f 157/133/27 158/134/27 159/135/27 154/57/27
f 80/46/28 160/136/28 161/22/28 157/137/28
f 162/125/48 163/138/48 164/3/48 165/65/48
f 166/139/49 167/140/49 168/141/49 162/125/49
f 169/71/50 170/122/50 171/142/50 166/143/50
f 172/144/38 173/145/38 174/146/38 169/71/38
f 175/147/51 176/148/51 177/149/51 172/150/51
f 178/151/37 179/152/37 180/153/37 175/147/37
f 181/125/51 182/154/51 183/155/51 178/156/51
f 184/75/52 185/157/52 186/141/52 181/125/52
f 187/158/53 188/159/53 189/32/53 184/75/53
f 190/137/16 191/22/16 188/160/16 187/161/16
f 192/162/53 193/163/53 191/22/53 190/137/53
f 194/164/54 195/165/54 193/166/54 192/167/54
f 196/168/55 197/169/55 195/165/55 194/164/55
f 198/97/56 199/170/56 200/171/56 196/172/56
f 201/173/57 202/16/57 203/99/57 198/100/57
f 204/86/58 205/14/58 202/16/58 201/173/58
f 165/117/59 164/174/59 205/91/59 204/92/59
f 206/72/38 207/73/38 208/74/38 209/75/38
f 210/175/41 211/176/41 212/177/41 206/79/41
f 213/178/60 214/179/60 211/180/60 210/83/60
f 215/181/61 216/182/61 217/183/61 213/80/61
f 218/86/41 219/14/41 220/184/41 215/89/41
f 221/90/42 222/185/42 223/186/42 218/92/42
f 224/57/43 225/187/43 226/93/43 221/94/43
f 227/120/62 228/188/62 229/58/62 224/57/62
f 230/86/63 231/14/63 232/189/63 227/100/63
f 233/57/64 234/190/64 235/189/64 230/100/64
f 236/191/65 237/28/65 238/99/65 233/100/65
f 239/192/66 240/193/66 241/110/66 236/102/66
f 242/194/67 243/195/67 244/196/67 239/102/67
f 245/111/68 246/197/68 247/198/68 242/114/68
f 248/72/69 249/199/69 250/174/69 245/117/69
f 251/95/70 252/200/70 253/119/70 248/117/70
f 254/201/71 255/202/71 256/146/71 251/71/71
f 257/203/72 258/204/72 259/128/72 254/125/72
f 260/46/73 261/47/73 262/124/73 257/125/73
f 263/205/74 264/206/74 261/207/74 260/132/74
f 265/208/75 266/209/75 267/210/75 263/57/75
f 268/205/76 269/211/76 270/212/76 265/137/76
f 271/46/29 272/213/29 273/214/29 268/49/29
f 274/50/1 275/215/1 276/216/1 271/49/1
f 277/53/34 278/54/34 279/217/34 274/56/34
f 280/57/35 281/187/35 282/218/35 277/60/35
f 283/61/4 284/219/4 285/135/4 280/57/4
f 286/64/5 287/10/5 284/3/5 283/65/5
f 209/68/37 288/220/37 289/122/37 290/71/37
f 290/66/36 291/221/36 292/222/36 286/64/36
f 293/223/77 294/224/77 295/138/77 296/125/77
f 297/46/78 298/47/78 299/225/78 293/75/78
f 300/226/79 301/38/79 298/160/79 297/161/79
f 302/227/80 303/228/80 304/212/80 300/137/80
f 305/164/54 306/165/54 307/229/54 302/167/54
f 308/120/81 309/230/81 310/231/81 305/164/81
f 311/151/82 312/232/82 313/233/82 308/172/82
f 314/234/83 315/235/83 316/99/83 311/100/83
f 317/139/84 318/236/84 319/237/84 314/173/84
f 320/238/85 321/239/85 322/240/85 317/92/85
f 323/241/86 324/242/86 325/243/86 320/65/86
f 326/227/87 327/244/87 328/141/87 323/125/87
f 329/75/88 330/32/88 331/245/88 326/143/88
f 332/84/89 333/246/89 334/70/89 329/71/89
f 335/49/90 336/247/90 337/248/90 332/150/90
f 338/158/91 339/159/91 340/148/91 335/147/91
f 296/226/92 295/38/92 339/249/92 338/156/92
f 341/250/29 342/251/29 343/252/29 344/253/29
f 345/254/1 346/255/1 342/252/1 341/253/1
f 347/256/2 348/122/2 346/59/2 345/257/2
f 349/258/3 350/34/3 348/122/3 347/256/3
f 351/259/4 352/260/4 350/142/4 349/261/4
f 353/262/5 354/36/5 352/263/5 351/264/5
f 355/265/36 356/67/36 357/10/36 353/266/36
f 358/267/37 359/220/37 356/122/37 355/268/37
f 360/269/38 361/199/38 359/32/38 358/270/38
f 362/271/12 363/272/12 364/207/12 360/273/12
f 365/274/93 366/275/93 363/276/93 362/277/93
f 367/278/94 368/279/94 366/280/94 365/281/94
f 369/250/12 370/251/12 368/279/12 367/278/12
f 371/282/13 372/163/13 370/252/13 369/253/13
f 373/283/14 374/98/14 372/166/14 371/284/14
f 375/285/95 376/286/95 374/99/95 373/287/95
f 377/259/96 378/260/96 376/288/96 375/289/96
f 379/290/97 380/291/97 381/207/97 382/273/97
f 383/292/98 384/67/98 380/16/98 379/293/98
f 385/294/99 386/295/99 384/122/99 383/256/99
f 387/296/100 388/159/100 386/276/100 385/277/100
f 389/297/101 390/298/101 388/160/101 387/299/101
f 391/300/73 392/301/73 390/302/73 389/303/73
f 393/304/102 394/305/102 392/306/102 391/307/102
f 395/271/103 396/272/103 394/58/103 393/308/103
f 344/250/104 343/251/104 396/276/104 395/277/104
f 397/307/105 398/306/105 399/3/105 400/309/105
f 401/310/106 402/6/106 398/3/106 397/309/106
f 403/311/107 404/196/107 402/3/107 401/309/107
f 405/312/108 406/81/108 404/3/108 403/309/108
f 407/313/109 408/314/109 406/3/109 405/309/109
f 409/315/110 410/316/110 408/3/110 407/309/110
f 411/317/111 412/179/111 410/3/111 409/309/111
f 413/318/112 414/2/112 412/3/112 411/309/112
f 415/319/113 416/8/113 414/3/113 413/309/113
f 417/310/114 418/6/114 416/3/114 415/309/114
f 419/318/115 420/2/115 418/3/115 417/309/115
f 421/320/116 422/12/116 420/3/116 419/309/116
f 423/321/117 424/10/117 422/3/117 421/309/117
f 425/322/118 426/24/118 424/3/118 423/309/118
f 427/308/119 428/58/119 426/3/119 425/309/119
f 429/323/120 430/324/120 428/3/120 427/309/120
f 400/325/121 399/148/121 430/3/121 429/309/121
f 431/326/48 432/138/48 433/3/48 434/309/48
f 435/327/122 436/20/122 432/3/122 431/309/122
f 437/328/123 438/174/123 436/3/123 435/309/123
f 439/284/8 440/166/8 438/3/8 437/309/8
f 441/329/51 442/330/51 440/3/51 439/309/51
f 443/331/7 444/30/7 442/3/7 441/309/7
f 445/329/51 446/330/51 444/3/51 443/309/51
f 447/332/124 448/333/124 446/3/124 445/309/124
f 449/253/53 450/252/53 448/3/53 447/309/53
f 451/329/16 452/330/16 450/3/16 449/309/16
f 453/253/53 454/252/53 452/3/53 451/309/53
f 455/310/114 456/6/114 454/3/114 453/309/114
f 457/334/125 458/335/125 456/3/125 455/309/125
f 459/326/56 460/138/56 458/3/56 457/309/56
f 461/327/126 462/20/126 460/3/126 459/309/126
f 463/336/127 464/18/127 462/3/127 461/309/127
f 434/284/128 433/166/128 464/3/128 463/309/128
f 465/337/129 466/338/129 467/3/129 468/65/129
f 469/223/130 470/224/130 471/3/130 472/65/130
f 473/50/131 474/339/131 470/3/131 469/65/131
f 475/194/132 476/195/132 474/3/132 473/65/132
f 477/151/133 478/340/133 354/341/133 357/65/133
f 361/342/134 364/343/134 479/344/134 480/65/134
f 382/345/135 381/346/135 476/347/135 475/65/135
f 468/208/136 467/348/136 378/349/136 377/350/136
f 472/181/124 471/182/124 478/3/124 477/351/124
f 480/352/137 479/353/137 466/3/137 465/65/137
usemtl Default
usemtl ASHWALL2
f 170/354/138 481/355/138 482/356/138
f 483/357/139 484/358/139 485/359/139
f 486/360/139 483/357/139 485/359/139
f 487/361/140 488/362/140 486/360/140
f 489/363/139 487/361/139 486/360/139
f 490/364/139 489/363/139 486/360/139
f 491/365/139 492/366/139 490/364/139
f 493/367/139 491/365/139 490/364/139
f 494/368/139 493/367/139 490/364/139
f 495/369/139 494/368/139 490/364/139
f 481/355/139 496/370/139 495/369/139
f 482/356/139 481/355/139 495/369/139
f 497/371/139 482/356/139 495/369/139
f 486/360/139 485/359/139 497/371/139
f 490/364/140 486/360/140 497/371/140
f 495/369/139 490/364/139 497/371/139
f 498/372/141 499/373/141 494/368/141
f 500/373/142 189/374/142 493/367/142
f 189/374/143 188/375/143 491/365/143
f 188/375/144 501/376/144 492/366/144
f 191/376/145 193/377/145 490/364/145
f 193/377/146 195/378/146 489/363/146
f 487/361/147 195/378/147 197/379/147
f 488/362/148 197/379/148 502/380/148
f 486/360/149 203/380/149 503/381/149
f 483/357/150 202/381/150 504/382/150
f 484/358/151 205/382/151 164/383/151
f 176/384/152 496/370/152 177/385/152
f 163/386/153 485/359/153 164/383/153
f 497/371/154 163/386/154 171/387/154
f 505/354/155 482/356/155 171/387/155
f 506/385/156 481/355/156 170/354/156
f 177/385/157 496/370/157 481/355/157
f 507/384/158 498/372/158 495/369/158
f 500/373/159 493/367/159 494/368/159
f 189/374/160 491/365/160 493/367/160
f 188/375/161 492/366/161 491/365/161
f 492/366/144 191/376/144 490/364/144
f 193/377/162 489/363/162 490/364/162
f 489/363/163 195/378/163 487/361/163
f 487/361/164 197/379/164 488/362/164
f 488/362/165 203/380/165 486/360/165
f 483/357/166 486/360/166 202/381/166
f 484/358/167 483/357/167 205/382/167
f 485/359/168 484/358/168 164/383/168
f 176/384/169 495/369/169 496/370/169
f 497/371/170 485/359/170 163/386/170
f 482/356/171 497/371/171 171/387/171
f 498/372/172 494/368/172 495/369/172
f 125/388/173 508/389/173 509/390/173
f 510/391/139 511/392/139 512/393/139
f 513/394/139 510/391/139 512/393/139
f 514/395/139 513/394/139 512/393/139
f 515/396/139 516/397/139 517/398/139
f 518/399/140 515/396/140 517/398/140
f 519/400/139 518/399/139 517/398/139
f 520/401/139 509/390/139 521/402/139
f 522/403/139 520/401/139 521/402/139
f 523/404/139 524/405/139 522/403/139
f 525/406/140 523/404/140 522/403/140
f 526/407/139 525/406/139 522/403/139
f 527/408/139 526/407/139 522/403/139
f 528/409/139 529/410/139 527/408/139
f 530/411/140 528/409/140 527/408/140
f 531/412/139 532/413/139 533/414/139
f 534/415/139 535/416/139 531/412/139
f 536/417/139 534/415/139 531/412/139
f 537/418/139 536/417/139 531/412/139
f 538/419/140 537/418/140 531/412/140
f 514/395/139 512/393/139 538/419/139
f 517/398/139 514/395/139 538/419/139
f 519/400/139 517/398/139 538/419/139
f 521/402/139 519/400/139 538/419/139
f 522/403/140 521/402/140 538/419/140
f 527/408/139 522/403/139 538/419/139
f 530/411/140 527/408/140 538/419/140
f 538/419/139 531/412/139 533/414/139
f 533/414/140 530/411/140 538/419/140
f 527/408/174 529/410/174 107/420/174
f 529/410/175 528/409/175 105/421/175
f 528/409/176 530/411/176 539/422/176
f 530/411/177 533/414/177 540/423/177
f 533/414/178 532/413/178 541/424/178
f 532/413/179 531/412/179 542/425/179
f 526/407/180 527/408/180 110/426/180
f 531/412/181 535/416/181 95/427/181
f 535/416/182 534/415/182 88/428/182
f 116/429/183 525/406/183 526/407/183
f 534/415/184 536/417/184 89/430/184
f 536/417/185 537/418/185 543/431/185
f 520/401/186 125/388/186 509/390/186
f 537/418/187 538/419/187 78/432/187
f 538/419/188 512/393/188 544/433/188
f 512/393/189 511/392/189 161/434/189
f 115/435/190 523/404/190 525/406/190
f 510/391/191 545/436/191 511/392/191
f 118/437/192 524/405/192 523/404/192
f 513/394/193 546/438/193 510/391/193
f 514/395/194 547/439/194 513/394/194
f 517/398/195 548/440/195 514/395/195
f 516/397/196 147/441/196 517/398/196
f 515/396/197 549/442/197 516/397/197
f 524/405/198 123/443/198 522/403/198
f 518/399/199 137/444/199 515/396/199
f 122/445/200 520/401/200 522/403/200
f 519/400/201 550/446/201 518/399/201
f 521/402/202 551/447/202 519/400/202
f 509/390/203 508/389/203 521/402/203
f 107/420/204 529/410/204 105/421/204
f 105/421/205 528/409/205 552/422/205
f 539/422/206 530/411/206 540/423/206
f 540/423/207 533/414/207 97/424/207
f 553/426/208 527/408/208 107/420/208
f 97/424/209 532/413/209 554/425/209
f 94/425/210 531/412/210 95/427/210
f 555/427/211 535/416/211 88/428/211
f 556/429/212 526/407/212 110/426/212
f 88/428/213 534/415/213 89/430/213
f 89/430/214 536/417/214 543/431/214
f 557/435/215 525/406/215 116/429/215
f 537/418/216 558/432/216 543/431/216
f 559/445/217 125/388/217 520/401/217
f 78/432/218 538/419/218 560/433/218
f 512/393/219 161/434/219 544/433/219
f 511/392/220 561/436/220 562/434/220
f 118/437/221 523/404/221 115/435/221
f 510/391/222 546/438/222 545/436/222
f 513/394/223 563/439/223 546/438/223
f 564/440/224 565/439/224 514/395/224
f 517/398/225 147/441/225 566/440/225
f 123/443/226 524/405/226 118/437/226
f 516/397/227 567/442/227 568/441/227
f 569/444/228 570/442/228 515/396/228
f 123/443/229 122/445/229 522/403/229
f 571/446/230 137/444/230 518/399/230
f 551/447/231 572/446/231 519/400/231
f 508/389/232 551/447/232 521/402/232
f 238/448/233 237/449/233 573/450/233
f 574/451/139 575/452/139 576/453/139
f 577/454/139 578/455/139 574/451/139
f 579/456/139 580/457/139 581/458/139
f 582/459/139 579/456/139 581/458/139
f 583/460/139 582/459/139 581/458/139
f 584/461/139 573/450/139 585/462/139
f 586/463/139 584/461/139 585/462/139
f 587/464/139 588/465/139 586/463/139
f 589/466/140 587/464/140 586/463/140
f 590/467/139 589/466/139 586/463/139
f 591/468/139 590/467/139 586/463/139
f 592/469/140 591/468/140 586/463/140
f 593/470/139 594/471/139 592/469/139
f 595/472/139 593/470/139 592/469/139
f 596/473/139 597/474/139 595/472/139
f 598/475/139 599/476/139 596/473/139
f 600/477/139 598/475/139 596/473/139
f 601/478/139 600/477/139 596/473/139
f 602/479/139 601/478/139 596/473/139
f 574/451/139 576/453/139 602/479/139
f 577/454/139 574/451/139 602/479/139
f 581/458/139 577/454/139 602/479/139
f 583/460/140 581/458/140 602/479/140
f 585/462/139 583/460/139 602/479/139
f 586/463/139 585/462/139 602/479/139
f 592/469/139 586/463/139 602/479/139
f 595/472/139 592/469/139 602/479/139
f 596/473/139 595/472/139 602/479/139
f 591/468/234 592/469/234 214/480/234
f 592/469/235 594/471/235 603/481/235
f 594/471/236 593/470/236 604/482/236
f 593/470/237 595/472/237 605/483/237
f 595/472/238 597/474/238 606/484/238
f 597/474/239 596/473/239 607/485/239
f 590/467/240 591/468/240 216/486/240
f 596/473/241 599/476/241 284/487/241
f 599/476/242 598/475/242 608/488/242
f 219/489/243 589/466/243 590/467/243
f 598/475/184 600/477/184 609/490/184
f 600/477/244 601/478/244 610/491/244
f 584/461/245 238/448/245 573/450/245
f 601/478/246 602/479/246 611/492/246
f 602/479/247 576/453/247 612/493/247
f 575/452/248 613/494/248 576/453/248
f 226/495/249 587/464/249 589/466/249
f 574/451/250 614/496/250 575/452/250
f 229/497/251 588/465/251 587/464/251
f 578/455/252 261/498/252 574/451/252
f 577/454/253 615/499/253 578/455/253
f 581/458/254 616/500/254 577/454/254
f 580/457/255 617/501/255 581/458/255
f 579/456/256 249/502/256 580/457/256
f 588/465/257 618/503/257 586/463/257
f 582/459/258 619/504/258 579/456/258
f 231/505/259 584/461/259 586/463/259
f 583/460/260 620/506/260 582/459/260
f 585/462/261 244/507/261 583/460/261
f 573/450/262 237/449/262 585/462/262
f 214/480/263 592/469/263 211/481/263
f 211/481/264 594/471/264 604/482/264
f 604/482/265 593/470/265 288/483/265
f 288/483/266 595/472/266 289/484/266
f 216/486/267 591/468/267 214/480/267
f 621/484/268 597/474/268 287/485/268
f 287/485/269 596/473/269 284/487/269
f 622/487/270 599/476/270 623/488/270
f 219/489/271 590/467/271 216/486/271
f 608/488/213 598/475/213 609/490/213
f 609/490/214 600/477/214 624/491/214
f 226/495/272 589/466/272 219/489/272
f 601/478/273 625/492/273 626/491/273
f 627/448/274 584/461/274 231/505/274
f 628/492/275 602/479/275 629/493/275
f 576/453/276 613/494/276 612/493/276
f 575/452/277 630/496/277 613/494/277
f 229/497/278 587/464/278 226/495/278
f 574/451/279 261/498/279 631/496/279
f 578/455/280 632/499/280 633/498/280
f 634/500/281 258/499/281 577/454/281
f 581/458/282 617/501/282 616/500/282
f 618/503/283 588/465/283 229/497/283
f 580/457/284 635/502/284 636/501/284
f 637/504/285 249/502/285 579/456/285
f 638/503/286 231/505/286 586/463/286
f 639/506/287 640/504/287 582/459/287
f 244/507/288 641/506/288 583/460/288
f 237/449/289 642/507/289 585/462/289
f 330/508/290 643/509/290 644/510/290
f 645/511/139 646/512/139 647/513/139
f 648/514/139 645/511/139 647/513/139
f 649/515/139 650/516/139 648/514/139
f 651/517/140 649/515/140 648/514/140
f 652/518/140 651/517/140 648/514/140
f 653/519/140 654/520/140 652/518/140
f 655/521/139 653/519/139 652/518/139
f 656/522/140 655/521/140 652/518/140
f 657/523/139 656/522/139 652/518/139
f 643/509/139 658/524/139 657/523/139
f 644/510/139 643/509/139 657/523/139
f 659/525/139 644/510/139 657/523/139
f 648/514/139 647/513/139 659/525/139
f 652/518/139 648/514/139 659/525/139
f 657/523/140 652/518/140 659/525/140
f 339/526/291 295/527/291 656/522/291
f 295/527/292 294/528/292 655/521/292
f 294/528/293 298/529/293 653/519/293
f 654/520/294 298/529/294 301/530/294
f 301/530/295 660/531/295 652/518/295
f 660/531/296 306/532/296 651/517/296
f 649/515/297 661/532/297 309/533/297
f 650/516/298 309/533/298 316/534/298
f 648/514/299 316/534/299 315/535/299
f 645/511/300 315/535/300 662/536/300
f 646/512/301 662/536/301 321/537/301
f 340/538/302 658/524/302 663/539/302
f 664/540/303 647/513/303 321/537/303
f 659/525/304 664/540/304 665/541/304
f 330/508/305 644/510/305 666/541/305
f 667/539/306 643/509/306 668/508/306
f 663/539/307 658/524/307 643/509/307
f 340/538/308 339/526/308 657/523/308
f 295/527/309 655/521/309 656/522/309
f 294/528/310 653/519/310 655/521/310
f 298/529/311 654/520/311 653/519/311
f 654/520/312 301/530/312 652/518/312
f 660/531/313 651/517/313 652/518/313
f 651/517/314 306/532/314 649/515/314
f 649/515/315 309/533/315 650/516/315
f 650/516/316 316/534/316 648/514/316
f 645/511/317 648/514/317 315/535/317
f 646/512/318 645/511/318 662/536/318
f 647/513/319 646/512/319 321/537/319
f 340/538/320 657/523/320 658/524/320
f 664/540/321 659/525/321 647/513/321
f 644/510/322 659/525/322 665/541/322
f 669/526/323 656/522/323 657/523/323
f 359/542/139 670/543/139 356/544/139
f 671/542/324 672/544/324 673/543/324
f 475/545/139 473/546/139 469/547/139
f 674/548/139 475/545/139 469/547/139
f 675/549/139 676/550/139 674/548/139
f 468/551/139 675/549/139 674/548/139
f 465/552/139 468/551/139 674/548/139
f 677/553/139 465/552/139 674/548/139
f 472/554/139 678/555/139 677/553/139
f 469/547/139 472/554/139 677/553/139
f 674/548/139 469/547/139 677/553/139
f 476/556/325 470/557/325 474/558/325
f 679/559/325 470/557/325 476/556/325
f 680/560/325 679/559/325 681/561/325
f 467/562/325 679/559/325 680/560/325
f 466/563/325 679/559/325 467/562/325
f 682/564/325 679/559/325 466/563/325
f 471/565/325 682/564/325 683/566/325
f 470/557/325 682/564/325 471/565/325
f 679/559/325 682/564/325 470/557/325
f 480/567/139 670/543/139 359/542/139
f 479/568/326 671/569/326 673/570/326
f 670/543/139 684/571/139 356/544/139
f 673/543/327 672/544/327 685/571/327
f 684/571/139 477/572/139 357/573/139
f 685/571/328 354/573/328 478/572/328
f 356/544/139 684/571/139 357/573/139
f 672/544/329 354/573/329 685/571/329
f 361/574/139 480/567/139 359/542/139
f 364/575/330 671/569/330 479/568/330
f 377/576/331 686/577/331 675/549/331
f 378/578/332 680/560/332 687/579/332
f 686/577/333 688/580/333 676/550/333
f 687/579/334 681/561/334 689/581/334
f 688/580/335 690/582/335 674/548/335
f 689/581/336 679/559/336 691/583/336
f 690/582/337 382/584/337 475/545/337
f 691/583/338 476/556/338 381/585/338
f 674/548/339 690/582/339 475/545/339
f 679/559/340 476/556/340 691/583/340
f 676/550/341 688/580/341 674/548/341
f 681/561/342 679/559/342 689/581/342
f 675/549/343 686/577/343 676/550/343
f 680/560/344 681/561/344 687/579/344
f 377/576/345 675/549/345 468/551/345
f 378/578/346 467/562/346 680/560/346
f 670/543/347 677/553/347 684/571/347
f 673/570/325 685/586/325 682/564/325
f 465/552/348 677/553/348 670/543/348
f 466/563/325 673/570/325 682/564/325
f 677/553/349 678/555/349 684/571/349
f 682/564/350 685/586/350 683/566/350
f 678/555/351 472/554/351 477/572/351
f 683/566/325 478/587/325 471/565/325
f 684/571/352 678/555/352 477/572/352
f 685/586/325 478/587/325 683/566/325
f 480/567/353 465/552/353 670/543/353
f 479/568/325 673/570/325 466/563/325
usemtl BLOOD1
f 692/588/350 693/589/350 694/590/350
f 695/591/325 696/592/325 697/593/325
f 698/594/325 696/592/325 695/591/325
f 699/595/325 698/594/325 700/596/325
f 701/597/325 698/594/325 699/595/325
f 702/598/325 698/594/325 701/597/325
f 703/599/325 702/598/325 704/600/325
f 705/601/325 702/598/325 703/599/325
f 706/602/325 702/598/325 705/601/325
f 707/603/325 702/598/325 706/602/325
f 694/590/325 707/603/325 708/604/325
f 693/589/325 707/603/325 694/590/325
f 709/605/325 707/603/325 693/589/325
f 698/594/325 709/605/325 696/592/325
f 702/598/325 709/605/325 698/594/325
f 707/603/325 709/605/325 702/598/325
f 710/606/325 706/602/325 711/607/325
f 711/607/325 705/601/325 712/608/325
f 712/608/325 703/599/325 713/609/325
f 713/609/325 704/600/325 714/610/325
f 714/610/325 702/598/325 715/611/325
f 715/611/350 701/597/350 716/378/350
f 699/595/325 717/612/325 716/378/325
f 700/596/325 718/613/325 717/612/325
f 698/594/325 719/614/325 718/613/325
f 695/591/325 720/615/325 719/614/325
f 697/593/350 721/616/350 720/615/350
f 722/617/325 723/618/325 708/604/325
f 724/619/325 721/616/325 696/592/325
f 709/605/325 725/620/325 724/619/325
f 692/588/350 725/620/350 693/589/350
f 723/618/325 692/588/325 694/590/325
f 723/618/325 694/590/325 708/604/325
f 722/617/325 707/603/325 710/606/325
f 711/607/350 706/602/350 705/601/350
f 712/608/325 705/601/325 703/599/325
f 713/609/325 703/599/325 704/600/325
f 704/600/325 702/598/325 714/610/325
f 715/611/325 702/598/325 701/597/325
f 701/597/325 699/595/325 716/378/325
f 699/595/350 700/596/350 717/612/350
f 700/596/325 698/594/325 718/613/325
f 695/591/325 719/614/325 698/594/325
f 697/593/325 720/615/325 695/591/325
f 696/592/325 721/616/325 697/593/325
f 722/617/325 708/604/325 707/603/325
f 709/605/350 724/619/350 696/592/350
f 693/589/325 725/620/325 709/605/325
f 710/606/350 707/603/350 706/602/350
f 274/621/140 726/622/140 64/623/140
f 277/624/139 274/621/139 64/623/139
f 290/625/139 286/626/139 283/627/139
f 206/628/139 209/629/139 290/625/139
f 215/630/139 213/631/139 210/632/139
f 233/633/139 230/634/139 227/635/139
f 166/620/139 727/636/139 236/637/139
f 169/588/139 166/620/139 236/637/139
f 178/606/139 175/617/139 172/618/139
f 192/611/139 190/610/139 187/609/139
f 201/614/139 198/613/139 196/612/139
f 166/620/139 162/619/139 165/616/139
f 727/636/139 166/620/139 165/616/139
f 239/638/139 727/636/139 165/616/139
f 242/639/139 239/638/139 165/616/139
f 245/640/139 242/639/139 165/616/139
f 257/641/139 254/642/139 251/643/139
f 260/644/139 257/641/139 251/643/139
f 265/645/139 263/646/139 260/644/139
f 274/621/139 271/647/139 268/648/139
f 726/622/139 274/621/139 268/648/139
f 728/649/139 726/622/139 268/648/139
f 326/650/139 728/649/139 268/648/139
f 338/651/140 335/652/140 332/653/140
f 729/654/139 300/655/139 297/656/139
f 81/657/139 729/654/139 297/656/139
f 84/658/139 81/657/139 297/656/139
f 96/659/139 93/660/139 90/661/139
f 101/662/139 98/663/139 96/659/139
f 104/664/139 101/662/139 96/659/139
f 111/665/139 109/666/139 106/667/139
f 124/668/139 121/669/139 119/670/139
f 133/671/139 130/672/139 127/673/139
f 136/674/139 133/671/139 127/673/139
f 148/675/139 145/676/139 142/677/139
f 151/678/139 148/675/139 142/677/139
f 81/657/139 77/679/139 80/680/139
f 729/654/139 81/657/139 80/680/139
f 302/681/139 729/654/139 80/680/139
f 314/682/139 311/683/139 308/684/139
f 326/650/139 323/685/139 320/686/139
f 728/649/139 326/650/139 320/686/139
f 61/687/140 728/649/140 320/686/140
f 280/688/139 277/624/139 64/623/139
f 206/628/139 290/625/139 283/627/139
f 169/588/139 236/637/139 233/633/139
f 172/618/140 169/588/140 233/633/140
f 245/640/139 165/616/139 204/615/139
f 248/689/139 245/640/139 204/615/139
f 326/650/139 268/648/139 265/645/139
f 84/658/140 297/656/140 293/690/140
f 87/691/139 84/658/139 293/690/139
f 104/664/139 96/659/139 90/661/139
f 106/667/139 104/664/139 90/661/139
f 302/681/139 80/680/139 157/692/139
f 305/693/139 302/681/139 157/692/139
f 61/687/139 320/686/139 317/694/139
f 280/688/139 64/623/139 67/695/139
f 283/627/139 280/688/139 67/695/139
f 206/628/139 283/627/139 67/695/139
f 218/696/139 206/628/139 67/695/139
f 172/618/140 233/633/140 227/635/140
f 178/606/140 172/618/140 227/635/140
f 248/689/139 204/615/139 201/614/139
f 326/650/139 265/645/139 260/644/139
f 329/697/139 326/650/139 260/644/139
f 87/691/140 293/690/140 296/698/140
f 90/661/140 87/691/140 296/698/140
f 106/667/139 90/661/139 296/698/139
f 305/693/139 157/692/139 154/699/139
f 308/684/140 305/693/140 154/699/140
f 61/687/139 317/694/139 314/682/139
f 221/700/140 218/696/140 67/695/140
f 178/606/139 227/635/139 224/701/139
f 181/607/139 178/606/139 224/701/139
f 248/689/139 201/614/139 196/612/139
f 329/697/139 260/644/139 251/643/139
f 332/653/139 329/697/139 251/643/139
f 106/667/139 296/698/139 338/651/139
f 314/682/140 308/684/140 154/699/140
f 61/687/139 314/682/139 154/699/139
f 224/701/139 221/700/139 67/695/139
f 181/607/139 224/701/139 67/695/139
f 184/608/139 181/607/139 67/695/139
f 332/653/139 251/643/139 248/689/139
f 338/651/139 332/653/139 248/689/139
f 106/667/139 338/651/139 248/689/139
f 111/665/139 106/667/139 248/689/139
f 61/687/139 154/699/139 151/678/139
f 187/609/139 184/608/139 67/695/139
f 111/665/139 248/689/139 196/612/139
f 61/687/139 151/678/139 142/677/139
f 65/702/139 61/687/139 142/677/139
f 192/611/139 187/609/139 67/695/139
f 111/665/139 196/612/139 194/378/139
f 114/703/139 111/665/139 194/378/139
f 65/702/139 142/677/139 139/704/139
f 194/378/139 192/611/139 67/695/139
f 114/703/139 194/378/139 67/695/139
f 65/702/139 139/704/139 136/674/139
f 117/705/139 114/703/139 67/695/139
f 65/702/139 136/674/139 127/673/139
f 117/705/139 67/695/139 65/702/139
f 119/670/139 117/705/139 65/702/139
f 65/702/139 127/673/139 124/668/139
f 124/668/139 119/670/139 65/702/139
f 730/621/350 63/623/350 731/622/350
f 732/624/325 63/623/325 730/621/325
f 733/625/325 734/627/325 735/626/325
f 736/628/325 733/625/325 737/629/325
f 738/630/325 739/632/325 740/631/325
f 741/633/325 742/635/325 743/634/325
f 725/620/325 744/637/325 745/636/325
f 692/588/325 744/637/325 725/620/325
f 710/606/325 723/618/325 722/617/325
f 715/611/325 713/609/325 714/610/325
f 719/614/325 717/612/325 718/613/325
f 725/620/325 721/616/325 724/619/325
f 745/636/325 721/616/325 725/620/325
f 746/638/325 721/616/325 745/636/325
f 747/639/350 721/616/350 746/638/350
f 748/640/325 721/616/325 747/639/325
f 749/641/325 750/643/325 751/642/325
f 752/644/325 750/643/325 749/641/325
f 753/645/325 752/644/325 754/646/325
f 730/621/325 755/648/325 756/647/325
f 731/622/325 755/648/325 730/621/325
f 757/649/325 755/648/325 731/622/325
f 758/650/325 755/648/325 757/649/325
f 759/651/325 760/653/325 761/652/325
f 762/654/325 763/656/325 764/655/325
f 765/657/325 763/656/325 762/654/325
f 766/658/325 763/656/325 765/657/325
f 767/659/325 768/661/325 769/660/325
f 770/662/325 767/659/325 771/663/325
f 772/664/325 767/659/325 770/662/325
f 773/665/325 774/667/325 775/666/325
f 776/668/325 777/670/325 778/669/325
f 779/671/325 780/673/325 781/672/325
f 782/674/325 780/673/325 779/671/325
f 783/675/325 784/677/325 785/676/325
f 786/678/325 784/677/325 783/675/325
f 765/657/325 787/680/325 788/679/325
f 762/654/325 787/680/325 765/657/325
f 789/681/325 787/680/325 762/654/325
f 790/682/325 791/684/325 792/683/325
f 758/650/325 793/686/325 794/685/325
f 757/649/350 793/686/350 758/650/350
f 62/687/350 793/686/350 757/649/350
f 795/688/325 63/623/325 732/624/325
f 736/628/325 734/627/325 733/625/325
f 692/588/325 741/633/325 744/637/325
f 723/618/350 741/633/350 692/588/350
f 748/640/325 720/615/325 721/616/325
f 796/689/325 720/615/325 748/640/325
f 758/650/350 753/645/350 755/648/350
f 766/658/350 797/690/350 763/656/350
f 798/691/325 797/690/325 766/658/325
f 772/664/325 768/661/325 767/659/325
f 774/667/325 768/661/325 772/664/325
f 789/681/325 799/692/325 787/680/325
f 800/693/325 799/692/325 789/681/325
f 62/687/325 801/694/325 793/686/325
f 795/688/325 68/695/325 63/623/325
f 734/627/325 68/695/325 795/688/325
f 736/628/325 68/695/325 734/627/325
f 802/696/325 68/695/325 736/628/325
f 723/618/350 742/635/350 741/633/350
f 710/606/350 742/635/350 723/618/350
f 796/689/325 719/614/325 720/615/325
f 758/650/325 752/644/325 753/645/325
f 803/697/325 752/644/325 758/650/325
f 798/691/350 804/698/350 797/690/350
f 768/661/350 804/698/350 798/691/350
f 774/667/325 804/698/325 768/661/325
f 800/693/325 805/699/325 799/692/325
f 791/684/350 805/699/350 800/693/350
f 62/687/325 790/682/325 801/694/325
f 806/700/350 68/695/350 802/696/350
f 710/606/325 807/701/325 742/635/325
f 711/607/325 807/701/325 710/606/325
f 796/689/325 717/612/325 719/614/325
f 803/697/350 750/643/350 752/644/350
f 760/653/350 750/643/350 803/697/350
f 774/667/325 759/651/325 804/698/325
f 790/682/350 805/699/350 791/684/350
f 62/687/325 805/699/325 790/682/325
f 807/701/325 68/695/325 806/700/325
f 711/607/325 68/695/325 807/701/325
f 712/608/325 68/695/325 711/607/325
f 760/653/325 796/689/325 750/643/325
f 759/651/325 796/689/325 760/653/325
f 774/667/325 796/689/325 759/651/325
f 773/665/325 796/689/325 774/667/325
f 62/687/325 786/678/325 805/699/325
f 713/609/325 68/695/325 712/608/325
f 773/665/325 717/612/325 796/689/325
f 62/687/325 784/677/325 786/678/325
f 66/702/325 784/677/325 62/687/325
f 715/611/325 68/695/325 713/609/325
f 773/665/325 716/378/325 717/612/325
f 808/703/325 716/378/325 773/665/325
f 66/702/325 809/704/325 784/677/325
f 716/378/325 68/695/325 715/611/325
f 808/703/325 68/695/325 716/378/325
f 66/702/325 782/674/325 809/704/325
f 810/705/325 68/695/325 808/703/325
f 66/702/325 780/673/325 782/674/325
f 810/705/325 66/702/325 68/695/325
f 777/670/325 66/702/325 810/705/325
f 66/702/325 776/668/325 780/673/325
f 776/668/325 66/702/325 777/670/325
f 776/668/325 811/706/325 780/673/325
f 812/707/325 813/708/325 814/709/325
f 815/710/325 813/708/325 812/707/325
f 816/711/325 813/708/325 815/710/325
f 817/712/325 818/713/325 819/714/325
f 820/715/325 818/713/325 817/712/325
f 821/716/325 818/713/325 820/715/325
f 822/717/325 823/718/325 811/706/325
f 824/719/325 823/718/325 822/717/325
f 825/720/325 824/719/325 826/721/325
f 827/722/350 824/719/350 825/720/350
f 828/723/325 824/719/325 827/722/325
f 829/724/325 824/719/325 828/723/325
f 830/725/325 829/724/325 831/726/325
f 832/727/350 829/724/350 830/725/350
f 833/728/325 834/729/325 835/730/325
f 836/731/325 833/728/325 837/732/325
f 838/733/325 833/728/325 836/731/325
f 839/734/325 833/728/325 838/733/325
f 840/735/350 833/728/350 839/734/350
f 816/711/325 840/735/325 813/708/325
f 818/713/325 840/735/325 816/711/325
f 821/716/325 840/735/325 818/713/325
f 823/718/325 840/735/325 821/716/325
f 824/719/325 840/735/325 823/718/325
f 829/724/325 840/735/325 824/719/325
f 832/727/325 840/735/325 829/724/325
f 840/735/325 834/729/325 833/728/325
f 834/729/325 840/735/325 832/727/325
f 829/724/325 774/667/325 831/726/325
f 831/726/325 772/664/325 830/725/325
f 830/725/350 770/662/350 832/727/350
f 832/727/325 771/663/325 834/729/325
f 834/729/325 767/659/325 835/730/325
f 835/730/350 769/660/350 833/728/350
f 828/723/325 775/666/325 829/724/325
f 833/728/325 768/661/325 837/732/325
f 837/732/325 798/691/325 836/731/325
f 773/665/325 828/723/325 827/722/325
f 836/731/325 766/658/325 838/733/325
f 838/733/325 765/657/325 839/734/325
f 822/717/325 811/706/325 776/668/325
f 839/734/325 788/679/325 840/735/325
f 840/735/325 787/680/325 813/708/325
f 813/708/350 799/692/350 814/709/350
f 808/703/325 827/722/325 825/720/325
f 812/707/325 814/709/325 805/699/325
f 810/705/325 825/720/325 826/721/325
f 815/710/325 812/707/325 786/678/325
f 816/711/325 815/710/325 783/675/325
f 818/713/325 816/711/325 785/676/325
f 819/714/325 818/713/325 784/677/325
f 817/712/325 819/714/325 809/704/325
f 826/721/350 824/719/350 777/670/350
f 820/715/325 817/712/325 782/674/325
f 778/669/325 824/719/325 822/717/325
f 821/716/325 820/715/325 779/671/325
f 823/718/325 821/716/325 781/672/325
f 811/706/325 823/718/325 780/673/325
f 774/667/325 772/664/325 831/726/325
f 772/664/325 770/662/325 830/725/325
f 770/662/325 771/663/325 832/727/325
f 771/663/325 767/659/325 834/729/325
f 775/666/325 774/667/325 829/724/325
f 767/659/325 769/660/325 835/730/325
f 769/660/350 768/661/350 833/728/350
f 768/661/325 798/691/325 837/732/325
f 773/665/325 775/666/325 828/723/325
f 798/691/350 766/658/350 836/731/350
f 766/658/325 765/657/325 838/733/325
f 808/703/350 773/665/350 827/722/350
f 839/734/325 765/657/325 788/679/325
f 778/669/325 822/717/325 776/668/325
f 788/679/325 787/680/325 840/735/325
f 813/708/325 787/680/325 799/692/325
f 814/709/325 799/692/325 805/699/325
f 810/705/350 808/703/350 825/720/350
f 812/707/325 805/699/325 786/678/325
f 815/710/325 786/678/325 783/675/325
f 785/676/325 816/711/325 783/675/325
f 818/713/325 785/676/325 784/677/325
f 777/670/325 810/705/325 826/721/325
f 819/714/325 784/677/325 809/704/325
f 782/674/325 817/712/325 809/704/325
f 777/670/325 824/719/325 778/669/325
f 779/671/325 820/715/325 782/674/325
f 781/672/325 821/716/325 779/671/325
f 780/673/325 823/718/325 781/672/325
f 741/633/325 841/736/325 744/637/325
f 842/737/325 843/738/325 844/739/325
f 845/740/325 842/737/325 846/741/325
f 847/742/325 848/743/325 849/744/325
f 850/459/325 848/743/325 847/742/325
f 851/745/325 848/743/325 850/459/325
f 852/746/325 853/747/325 841/736/325
f 854/748/325 853/747/325 852/746/325
f 855/749/325 854/748/325 856/750/325
f 857/751/350 854/748/350 855/749/350
f 858/752/325 854/748/325 857/751/325
f 859/753/350 854/748/350 858/752/350
f 860/754/350 854/748/350 859/753/350
f 861/755/325 860/754/325 862/756/325
f 863/757/350 860/754/350 861/755/350
f 864/758/325 863/757/325 865/759/325
f 866/760/325 864/758/325 867/761/325
f 868/762/325 864/758/325 866/760/325
f 869/763/325 864/758/325 868/762/325
f 870/764/350 864/758/350 869/763/350
f 842/737/325 870/764/325 843/738/325
f 845/740/325 870/764/325 842/737/325
f 848/743/325 870/764/325 845/740/325
f 851/745/325 870/764/325 848/743/325
f 853/747/325 870/764/325 851/745/325
f 854/748/325 870/764/325 853/747/325
f 860/754/325 870/764/325 854/748/325
f 863/757/325 870/764/325 860/754/325
f 864/758/325 870/764/325 863/757/325
f 859/753/325 740/631/325 860/754/325
f 860/754/325 739/632/325 862/756/325
f 862/756/325 736/628/325 861/755/325
f 861/755/325 737/629/325 863/757/325
f 863/757/325 733/625/325 865/759/325
f 865/759/325 735/626/325 864/758/325
f 858/752/325 738/630/325 859/753/325
f 864/758/325 734/627/325 867/761/325
f 867/761/325 795/688/325 866/760/325
f 802/696/325 858/752/325 857/751/325
f 866/760/325 732/624/325 868/762/325
f 868/762/350 730/621/350 869/763/350
f 852/746/325 841/736/325 741/633/325
f 869/763/325 756/647/325 870/764/325
f 870/764/325 755/648/325 843/738/325
f 844/739/325 843/738/325 753/645/325
f 806/700/325 857/751/325 855/749/325
f 842/737/325 844/739/325 754/646/325
f 807/701/325 855/749/325 856/750/325
f 846/741/350 842/737/350 752/644/350
f 845/740/325 846/741/325 749/641/325
f 848/743/325 845/740/325 751/642/325
f 849/744/325 848/743/325 750/643/325
f 847/742/325 849/744/325 796/689/325
f 856/750/325 854/748/325 742/635/325
f 850/459/350 847/742/350 748/640/350
f 743/634/325 854/748/325 852/746/325
f 851/745/325 850/459/325 747/639/325
f 853/747/325 851/745/325 746/638/325
f 841/736/325 853/747/325 744/637/325
f 740/631/325 739/632/325 860/754/325
f 739/632/325 736/628/325 862/756/325
f 736/628/325 737/629/325 861/755/325
f 737/629/325 733/625/325 863/757/325
f 738/630/325 740/631/325 859/753/325
f 733/625/325 735/626/325 865/759/325
f 735/626/325 734/627/325 864/758/325
f 734/627/350 795/688/350 867/761/350
f 802/696/325 738/630/325 858/752/325
f 795/688/350 732/624/350 866/760/350
f 732/624/325 730/621/325 868/762/325
f 806/700/325 802/696/325 857/751/325
f 869/763/325 730/621/325 756/647/325
f 741/633/325 743/634/325 852/746/325
f 756/647/325 755/648/325 870/764/325
f 843/738/325 755/648/325 753/645/325
f 844/739/350 753/645/350 754/646/350
f 807/701/325 806/700/325 855/749/325
f 842/737/325 754/646/325 752/644/325
f 846/741/325 752/644/325 749/641/325
f 751/642/325 845/740/325 749/641/325
f 848/743/350 751/642/350 750/643/350
f 742/635/325 807/701/325 856/750/325
f 849/744/325 750/643/325 796/689/325
f 748/640/325 847/742/325 796/689/325
f 742/635/325 854/748/325 743/634/325
f 747/639/325 850/459/325 748/640/325
f 746/638/350 851/745/350 747/639/350
f 744/637/325 853/747/325 746/638/325
f 803/697/325 871/765/325 872/766/325
f 873/767/325 874/768/325 875/769/325
f 876/770/325 874/768/325 873/767/325
f 877/771/325 876/770/325 878/772/325
f 879/773/350 876/770/350 877/771/350
f 880/774/350 876/770/350 879/773/350
f 881/775/350 880/774/350 882/776/350
f 883/777/325 880/774/325 881/775/325
f 884/778/325 880/774/325 883/777/325
f 885/779/325 880/774/325 884/778/325
f 872/766/325 885/779/325 886/780/325
f 871/765/325 885/779/325 872/766/325
f 887/781/325 885/779/325 871/765/325
f 876/770/325 887/781/325 874/768/325
f 880/774/325 887/781/325 876/770/325
f 885/779/350 887/781/350 880/774/350
f 759/651/325 884/778/325 804/698/325
f 804/698/325 883/777/325 797/690/325
f 797/690/325 881/775/325 763/656/325
f 882/776/325 764/655/325 763/656/325
f 764/655/325 880/774/325 789/681/325
f 789/681/350 879/773/350 800/693/350
f 877/771/325 791/684/325 800/693/325
f 878/772/325 792/683/325 791/684/325
f 876/770/325 790/682/325 792/683/325
f 873/767/325 801/694/325 790/682/325
f 875/769/350 793/686/350 801/694/350
f 761/652/325 760/653/325 886/780/325
f 794/685/325 793/686/325 874/768/325
f 887/781/325 758/650/325 794/685/325
f 803/697/350 758/650/350 871/765/350
f 760/653/325 803/697/325 872/766/325
f 760/653/325 872/766/325 886/780/325
f 761/652/350 885/779/350 759/651/350
f 804/698/325 884/778/325 883/777/325
f 797/690/325 883/777/325 881/775/325
f 763/656/325 881/775/325 882/776/325
f 882/776/350 880/774/350 764/655/350
f 789/681/325 880/774/325 879/773/325
f 879/773/325 877/771/325 800/693/325
f 877/771/350 878/772/350 791/684/350
f 878/772/325 876/770/325 792/683/325
f 873/767/325 790/682/325 876/770/325
f 875/769/350 801/694/350 873/767/350
f 874/768/325 793/686/325 875/769/325
f 761/652/325 886/780/325 885/779/325
f 794/685/350 874/768/350 887/781/350
f 871/765/325 758/650/325 887/781/325
f 759/651/325 885/779/325 884/778/325
f 345/782/140 888/783/140 72/784/140
f 347/785/139 345/782/139 72/784/139
f 355/786/139 353/787/139 351/788/139
f 360/789/139 358/790/139 355/786/139
f 367/791/139 365/792/139 362/793/139
f 686/794/139 377/795/139 375/796/139
f 435/797/139 889/798/139 688/799/139
f 437/800/139 435/797/139 688/799/139
f 443/801/139 441/802/139 439/803/139
f 453/804/139 451/805/139 449/806/139
f 461/807/139 459/808/139 457/809/139
f 435/797/139 431/810/139 434/811/139
f 889/798/139 435/797/139 434/811/139
f 690/812/139 889/798/139 434/811/139
f 382/813/140 690/812/140 434/811/140
f 379/814/139 382/813/139 434/811/139
f 389/815/139 387/816/139 385/817/139
f 391/818/139 389/815/139 385/817/139
f 395/819/140 393/820/140 391/818/140
f 345/782/139 341/821/139 344/822/139
f 888/783/139 345/782/139 344/822/139
f 890/823/139 888/783/139 344/822/139
f 400/824/139 890/823/139 344/822/139
f 405/825/139 403/826/139 401/827/139
f 415/828/139 413/829/139 411/830/139
f 423/831/139 421/832/139 419/833/139
f 400/824/139 429/834/139 427/835/139
f 890/823/139 400/824/139 427/835/139
f 891/836/139 890/823/139 427/835/139
f 1/837/139 4/838/139 59/839/139
f 13/840/139 11/841/139 9/842/139
f 17/843/139 15/844/139 13/840/139
f 19/845/139 17/843/139 13/840/139
f 25/846/139 23/847/139 21/848/139
f 35/849/139 33/850/139 31/851/139
f 41/852/139 39/853/139 37/854/139
f 43/855/139 41/852/139 37/854/139
f 51/856/139 49/857/139 47/858/139
f 53/859/139 51/856/139 47/858/139
f 891/836/139 59/839/139 57/860/139
f 69/861/139 891/836/139 57/860/139
f 349/862/139 347/785/139 72/784/139
f 360/789/139 355/786/139 351/788/139
f 437/800/139 688/799/139 686/794/139
f 439/803/140 437/800/140 686/794/140
f 379/814/139 434/811/139 463/863/139
f 383/864/140 379/814/140 463/863/140
f 400/824/139 344/822/139 395/819/139
f 891/836/140 427/835/140 425/865/140
f 19/845/139 13/840/139 9/842/139
f 21/848/139 19/845/139 9/842/139
f 69/861/139 57/860/139 55/866/139
f 349/862/139 72/784/139 75/867/139
f 351/788/139 349/862/139 75/867/139
f 360/789/139 351/788/139 75/867/139
f 369/868/139 360/789/139 75/867/139
f 439/803/139 686/794/139 375/796/139
f 443/801/139 439/803/139 375/796/139
f 383/864/139 463/863/139 461/807/139
f 400/824/139 395/819/139 391/818/139
f 397/869/139 400/824/139 391/818/139
f 891/836/139 425/865/139 423/831/139
f 21/848/139 9/842/139 7/870/139
f 69/861/139 55/866/139 53/859/139
f 371/871/140 369/868/140 75/867/140
f 443/801/139 375/796/139 373/872/139
f 445/873/139 443/801/139 373/872/139
f 383/864/139 461/807/139 457/809/139
f 397/869/139 391/818/139 385/817/139
f 401/827/139 397/869/139 385/817/139
f 891/836/139 423/831/139 419/833/139
f 59/839/139 891/836/139 419/833/139
f 69/861/139 53/859/139 47/858/139
f 73/874/139 69/861/139 47/858/139
f 373/872/139 371/871/139 75/867/139
f 445/873/139 373/872/139 75/867/139
f 447/875/139 445/873/139 75/867/139
f 401/827/139 385/817/139 383/864/139
f 405/825/139 401/827/139 383/864/139
f 59/839/139 419/833/139 417/876/139
f 1/837/139 59/839/139 417/876/139
f 73/874/139 47/858/139 45/877/139
f 449/806/139 447/875/139 75/867/139
f 405/825/139 383/864/139 457/809/139
f 407/878/139 405/825/139 457/809/139
f 1/837/140 417/876/140 415/828/140
f 5/879/140 1/837/140 415/828/140
f 73/874/139 45/877/139 43/855/139
f 453/804/139 449/806/139 75/867/139
f 409/880/139 407/878/139 457/809/139
f 5/879/139 415/828/139 411/830/139
f 7/870/139 5/879/139 411/830/139
f 73/874/139 43/855/139 37/854/139
f 455/881/139 453/804/139 75/867/139
f 411/830/139 409/880/139 457/809/139
f 7/870/139 411/830/139 457/809/139
f 21/848/139 7/870/139 457/809/139
f 73/874/139 37/854/139 35/849/139
f 75/867/139 73/874/139 35/849/139
f 21/848/140 457/809/140 455/881/140
f 25/846/139 21/848/139 455/881/139
f 75/867/139 35/849/139 31/851/139
f 25/846/139 455/881/139 75/867/139
f 27/882/139 25/846/139 75/867/139
f 75/867/139 31/851/139 29/883/139
f 29/883/139 27/882/139 75/867/139
f 346/782/350 71/784/350 892/783/350
f 348/785/325 71/784/325 346/782/325
f 672/786/325 352/788/325 354/787/325
f 364/789/325 672/786/325 671/790/325
f 368/791/325 363/793/325 366/792/325
f 687/794/325 376/796/325 378/795/325
f 436/797/325 689/799/325 893/798/325
f 438/800/325 689/799/325 436/797/325
f 444/801/325 440/803/325 442/802/325
f 454/804/325 450/806/325 452/805/325
f 462/807/325 458/809/325 460/808/325
f 436/797/325 433/811/325 432/810/325
f 893/798/325 433/811/325 436/797/325
f 691/812/325 433/811/325 893/798/325
f 381/813/325 433/811/325 691/812/325
f 380/814/325 433/811/325 381/813/325
f 390/815/325 386/817/325 388/816/325
f 392/818/325 386/817/325 390/815/325
f 396/819/350 392/818/350 394/820/350
f 346/782/325 343/822/325 342/821/325
f 892/783/325 343/822/325 346/782/325
f 894/823/325 343/822/325 892/783/325
f 399/824/325 343/822/325 894/823/325
f 406/825/325 402/827/325 404/826/325
f 416/828/325 412/830/325 414/829/325
f 424/831/325 420/833/325 422/832/325
f 399/824/325 428/835/325 430/834/325
f 894/823/325 428/835/325 399/824/325
f 895/836/325 428/835/325 894/823/325
f 2/837/325 60/839/325 3/838/325
f 14/840/325 10/842/325 12/841/325
f 18/843/325 14/840/325 16/844/325
f 20/845/325 14/840/325 18/843/325
f 26/846/325 22/848/325 24/847/325
f 36/849/325 32/851/325 34/850/325
f 42/852/325 38/854/325 40/853/325
f 44/855/325 38/854/325 42/852/325
f 52/856/325 48/858/325 50/857/325
f 54/859/325 48/858/325 52/856/325
f 895/836/325 58/860/325 60/839/325
f 70/861/325 58/860/325 895/836/325
f 350/862/325 71/784/325 348/785/325
f 364/789/325 352/788/325 672/786/325
f 438/800/325 687/794/325 689/799/325
f 440/803/325 687/794/325 438/800/325
f 380/814/325 464/863/325 433/811/325
f 384/864/325 464/863/325 380/814/325
f 399/824/325 396/819/325 343/822/325
f 895/836/350 426/865/350 428/835/350
f 20/845/325 10/842/325 14/840/325
f 22/848/325 10/842/325 20/845/325
f 70/861/325 56/866/325 58/860/325
f 350/862/325 76/867/325 71/784/325
f 352/788/325 76/867/325 350/862/325
f 364/789/325 76/867/325 352/788/325
f 370/868/325 76/867/325 364/789/325
f 440/803/325 376/796/325 687/794/325
f 444/801/350 376/796/350 440/803/350
f 384/864/325 462/807/325 464/863/325
f 399/824/325 392/818/325 396/819/325
f 398/869/325 392/818/325 399/824/325
f 895/836/325 424/831/325 426/865/325
f 22/848/325 8/870/325 10/842/325
f 70/861/325 54/859/325 56/866/325
f 372/871/350 76/867/350 370/868/350
f 444/801/350 374/872/350 376/796/350
f 446/873/325 374/872/325 444/801/325
f 384/864/325 458/809/325 462/807/325
f 398/869/325 386/817/325 392/818/325
f 402/827/325 386/817/325 398/869/325
f 895/836/325 420/833/325 424/831/325
f 60/839/325 420/833/325 895/836/325
f 70/861/325 48/858/325 54/859/325
f 74/874/325 48/858/325 70/861/325
f 374/872/325 76/867/325 372/871/325
f 446/873/325 76/867/325 374/872/325
f 448/875/325 76/867/325 446/873/325
f 402/827/325 384/864/325 386/817/325
f 406/825/325 384/864/325 402/827/325
f 60/839/325 418/876/325 420/833/325
f 2/837/325 418/876/325 60/839/325
f 74/874/325 46/877/325 48/858/325
f 450/806/325 76/867/325 448/875/325
f 406/825/325 458/809/325 384/864/325
f 408/878/325 458/809/325 406/825/325
f 2/837/350 416/828/350 418/876/350
f 6/879/350 416/828/350 2/837/350
f 74/874/325 44/855/325 46/877/325
f 454/804/325 76/867/325 450/806/325
f 410/880/325 458/809/325 408/878/325
f 6/879/325 412/830/325 416/828/325
f 8/870/325 412/830/325 6/879/325
f 74/874/325 38/854/325 44/855/325
f 456/881/325 76/867/325 454/804/325
f 412/830/325 458/809/325 410/880/325
f 8/870/350 458/809/350 412/830/350
f 22/848/325 458/809/325 8/870/325
f 74/874/325 36/849/325 38/854/325
f 76/867/325 36/849/325 74/874/325
f 22/848/350 456/881/350 458/809/350
f 26/846/325 456/881/325 22/848/325
f 76/867/325 32/851/325 36/849/325
f 26/846/325 76/867/325 456/881/325
f 28/882/325 76/867/325 26/846/325
f 76/867/325 30/883/325 32/851/325
f 30/883/325 76/867/325 28/882/325
