# Blender 4.4.1
# www.blender.org
mtllib CFC.mtl
o Text
v 1.595813 0.100000 -0.559581
v 1.610876 0.100000 -0.559414
v 1.625738 0.100000 -0.558910
v 1.640399 0.100000 -0.558072
v 1.654858 0.100000 -0.556898
v 1.669116 0.100000 -0.555388
v 1.683172 0.100000 -0.553543
v 1.697028 0.100000 -0.551362
v 1.710682 0.100000 -0.548846
v 1.724134 0.100000 -0.545994
v 1.737386 0.100000 -0.542807
v 1.750436 0.100000 -0.539285
v 1.763285 0.100000 -0.535427
v 1.725443 0.100000 -0.399356
v 1.706119 0.100000 -0.399356
v 1.698822 0.100000 -0.408101
v 1.690888 0.100000 -0.416085
v 1.682317 0.100000 -0.423309
v 1.673108 0.100000 -0.429773
v 1.663262 0.100000 -0.435476
v 1.652778 0.100000 -0.440419
v 1.641657 0.100000 -0.444601
v 1.629898 0.100000 -0.448023
v 1.617502 0.100000 -0.450684
v 1.604469 0.100000 -0.452585
v 1.590798 0.100000 -0.453726
v 1.576489 0.100000 -0.454106
v 1.558949 0.100000 -0.453723
v 1.542024 0.100000 -0.452574
v 1.525715 0.100000 -0.450659
v 1.510020 0.100000 -0.447978
v 1.494940 0.100000 -0.444531
v 1.480475 0.100000 -0.440318
v 1.466625 0.100000 -0.435339
v 1.453390 0.100000 -0.429594
v 1.440771 0.100000 -0.423083
v 1.428766 0.100000 -0.415806
v 1.417377 0.100000 -0.407762
v 1.406602 0.100000 -0.398953
v 1.396571 0.100000 -0.389613
v 1.387413 0.100000 -0.379976
v 1.379126 0.100000 -0.370043
v 1.371712 0.100000 -0.359814
v 1.365170 0.100000 -0.349288
v 1.359501 0.100000 -0.338466
v 1.354703 0.100000 -0.327348
v 1.350778 0.100000 -0.315933
v 1.347726 0.100000 -0.304222
v 1.345545 0.100000 -0.292215
v 1.344237 0.100000 -0.279911
v 1.343800 0.100000 -0.267311
v 1.344180 0.100000 -0.254761
v 1.345321 0.100000 -0.242608
v 1.347222 0.100000 -0.230852
v 1.349884 0.100000 -0.219494
v 1.353305 0.100000 -0.208532
v 1.357488 0.100000 -0.197967
v 1.362431 0.100000 -0.187799
v 1.368134 0.100000 -0.178028
v 1.374597 0.100000 -0.168654
v 1.381821 0.100000 -0.159677
v 1.389806 0.100000 -0.151098
v 1.398551 0.100000 -0.142915
v 1.407955 0.100000 -0.135268
v 1.417919 0.100000 -0.128299
v 1.428442 0.100000 -0.122006
v 1.439524 0.100000 -0.116389
v 1.451165 0.100000 -0.111449
v 1.463366 0.100000 -0.107186
v 1.476125 0.100000 -0.103599
v 1.489444 0.100000 -0.100689
v 1.503321 0.100000 -0.098455
v 1.517758 0.100000 -0.096898
v 1.532754 0.100000 -0.096017
v 1.548309 0.100000 -0.095813
v 1.559291 0.100000 -0.096009
v 1.570496 0.100000 -0.096596
v 1.581924 0.100000 -0.097574
v 1.593577 0.100000 -0.098944
v 1.605453 0.100000 -0.100706
v 1.617552 0.100000 -0.102858
v 1.629876 0.100000 -0.105402
v 1.642423 0.100000 -0.108338
v 1.655193 0.100000 -0.111665
v 1.668188 0.100000 -0.115383
v 1.681406 0.100000 -0.119493
v 1.694847 0.100000 -0.123994
v 1.668277 0.100000 -0.008857
v 1.652537 0.100000 -0.005513
v 1.636719 0.100000 -0.002460
v 1.620823 0.100000 0.000302
v 1.604849 0.100000 0.002773
v 1.588796 0.100000 0.004954
v 1.572665 0.100000 0.006844
v 1.556456 0.100000 0.008443
v 1.540168 0.100000 0.009751
v 1.523802 0.100000 0.010769
v 1.507358 0.100000 0.011496
v 1.490836 0.100000 0.011932
v 1.474235 0.100000 0.012077
v 1.460799 0.100000 0.011938
v 1.447598 0.100000 0.011518
v 1.434632 0.100000 0.010819
v 1.421900 0.100000 0.009841
v 1.409404 0.100000 0.008583
v 1.397142 0.100000 0.007045
v 1.385115 0.100000 0.005228
v 1.373323 0.100000 0.003131
v 1.361765 0.100000 0.000755
v 1.350443 0.100000 -0.001901
v 1.339355 0.100000 -0.004837
v 1.328502 0.100000 -0.008052
v 1.317938 0.100000 -0.011507
v 1.307714 0.100000 -0.015164
v 1.297831 0.100000 -0.019022
v 1.288290 0.100000 -0.023081
v 1.279089 0.100000 -0.027342
v 1.270229 0.100000 -0.031804
v 1.261711 0.100000 -0.036467
v 1.253534 0.100000 -0.041331
v 1.245697 0.100000 -0.046397
v 1.238202 0.100000 -0.051664
v 1.231048 0.100000 -0.057132
v 1.224235 0.100000 -0.062802
v 1.217727 0.100000 -0.068631
v 1.211487 0.100000 -0.074577
v 1.205515 0.100000 -0.080641
v 1.199812 0.100000 -0.086822
v 1.194377 0.100000 -0.093121
v 1.189211 0.100000 -0.099537
v 1.184313 0.100000 -0.106071
v 1.179683 0.100000 -0.112721
v 1.175322 0.100000 -0.119490
v 1.171229 0.100000 -0.126375
v 1.167405 0.100000 -0.133379
v 1.163849 0.100000 -0.140499
v 1.160569 0.100000 -0.147715
v 1.157575 0.100000 -0.155003
v 1.154866 0.100000 -0.162364
v 1.152442 0.100000 -0.169798
v 1.150303 0.100000 -0.177304
v 1.148450 0.100000 -0.184883
v 1.146882 0.100000 -0.192535
v 1.145598 0.100000 -0.200259
v 1.144600 0.100000 -0.208057
v 1.143888 0.100000 -0.215926
v 1.143460 0.100000 -0.223869
v 1.143317 0.100000 -0.231884
v 1.143720 0.100000 -0.246550
v 1.144928 0.100000 -0.261026
v 1.146940 0.100000 -0.275312
v 1.149758 0.100000 -0.289408
v 1.153381 0.100000 -0.303313
v 1.157810 0.100000 -0.317029
v 1.163043 0.100000 -0.330555
v 1.169082 0.100000 -0.343890
v 1.175926 0.100000 -0.357035
v 1.183575 0.100000 -0.369990
v 1.192029 0.100000 -0.382755
v 1.201288 0.100000 -0.395330
v 1.211274 0.100000 -0.407600
v 1.221909 0.100000 -0.419451
v 1.233192 0.100000 -0.430883
v 1.245124 0.100000 -0.441895
v 1.257705 0.100000 -0.452488
v 1.270934 0.100000 -0.462661
v 1.284812 0.100000 -0.472415
v 1.299338 0.100000 -0.481750
v 1.314513 0.100000 -0.490665
v 1.330336 0.100000 -0.499161
v 1.346808 0.100000 -0.507238
v 1.363929 0.100000 -0.514895
v 1.381531 0.100000 -0.522033
v 1.399445 0.100000 -0.528549
v 1.417673 0.100000 -0.534445
v 1.436214 0.100000 -0.539721
v 1.455068 0.100000 -0.544376
v 1.474235 0.100000 -0.548410
v 1.493715 0.100000 -0.551823
v 1.513509 0.100000 -0.554616
v 1.533615 0.100000 -0.556788
v 1.554035 0.100000 -0.558340
v 1.574767 0.100000 -0.559271
v 0.723833 0.100000 -0.545894
v 1.211755 0.100000 -0.545894
v 1.177134 0.100000 -0.404992
v 1.158615 0.100000 -0.404992
v 1.158503 0.100000 -0.407254
v 1.158168 0.100000 -0.409476
v 1.157609 0.100000 -0.411660
v 1.156826 0.100000 -0.413804
v 1.155820 0.100000 -0.415909
v 1.154589 0.100000 -0.417975
v 1.153136 0.100000 -0.420002
v 1.151458 0.100000 -0.421990
v 1.149557 0.100000 -0.423938
v 1.147433 0.100000 -0.425848
v 1.145084 0.100000 -0.427718
v 1.142512 0.100000 -0.429549
v 1.139795 0.100000 -0.431285
v 1.137010 0.100000 -0.432870
v 1.134159 0.100000 -0.434305
v 1.131240 0.100000 -0.435588
v 1.128254 0.100000 -0.436720
v 1.125201 0.100000 -0.437701
v 1.122081 0.100000 -0.438532
v 1.118894 0.100000 -0.439211
v 1.115640 0.100000 -0.439739
v 1.112319 0.100000 -0.440117
v 1.108930 0.100000 -0.440343
v 1.105475 0.100000 -0.440419
v 0.936393 0.100000 -0.440419
v 0.905797 0.100000 -0.327697
v 1.100644 0.100000 -0.327697
v 1.067633 0.100000 -0.197262
v 1.064155 0.100000 -0.202021
v 1.060163 0.100000 -0.206365
v 1.055656 0.100000 -0.210296
v 1.050635 0.100000 -0.213813
v 1.045100 0.100000 -0.216916
v 1.039050 0.100000 -0.219605
v 1.032486 0.100000 -0.221881
v 1.025407 0.100000 -0.223743
v 1.017814 0.100000 -0.225191
v 1.009707 0.100000 -0.226226
v 1.001085 0.100000 -0.226846
v 0.991948 0.100000 -0.227053
v 0.878422 0.100000 -0.227053
v 0.839775 0.100000 -0.080515
v 0.839517 0.100000 -0.079459
v 0.839283 0.100000 -0.078435
v 0.839070 0.100000 -0.077446
v 0.838880 0.100000 -0.076490
v 0.838712 0.100000 -0.075567
v 0.838567 0.100000 -0.074678
v 0.838444 0.100000 -0.073822
v 0.838343 0.100000 -0.073001
v 0.838265 0.100000 -0.072212
v 0.838209 0.100000 -0.071457
v 0.838175 0.100000 -0.070736
v 0.838164 0.100000 -0.070048
v 0.838433 0.100000 -0.065033
v 0.839238 0.100000 -0.060454
v 0.840580 0.100000 -0.056310
v 0.842458 0.100000 -0.052603
v 0.844874 0.100000 -0.049332
v 0.847826 0.100000 -0.046498
v 0.851315 0.100000 -0.044099
v 0.855341 0.100000 -0.042136
v 0.859903 0.100000 -0.040610
v 0.865003 0.100000 -0.039520
v 0.870639 0.100000 -0.038865
v 0.876812 0.100000 -0.038647
v 0.867955 0.100000 0.000000
v 0.628019 0.100000 0.000000
v 0.751208 0.100000 -0.466989
v 0.751594 0.100000 -0.468538
v 0.751946 0.100000 -0.469963
v 0.752264 0.100000 -0.471266
v 0.752550 0.100000 -0.472446
v 0.752801 0.100000 -0.473503
v 0.753019 0.100000 -0.474436
v 0.753204 0.100000 -0.475247
v 0.753355 0.100000 -0.475935
v 0.753472 0.100000 -0.476500
v 0.753556 0.100000 -0.476941
v 0.753606 0.100000 -0.477260
v 0.753623 0.100000 -0.477456
v 0.753349 0.100000 -0.482600
v 0.752527 0.100000 -0.487296
v 0.751157 0.100000 -0.491546
v 0.749240 0.100000 -0.495348
v 0.746774 0.100000 -0.498703
v 0.743760 0.100000 -0.501610
v 0.740198 0.100000 -0.504071
v 0.736089 0.100000 -0.506083
v 0.731431 0.100000 -0.507649
v 0.726226 0.100000 -0.508767
v 0.720472 0.100000 -0.509438
v 0.714171 0.100000 -0.509662
v 0.492754 0.100000 -0.559581
v 0.507817 0.100000 -0.559414
v 0.522678 0.100000 -0.558910
v 0.537339 0.100000 -0.558072
v 0.551798 0.100000 -0.556898
v 0.566056 0.100000 -0.555388
v 0.580113 0.100000 -0.553543
v 0.593968 0.100000 -0.551362
v 0.607622 0.100000 -0.548846
v 0.621075 0.100000 -0.545994
v 0.634326 0.100000 -0.542807
v 0.647376 0.100000 -0.539285
v 0.660225 0.100000 -0.535427
v 0.622383 0.100000 -0.399356
v 0.603060 0.100000 -0.399356
v 0.595763 0.100000 -0.408101
v 0.587829 0.100000 -0.416085
v 0.579257 0.100000 -0.423309
v 0.570048 0.100000 -0.429773
v 0.560202 0.100000 -0.435476
v 0.549718 0.100000 -0.440419
v 0.538597 0.100000 -0.444601
v 0.526839 0.100000 -0.448023
v 0.514443 0.100000 -0.450684
v 0.501409 0.100000 -0.452585
v 0.487738 0.100000 -0.453726
v 0.473430 0.100000 -0.454106
v 0.455890 0.100000 -0.453723
v 0.438965 0.100000 -0.452574
v 0.422655 0.100000 -0.450659
v 0.406960 0.100000 -0.447978
v 0.391880 0.100000 -0.444531
v 0.377415 0.100000 -0.440318
v 0.363566 0.100000 -0.435339
v 0.350331 0.100000 -0.429594
v 0.337711 0.100000 -0.423083
v 0.325707 0.100000 -0.415806
v 0.314317 0.100000 -0.407762
v 0.303543 0.100000 -0.398953
v 0.293512 0.100000 -0.389613
v 0.284353 0.100000 -0.379976
v 0.276067 0.100000 -0.370043
v 0.268653 0.100000 -0.359814
v 0.262111 0.100000 -0.349288
v 0.256441 0.100000 -0.338466
v 0.251644 0.100000 -0.327348
v 0.247719 0.100000 -0.315933
v 0.244666 0.100000 -0.304222
v 0.242485 0.100000 -0.292215
v 0.241177 0.100000 -0.279911
v 0.240741 0.100000 -0.267311
v 0.241121 0.100000 -0.254761
v 0.242262 0.100000 -0.242608
v 0.244163 0.100000 -0.230852
v 0.246824 0.100000 -0.219494
v 0.250246 0.100000 -0.208532
v 0.254428 0.100000 -0.197967
v 0.259371 0.100000 -0.187799
v 0.265074 0.100000 -0.178028
v 0.271538 0.100000 -0.168654
v 0.278762 0.100000 -0.159677
v 0.286746 0.100000 -0.151098
v 0.295491 0.100000 -0.142915
v 0.304896 0.100000 -0.135268
v 0.314860 0.100000 -0.128299
v 0.325382 0.100000 -0.122006
v 0.336464 0.100000 -0.116389
v 0.348106 0.100000 -0.111449
v 0.360306 0.100000 -0.107186
v 0.373065 0.100000 -0.103599
v 0.386384 0.100000 -0.100689
v 0.400262 0.100000 -0.098455
v 0.414699 0.100000 -0.096898
v 0.429695 0.100000 -0.096017
v 0.445250 0.100000 -0.095813
v 0.456231 0.100000 -0.096009
v 0.467436 0.100000 -0.096596
v 0.478865 0.100000 -0.097574
v 0.490517 0.100000 -0.098944
v 0.502393 0.100000 -0.100706
v 0.514493 0.100000 -0.102858
v 0.526816 0.100000 -0.105402
v 0.539363 0.100000 -0.108338
v 0.552134 0.100000 -0.111665
v 0.565128 0.100000 -0.115383
v 0.578346 0.100000 -0.119493
v 0.591787 0.100000 -0.123994
v 0.565217 0.100000 -0.008857
v 0.549478 0.100000 -0.005513
v 0.533660 0.100000 -0.002460
v 0.517764 0.100000 0.000302
v 0.501789 0.100000 0.002773
v 0.485736 0.100000 0.004954
v 0.469605 0.100000 0.006844
v 0.453396 0.100000 0.008443
v 0.437109 0.100000 0.009751
v 0.420743 0.100000 0.010769
v 0.404299 0.100000 0.011496
v 0.387776 0.100000 0.011932
v 0.371176 0.100000 0.012077
v 0.357740 0.100000 0.011938
v 0.344538 0.100000 0.011518
v 0.331572 0.100000 0.010819
v 0.318841 0.100000 0.009841
v 0.306344 0.100000 0.008583
v 0.294082 0.100000 0.007045
v 0.282055 0.100000 0.005228
v 0.270263 0.100000 0.003131
v 0.258706 0.100000 0.000755
v 0.247383 0.100000 -0.001901
v 0.236296 0.100000 -0.004837
v 0.225443 0.100000 -0.008052
v 0.214878 0.100000 -0.011507
v 0.204654 0.100000 -0.015164
v 0.194772 0.100000 -0.019022
v 0.185230 0.100000 -0.023081
v 0.176029 0.100000 -0.027342
v 0.167170 0.100000 -0.031804
v 0.158651 0.100000 -0.036467
v 0.150474 0.100000 -0.041331
v 0.142638 0.100000 -0.046397
v 0.135143 0.100000 -0.051664
v 0.127989 0.100000 -0.057132
v 0.121176 0.100000 -0.062802
v 0.114667 0.100000 -0.068631
v 0.108427 0.100000 -0.074577
v 0.102456 0.100000 -0.080641
v 0.096753 0.100000 -0.086822
v 0.091318 0.100000 -0.093121
v 0.086151 0.100000 -0.099537
v 0.081253 0.100000 -0.106071
v 0.076624 0.100000 -0.112721
v 0.072262 0.100000 -0.119490
v 0.068170 0.100000 -0.126375
v 0.064345 0.100000 -0.133379
v 0.060789 0.100000 -0.140499
v 0.057510 0.100000 -0.147715
v 0.054516 0.100000 -0.155003
v 0.051807 0.100000 -0.162364
v 0.049383 0.100000 -0.169798
v 0.047244 0.100000 -0.177304
v 0.045391 0.100000 -0.184883
v 0.043822 0.100000 -0.192535
v 0.042539 0.100000 -0.200259
v 0.041541 0.100000 -0.208057
v 0.040828 0.100000 -0.215926
v 0.040400 0.100000 -0.223869
v 0.040258 0.100000 -0.231884
v 0.040660 0.100000 -0.246550
v 0.041868 0.100000 -0.261026
v 0.043881 0.100000 -0.275312
v 0.046699 0.100000 -0.289408
v 0.050322 0.100000 -0.303313
v 0.054750 0.100000 -0.317029
v 0.059984 0.100000 -0.330555
v 0.066023 0.100000 -0.343890
v 0.072866 0.100000 -0.357035
v 0.080515 0.100000 -0.369990
v 0.088969 0.100000 -0.382755
v 0.098229 0.100000 -0.395330
v 0.108215 0.100000 -0.407600
v 0.118850 0.100000 -0.419451
v 0.130133 0.100000 -0.430883
v 0.142065 0.100000 -0.441895
v 0.154645 0.100000 -0.452488
v 0.167874 0.100000 -0.462661
v 0.181752 0.100000 -0.472415
v 0.196278 0.100000 -0.481750
v 0.211453 0.100000 -0.490665
v 0.227277 0.100000 -0.499161
v 0.243749 0.100000 -0.507238
v 0.260870 0.100000 -0.514895
v 0.278471 0.100000 -0.522033
v 0.296386 0.100000 -0.528549
v 0.314614 0.100000 -0.534445
v 0.333154 0.100000 -0.539721
v 0.352008 0.100000 -0.544376
v 0.371176 0.100000 -0.548410
v 0.390656 0.100000 -0.551823
v 0.410449 0.100000 -0.554616
v 0.430556 0.100000 -0.556788
v 0.450975 0.100000 -0.558340
v 0.471708 0.100000 -0.559271
v 1.595813 -0.100000 -0.559581
v 1.610876 -0.100000 -0.559414
v 1.625738 -0.100000 -0.558910
v 1.640399 -0.100000 -0.558072
v 1.654858 -0.100000 -0.556898
v 1.669116 -0.100000 -0.555388
v 1.683172 -0.100000 -0.553543
v 1.697028 -0.100000 -0.551362
v 1.710682 -0.100000 -0.548846
v 1.724134 -0.100000 -0.545994
v 1.737386 -0.100000 -0.542807
v 1.750436 -0.100000 -0.539285
v 1.763285 -0.100000 -0.535427
v 1.725443 -0.100000 -0.399356
v 1.706119 -0.100000 -0.399356
v 1.698822 -0.100000 -0.408101
v 1.690888 -0.100000 -0.416085
v 1.682317 -0.100000 -0.423309
v 1.673108 -0.100000 -0.429773
v 1.663262 -0.100000 -0.435476
v 1.652778 -0.100000 -0.440419
v 1.641657 -0.100000 -0.444601
v 1.629898 -0.100000 -0.448023
v 1.617502 -0.100000 -0.450684
v 1.604469 -0.100000 -0.452585
v 1.590798 -0.100000 -0.453726
v 1.576489 -0.100000 -0.454106
v 1.558949 -0.100000 -0.453723
v 1.542024 -0.100000 -0.452574
v 1.525715 -0.100000 -0.450659
v 1.510020 -0.100000 -0.447978
v 1.494940 -0.100000 -0.444531
v 1.480475 -0.100000 -0.440318
v 1.466625 -0.100000 -0.435339
v 1.453390 -0.100000 -0.429594
v 1.440771 -0.100000 -0.423083
v 1.428766 -0.100000 -0.415806
v 1.417377 -0.100000 -0.407762
v 1.406602 -0.100000 -0.398953
v 1.396571 -0.100000 -0.389613
v 1.387413 -0.100000 -0.379976
v 1.379126 -0.100000 -0.370043
v 1.371712 -0.100000 -0.359814
v 1.365170 -0.100000 -0.349288
v 1.359501 -0.100000 -0.338466
v 1.354703 -0.100000 -0.327348
v 1.350778 -0.100000 -0.315933
v 1.347726 -0.100000 -0.304222
v 1.345545 -0.100000 -0.292215
v 1.344237 -0.100000 -0.279911
v 1.343800 -0.100000 -0.267311
v 1.344180 -0.100000 -0.254761
v 1.345321 -0.100000 -0.242608
v 1.347222 -0.100000 -0.230852
v 1.349884 -0.100000 -0.219494
v 1.353305 -0.100000 -0.208532
v 1.357488 -0.100000 -0.197967
v 1.362431 -0.100000 -0.187799
v 1.368134 -0.100000 -0.178028
v 1.374597 -0.100000 -0.168654
v 1.381821 -0.100000 -0.159677
v 1.389806 -0.100000 -0.151098
v 1.398551 -0.100000 -0.142915
v 1.407955 -0.100000 -0.135268
v 1.417919 -0.100000 -0.128299
v 1.428442 -0.100000 -0.122006
v 1.439524 -0.100000 -0.116389
v 1.451165 -0.100000 -0.111449
v 1.463366 -0.100000 -0.107186
v 1.476125 -0.100000 -0.103599
v 1.489444 -0.100000 -0.100689
v 1.503321 -0.100000 -0.098455
v 1.517758 -0.100000 -0.096898
v 1.532754 -0.100000 -0.096017
v 1.548309 -0.100000 -0.095813
v 1.559291 -0.100000 -0.096009
v 1.570496 -0.100000 -0.096596
v 1.581924 -0.100000 -0.097574
v 1.593577 -0.100000 -0.098944
v 1.605453 -0.100000 -0.100706
v 1.617552 -0.100000 -0.102858
v 1.629876 -0.100000 -0.105402
v 1.642423 -0.100000 -0.108338
v 1.655193 -0.100000 -0.111665
v 1.668188 -0.100000 -0.115383
v 1.681406 -0.100000 -0.119493
v 1.694847 -0.100000 -0.123994
v 1.668277 -0.100000 -0.008857
v 1.652537 -0.100000 -0.005513
v 1.636719 -0.100000 -0.002460
v 1.620823 -0.100000 0.000302
v 1.604849 -0.100000 0.002773
v 1.588796 -0.100000 0.004954
v 1.572665 -0.100000 0.006844
v 1.556456 -0.100000 0.008443
v 1.540168 -0.100000 0.009751
v 1.523802 -0.100000 0.010769
v 1.507358 -0.100000 0.011496
v 1.490836 -0.100000 0.011932
v 1.474235 -0.100000 0.012077
v 1.460799 -0.100000 0.011938
v 1.447598 -0.100000 0.011518
v 1.434632 -0.100000 0.010819
v 1.421900 -0.100000 0.009841
v 1.409404 -0.100000 0.008583
v 1.397142 -0.100000 0.007045
v 1.385115 -0.100000 0.005228
v 1.373323 -0.100000 0.003131
v 1.361765 -0.100000 0.000755
v 1.350443 -0.100000 -0.001901
v 1.339355 -0.100000 -0.004837
v 1.328502 -0.100000 -0.008052
v 1.317938 -0.100000 -0.011507
v 1.307714 -0.100000 -0.015164
v 1.297831 -0.100000 -0.019022
v 1.288290 -0.100000 -0.023081
v 1.279089 -0.100000 -0.027342
v 1.270229 -0.100000 -0.031804
v 1.261711 -0.100000 -0.036467
v 1.253534 -0.100000 -0.041331
v 1.245697 -0.100000 -0.046397
v 1.238202 -0.100000 -0.051664
v 1.231048 -0.100000 -0.057132
v 1.224235 -0.100000 -0.062802
v 1.217727 -0.100000 -0.068631
v 1.211487 -0.100000 -0.074577
v 1.205515 -0.100000 -0.080641
v 1.199812 -0.100000 -0.086822
v 1.194377 -0.100000 -0.093121
v 1.189211 -0.100000 -0.099537
v 1.184313 -0.100000 -0.106071
v 1.179683 -0.100000 -0.112721
v 1.175322 -0.100000 -0.119490
v 1.171229 -0.100000 -0.126375
v 1.167405 -0.100000 -0.133379
v 1.163849 -0.100000 -0.140499
v 1.160569 -0.100000 -0.147715
v 1.157575 -0.100000 -0.155003
v 1.154866 -0.100000 -0.162364
v 1.152442 -0.100000 -0.169798
v 1.150303 -0.100000 -0.177304
v 1.148450 -0.100000 -0.184883
v 1.146882 -0.100000 -0.192535
v 1.145598 -0.100000 -0.200259
v 1.144600 -0.100000 -0.208057
v 1.143888 -0.100000 -0.215926
v 1.143460 -0.100000 -0.223869
v 1.143317 -0.100000 -0.231884
v 1.143720 -0.100000 -0.246550
v 1.144928 -0.100000 -0.261026
v 1.146940 -0.100000 -0.275312
v 1.149758 -0.100000 -0.289408
v 1.153381 -0.100000 -0.303313
v 1.157810 -0.100000 -0.317029
v 1.163043 -0.100000 -0.330555
v 1.169082 -0.100000 -0.343890
v 1.175926 -0.100000 -0.357035
v 1.183575 -0.100000 -0.369990
v 1.192029 -0.100000 -0.382755
v 1.201288 -0.100000 -0.395330
v 1.211274 -0.100000 -0.407600
v 1.221909 -0.100000 -0.419451
v 1.233192 -0.100000 -0.430883
v 1.245124 -0.100000 -0.441895
v 1.257705 -0.100000 -0.452488
v 1.270934 -0.100000 -0.462661
v 1.284812 -0.100000 -0.472415
v 1.299338 -0.100000 -0.481750
v 1.314513 -0.100000 -0.490665
v 1.330336 -0.100000 -0.499161
v 1.346808 -0.100000 -0.507238
v 1.363929 -0.100000 -0.514895
v 1.381531 -0.100000 -0.522033
v 1.399445 -0.100000 -0.528549
v 1.417673 -0.100000 -0.534445
v 1.436214 -0.100000 -0.539721
v 1.455068 -0.100000 -0.544376
v 1.474235 -0.100000 -0.548410
v 1.493715 -0.100000 -0.551823
v 1.513509 -0.100000 -0.554616
v 1.533615 -0.100000 -0.556788
v 1.554035 -0.100000 -0.558340
v 1.574767 -0.100000 -0.559271
v 0.723833 -0.100000 -0.545894
v 1.211755 -0.100000 -0.545894
v 1.177134 -0.100000 -0.404992
v 1.158615 -0.100000 -0.404992
v 1.158503 -0.100000 -0.407254
v 1.158168 -0.100000 -0.409476
v 1.157609 -0.100000 -0.411660
v 1.156826 -0.100000 -0.413804
v 1.155820 -0.100000 -0.415909
v 1.154589 -0.100000 -0.417975
v 1.153136 -0.100000 -0.420002
v 1.151458 -0.100000 -0.421990
v 1.149557 -0.100000 -0.423938
v 1.147433 -0.100000 -0.425848
v 1.145084 -0.100000 -0.427718
v 1.142512 -0.100000 -0.429549
v 1.139795 -0.100000 -0.431285
v 1.137010 -0.100000 -0.432870
v 1.134159 -0.100000 -0.434305
v 1.131240 -0.100000 -0.435588
v 1.128254 -0.100000 -0.436720
v 1.125201 -0.100000 -0.437701
v 1.122081 -0.100000 -0.438532
v 1.118894 -0.100000 -0.439211
v 1.115640 -0.100000 -0.439739
v 1.112319 -0.100000 -0.440117
v 1.108930 -0.100000 -0.440343
v 1.105475 -0.100000 -0.440419
v 0.936393 -0.100000 -0.440419
v 0.905797 -0.100000 -0.327697
v 1.100644 -0.100000 -0.327697
v 1.067633 -0.100000 -0.197262
v 1.064155 -0.100000 -0.202021
v 1.060163 -0.100000 -0.206365
v 1.055656 -0.100000 -0.210296
v 1.050635 -0.100000 -0.213813
v 1.045100 -0.100000 -0.216916
v 1.039050 -0.100000 -0.219605
v 1.032486 -0.100000 -0.221881
v 1.025407 -0.100000 -0.223743
v 1.017814 -0.100000 -0.225191
v 1.009707 -0.100000 -0.226226
v 1.001085 -0.100000 -0.226846
v 0.991948 -0.100000 -0.227053
v 0.878422 -0.100000 -0.227053
v 0.839775 -0.100000 -0.080515
v 0.839517 -0.100000 -0.079459
v 0.839283 -0.100000 -0.078435
v 0.839070 -0.100000 -0.077446
v 0.838880 -0.100000 -0.076490
v 0.838712 -0.100000 -0.075567
v 0.838567 -0.100000 -0.074678
v 0.838444 -0.100000 -0.073822
v 0.838343 -0.100000 -0.073001
v 0.838265 -0.100000 -0.072212
v 0.838209 -0.100000 -0.071457
v 0.838175 -0.100000 -0.070736
v 0.838164 -0.100000 -0.070048
v 0.838433 -0.100000 -0.065033
v 0.839238 -0.100000 -0.060454
v 0.840580 -0.100000 -0.056310
v 0.842458 -0.100000 -0.052603
v 0.844874 -0.100000 -0.049332
v 0.847826 -0.100000 -0.046498
v 0.851315 -0.100000 -0.044099
v 0.855341 -0.100000 -0.042136
v 0.859903 -0.100000 -0.040610
v 0.865003 -0.100000 -0.039520
v 0.870639 -0.100000 -0.038865
v 0.876812 -0.100000 -0.038647
v 0.867955 -0.100000 0.000000
v 0.628019 -0.100000 0.000000
v 0.751208 -0.100000 -0.466989
v 0.751594 -0.100000 -0.468538
v 0.751946 -0.100000 -0.469963
v 0.752264 -0.100000 -0.471266
v 0.752550 -0.100000 -0.472446
v 0.752801 -0.100000 -0.473503
v 0.753019 -0.100000 -0.474436
v 0.753204 -0.100000 -0.475247
v 0.753355 -0.100000 -0.475935
v 0.753472 -0.100000 -0.476500
v 0.753556 -0.100000 -0.476941
v 0.753606 -0.100000 -0.477260
v 0.753623 -0.100000 -0.477456
v 0.753349 -0.100000 -0.482600
v 0.752527 -0.100000 -0.487296
v 0.751157 -0.100000 -0.491546
v 0.749240 -0.100000 -0.495348
v 0.746774 -0.100000 -0.498703
v 0.743760 -0.100000 -0.501610
v 0.740198 -0.100000 -0.504071
v 0.736089 -0.100000 -0.506083
v 0.731431 -0.100000 -0.507649
v 0.726226 -0.100000 -0.508767
v 0.720472 -0.100000 -0.509438
v 0.714171 -0.100000 -0.509662
v 0.492754 -0.100000 -0.559581
v 0.507817 -0.100000 -0.559414
v 0.522678 -0.100000 -0.558910
v 0.537339 -0.100000 -0.558072
v 0.551798 -0.100000 -0.556898
v 0.566056 -0.100000 -0.555388
v 0.580113 -0.100000 -0.553543
v 0.593968 -0.100000 -0.551362
v 0.607622 -0.100000 -0.548846
v 0.621075 -0.100000 -0.545994
v 0.634326 -0.100000 -0.542807
v 0.647376 -0.100000 -0.539285
v 0.660225 -0.100000 -0.535427
v 0.622383 -0.100000 -0.399356
v 0.603060 -0.100000 -0.399356
v 0.595763 -0.100000 -0.408101
v 0.587829 -0.100000 -0.416085
v 0.579257 -0.100000 -0.423309
v 0.570048 -0.100000 -0.429773
v 0.560202 -0.100000 -0.435476
v 0.549718 -0.100000 -0.440419
v 0.538597 -0.100000 -0.444601
v 0.526839 -0.100000 -0.448023
v 0.514443 -0.100000 -0.450684
v 0.501409 -0.100000 -0.452585
v 0.487738 -0.100000 -0.453726
v 0.473430 -0.100000 -0.454106
v 0.455890 -0.100000 -0.453723
v 0.438965 -0.100000 -0.452574
v 0.422655 -0.100000 -0.450659
v 0.406960 -0.100000 -0.447978
v 0.391880 -0.100000 -0.444531
v 0.377415 -0.100000 -0.440318
v 0.363566 -0.100000 -0.435339
v 0.350331 -0.100000 -0.429594
v 0.337711 -0.100000 -0.423083
v 0.325707 -0.100000 -0.415806
v 0.314317 -0.100000 -0.407762
v 0.303543 -0.100000 -0.398953
v 0.293512 -0.100000 -0.389613
v 0.284353 -0.100000 -0.379976
v 0.276067 -0.100000 -0.370043
v 0.268653 -0.100000 -0.359814
v 0.262111 -0.100000 -0.349288
v 0.256441 -0.100000 -0.338466
v 0.251644 -0.100000 -0.327348
v 0.247719 -0.100000 -0.315933
v 0.244666 -0.100000 -0.304222
v 0.242485 -0.100000 -0.292215
v 0.241177 -0.100000 -0.279911
v 0.240741 -0.100000 -0.267311
v 0.241121 -0.100000 -0.254761
v 0.242262 -0.100000 -0.242608
v 0.244163 -0.100000 -0.230852
v 0.246824 -0.100000 -0.219494
v 0.250246 -0.100000 -0.208532
v 0.254428 -0.100000 -0.197967
v 0.259371 -0.100000 -0.187799
v 0.265074 -0.100000 -0.178028
v 0.271538 -0.100000 -0.168654
v 0.278762 -0.100000 -0.159677
v 0.286746 -0.100000 -0.151098
v 0.295491 -0.100000 -0.142915
v 0.304896 -0.100000 -0.135268
v 0.314860 -0.100000 -0.128299
v 0.325382 -0.100000 -0.122006
v 0.336464 -0.100000 -0.116389
v 0.348106 -0.100000 -0.111449
v 0.360306 -0.100000 -0.107186
v 0.373065 -0.100000 -0.103599
v 0.386384 -0.100000 -0.100689
v 0.400262 -0.100000 -0.098455
v 0.414699 -0.100000 -0.096898
v 0.429695 -0.100000 -0.096017
v 0.445250 -0.100000 -0.095813
v 0.456231 -0.100000 -0.096009
v 0.467436 -0.100000 -0.096596
v 0.478865 -0.100000 -0.097574
v 0.490517 -0.100000 -0.098944
v 0.502393 -0.100000 -0.100706
v 0.514493 -0.100000 -0.102858
v 0.526816 -0.100000 -0.105402
v 0.539363 -0.100000 -0.108338
v 0.552134 -0.100000 -0.111665
v 0.565128 -0.100000 -0.115383
v 0.578346 -0.100000 -0.119493
v 0.591787 -0.100000 -0.123994
v 0.565217 -0.100000 -0.008857
v 0.549478 -0.100000 -0.005513
v 0.533660 -0.100000 -0.002460
v 0.517764 -0.100000 0.000302
v 0.501789 -0.100000 0.002773
v 0.485736 -0.100000 0.004954
v 0.469605 -0.100000 0.006844
v 0.453396 -0.100000 0.008443
v 0.437109 -0.100000 0.009751
v 0.420743 -0.100000 0.010769
v 0.404299 -0.100000 0.011496
v 0.387776 -0.100000 0.011932
v 0.371176 -0.100000 0.012077
v 0.357740 -0.100000 0.011938
v 0.344538 -0.100000 0.011518
v 0.331572 -0.100000 0.010819
v 0.318841 -0.100000 0.009841
v 0.306344 -0.100000 0.008583
v 0.294082 -0.100000 0.007045
v 0.282055 -0.100000 0.005228
v 0.270263 -0.100000 0.003131
v 0.258706 -0.100000 0.000755
v 0.247383 -0.100000 -0.001901
v 0.236296 -0.100000 -0.004837
v 0.225443 -0.100000 -0.008052
v 0.214878 -0.100000 -0.011507
v 0.204654 -0.100000 -0.015164
v 0.194772 -0.100000 -0.019022
v 0.185230 -0.100000 -0.023081
v 0.176029 -0.100000 -0.027342
v 0.167170 -0.100000 -0.031804
v 0.158651 -0.100000 -0.036467
v 0.150474 -0.100000 -0.041331
v 0.142638 -0.100000 -0.046397
v 0.135143 -0.100000 -0.051664
v 0.127989 -0.100000 -0.057132
v 0.121176 -0.100000 -0.062802
v 0.114667 -0.100000 -0.068631
v 0.108427 -0.100000 -0.074577
v 0.102456 -0.100000 -0.080641
v 0.096753 -0.100000 -0.086822
v 0.091318 -0.100000 -0.093121
v 0.086151 -0.100000 -0.099537
v 0.081253 -0.100000 -0.106071
v 0.076624 -0.100000 -0.112721
v 0.072262 -0.100000 -0.119490
v 0.068170 -0.100000 -0.126375
v 0.064345 -0.100000 -0.133379
v 0.060789 -0.100000 -0.140499
v 0.057510 -0.100000 -0.147715
v 0.054516 -0.100000 -0.155003
v 0.051807 -0.100000 -0.162364
v 0.049383 -0.100000 -0.169798
v 0.047244 -0.100000 -0.177304
v 0.045391 -0.100000 -0.184883
v 0.043822 -0.100000 -0.192535
v 0.042539 -0.100000 -0.200259
v 0.041541 -0.100000 -0.208057
v 0.040828 -0.100000 -0.215926
v 0.040400 -0.100000 -0.223869
v 0.040258 -0.100000 -0.231884
v 0.040660 -0.100000 -0.246550
v 0.041868 -0.100000 -0.261026
v 0.043881 -0.100000 -0.275312
v 0.046699 -0.100000 -0.289408
v 0.050322 -0.100000 -0.303313
v 0.054750 -0.100000 -0.317029
v 0.059984 -0.100000 -0.330555
v 0.066023 -0.100000 -0.343890
v 0.072866 -0.100000 -0.357035
v 0.080515 -0.100000 -0.369990
v 0.088969 -0.100000 -0.382755
v 0.098229 -0.100000 -0.395330
v 0.108215 -0.100000 -0.407600
v 0.118850 -0.100000 -0.419451
v 0.130133 -0.100000 -0.430883
v 0.142065 -0.100000 -0.441895
v 0.154645 -0.100000 -0.452488
v 0.167874 -0.100000 -0.462661
v 0.181752 -0.100000 -0.472415
v 0.196278 -0.100000 -0.481750
v 0.211453 -0.100000 -0.490665
v 0.227277 -0.100000 -0.499161
v 0.243749 -0.100000 -0.507238
v 0.260870 -0.100000 -0.514895
v 0.278471 -0.100000 -0.522033
v 0.296386 -0.100000 -0.528549
v 0.314614 -0.100000 -0.534445
v 0.333154 -0.100000 -0.539721
v 0.352008 -0.100000 -0.544376
v 0.371176 -0.100000 -0.548410
v 0.390656 -0.100000 -0.551823
v 0.410449 -0.100000 -0.554616
v 0.430556 -0.100000 -0.556788
v 0.450975 -0.100000 -0.558340
v 0.471708 -0.100000 -0.559271
v 0.492754 -0.100000 -0.559581
v 0.492754 0.100000 -0.559581
v 0.507817 -0.100000 -0.559414
v 0.507817 0.100000 -0.559414
v 0.522678 -0.100000 -0.558910
v 0.522678 0.100000 -0.558910
v 0.537339 -0.100000 -0.558072
v 0.537339 0.100000 -0.558072
v 0.551798 -0.100000 -0.556898
v 0.551798 0.100000 -0.556898
v 0.566056 -0.100000 -0.555388
v 0.566056 0.100000 -0.555388
v 0.580113 -0.100000 -0.553543
v 0.580113 0.100000 -0.553543
v 0.593968 -0.100000 -0.551362
v 0.593968 0.100000 -0.551362
v 0.607622 -0.100000 -0.548846
v 0.607622 0.100000 -0.548846
v 0.621075 -0.100000 -0.545994
v 0.621075 0.100000 -0.545994
v 0.634326 -0.100000 -0.542807
v 0.634326 0.100000 -0.542807
v 0.647376 -0.100000 -0.539285
v 0.647376 0.100000 -0.539285
v 0.660225 -0.100000 -0.535427
v 0.660225 0.100000 -0.535427
v 0.622383 -0.100000 -0.399356
v 0.622383 0.100000 -0.399356
v 0.603060 -0.100000 -0.399356
v 0.603060 0.100000 -0.399356
v 0.595763 -0.100000 -0.408101
v 0.595763 0.100000 -0.408101
v 0.587829 -0.100000 -0.416085
v 0.587829 0.100000 -0.416085
v 0.579257 -0.100000 -0.423309
v 0.579257 0.100000 -0.423309
v 0.570048 -0.100000 -0.429773
v 0.570048 0.100000 -0.429773
v 0.560202 -0.100000 -0.435476
v 0.560202 0.100000 -0.435476
v 0.549718 -0.100000 -0.440419
v 0.549718 0.100000 -0.440419
v 0.538597 -0.100000 -0.444601
v 0.538597 0.100000 -0.444601
v 0.526839 -0.100000 -0.448023
v 0.526839 0.100000 -0.448023
v 0.514443 -0.100000 -0.450684
v 0.514443 0.100000 -0.450684
v 0.501409 -0.100000 -0.452585
v 0.501409 0.100000 -0.452585
v 0.487738 -0.100000 -0.453726
v 0.487738 0.100000 -0.453726
v 0.473430 -0.100000 -0.454106
v 0.473430 0.100000 -0.454106
v 0.455890 -0.100000 -0.453723
v 0.455890 0.100000 -0.453723
v 0.438965 -0.100000 -0.452574
v 0.438965 0.100000 -0.452574
v 0.422655 -0.100000 -0.450659
v 0.422655 0.100000 -0.450659
v 0.406960 -0.100000 -0.447978
v 0.406960 0.100000 -0.447978
v 0.391880 -0.100000 -0.444531
v 0.391880 0.100000 -0.444531
v 0.377415 -0.100000 -0.440318
v 0.377415 0.100000 -0.440318
v 0.363566 -0.100000 -0.435339
v 0.363566 0.100000 -0.435339
v 0.350331 -0.100000 -0.429594
v 0.350331 0.100000 -0.429594
v 0.337711 -0.100000 -0.423083
v 0.337711 0.100000 -0.423083
v 0.325707 -0.100000 -0.415806
v 0.325707 0.100000 -0.415806
v 0.314317 -0.100000 -0.407762
v 0.314317 0.100000 -0.407762
v 0.303543 -0.100000 -0.398953
v 0.303543 0.100000 -0.398953
v 0.293512 -0.100000 -0.389613
v 0.293512 0.100000 -0.389613
v 0.284353 -0.100000 -0.379976
v 0.284353 0.100000 -0.379976
v 0.276067 -0.100000 -0.370043
v 0.276067 0.100000 -0.370043
v 0.268653 -0.100000 -0.359814
v 0.268653 0.100000 -0.359814
v 0.262111 -0.100000 -0.349288
v 0.262111 0.100000 -0.349288
v 0.256441 -0.100000 -0.338466
v 0.256441 0.100000 -0.338466
v 0.251644 -0.100000 -0.327348
v 0.251644 0.100000 -0.327348
v 0.247719 -0.100000 -0.315933
v 0.247719 0.100000 -0.315933
v 0.244666 -0.100000 -0.304222
v 0.244666 0.100000 -0.304222
v 0.242485 -0.100000 -0.292215
v 0.242485 0.100000 -0.292215
v 0.241177 -0.100000 -0.279911
v 0.241177 0.100000 -0.279911
v 0.240741 -0.100000 -0.267311
v 0.240741 0.100000 -0.267311
v 0.241121 -0.100000 -0.254761
v 0.241121 0.100000 -0.254761
v 0.242262 -0.100000 -0.242608
v 0.242262 0.100000 -0.242608
v 0.244163 -0.100000 -0.230852
v 0.244163 0.100000 -0.230852
v 0.246824 -0.100000 -0.219494
v 0.246824 0.100000 -0.219494
v 0.250246 -0.100000 -0.208532
v 0.250246 0.100000 -0.208532
v 0.254428 -0.100000 -0.197967
v 0.254428 0.100000 -0.197967
v 0.259371 -0.100000 -0.187799
v 0.259371 0.100000 -0.187799
v 0.265074 -0.100000 -0.178028
v 0.265074 0.100000 -0.178028
v 0.271538 -0.100000 -0.168654
v 0.271538 0.100000 -0.168654
v 0.278762 -0.100000 -0.159677
v 0.278762 0.100000 -0.159677
v 0.286746 -0.100000 -0.151098
v 0.286746 0.100000 -0.151098
v 0.295491 -0.100000 -0.142915
v 0.295491 0.100000 -0.142915
v 0.304896 -0.100000 -0.135268
v 0.304896 0.100000 -0.135268
v 0.314860 -0.100000 -0.128299
v 0.314860 0.100000 -0.128299
v 0.325382 -0.100000 -0.122006
v 0.325382 0.100000 -0.122006
v 0.336464 -0.100000 -0.116389
v 0.336464 0.100000 -0.116389
v 0.348106 -0.100000 -0.111449
v 0.348106 0.100000 -0.111449
v 0.360306 -0.100000 -0.107186
v 0.360306 0.100000 -0.107186
v 0.373065 -0.100000 -0.103599
v 0.373065 0.100000 -0.103599
v 0.386384 -0.100000 -0.100689
v 0.386384 0.100000 -0.100689
v 0.400262 -0.100000 -0.098455
v 0.400262 0.100000 -0.098455
v 0.414699 -0.100000 -0.096898
v 0.414699 0.100000 -0.096898
v 0.429695 -0.100000 -0.096017
v 0.429695 0.100000 -0.096017
v 0.445250 -0.100000 -0.095813
v 0.445250 0.100000 -0.095813
v 0.456231 -0.100000 -0.096009
v 0.456231 0.100000 -0.096009
v 0.467436 -0.100000 -0.096596
v 0.467436 0.100000 -0.096596
v 0.478865 -0.100000 -0.097574
v 0.478865 0.100000 -0.097574
v 0.490517 -0.100000 -0.098944
v 0.490517 0.100000 -0.098944
v 0.502393 -0.100000 -0.100706
v 0.502393 0.100000 -0.100706
v 0.514493 -0.100000 -0.102858
v 0.514493 0.100000 -0.102858
v 0.526816 -0.100000 -0.105402
v 0.526816 0.100000 -0.105402
v 0.539363 -0.100000 -0.108338
v 0.539363 0.100000 -0.108338
v 0.552134 -0.100000 -0.111665
v 0.552134 0.100000 -0.111665
v 0.565128 -0.100000 -0.115383
v 0.565128 0.100000 -0.115383
v 0.578346 -0.100000 -0.119493
v 0.578346 0.100000 -0.119493
v 0.591787 -0.100000 -0.123994
v 0.591787 0.100000 -0.123994
v 0.565217 -0.100000 -0.008857
v 0.565217 0.100000 -0.008857
v 0.549478 -0.100000 -0.005513
v 0.549478 0.100000 -0.005513
v 0.533660 -0.100000 -0.002460
v 0.533660 0.100000 -0.002460
v 0.517764 -0.100000 0.000302
v 0.517764 0.100000 0.000302
v 0.501789 -0.100000 0.002773
v 0.501789 0.100000 0.002773
v 0.485736 -0.100000 0.004954
v 0.485736 0.100000 0.004954
v 0.469605 -0.100000 0.006844
v 0.469605 0.100000 0.006844
v 0.453396 -0.100000 0.008443
v 0.453396 0.100000 0.008443
v 0.437109 -0.100000 0.009751
v 0.437109 0.100000 0.009751
v 0.420743 -0.100000 0.010769
v 0.420743 0.100000 0.010769
v 0.404299 -0.100000 0.011496
v 0.404299 0.100000 0.011496
v 0.387776 -0.100000 0.011932
v 0.387776 0.100000 0.011932
v 0.371176 -0.100000 0.012077
v 0.371176 0.100000 0.012077
v 0.357740 -0.100000 0.011938
v 0.357740 0.100000 0.011938
v 0.344538 -0.100000 0.011518
v 0.344538 0.100000 0.011518
v 0.331572 -0.100000 0.010819
v 0.331572 0.100000 0.010819
v 0.318841 -0.100000 0.009841
v 0.318841 0.100000 0.009841
v 0.306344 -0.100000 0.008583
v 0.306344 0.100000 0.008583
v 0.294082 -0.100000 0.007045
v 0.294082 0.100000 0.007045
v 0.282055 -0.100000 0.005228
v 0.282055 0.100000 0.005228
v 0.270263 -0.100000 0.003131
v 0.270263 0.100000 0.003131
v 0.258706 -0.100000 0.000755
v 0.258706 0.100000 0.000755
v 0.247383 -0.100000 -0.001901
v 0.247383 0.100000 -0.001901
v 0.236296 -0.100000 -0.004837
v 0.236296 0.100000 -0.004837
v 0.225443 -0.100000 -0.008052
v 0.225443 0.100000 -0.008052
v 0.214878 -0.100000 -0.011507
v 0.214878 0.100000 -0.011507
v 0.204654 -0.100000 -0.015164
v 0.204654 0.100000 -0.015164
v 0.194772 -0.100000 -0.019022
v 0.194772 0.100000 -0.019022
v 0.185230 -0.100000 -0.023081
v 0.185230 0.100000 -0.023081
v 0.176029 -0.100000 -0.027342
v 0.176029 0.100000 -0.027342
v 0.167170 -0.100000 -0.031804
v 0.167170 0.100000 -0.031804
v 0.158651 -0.100000 -0.036467
v 0.158651 0.100000 -0.036467
v 0.150474 -0.100000 -0.041331
v 0.150474 0.100000 -0.041331
v 0.142638 -0.100000 -0.046397
v 0.142638 0.100000 -0.046397
v 0.135143 -0.100000 -0.051664
v 0.135143 0.100000 -0.051664
v 0.127989 -0.100000 -0.057132
v 0.127989 0.100000 -0.057132
v 0.121176 -0.100000 -0.062802
v 0.121176 0.100000 -0.062802
v 0.114667 -0.100000 -0.068631
v 0.114667 0.100000 -0.068631
v 0.108427 -0.100000 -0.074577
v 0.108427 0.100000 -0.074577
v 0.102456 -0.100000 -0.080641
v 0.102456 0.100000 -0.080641
v 0.096753 -0.100000 -0.086822
v 0.096753 0.100000 -0.086822
v 0.091318 -0.100000 -0.093121
v 0.091318 0.100000 -0.093121
v 0.086151 -0.100000 -0.099537
v 0.086151 0.100000 -0.099537
v 0.081253 -0.100000 -0.106071
v 0.081253 0.100000 -0.106071
v 0.076624 -0.100000 -0.112721
v 0.076624 0.100000 -0.112721
v 0.072262 -0.100000 -0.119490
v 0.072262 0.100000 -0.119490
v 0.068170 -0.100000 -0.126375
v 0.068170 0.100000 -0.126375
v 0.064345 -0.100000 -0.133379
v 0.064345 0.100000 -0.133379
v 0.060789 -0.100000 -0.140499
v 0.060789 0.100000 -0.140499
v 0.057510 -0.100000 -0.147715
v 0.057510 0.100000 -0.147715
v 0.054516 -0.100000 -0.155003
v 0.054516 0.100000 -0.155003
v 0.051807 -0.100000 -0.162364
v 0.051807 0.100000 -0.162364
v 0.049383 -0.100000 -0.169798
v 0.049383 0.100000 -0.169798
v 0.047244 -0.100000 -0.177304
v 0.047244 0.100000 -0.177304
v 0.045391 -0.100000 -0.184883
v 0.045391 0.100000 -0.184883
v 0.043822 -0.100000 -0.192535
v 0.043822 0.100000 -0.192535
v 0.042539 -0.100000 -0.200259
v 0.042539 0.100000 -0.200259
v 0.041541 -0.100000 -0.208057
v 0.041541 0.100000 -0.208057
v 0.040828 -0.100000 -0.215926
v 0.040828 0.100000 -0.215926
v 0.040400 -0.100000 -0.223869
v 0.040400 0.100000 -0.223869
v 0.040258 -0.100000 -0.231884
v 0.040258 0.100000 -0.231884
v 0.040660 -0.100000 -0.246550
v 0.040660 0.100000 -0.246550
v 0.041868 -0.100000 -0.261026
v 0.041868 0.100000 -0.261026
v 0.043881 -0.100000 -0.275312
v 0.043881 0.100000 -0.275312
v 0.046699 -0.100000 -0.289408
v 0.046699 0.100000 -0.289408
v 0.050322 -0.100000 -0.303313
v 0.050322 0.100000 -0.303313
v 0.054750 -0.100000 -0.317029
v 0.054750 0.100000 -0.317029
v 0.059984 -0.100000 -0.330555
v 0.059984 0.100000 -0.330555
v 0.066023 -0.100000 -0.343890
v 0.066023 0.100000 -0.343890
v 0.072866 -0.100000 -0.357035
v 0.072866 0.100000 -0.357035
v 0.080515 -0.100000 -0.369990
v 0.080515 0.100000 -0.369990
v 0.088969 -0.100000 -0.382755
v 0.088969 0.100000 -0.382755
v 0.098229 -0.100000 -0.395330
v 0.098229 0.100000 -0.395330
v 0.108215 -0.100000 -0.407600
v 0.108215 0.100000 -0.407600
v 0.118850 -0.100000 -0.419451
v 0.118850 0.100000 -0.419451
v 0.130133 -0.100000 -0.430883
v 0.130133 0.100000 -0.430883
v 0.142065 -0.100000 -0.441895
v 0.142065 0.100000 -0.441895
v 0.154645 -0.100000 -0.452488
v 0.154645 0.100000 -0.452488
v 0.167874 -0.100000 -0.462661
v 0.167874 0.100000 -0.462661
v 0.181752 -0.100000 -0.472415
v 0.181752 0.100000 -0.472415
v 0.196278 -0.100000 -0.481750
v 0.196278 0.100000 -0.481750
v 0.211453 -0.100000 -0.490665
v 0.211453 0.100000 -0.490665
v 0.227277 -0.100000 -0.499161
v 0.227277 0.100000 -0.499161
v 0.243749 -0.100000 -0.507238
v 0.243749 0.100000 -0.507238
v 0.260870 -0.100000 -0.514895
v 0.260870 0.100000 -0.514895
v 0.278471 -0.100000 -0.522033
v 0.278471 0.100000 -0.522033
v 0.296386 -0.100000 -0.528549
v 0.296386 0.100000 -0.528549
v 0.314614 -0.100000 -0.534445
v 0.314614 0.100000 -0.534445
v 0.333154 -0.100000 -0.539721
v 0.333154 0.100000 -0.539721
v 0.352008 -0.100000 -0.544376
v 0.352008 0.100000 -0.544376
v 0.371176 -0.100000 -0.548410
v 0.371176 0.100000 -0.548410
v 0.390656 -0.100000 -0.551823
v 0.390656 0.100000 -0.551823
v 0.410449 -0.100000 -0.554616
v 0.410449 0.100000 -0.554616
v 0.430556 -0.100000 -0.556788
v 0.430556 0.100000 -0.556788
v 0.450975 -0.100000 -0.558340
v 0.450975 0.100000 -0.558340
v 0.471708 -0.100000 -0.559271
v 0.471708 0.100000 -0.559271
v 0.723833 -0.100000 -0.545894
v 0.723833 0.100000 -0.545894
v 1.211755 -0.100000 -0.545894
v 1.211755 0.100000 -0.545894
v 1.177134 -0.100000 -0.404992
v 1.177134 0.100000 -0.404992
v 1.158615 -0.100000 -0.404992
v 1.158615 0.100000 -0.404992
v 1.158503 -0.100000 -0.407254
v 1.158503 0.100000 -0.407254
v 1.158168 -0.100000 -0.409476
v 1.158168 0.100000 -0.409476
v 1.157609 -0.100000 -0.411660
v 1.157609 0.100000 -0.411660
v 1.156826 -0.100000 -0.413804
v 1.156826 0.100000 -0.413804
v 1.155820 -0.100000 -0.415909
v 1.155820 0.100000 -0.415909
v 1.154589 -0.100000 -0.417975
v 1.154589 0.100000 -0.417975
v 1.153136 -0.100000 -0.420002
v 1.153136 0.100000 -0.420002
v 1.151458 -0.100000 -0.421990
v 1.151458 0.100000 -0.421990
v 1.149557 -0.100000 -0.423938
v 1.149557 0.100000 -0.423938
v 1.147433 -0.100000 -0.425848
v 1.147433 0.100000 -0.425848
v 1.145084 -0.100000 -0.427718
v 1.145084 0.100000 -0.427718
v 1.142512 -0.100000 -0.429549
v 1.142512 0.100000 -0.429549
v 1.139795 -0.100000 -0.431285
v 1.139795 0.100000 -0.431285
v 1.137010 -0.100000 -0.432870
v 1.137010 0.100000 -0.432870
v 1.134159 -0.100000 -0.434305
v 1.134159 0.100000 -0.434305
v 1.131240 -0.100000 -0.435588
v 1.131240 0.100000 -0.435588
v 1.128254 -0.100000 -0.436720
v 1.128254 0.100000 -0.436720
v 1.125201 -0.100000 -0.437701
v 1.125201 0.100000 -0.437701
v 1.122081 -0.100000 -0.438532
v 1.122081 0.100000 -0.438532
v 1.118894 -0.100000 -0.439211
v 1.118894 0.100000 -0.439211
v 1.115640 -0.100000 -0.439739
v 1.115640 0.100000 -0.439739
v 1.112319 -0.100000 -0.440117
v 1.112319 0.100000 -0.440117
v 1.108930 -0.100000 -0.440343
v 1.108930 0.100000 -0.440343
v 1.105475 -0.100000 -0.440419
v 1.105475 0.100000 -0.440419
v 0.936393 -0.100000 -0.440419
v 0.936393 0.100000 -0.440419
v 0.905797 -0.100000 -0.327697
v 0.905797 0.100000 -0.327697
v 1.100644 -0.100000 -0.327697
v 1.100644 0.100000 -0.327697
v 1.067633 -0.100000 -0.197262
v 1.067633 0.100000 -0.197262
v 1.064155 -0.100000 -0.202021
v 1.064155 0.100000 -0.202021
v 1.060163 -0.100000 -0.206365
v 1.060163 0.100000 -0.206365
v 1.055656 -0.100000 -0.210296
v 1.055656 0.100000 -0.210296
v 1.050635 -0.100000 -0.213813
v 1.050635 0.100000 -0.213813
v 1.045100 -0.100000 -0.216916
v 1.045100 0.100000 -0.216916
v 1.039050 -0.100000 -0.219605
v 1.039050 0.100000 -0.219605
v 1.032486 -0.100000 -0.221881
v 1.032486 0.100000 -0.221881
v 1.025407 -0.100000 -0.223743
v 1.025407 0.100000 -0.223743
v 1.017814 -0.100000 -0.225191
v 1.017814 0.100000 -0.225191
v 1.009707 -0.100000 -0.226226
v 1.009707 0.100000 -0.226226
v 1.001085 -0.100000 -0.226846
v 1.001085 0.100000 -0.226846
v 0.991948 -0.100000 -0.227053
v 0.991948 0.100000 -0.227053
v 0.878422 -0.100000 -0.227053
v 0.878422 0.100000 -0.227053
v 0.839775 -0.100000 -0.080515
v 0.839775 0.100000 -0.080515
v 0.839517 -0.100000 -0.079459
v 0.839517 0.100000 -0.079459
v 0.839283 -0.100000 -0.078435
v 0.839283 0.100000 -0.078435
v 0.839070 -0.100000 -0.077446
v 0.839070 0.100000 -0.077446
v 0.838880 -0.100000 -0.076490
v 0.838880 0.100000 -0.076490
v 0.838712 -0.100000 -0.075567
v 0.838712 0.100000 -0.075567
v 0.838567 -0.100000 -0.074678
v 0.838567 0.100000 -0.074678
v 0.838444 -0.100000 -0.073822
v 0.838444 0.100000 -0.073822
v 0.838343 -0.100000 -0.073001
v 0.838343 0.100000 -0.073001
v 0.838265 -0.100000 -0.072212
v 0.838265 0.100000 -0.072212
v 0.838209 -0.100000 -0.071457
v 0.838209 0.100000 -0.071457
v 0.838175 -0.100000 -0.070736
v 0.838175 0.100000 -0.070736
v 0.838164 -0.100000 -0.070048
v 0.838164 0.100000 -0.070048
v 0.838433 -0.100000 -0.065033
v 0.838433 0.100000 -0.065033
v 0.839238 -0.100000 -0.060454
v 0.839238 0.100000 -0.060454
v 0.840580 -0.100000 -0.056310
v 0.840580 0.100000 -0.056310
v 0.842458 -0.100000 -0.052603
v 0.842458 0.100000 -0.052603
v 0.844874 -0.100000 -0.049332
v 0.844874 0.100000 -0.049332
v 0.847826 -0.100000 -0.046498
v 0.847826 0.100000 -0.046498
v 0.851315 -0.100000 -0.044099
v 0.851315 0.100000 -0.044099
v 0.855341 -0.100000 -0.042136
v 0.855341 0.100000 -0.042136
v 0.859903 -0.100000 -0.040610
v 0.859903 0.100000 -0.040610
v 0.865003 -0.100000 -0.039520
v 0.865003 0.100000 -0.039520
v 0.870639 -0.100000 -0.038865
v 0.870639 0.100000 -0.038865
v 0.876812 -0.100000 -0.038647
v 0.876812 0.100000 -0.038647
v 0.867955 -0.100000 0.000000
v 0.867955 0.100000 0.000000
v 0.628019 -0.100000 0.000000
v 0.628019 0.100000 0.000000
v 0.751208 -0.100000 -0.466989
v 0.751208 0.100000 -0.466989
v 0.751594 -0.100000 -0.468538
v 0.751594 0.100000 -0.468538
v 0.751946 -0.100000 -0.469963
v 0.751946 0.100000 -0.469963
v 0.752264 -0.100000 -0.471266
v 0.752264 0.100000 -0.471266
v 0.752550 -0.100000 -0.472446
v 0.752550 0.100000 -0.472446
v 0.752801 -0.100000 -0.473503
v 0.752801 0.100000 -0.473503
v 0.753019 -0.100000 -0.474436
v 0.753019 0.100000 -0.474436
v 0.753204 -0.100000 -0.475247
v 0.753204 0.100000 -0.475247
v 0.753355 -0.100000 -0.475935
v 0.753355 0.100000 -0.475935
v 0.753472 -0.100000 -0.476500
v 0.753472 0.100000 -0.476500
v 0.753556 -0.100000 -0.476941
v 0.753556 0.100000 -0.476941
v 0.753606 -0.100000 -0.477260
v 0.753606 0.100000 -0.477260
v 0.753623 -0.100000 -0.477456
v 0.753623 0.100000 -0.477456
v 0.753349 -0.100000 -0.482600
v 0.753349 0.100000 -0.482600
v 0.752527 -0.100000 -0.487296
v 0.752527 0.100000 -0.487296
v 0.751157 -0.100000 -0.491546
v 0.751157 0.100000 -0.491546
v 0.749240 -0.100000 -0.495348
v 0.749240 0.100000 -0.495348
v 0.746774 -0.100000 -0.498703
v 0.746774 0.100000 -0.498703
v 0.743760 -0.100000 -0.501610
v 0.743760 0.100000 -0.501610
v 0.740198 -0.100000 -0.504071
v 0.740198 0.100000 -0.504071
v 0.736089 -0.100000 -0.506083
v 0.736089 0.100000 -0.506083
v 0.731431 -0.100000 -0.507649
v 0.731431 0.100000 -0.507649
v 0.726226 -0.100000 -0.508767
v 0.726226 0.100000 -0.508767
v 0.720472 -0.100000 -0.509438
v 0.720472 0.100000 -0.509438
v 0.714171 -0.100000 -0.509662
v 0.714171 0.100000 -0.509662
v 1.595813 -0.100000 -0.559581
v 1.595813 0.100000 -0.559581
v 1.610876 -0.100000 -0.559414
v 1.610876 0.100000 -0.559414
v 1.625738 -0.100000 -0.558910
v 1.625738 0.100000 -0.558910
v 1.640399 -0.100000 -0.558072
v 1.640399 0.100000 -0.558072
v 1.654858 -0.100000 -0.556898
v 1.654858 0.100000 -0.556898
v 1.669116 -0.100000 -0.555388
v 1.669116 0.100000 -0.555388
v 1.683172 -0.100000 -0.553543
v 1.683172 0.100000 -0.553543
v 1.697028 -0.100000 -0.551362
v 1.697028 0.100000 -0.551362
v 1.710682 -0.100000 -0.548846
v 1.710682 0.100000 -0.548846
v 1.724134 -0.100000 -0.545994
v 1.724134 0.100000 -0.545994
v 1.737386 -0.100000 -0.542807
v 1.737386 0.100000 -0.542807
v 1.750436 -0.100000 -0.539285
v 1.750436 0.100000 -0.539285
v 1.763285 -0.100000 -0.535427
v 1.763285 0.100000 -0.535427
v 1.725443 -0.100000 -0.399356
v 1.725443 0.100000 -0.399356
v 1.706119 -0.100000 -0.399356
v 1.706119 0.100000 -0.399356
v 1.698822 -0.100000 -0.408101
v 1.698822 0.100000 -0.408101
v 1.690888 -0.100000 -0.416085
v 1.690888 0.100000 -0.416085
v 1.682317 -0.100000 -0.423309
v 1.682317 0.100000 -0.423309
v 1.673108 -0.100000 -0.429773
v 1.673108 0.100000 -0.429773
v 1.663262 -0.100000 -0.435476
v 1.663262 0.100000 -0.435476
v 1.652778 -0.100000 -0.440419
v 1.652778 0.100000 -0.440419
v 1.641657 -0.100000 -0.444601
v 1.641657 0.100000 -0.444601
v 1.629898 -0.100000 -0.448023
v 1.629898 0.100000 -0.448023
v 1.617502 -0.100000 -0.450684
v 1.617502 0.100000 -0.450684
v 1.604469 -0.100000 -0.452585
v 1.604469 0.100000 -0.452585
v 1.590798 -0.100000 -0.453726
v 1.590798 0.100000 -0.453726
v 1.576489 -0.100000 -0.454106
v 1.576489 0.100000 -0.454106
v 1.558949 -0.100000 -0.453723
v 1.558949 0.100000 -0.453723
v 1.542024 -0.100000 -0.452574
v 1.542024 0.100000 -0.452574
v 1.525715 -0.100000 -0.450659
v 1.525715 0.100000 -0.450659
v 1.510020 -0.100000 -0.447978
v 1.510020 0.100000 -0.447978
v 1.494940 -0.100000 -0.444531
v 1.494940 0.100000 -0.444531
v 1.480475 -0.100000 -0.440318
v 1.480475 0.100000 -0.440318
v 1.466625 -0.100000 -0.435339
v 1.466625 0.100000 -0.435339
v 1.453390 -0.100000 -0.429594
v 1.453390 0.100000 -0.429594
v 1.440771 -0.100000 -0.423083
v 1.440771 0.100000 -0.423083
v 1.428766 -0.100000 -0.415806
v 1.428766 0.100000 -0.415806
v 1.417377 -0.100000 -0.407762
v 1.417377 0.100000 -0.407762
v 1.406602 -0.100000 -0.398953
v 1.406602 0.100000 -0.398953
v 1.396571 -0.100000 -0.389613
v 1.396571 0.100000 -0.389613
v 1.387413 -0.100000 -0.379976
v 1.387413 0.100000 -0.379976
v 1.379126 -0.100000 -0.370043
v 1.379126 0.100000 -0.370043
v 1.371712 -0.100000 -0.359814
v 1.371712 0.100000 -0.359814
v 1.365170 -0.100000 -0.349288
v 1.365170 0.100000 -0.349288
v 1.359501 -0.100000 -0.338466
v 1.359501 0.100000 -0.338466
v 1.354703 -0.100000 -0.327348
v 1.354703 0.100000 -0.327348
v 1.350778 -0.100000 -0.315933
v 1.350778 0.100000 -0.315933
v 1.347726 -0.100000 -0.304222
v 1.347726 0.100000 -0.304222
v 1.345545 -0.100000 -0.292215
v 1.345545 0.100000 -0.292215
v 1.344237 -0.100000 -0.279911
v 1.344237 0.100000 -0.279911
v 1.343800 -0.100000 -0.267311
v 1.343800 0.100000 -0.267311
v 1.344180 -0.100000 -0.254761
v 1.344180 0.100000 -0.254761
v 1.345321 -0.100000 -0.242608
v 1.345321 0.100000 -0.242608
v 1.347222 -0.100000 -0.230852
v 1.347222 0.100000 -0.230852
v 1.349884 -0.100000 -0.219494
v 1.349884 0.100000 -0.219494
v 1.353305 -0.100000 -0.208532
v 1.353305 0.100000 -0.208532
v 1.357488 -0.100000 -0.197967
v 1.357488 0.100000 -0.197967
v 1.362431 -0.100000 -0.187799
v 1.362431 0.100000 -0.187799
v 1.368134 -0.100000 -0.178028
v 1.368134 0.100000 -0.178028
v 1.374597 -0.100000 -0.168654
v 1.374597 0.100000 -0.168654
v 1.381821 -0.100000 -0.159677
v 1.381821 0.100000 -0.159677
v 1.389806 -0.100000 -0.151098
v 1.389806 0.100000 -0.151098
v 1.398551 -0.100000 -0.142915
v 1.398551 0.100000 -0.142915
v 1.407955 -0.100000 -0.135268
v 1.407955 0.100000 -0.135268
v 1.417919 -0.100000 -0.128299
v 1.417919 0.100000 -0.128299
v 1.428442 -0.100000 -0.122006
v 1.428442 0.100000 -0.122006
v 1.439524 -0.100000 -0.116389
v 1.439524 0.100000 -0.116389
v 1.451165 -0.100000 -0.111449
v 1.451165 0.100000 -0.111449
v 1.463366 -0.100000 -0.107186
v 1.463366 0.100000 -0.107186
v 1.476125 -0.100000 -0.103599
v 1.476125 0.100000 -0.103599
v 1.489444 -0.100000 -0.100689
v 1.489444 0.100000 -0.100689
v 1.503321 -0.100000 -0.098455
v 1.503321 0.100000 -0.098455
v 1.517758 -0.100000 -0.096898
v 1.517758 0.100000 -0.096898
v 1.532754 -0.100000 -0.096017
v 1.532754 0.100000 -0.096017
v 1.548309 -0.100000 -0.095813
v 1.548309 0.100000 -0.095813
v 1.559291 -0.100000 -0.096009
v 1.559291 0.100000 -0.096009
v 1.570496 -0.100000 -0.096596
v 1.570496 0.100000 -0.096596
v 1.581924 -0.100000 -0.097574
v 1.581924 0.100000 -0.097574
v 1.593577 -0.100000 -0.098944
v 1.593577 0.100000 -0.098944
v 1.605453 -0.100000 -0.100706
v 1.605453 0.100000 -0.100706
v 1.617552 -0.100000 -0.102858
v 1.617552 0.100000 -0.102858
v 1.629876 -0.100000 -0.105402
v 1.629876 0.100000 -0.105402
v 1.642423 -0.100000 -0.108338
v 1.642423 0.100000 -0.108338
v 1.655193 -0.100000 -0.111665
v 1.655193 0.100000 -0.111665
v 1.668188 -0.100000 -0.115383
v 1.668188 0.100000 -0.115383
v 1.681406 -0.100000 -0.119493
v 1.681406 0.100000 -0.119493
v 1.694847 -0.100000 -0.123994
v 1.694847 0.100000 -0.123994
v 1.668277 -0.100000 -0.008857
v 1.668277 0.100000 -0.008857
v 1.652537 -0.100000 -0.005513
v 1.652537 0.100000 -0.005513
v 1.636719 -0.100000 -0.002460
v 1.636719 0.100000 -0.002460
v 1.620823 -0.100000 0.000302
v 1.620823 0.100000 0.000302
v 1.604849 -0.100000 0.002773
v 1.604849 0.100000 0.002773
v 1.588796 -0.100000 0.004954
v 1.588796 0.100000 0.004954
v 1.572665 -0.100000 0.006844
v 1.572665 0.100000 0.006844
v 1.556456 -0.100000 0.008443
v 1.556456 0.100000 0.008443
v 1.540168 -0.100000 0.009751
v 1.540168 0.100000 0.009751
v 1.523802 -0.100000 0.010769
v 1.523802 0.100000 0.010769
v 1.507358 -0.100000 0.011496
v 1.507358 0.100000 0.011496
v 1.490836 -0.100000 0.011932
v 1.490836 0.100000 0.011932
v 1.474235 -0.100000 0.012077
v 1.474235 0.100000 0.012077
v 1.460799 -0.100000 0.011938
v 1.460799 0.100000 0.011938
v 1.447598 -0.100000 0.011518
v 1.447598 0.100000 0.011518
v 1.434632 -0.100000 0.010819
v 1.434632 0.100000 0.010819
v 1.421900 -0.100000 0.009841
v 1.421900 0.100000 0.009841
v 1.409404 -0.100000 0.008583
v 1.409404 0.100000 0.008583
v 1.397142 -0.100000 0.007045
v 1.397142 0.100000 0.007045
v 1.385115 -0.100000 0.005228
v 1.385115 0.100000 0.005228
v 1.373323 -0.100000 0.003131
v 1.373323 0.100000 0.003131
v 1.361765 -0.100000 0.000755
v 1.361765 0.100000 0.000755
v 1.350443 -0.100000 -0.001901
v 1.350443 0.100000 -0.001901
v 1.339355 -0.100000 -0.004837
v 1.339355 0.100000 -0.004837
v 1.328502 -0.100000 -0.008052
v 1.328502 0.100000 -0.008052
v 1.317938 -0.100000 -0.011507
v 1.317938 0.100000 -0.011507
v 1.307714 -0.100000 -0.015164
v 1.307714 0.100000 -0.015164
v 1.297831 -0.100000 -0.019022
v 1.297831 0.100000 -0.019022
v 1.288290 -0.100000 -0.023081
v 1.288290 0.100000 -0.023081
v 1.279089 -0.100000 -0.027342
v 1.279089 0.100000 -0.027342
v 1.270229 -0.100000 -0.031804
v 1.270229 0.100000 -0.031804
v 1.261711 -0.100000 -0.036467
v 1.261711 0.100000 -0.036467
v 1.253534 -0.100000 -0.041331
v 1.253534 0.100000 -0.041331
v 1.245697 -0.100000 -0.046397
v 1.245697 0.100000 -0.046397
v 1.238202 -0.100000 -0.051664
v 1.238202 0.100000 -0.051664
v 1.231048 -0.100000 -0.057132
v 1.231048 0.100000 -0.057132
v 1.224235 -0.100000 -0.062802
v 1.224235 0.100000 -0.062802
v 1.217727 -0.100000 -0.068631
v 1.217727 0.100000 -0.068631
v 1.211487 -0.100000 -0.074577
v 1.211487 0.100000 -0.074577
v 1.205515 -0.100000 -0.080641
v 1.205515 0.100000 -0.080641
v 1.199812 -0.100000 -0.086822
v 1.199812 0.100000 -0.086822
v 1.194377 -0.100000 -0.093121
v 1.194377 0.100000 -0.093121
v 1.189211 -0.100000 -0.099537
v 1.189211 0.100000 -0.099537
v 1.184313 -0.100000 -0.106071
v 1.184313 0.100000 -0.106071
v 1.179683 -0.100000 -0.112721
v 1.179683 0.100000 -0.112721
v 1.175322 -0.100000 -0.119490
v 1.175322 0.100000 -0.119490
v 1.171229 -0.100000 -0.126375
v 1.171229 0.100000 -0.126375
v 1.167405 -0.100000 -0.133379
v 1.167405 0.100000 -0.133379
v 1.163849 -0.100000 -0.140499
v 1.163849 0.100000 -0.140499
v 1.160569 -0.100000 -0.147715
v 1.160569 0.100000 -0.147715
v 1.157575 -0.100000 -0.155003
v 1.157575 0.100000 -0.155003
v 1.154866 -0.100000 -0.162364
v 1.154866 0.100000 -0.162364
v 1.152442 -0.100000 -0.169798
v 1.152442 0.100000 -0.169798
v 1.150303 -0.100000 -0.177304
v 1.150303 0.100000 -0.177304
v 1.148450 -0.100000 -0.184883
v 1.148450 0.100000 -0.184883
v 1.146882 -0.100000 -0.192535
v 1.146882 0.100000 -0.192535
v 1.145598 -0.100000 -0.200259
v 1.145598 0.100000 -0.200259
v 1.144600 -0.100000 -0.208057
v 1.144600 0.100000 -0.208057
v 1.143888 -0.100000 -0.215926
v 1.143888 0.100000 -0.215926
v 1.143460 -0.100000 -0.223869
v 1.143460 0.100000 -0.223869
v 1.143317 -0.100000 -0.231884
v 1.143317 0.100000 -0.231884
v 1.143720 -0.100000 -0.246550
v 1.143720 0.100000 -0.246550
v 1.144928 -0.100000 -0.261026
v 1.144928 0.100000 -0.261026
v 1.146940 -0.100000 -0.275312
v 1.146940 0.100000 -0.275312
v 1.149758 -0.100000 -0.289408
v 1.149758 0.100000 -0.289408
v 1.153381 -0.100000 -0.303313
v 1.153381 0.100000 -0.303313
v 1.157810 -0.100000 -0.317029
v 1.157810 0.100000 -0.317029
v 1.163043 -0.100000 -0.330555
v 1.163043 0.100000 -0.330555
v 1.169082 -0.100000 -0.343890
v 1.169082 0.100000 -0.343890
v 1.175926 -0.100000 -0.357035
v 1.175926 0.100000 -0.357035
v 1.183575 -0.100000 -0.369990
v 1.183575 0.100000 -0.369990
v 1.192029 -0.100000 -0.382755
v 1.192029 0.100000 -0.382755
v 1.201288 -0.100000 -0.395330
v 1.201288 0.100000 -0.395330
v 1.211274 -0.100000 -0.407600
v 1.211274 0.100000 -0.407600
v 1.221909 -0.100000 -0.419451
v 1.221909 0.100000 -0.419451
v 1.233192 -0.100000 -0.430883
v 1.233192 0.100000 -0.430883
v 1.245124 -0.100000 -0.441895
v 1.245124 0.100000 -0.441895
v 1.257705 -0.100000 -0.452488
v 1.257705 0.100000 -0.452488
v 1.270934 -0.100000 -0.462661
v 1.270934 0.100000 -0.462661
v 1.284812 -0.100000 -0.472415
v 1.284812 0.100000 -0.472415
v 1.299338 -0.100000 -0.481750
v 1.299338 0.100000 -0.481750
v 1.314513 -0.100000 -0.490665
v 1.314513 0.100000 -0.490665
v 1.330336 -0.100000 -0.499161
v 1.330336 0.100000 -0.499161
v 1.346808 -0.100000 -0.507238
v 1.346808 0.100000 -0.507238
v 1.363929 -0.100000 -0.514895
v 1.363929 0.100000 -0.514895
v 1.381531 -0.100000 -0.522033
v 1.381531 0.100000 -0.522033
v 1.399445 -0.100000 -0.528549
v 1.399445 0.100000 -0.528549
v 1.417673 -0.100000 -0.534445
v 1.417673 0.100000 -0.534445
v 1.436214 -0.100000 -0.539721
v 1.436214 0.100000 -0.539721
v 1.455068 -0.100000 -0.544376
v 1.455068 0.100000 -0.544376
v 1.474235 -0.100000 -0.548410
v 1.474235 0.100000 -0.548410
v 1.493715 -0.100000 -0.551823
v 1.493715 0.100000 -0.551823
v 1.513509 -0.100000 -0.554616
v 1.513509 0.100000 -0.554616
v 1.533615 -0.100000 -0.556788
v 1.533615 0.100000 -0.556788
v 1.554035 -0.100000 -0.558340
v 1.554035 0.100000 -0.558340
v 1.574767 -0.100000 -0.559271
v 1.574767 0.100000 -0.559271
vn -0.0000 1.0000 -0.0000
vn -0.0020 1.0000 -0.0000
vn 0.0001 1.0000 -0.0000
vn -0.0000 -1.0000 -0.0000
vn -0.0020 -1.0000 -0.0000
vn 0.0001 -1.0000 -0.0000
vn -0.0018 -0.0000 -1.0000
vn 0.0225 -0.0000 -0.9997
vn 0.0455 -0.0000 -0.9990
vn 0.0690 -0.0000 -0.9976
vn 0.0931 -0.0000 -0.9957
vn 0.1177 -0.0000 -0.9930
vn 0.1428 -0.0000 -0.9897
vn 0.1684 -0.0000 -0.9857
vn 0.1943 -0.0000 -0.9809
vn 0.2206 -0.0000 -0.9754
vn 0.2472 -0.0000 -0.9690
vn 0.2741 -0.0000 -0.9617
vn 0.8757 -0.0000 -0.4829
vn 0.6050 -0.0000 0.7962
vn -0.4239 -0.0000 0.9057
vn -0.7393 -0.0000 0.6734
vn -0.6776 -0.0000 0.7355
vn -0.6101 -0.0000 0.7924
vn -0.5384 -0.0000 0.8427
vn -0.4642 -0.0000 0.8857
vn -0.3895 -0.0000 0.9210
vn -0.3159 -0.0000 0.9488
vn -0.2448 -0.0000 0.9696
vn -0.1772 -0.0000 0.9842
vn -0.1138 -0.0000 0.9935
vn -0.0549 -0.0000 0.9985
vn -0.0024 -0.0000 1.0000
vn 0.0448 -0.0000 0.9990
vn 0.0922 -0.0000 0.9957
vn 0.1425 -0.0000 0.9898
vn 0.1957 -0.0000 0.9807
vn 0.2513 -0.0000 0.9679
vn 0.3091 -0.0000 0.9510
vn 0.3684 -0.0000 0.9297
vn 0.4286 -0.0000 0.9035
vn 0.4887 -0.0000 0.8724
vn 0.5480 -0.0000 0.8365
vn 0.6053 -0.0000 0.7960
vn 0.6576 -0.0000 0.7534
vn 0.7035 -0.0000 0.7107
vn 0.7468 -0.0000 0.6651
vn 0.7892 -0.0000 0.6141
vn 0.8300 -0.0000 0.5577
vn 0.8681 -0.0000 0.4963
vn 0.9026 -0.0000 0.4304
vn 0.9326 -0.0000 0.3609
vn 0.9574 -0.0000 0.2889
vn 0.9765 -0.0000 0.2156
vn 0.9898 -0.0000 0.1423
vn 0.9975 -0.0000 0.0702
vn 1.0000 -0.0000 0.0022
vn 0.9981 -0.0000 -0.0619
vn 0.9920 -0.0000 -0.1266
vn 0.9810 -0.0000 -0.1940
vn 0.9647 -0.0000 -0.2632
vn 0.9428 -0.0000 -0.3333
vn 0.9152 -0.0000 -0.4029
vn 0.8821 -0.0000 -0.4710
vn 0.8441 -0.0000 -0.5363
vn 0.8017 -0.0000 -0.5977
vn 0.7560 -0.0000 -0.6545
vn 0.7081 -0.0000 -0.7061
vn 0.6574 -0.0000 -0.7535
vn 0.6024 -0.0000 -0.7982
vn 0.5436 -0.0000 -0.8394
vn 0.4830 -0.0000 -0.8756
vn 0.4216 -0.0000 -0.9068
vn 0.3605 -0.0000 -0.9328
vn 0.3004 -0.0000 -0.9538
vn 0.2422 -0.0000 -0.9702
vn 0.1863 -0.0000 -0.9825
vn 0.1331 -0.0000 -0.9911
vn 0.0830 -0.0000 -0.9966
vn 0.0359 -0.0000 -0.9994
vn -0.0023 -0.0000 -1.0000
vn -0.0351 -0.0000 -0.9994
vn -0.0688 -0.0000 -0.9976
vn -0.1010 -0.0000 -0.9949
vn -0.1317 -0.0000 -0.9913
vn -0.1609 -0.0000 -0.9870
vn -0.1887 -0.0000 -0.9820
vn -0.2150 -0.0000 -0.9766
vn -0.2400 -0.0000 -0.9708
vn -0.2636 -0.0000 -0.9646
vn -0.2860 -0.0000 -0.9582
vn -0.3072 -0.0000 -0.9516
vn 0.6722 -0.0000 -0.7403
vn 0.7009 -0.0000 0.7133
vn 0.1987 -0.0000 0.9801
vn 0.1804 -0.0000 0.9836
vn 0.1620 -0.0000 0.9868
vn 0.1438 -0.0000 0.9896
vn 0.1255 -0.0000 0.9921
vn 0.1073 -0.0000 0.9942
vn 0.0891 -0.0000 0.9960
vn 0.0711 -0.0000 0.9975
vn 0.0531 -0.0000 0.9986
vn 0.0353 -0.0000 0.9994
vn 0.0176 -0.0000 0.9998
vn -0.0008 -0.0000 1.0000
vn -0.0211 -0.0000 0.9998
vn -0.0428 -0.0000 0.9991
vn -0.0652 -0.0000 0.9979
vn -0.0884 -0.0000 0.9961
vn -0.1123 -0.0000 0.9937
vn -0.1369 -0.0000 0.9906
vn -0.1622 -0.0000 0.9868
vn -0.1882 -0.0000 0.9821
vn -0.2149 -0.0000 0.9766
vn -0.2422 -0.0000 0.9702
vn -0.2700 -0.0000 0.9629
vn -0.2975 -0.0000 0.9547
vn -0.3239 -0.0000 0.9461
vn -0.3503 -0.0000 0.9367
vn -0.3776 -0.0000 0.9260
vn -0.4059 -0.0000 0.9139
vn -0.4351 -0.0000 0.9004
vn -0.4651 -0.0000 0.8853
vn -0.4958 -0.0000 0.8684
vn -0.5272 -0.0000 0.8498
vn -0.5590 -0.0000 0.8291
vn -0.5912 -0.0000 0.8065
vn -0.6236 -0.0000 0.7817
vn -0.6535 -0.0000 0.7569
vn -0.6786 -0.0000 0.7345
vn -0.7013 -0.0000 0.7129
vn -0.7238 -0.0000 0.6900
vn -0.7461 -0.0000 0.6658
vn -0.7681 -0.0000 0.6403
vn -0.7896 -0.0000 0.6136
vn -0.8106 -0.0000 0.5857
vn -0.8308 -0.0000 0.5566
vn -0.8502 -0.0000 0.5264
vn -0.8688 -0.0000 0.4952
vn -0.8863 -0.0000 0.4631
vn -0.9027 -0.0000 0.4303
vn -0.9178 -0.0000 0.3969
vn -0.9319 -0.0000 0.3628
vn -0.9448 -0.0000 0.3277
vn -0.9564 -0.0000 0.2921
vn -0.9667 -0.0000 0.2558
vn -0.9757 -0.0000 0.2192
vn -0.9832 -0.0000 0.1824
vn -0.9894 -0.0000 0.1454
vn -0.9941 -0.0000 0.1086
vn -0.9974 -0.0000 0.0720
vn -0.9994 -0.0000 0.0358
vn -1.0000 -0.0000 -0.0048
vn -0.9985 -0.0000 -0.0553
vn -0.9938 -0.0000 -0.1114
vn -0.9858 -0.0000 -0.1679
vn -0.9745 -0.0000 -0.2242
vn -0.9601 -0.0000 -0.2798
vn -0.9425 -0.0000 -0.3342
vn -0.9221 -0.0000 -0.3868
vn -0.8993 -0.0000 -0.4373
vn -0.8744 -0.0000 -0.4853
vn -0.8477 -0.0000 -0.5305
vn -0.8197 -0.0000 -0.5727
vn -0.7907 -0.0000 -0.6123
vn -0.7602 -0.0000 -0.6497
vn -0.7282 -0.0000 -0.6854
vn -0.6951 -0.0000 -0.7189
vn -0.6613 -0.0000 -0.7501
vn -0.6270 -0.0000 -0.7790
vn -0.5925 -0.0000 -0.8056
vn -0.5579 -0.0000 -0.8299
vn -0.5237 -0.0000 -0.8519
vn -0.4899 -0.0000 -0.8718
vn -0.4567 -0.0000 -0.8896
vn -0.4243 -0.0000 -0.9055
vn -0.3921 -0.0000 -0.9199
vn -0.3589 -0.0000 -0.9334
vn -0.3249 -0.0000 -0.9458
vn -0.2908 -0.0000 -0.9568
vn -0.2567 -0.0000 -0.9665
vn -0.2229 -0.0000 -0.9749
vn -0.1893 -0.0000 -0.9819
vn -0.1562 -0.0000 -0.9877
vn -0.1236 -0.0000 -0.9923
vn -0.0916 -0.0000 -0.9958
vn -0.0603 -0.0000 -0.9982
vn -0.0298 -0.0000 -0.9996
vn -0.6092 -0.0000 -0.7930
vn 0.7870 -0.0000 -0.6170
vn 0.6170 -0.0000 0.7870
vn -0.6894 -0.0000 0.7244
vn -0.9950 -0.0000 0.0994
vn -0.9800 -0.0000 0.1989
vn -0.9552 -0.0000 0.2959
vn -0.9218 -0.0000 0.3876
vn -0.8816 -0.0000 0.4720
vn -0.8367 -0.0000 0.5477
vn -0.7890 -0.0000 0.6144
vn -0.7405 -0.0000 0.6721
vn -0.6925 -0.0000 0.7214
vn -0.6460 -0.0000 0.7633
vn -0.6017 -0.0000 0.7987
vn -0.5594 -0.0000 0.8289
vn -0.5167 -0.0000 0.8561
vn -0.4722 -0.0000 0.8815
vn -0.4260 -0.0000 0.9047
vn -0.3786 -0.0000 0.9255
vn -0.3304 -0.0000 0.9438
vn -0.2817 -0.0000 0.9595
vn -0.2329 -0.0000 0.9725
vn -0.1844 -0.0000 0.9828
vn -0.1366 -0.0000 0.9906
vn -0.0898 -0.0000 0.9960
vn -0.0443 -0.0000 0.9990
vn -0.0109 -0.0000 0.9999
vn 0.6075 -0.0000 0.7943
vn 0.7943 -0.0000 -0.6075
vn 0.7891 -0.0000 -0.6143
vn 0.1905 -0.0000 0.9817
vn -0.7730 -0.0000 0.6344
vn -0.6979 -0.0000 0.7162
vn -0.6164 -0.0000 0.7874
vn -0.5320 -0.0000 0.8467
vn -0.4481 -0.0000 0.8940
vn -0.3672 -0.0000 0.9301
vn -0.2912 -0.0000 0.9567
vn -0.2210 -0.0000 0.9753
vn -0.1570 -0.0000 0.9876
vn -0.0992 -0.0000 0.9951
vn -0.0472 -0.0000 0.9989
vn -0.0113 -0.0000 0.9999
vn 0.6103 -0.0000 0.7922
vn 0.9693 -0.0000 0.2458
vn 0.9732 -0.0000 0.2301
vn 0.9762 -0.0000 0.2168
vn 0.9793 -0.0000 0.2025
vn 0.9824 -0.0000 0.1869
vn 0.9854 -0.0000 0.1701
vn 0.9884 -0.0000 0.1519
vn 0.9913 -0.0000 0.1319
vn 0.9939 -0.0000 0.1102
vn 0.9963 -0.0000 0.0863
vn 0.9982 -0.0000 0.0602
vn 0.9995 -0.0000 0.0313
vn 0.9998 -0.0000 -0.0186
vn 0.9935 -0.0000 -0.1135
vn 0.9705 -0.0000 -0.2412
vn 0.9245 -0.0000 -0.3813
vn 0.8512 -0.0000 -0.5249
vn 0.7512 -0.0000 -0.6600
vn 0.6317 -0.0000 -0.7752
vn 0.5038 -0.0000 -0.8638
vn 0.3785 -0.0000 -0.9256
vn 0.2636 -0.0000 -0.9646
vn 0.1624 -0.0000 -0.9867
vn 0.0754 -0.0000 -0.9972
vn 0.7930 -0.0000 -0.6092
vn 0.6231 -0.0000 0.7821
vn -0.7922 -0.0000 0.6103
vn -0.9687 -0.0000 -0.2484
vn -0.9706 -0.0000 -0.2408
vn -0.9711 -0.0000 -0.2387
vn -0.9717 -0.0000 -0.2363
vn -0.9724 -0.0000 -0.2333
vn -0.9733 -0.0000 -0.2295
vn -0.9744 -0.0000 -0.2247
vn -0.9759 -0.0000 -0.2182
vn -0.9779 -0.0000 -0.2090
vn -0.9808 -0.0000 -0.1951
vn -0.9852 -0.0000 -0.1712
vn -0.9927 -0.0000 -0.1207
vn -0.9999 -0.0000 -0.0161
vn -0.9936 -0.0000 0.1130
vn -0.9707 -0.0000 0.2402
vn -0.9251 -0.0000 0.3797
vn -0.8523 -0.0000 0.5231
vn -0.7527 -0.0000 0.6583
vn -0.6334 -0.0000 0.7738
vn -0.5055 -0.0000 0.8628
vn -0.3801 -0.0000 0.9250
vn -0.2647 -0.0000 0.9643
vn -0.1631 -0.0000 0.9866
vn -0.0757 -0.0000 0.9971
vn -0.8037 -0.0000 0.5951
vn 0.3684 -0.0000 0.9296
vn -0.9858 -0.0000 -0.1678
vt 1.000000 0.000000
vt 0.005495 0.000000
vt 0.000000 0.000000
vt 0.010989 0.000000
vt 0.994505 0.000000
vt 0.016484 0.000000
vt 0.989011 0.000000
vt 0.021978 0.000000
vt 0.027473 0.000000
vt 0.983516 0.000000
vt 0.032967 0.000000
vt 0.978022 0.000000
vt 0.038462 0.000000
vt 0.972527 0.000000
vt 0.043956 0.000000
vt 0.049451 0.000000
vt 0.967033 0.000000
vt 0.054945 0.000000
vt 0.961538 0.000000
vt 0.060440 0.000000
vt 0.956044 0.000000
vt 0.065934 0.000000
vt 0.109890 0.000000
vt 0.104396 0.000000
vt 0.098901 0.000000
vt 0.071429 0.000000
vt 0.950549 0.000000
vt 0.115385 0.000000
vt 0.945055 0.000000
vt 0.939560 0.000000
vt 0.120879 0.000000
vt 0.934066 0.000000
vt 0.126374 0.000000
vt 0.928571 0.000000
vt 0.923077 0.000000
vt 0.131868 0.000000
vt 0.917582 0.000000
vt 0.912088 0.000000
vt 0.137363 0.000000
vt 0.906593 0.000000
vt 0.901099 0.000000
vt 0.142857 0.000000
vt 0.148352 0.000000
vt 0.153846 0.000000
vt 0.159341 0.000000
vt 0.895604 0.000000
vt 0.164835 0.000000
vt 0.170330 0.000000
vt 0.175824 0.000000
vt 0.890110 0.000000
vt 0.181319 0.000000
vt 0.186813 0.000000
vt 0.884615 0.000000
vt 0.093407 0.000000
vt 0.192308 0.000000
vt 0.087912 0.000000
vt 0.197802 0.000000
vt 0.879121 0.000000
vt 0.082418 0.000000
vt 0.203297 0.000000
vt 0.076923 0.000000
vt 0.208791 0.000000
vt 0.873626 0.000000
vt 0.214286 0.000000
vt 0.868132 0.000000
vt 0.219780 0.000000
vt 0.862637 0.000000
vt 0.225275 0.000000
vt 0.230769 0.000000
vt 0.857143 0.000000
vt 0.236264 0.000000
vt 0.851648 0.000000
vt 0.241758 0.000000
vt 0.846154 0.000000
vt 0.247253 0.000000
vt 0.840659 0.000000
vt 0.252747 0.000000
vt 0.835165 0.000000
vt 0.258242 0.000000
vt 0.263736 0.000000
vt 0.829670 0.000000
vt 0.269231 0.000000
vt 0.824176 0.000000
vt 0.274725 0.000000
vt 0.818681 0.000000
vt 0.280220 0.000000
vt 0.813187 0.000000
vt 0.285714 0.000000
vt 0.807692 0.000000
vt 0.291209 0.000000
vt 0.802198 0.000000
vt 0.296703 0.000000
vt 0.796703 0.000000
vt 0.302198 0.000000
vt 0.791209 0.000000
vt 0.307692 0.000000
vt 0.785714 0.000000
vt 0.780220 0.000000
vt 0.313187 0.000000
vt 0.774725 0.000000
vt 0.318681 0.000000
vt 0.769231 0.000000
vt 0.324176 0.000000
vt 0.763736 0.000000
vt 0.758242 0.000000
vt 0.329670 0.000000
vt 0.752747 0.000000
vt 0.335165 0.000000
vt 0.747253 0.000000
vt 0.340659 0.000000
vt 0.741758 0.000000
vt 0.346154 0.000000
vt 0.736264 0.000000
vt 0.351648 0.000000
vt 0.730769 0.000000
vt 0.357143 0.000000
vt 0.725275 0.000000
vt 0.467033 0.000000
vt 0.478022 0.000000
vt 0.472527 0.000000
vt 0.362637 0.000000
vt 0.461538 0.000000
vt 0.719780 0.000000
vt 0.368132 0.000000
vt 0.456044 0.000000
vt 0.714286 0.000000
vt 0.450549 0.000000
vt 0.373626 0.000000
vt 0.445055 0.000000
vt 0.379121 0.000000
vt 0.708791 0.000000
vt 0.439560 0.000000
vt 0.384615 0.000000
vt 0.434066 0.000000
vt 0.428571 0.000000
vt 0.390110 0.000000
vt 0.703297 0.000000
vt 0.423077 0.000000
vt 0.395604 0.000000
vt 0.417582 0.000000
vt 0.401099 0.000000
vt 0.412088 0.000000
vt 0.406593 0.000000
vt 0.697802 0.000000
vt 0.692308 0.000000
vt 0.686813 0.000000
vt 0.681319 0.000000
vt 0.675824 0.000000
vt 0.670330 0.000000
vt 0.664835 0.000000
vt 0.659341 0.000000
vt 0.653846 0.000000
vt 0.648352 0.000000
vt 0.642857 0.000000
vt 0.637363 0.000000
vt 0.631868 0.000000
vt 0.626374 0.000000
vt 0.620879 0.000000
vt 0.615385 0.000000
vt 0.609890 0.000000
vt 0.483516 0.000000
vt 0.604396 0.000000
vt 0.489011 0.000000
vt 0.598901 0.000000
vt 0.494505 0.000000
vt 0.593407 0.000000
vt 0.500000 0.000000
vt 0.587912 0.000000
vt 0.505495 0.000000
vt 0.582418 0.000000
vt 0.510989 0.000000
vt 0.576923 0.000000
vt 0.516484 0.000000
vt 0.571429 0.000000
vt 0.521978 0.000000
vt 0.565934 0.000000
vt 0.527473 0.000000
vt 0.560440 0.000000
vt 0.532967 0.000000
vt 0.554945 0.000000
vt 0.538462 0.000000
vt 0.549451 0.000000
vt 0.543956 0.000000
vt 0.010417 0.000000
vt 0.989583 0.000000
vt 0.979167 0.000000
vt 0.239583 0.000000
vt 0.229167 0.000000
vt 0.218750 0.000000
vt 0.208333 0.000000
vt 0.197917 0.000000
vt 0.187500 0.000000
vt 0.177083 0.000000
vt 0.166667 0.000000
vt 0.156250 0.000000
vt 0.020833 0.000000
vt 0.968750 0.000000
vt 0.958333 0.000000
vt 0.947917 0.000000
vt 0.937500 0.000000
vt 0.927083 0.000000
vt 0.250000 0.000000
vt 0.916667 0.000000
vt 0.906250 0.000000
vt 0.895833 0.000000
vt 0.885417 0.000000
vt 0.875000 0.000000
vt 0.260417 0.000000
vt 0.864583 0.000000
vt 0.854167 0.000000
vt 0.843750 0.000000
vt 0.833333 0.000000
vt 0.822917 0.000000
vt 0.812500 0.000000
vt 0.802083 0.000000
vt 0.791667 0.000000
vt 0.781250 0.000000
vt 0.770833 0.000000
vt 0.760417 0.000000
vt 0.750000 0.000000
vt 0.739583 0.000000
vt 0.291667 0.000000
vt 0.281250 0.000000
vt 0.270833 0.000000
vt 0.302083 0.000000
vt 0.145833 0.000000
vt 0.135417 0.000000
vt 0.125000 0.000000
vt 0.114583 0.000000
vt 0.104167 0.000000
vt 0.093750 0.000000
vt 0.083333 0.000000
vt 0.072917 0.000000
vt 0.062500 0.000000
vt 0.052083 0.000000
vt 0.041667 0.000000
vt 0.031250 0.000000
vt 0.458333 0.000000
vt 0.312500 0.000000
vt 0.447917 0.000000
vt 0.437500 0.000000
vt 0.427083 0.000000
vt 0.416667 0.000000
vt 0.406250 0.000000
vt 0.395833 0.000000
vt 0.385417 0.000000
vt 0.375000 0.000000
vt 0.364583 0.000000
vt 0.354167 0.000000
vt 0.343750 0.000000
vt 0.333333 0.000000
vt 0.322917 0.000000
vt 0.468750 0.000000
vt 0.479167 0.000000
vt 0.489583 0.000000
vt 0.510417 0.000000
vt 0.520833 0.000000
vt 0.531250 0.000000
vt 0.541667 0.000000
vt 0.552083 0.000000
vt 0.562500 0.000000
vt 0.572917 0.000000
vt 0.583333 0.000000
vt 0.593750 0.000000
vt 0.604167 0.000000
vt 0.614583 0.000000
vt 0.625000 0.000000
vt 0.635417 0.000000
vt 0.645833 0.000000
vt 0.656250 0.000000
vt 0.666667 0.000000
vt 0.677083 0.000000
vt 0.687500 0.000000
vt 0.697917 0.000000
vt 0.708333 0.000000
vt 0.718750 0.000000
vt 0.729167 0.000000
vt 0.000000 1.000000
vt 0.005464 1.000000
vt 0.005464 0.000000
vt 0.010929 1.000000
vt 0.010929 0.000000
vt 0.016393 1.000000
vt 0.016393 0.000000
vt 0.021858 1.000000
vt 0.021858 0.000000
vt 0.027322 1.000000
vt 0.027322 0.000000
vt 0.032787 1.000000
vt 0.032787 0.000000
vt 0.038251 1.000000
vt 0.038251 0.000000
vt 0.043716 1.000000
vt 0.043716 0.000000
vt 0.049180 1.000000
vt 0.049180 0.000000
vt 0.054645 1.000000
vt 0.054645 0.000000
vt 0.060109 1.000000
vt 0.060109 0.000000
vt 0.065574 1.000000
vt 0.065574 0.000000
vt 0.071038 1.000000
vt 0.071038 0.000000
vt 0.076503 1.000000
vt 0.076503 0.000000
vt 0.081967 1.000000
vt 0.081967 0.000000
vt 0.087432 1.000000
vt 0.087432 0.000000
vt 0.092896 1.000000
vt 0.092896 0.000000
vt 0.098361 1.000000
vt 0.098361 0.000000
vt 0.103825 1.000000
vt 0.103825 0.000000
vt 0.109290 1.000000
vt 0.109290 0.000000
vt 0.114754 1.000000
vt 0.114754 0.000000
vt 0.120219 1.000000
vt 0.120219 0.000000
vt 0.125683 1.000000
vt 0.125683 0.000000
vt 0.131148 1.000000
vt 0.131148 0.000000
vt 0.136612 1.000000
vt 0.136612 0.000000
vt 0.142077 1.000000
vt 0.142077 0.000000
vt 0.147541 1.000000
vt 0.147541 0.000000
vt 0.153005 1.000000
vt 0.153005 0.000000
vt 0.158470 1.000000
vt 0.158470 0.000000
vt 0.163934 1.000000
vt 0.163934 0.000000
vt 0.169399 1.000000
vt 0.169399 0.000000
vt 0.174863 1.000000
vt 0.174863 0.000000
vt 0.180328 1.000000
vt 0.180328 0.000000
vt 0.185792 1.000000
vt 0.185792 0.000000
vt 0.191257 1.000000
vt 0.191257 0.000000
vt 0.196721 1.000000
vt 0.196721 0.000000
vt 0.202186 1.000000
vt 0.202186 0.000000
vt 0.207650 1.000000
vt 0.207650 0.000000
vt 0.213115 1.000000
vt 0.213115 0.000000
vt 0.218579 1.000000
vt 0.218579 0.000000
vt 0.224044 1.000000
vt 0.224044 0.000000
vt 0.229508 1.000000
vt 0.229508 0.000000
vt 0.234973 1.000000
vt 0.234973 0.000000
vt 0.240437 1.000000
vt 0.240437 0.000000
vt 0.245902 1.000000
vt 0.245902 0.000000
vt 0.251366 1.000000
vt 0.251366 0.000000
vt 0.256831 1.000000
vt 0.256831 0.000000
vt 0.262295 1.000000
vt 0.262295 0.000000
vt 0.267760 1.000000
vt 0.267760 0.000000
vt 0.273224 1.000000
vt 0.273224 0.000000
vt 0.278689 1.000000
vt 0.278689 0.000000
vt 0.284153 1.000000
vt 0.284153 0.000000
vt 0.289617 1.000000
vt 0.289617 0.000000
vt 0.295082 1.000000
vt 0.295082 0.000000
vt 0.300546 1.000000
vt 0.300546 0.000000
vt 0.306011 1.000000
vt 0.306011 0.000000
vt 0.311475 1.000000
vt 0.311475 0.000000
vt 0.316940 1.000000
vt 0.316940 0.000000
vt 0.322404 1.000000
vt 0.322404 0.000000
vt 0.327869 1.000000
vt 0.327869 0.000000
vt 0.333333 1.000000
vt 0.338798 1.000000
vt 0.338798 0.000000
vt 0.344262 1.000000
vt 0.344262 0.000000
vt 0.349727 1.000000
vt 0.349727 0.000000
vt 0.355191 1.000000
vt 0.355191 0.000000
vt 0.360656 1.000000
vt 0.360656 0.000000
vt 0.366120 1.000000
vt 0.366120 0.000000
vt 0.371585 1.000000
vt 0.371585 0.000000
vt 0.377049 1.000000
vt 0.377049 0.000000
vt 0.382514 1.000000
vt 0.382514 0.000000
vt 0.387978 1.000000
vt 0.387978 0.000000
vt 0.393443 1.000000
vt 0.393443 0.000000
vt 0.398907 1.000000
vt 0.398907 0.000000
vt 0.404372 1.000000
vt 0.404372 0.000000
vt 0.409836 1.000000
vt 0.409836 0.000000
vt 0.415301 1.000000
vt 0.415301 0.000000
vt 0.420765 1.000000
vt 0.420765 0.000000
vt 0.426230 1.000000
vt 0.426230 0.000000
vt 0.431694 1.000000
vt 0.431694 0.000000
vt 0.437158 1.000000
vt 0.437158 0.000000
vt 0.442623 1.000000
vt 0.442623 0.000000
vt 0.448087 1.000000
vt 0.448087 0.000000
vt 0.453552 1.000000
vt 0.453552 0.000000
vt 0.459016 1.000000
vt 0.459016 0.000000
vt 0.464481 1.000000
vt 0.464481 0.000000
vt 0.469945 1.000000
vt 0.469945 0.000000
vt 0.475410 1.000000
vt 0.475410 0.000000
vt 0.480874 1.000000
vt 0.480874 0.000000
vt 0.486339 1.000000
vt 0.486339 0.000000
vt 0.491803 1.000000
vt 0.491803 0.000000
vt 0.497268 1.000000
vt 0.497268 0.000000
vt 0.502732 1.000000
vt 0.502732 0.000000
vt 0.508197 1.000000
vt 0.508197 0.000000
vt 0.513661 1.000000
vt 0.513661 0.000000
vt 0.519126 1.000000
vt 0.519126 0.000000
vt 0.524590 1.000000
vt 0.524590 0.000000
vt 0.530055 1.000000
vt 0.530055 0.000000
vt 0.535519 1.000000
vt 0.535519 0.000000
vt 0.540984 1.000000
vt 0.540984 0.000000
vt 0.546448 1.000000
vt 0.546448 0.000000
vt 0.551913 1.000000
vt 0.551913 0.000000
vt 0.557377 1.000000
vt 0.557377 0.000000
vt 0.562842 1.000000
vt 0.562842 0.000000
vt 0.568306 1.000000
vt 0.568306 0.000000
vt 0.573770 1.000000
vt 0.573770 0.000000
vt 0.579235 1.000000
vt 0.579235 0.000000
vt 0.584699 1.000000
vt 0.584699 0.000000
vt 0.590164 1.000000
vt 0.590164 0.000000
vt 0.595628 1.000000
vt 0.595628 0.000000
vt 0.601093 1.000000
vt 0.601093 0.000000
vt 0.606557 1.000000
vt 0.606557 0.000000
vt 0.612022 1.000000
vt 0.612022 0.000000
vt 0.617486 1.000000
vt 0.617486 0.000000
vt 0.622951 1.000000
vt 0.622951 0.000000
vt 0.628415 1.000000
vt 0.628415 0.000000
vt 0.633880 1.000000
vt 0.633880 0.000000
vt 0.639344 1.000000
vt 0.639344 0.000000
vt 0.644809 1.000000
vt 0.644809 0.000000
vt 0.650273 1.000000
vt 0.650273 0.000000
vt 0.655738 1.000000
vt 0.655738 0.000000
vt 0.661202 1.000000
vt 0.661202 0.000000
vt 0.666667 1.000000
vt 0.672131 1.000000
vt 0.672131 0.000000
vt 0.677596 1.000000
vt 0.677596 0.000000
vt 0.683060 1.000000
vt 0.683060 0.000000
vt 0.688525 1.000000
vt 0.688525 0.000000
vt 0.693989 1.000000
vt 0.693989 0.000000
vt 0.699454 1.000000
vt 0.699454 0.000000
vt 0.704918 1.000000
vt 0.704918 0.000000
vt 0.710383 1.000000
vt 0.710383 0.000000
vt 0.715847 1.000000
vt 0.715847 0.000000
vt 0.721311 1.000000
vt 0.721311 0.000000
vt 0.726776 1.000000
vt 0.726776 0.000000
vt 0.732240 1.000000
vt 0.732240 0.000000
vt 0.737705 1.000000
vt 0.737705 0.000000
vt 0.743169 1.000000
vt 0.743169 0.000000
vt 0.748634 1.000000
vt 0.748634 0.000000
vt 0.754098 1.000000
vt 0.754098 0.000000
vt 0.759563 1.000000
vt 0.759563 0.000000
vt 0.765027 1.000000
vt 0.765027 0.000000
vt 0.770492 1.000000
vt 0.770492 0.000000
vt 0.775956 1.000000
vt 0.775956 0.000000
vt 0.781421 1.000000
vt 0.781421 0.000000
vt 0.786885 1.000000
vt 0.786885 0.000000
vt 0.792350 1.000000
vt 0.792350 0.000000
vt 0.797814 1.000000
vt 0.797814 0.000000
vt 0.803279 1.000000
vt 0.803279 0.000000
vt 0.808743 1.000000
vt 0.808743 0.000000
vt 0.814208 1.000000
vt 0.814208 0.000000
vt 0.819672 1.000000
vt 0.819672 0.000000
vt 0.825137 1.000000
vt 0.825137 0.000000
vt 0.830601 1.000000
vt 0.830601 0.000000
vt 0.836066 1.000000
vt 0.836066 0.000000
vt 0.841530 1.000000
vt 0.841530 0.000000
vt 0.846995 1.000000
vt 0.846995 0.000000
vt 0.852459 1.000000
vt 0.852459 0.000000
vt 0.857924 1.000000
vt 0.857924 0.000000
vt 0.863388 1.000000
vt 0.863388 0.000000
vt 0.868852 1.000000
vt 0.868852 0.000000
vt 0.874317 1.000000
vt 0.874317 0.000000
vt 0.879781 1.000000
vt 0.879781 0.000000
vt 0.885246 1.000000
vt 0.885246 0.000000
vt 0.890710 1.000000
vt 0.890710 0.000000
vt 0.896175 1.000000
vt 0.896175 0.000000
vt 0.901639 1.000000
vt 0.901639 0.000000
vt 0.907104 1.000000
vt 0.907104 0.000000
vt 0.912568 1.000000
vt 0.912568 0.000000
vt 0.918033 1.000000
vt 0.918033 0.000000
vt 0.923497 1.000000
vt 0.923497 0.000000
vt 0.928962 1.000000
vt 0.928962 0.000000
vt 0.934426 1.000000
vt 0.934426 0.000000
vt 0.939891 1.000000
vt 0.939891 0.000000
vt 0.945355 1.000000
vt 0.945355 0.000000
vt 0.950820 1.000000
vt 0.950820 0.000000
vt 0.956284 1.000000
vt 0.956284 0.000000
vt 0.961749 1.000000
vt 0.961749 0.000000
vt 0.967213 1.000000
vt 0.967213 0.000000
vt 0.972678 1.000000
vt 0.972678 0.000000
vt 0.978142 1.000000
vt 0.978142 0.000000
vt 0.983607 1.000000
vt 0.983607 0.000000
vt 0.989071 1.000000
vt 0.989071 0.000000
vt 0.994536 1.000000
vt 0.994536 0.000000
vt 1.000000 1.000000
vt 0.010309 1.000000
vt 0.010309 0.000000
vt 0.020619 1.000000
vt 0.020619 0.000000
vt 0.030928 1.000000
vt 0.030928 0.000000
vt 0.041237 1.000000
vt 0.041237 0.000000
vt 0.051546 1.000000
vt 0.051546 0.000000
vt 0.061856 1.000000
vt 0.061856 0.000000
vt 0.072165 1.000000
vt 0.072165 0.000000
vt 0.082474 1.000000
vt 0.082474 0.000000
vt 0.092784 1.000000
vt 0.092784 0.000000
vt 0.103093 1.000000
vt 0.103093 0.000000
vt 0.113402 1.000000
vt 0.113402 0.000000
vt 0.123711 1.000000
vt 0.123711 0.000000
vt 0.134021 1.000000
vt 0.134021 0.000000
vt 0.144330 1.000000
vt 0.144330 0.000000
vt 0.154639 1.000000
vt 0.154639 0.000000
vt 0.164948 1.000000
vt 0.164948 0.000000
vt 0.175258 1.000000
vt 0.175258 0.000000
vt 0.185567 1.000000
vt 0.185567 0.000000
vt 0.195876 1.000000
vt 0.195876 0.000000
vt 0.206186 1.000000
vt 0.206186 0.000000
vt 0.216495 1.000000
vt 0.216495 0.000000
vt 0.226804 1.000000
vt 0.226804 0.000000
vt 0.237113 1.000000
vt 0.237113 0.000000
vt 0.247423 1.000000
vt 0.247423 0.000000
vt 0.257732 1.000000
vt 0.257732 0.000000
vt 0.268041 1.000000
vt 0.268041 0.000000
vt 0.278351 1.000000
vt 0.278351 0.000000
vt 0.288660 1.000000
vt 0.288660 0.000000
vt 0.298969 1.000000
vt 0.298969 0.000000
vt 0.309278 1.000000
vt 0.309278 0.000000
vt 0.319588 1.000000
vt 0.319588 0.000000
vt 0.329897 1.000000
vt 0.329897 0.000000
vt 0.340206 1.000000
vt 0.340206 0.000000
vt 0.350515 1.000000
vt 0.350515 0.000000
vt 0.360825 1.000000
vt 0.360825 0.000000
vt 0.371134 1.000000
vt 0.371134 0.000000
vt 0.381443 1.000000
vt 0.381443 0.000000
vt 0.391753 1.000000
vt 0.391753 0.000000
vt 0.402062 1.000000
vt 0.402062 0.000000
vt 0.412371 1.000000
vt 0.412371 0.000000
vt 0.422680 1.000000
vt 0.422680 0.000000
vt 0.432990 1.000000
vt 0.432990 0.000000
vt 0.443299 1.000000
vt 0.443299 0.000000
vt 0.453608 1.000000
vt 0.453608 0.000000
vt 0.463918 1.000000
vt 0.463918 0.000000
vt 0.474227 1.000000
vt 0.474227 0.000000
vt 0.484536 1.000000
vt 0.484536 0.000000
vt 0.494845 1.000000
vt 0.494845 0.000000
vt 0.505155 1.000000
vt 0.505155 0.000000
vt 0.515464 1.000000
vt 0.515464 0.000000
vt 0.525773 1.000000
vt 0.525773 0.000000
vt 0.536082 1.000000
vt 0.536082 0.000000
vt 0.546392 1.000000
vt 0.546392 0.000000
vt 0.556701 1.000000
vt 0.556701 0.000000
vt 0.567010 1.000000
vt 0.567010 0.000000
vt 0.577320 1.000000
vt 0.577320 0.000000
vt 0.587629 1.000000
vt 0.587629 0.000000
vt 0.597938 1.000000
vt 0.597938 0.000000
vt 0.608247 1.000000
vt 0.608247 0.000000
vt 0.618557 1.000000
vt 0.618557 0.000000
vt 0.628866 1.000000
vt 0.628866 0.000000
vt 0.639175 1.000000
vt 0.639175 0.000000
vt 0.649485 1.000000
vt 0.649485 0.000000
vt 0.659794 1.000000
vt 0.659794 0.000000
vt 0.670103 1.000000
vt 0.670103 0.000000
vt 0.680412 1.000000
vt 0.680412 0.000000
vt 0.690722 1.000000
vt 0.690722 0.000000
vt 0.701031 1.000000
vt 0.701031 0.000000
vt 0.711340 1.000000
vt 0.711340 0.000000
vt 0.721649 1.000000
vt 0.721649 0.000000
vt 0.731959 1.000000
vt 0.731959 0.000000
vt 0.742268 1.000000
vt 0.742268 0.000000
vt 0.752577 1.000000
vt 0.752577 0.000000
vt 0.762887 1.000000
vt 0.762887 0.000000
vt 0.773196 1.000000
vt 0.773196 0.000000
vt 0.783505 1.000000
vt 0.783505 0.000000
vt 0.793814 1.000000
vt 0.793814 0.000000
vt 0.804124 1.000000
vt 0.804124 0.000000
vt 0.814433 1.000000
vt 0.814433 0.000000
vt 0.824742 1.000000
vt 0.824742 0.000000
vt 0.835052 1.000000
vt 0.835052 0.000000
vt 0.845361 1.000000
vt 0.845361 0.000000
vt 0.855670 1.000000
vt 0.855670 0.000000
vt 0.865979 1.000000
vt 0.865979 0.000000
vt 0.876289 1.000000
vt 0.876289 0.000000
vt 0.886598 1.000000
vt 0.886598 0.000000
vt 0.896907 1.000000
vt 0.896907 0.000000
vt 0.907216 1.000000
vt 0.907216 0.000000
vt 0.917526 1.000000
vt 0.917526 0.000000
vt 0.927835 1.000000
vt 0.927835 0.000000
vt 0.938144 1.000000
vt 0.938144 0.000000
vt 0.948454 1.000000
vt 0.948454 0.000000
vt 0.958763 1.000000
vt 0.958763 0.000000
vt 0.969072 1.000000
vt 0.969072 0.000000
vt 0.979381 1.000000
vt 0.979381 0.000000
vt 0.989691 1.000000
vt 0.989691 0.000000
s 0
f 183/1/1 2/2/1 1/3/1
f 183/1/1 3/4/1 2/2/1
f 182/5/1 3/4/1 183/1/1
f 182/5/1 4/6/1 3/4/1
f 181/7/1 4/6/1 182/5/1
f 181/7/1 5/8/1 4/6/1
f 181/7/1 6/9/1 5/8/1
f 180/10/1 6/9/1 181/7/1
f 180/10/1 7/11/1 6/9/1
f 179/12/1 7/11/1 180/10/1
f 179/12/1 8/13/1 7/11/1
f 178/14/1 8/13/1 179/12/1
f 178/14/1 9/15/1 8/13/1
f 178/14/1 10/16/1 9/15/1
f 177/17/1 10/16/1 178/14/1
f 177/17/1 11/18/1 10/16/1
f 176/19/1 11/18/1 177/17/1
f 176/19/1 12/20/1 11/18/1
f 175/21/1 12/20/1 176/19/1
f 175/21/1 13/22/1 12/20/1
f 175/21/1 21/23/1 13/22/1
f 21/23/1 20/24/1 13/22/1
f 20/24/1 19/25/1 13/22/1
f 19/25/1 14/26/1 13/22/1
f 174/27/1 22/28/1 175/21/1
f 22/28/1 21/23/1 175/21/1
f 173/29/1 22/28/1 174/27/1
f 172/30/1 23/31/1 173/29/1
f 23/31/1 22/28/1 173/29/1
f 171/32/1 24/33/1 172/30/1
f 24/33/1 23/31/1 172/30/1
f 170/34/1 24/33/1 171/32/1
f 169/35/1 25/36/1 170/34/1
f 25/36/1 24/33/1 170/34/1
f 168/37/1 25/36/1 169/35/1
f 167/38/1 26/39/1 168/37/1
f 26/39/1 25/36/1 168/37/1
f 166/40/1 26/39/1 167/38/1
f 165/41/1 27/42/1 166/40/1
f 27/42/1 26/39/1 166/40/1
f 165/41/1 28/43/1 27/42/1
f 165/41/1 29/44/1 28/43/1
f 165/41/1 30/45/1 29/44/1
f 164/46/1 30/45/1 165/41/1
f 164/46/1 31/47/1 30/45/1
f 164/46/1 32/48/1 31/47/1
f 164/46/1 33/49/1 32/48/1
f 163/50/1 33/49/1 164/46/1
f 163/50/1 34/51/1 33/49/1
f 163/50/1 35/52/1 34/51/1
f 162/53/1 35/52/1 163/50/1
f 18/54/1 14/26/1 19/25/1
f 162/53/1 36/55/1 35/52/1
f 17/56/1 14/26/1 18/54/1
f 162/53/1 37/57/1 36/55/1
f 161/58/1 37/57/1 162/53/1
f 16/59/1 14/26/1 17/56/1
f 161/58/1 38/60/1 37/57/1
f 15/61/1 14/26/1 16/59/1
f 161/58/1 39/62/1 38/60/1
f 160/63/1 39/62/1 161/58/1
f 160/63/1 40/64/1 39/62/1
f 159/65/1 40/64/1 160/63/1
f 159/65/1 41/66/1 40/64/1
f 158/67/1 41/66/1 159/65/1
f 158/67/1 42/68/1 41/66/1
f 158/67/1 43/69/1 42/68/1
f 157/70/1 43/69/1 158/67/1
f 157/70/1 44/71/1 43/69/1
f 156/72/1 44/71/1 157/70/1
f 156/72/1 45/73/1 44/71/1
f 155/74/1 45/73/1 156/72/1
f 155/74/1 46/75/1 45/73/1
f 154/76/1 46/75/1 155/74/1
f 154/76/1 47/77/1 46/75/1
f 153/78/1 47/77/1 154/76/1
f 153/78/1 48/79/1 47/77/1
f 153/78/1 49/80/1 48/79/1
f 152/81/1 49/80/1 153/78/1
f 152/81/1 50/82/1 49/80/1
f 151/83/1 50/82/1 152/81/1
f 151/83/1 51/84/1 50/82/1
f 150/85/1 51/84/1 151/83/1
f 150/85/1 52/86/1 51/84/1
f 149/87/1 52/86/1 150/85/1
f 149/87/1 53/88/1 52/86/1
f 148/89/1 53/88/1 149/87/1
f 148/89/1 54/90/1 53/88/1
f 147/91/1 54/90/1 148/89/1
f 147/91/1 55/92/1 54/90/1
f 146/93/1 55/92/1 147/91/1
f 146/93/1 56/94/1 55/92/1
f 145/95/1 56/94/1 146/93/1
f 145/95/1 57/96/1 56/94/1
f 144/97/1 57/96/1 145/95/1
f 143/98/1 57/96/1 144/97/1
f 143/98/1 58/99/1 57/96/1
f 142/100/1 58/99/1 143/98/1
f 142/100/1 59/101/1 58/99/1
f 141/102/1 59/101/1 142/100/1
f 141/102/1 60/103/1 59/101/1
f 140/104/1 60/103/1 141/102/1
f 139/105/1 60/103/1 140/104/1
f 139/105/1 61/106/1 60/103/1
f 138/107/1 61/106/1 139/105/1
f 138/107/1 62/108/1 61/106/1
f 137/109/1 62/108/1 138/107/1
f 137/109/1 63/110/1 62/108/1
f 136/111/1 63/110/1 137/109/1
f 136/111/1 64/112/1 63/110/1
f 135/113/1 64/112/1 136/111/1
f 135/113/1 65/114/1 64/112/1
f 134/115/1 65/114/1 135/113/1
f 134/115/1 66/116/1 65/114/1
f 133/117/1 66/116/1 134/115/1
f 86/118/1 88/119/1 87/120/1
f 133/117/1 67/121/1 66/116/1
f 85/122/1 88/119/1 86/118/1
f 132/123/1 67/121/1 133/117/1
f 132/123/1 68/124/1 67/121/1
f 84/125/1 88/119/1 85/122/1
f 131/126/1 68/124/1 132/123/1
f 83/127/1 88/119/1 84/125/1
f 131/126/1 69/128/1 68/124/1
f 82/129/1 88/119/1 83/127/1
f 131/126/1 70/130/1 69/128/1
f 130/131/1 70/130/1 131/126/1
f 81/132/1 88/119/1 82/129/1
f 130/131/1 71/133/1 70/130/1
f 80/134/1 88/119/1 81/132/1
f 79/135/1 88/119/1 80/134/1
f 130/131/1 72/136/1 71/133/1
f 129/137/1 72/136/1 130/131/1
f 78/138/1 88/119/1 79/135/1
f 129/137/1 73/139/1 72/136/1
f 77/140/1 88/119/1 78/138/1
f 129/137/1 74/141/1 73/139/1
f 76/142/1 88/119/1 77/140/1
f 129/137/1 75/143/1 74/141/1
f 75/143/1 88/119/1 76/142/1
f 129/137/1 88/119/1 75/143/1
f 128/144/1 88/119/1 129/137/1
f 127/145/1 88/119/1 128/144/1
f 126/146/1 88/119/1 127/145/1
f 125/147/1 88/119/1 126/146/1
f 124/148/1 88/119/1 125/147/1
f 123/149/1 88/119/1 124/148/1
f 122/150/1 88/119/1 123/149/1
f 121/151/1 88/119/1 122/150/1
f 120/152/1 88/119/1 121/151/1
f 119/153/1 88/119/1 120/152/1
f 118/154/1 88/119/1 119/153/1
f 117/155/1 88/119/1 118/154/1
f 116/156/1 88/119/1 117/155/1
f 115/157/1 88/119/1 116/156/1
f 114/158/1 88/119/1 115/157/1
f 113/159/1 88/119/1 114/158/1
f 112/160/1 88/119/1 113/159/1
f 112/160/1 89/161/1 88/119/1
f 111/162/1 89/161/1 112/160/1
f 111/162/1 90/163/1 89/161/1
f 110/164/1 90/163/1 111/162/1
f 110/164/1 91/165/1 90/163/1
f 109/166/1 91/165/1 110/164/1
f 109/166/1 92/167/1 91/165/1
f 108/168/1 92/167/1 109/166/1
f 108/168/1 93/169/1 92/167/1
f 107/170/1 93/169/1 108/168/1
f 107/170/1 94/171/1 93/169/1
f 106/172/1 94/171/1 107/170/1
f 106/172/1 95/173/1 94/171/1
f 105/174/1 95/173/1 106/172/1
f 105/174/1 96/175/1 95/173/1
f 104/176/1 96/175/1 105/174/1
f 104/176/1 97/177/1 96/175/1
f 103/178/1 97/177/1 104/176/1
f 103/178/1 98/179/1 97/177/1
f 102/180/1 98/179/1 103/178/1
f 102/180/1 99/181/1 98/179/1
f 101/182/1 99/181/1 102/180/1
f 101/182/1 100/183/1 99/181/1
f 280/1/1 185/184/1 184/3/1
f 280/1/1 279/185/1 185/184/1
f 279/185/1 278/186/1 185/184/1
f 278/186/1 207/187/1 185/184/1
f 207/187/1 206/188/1 185/184/1
f 206/188/1 205/189/1 185/184/1
f 205/189/1 204/190/1 185/184/1
f 204/190/1 203/191/1 185/184/1
f 203/191/1 202/192/1 185/184/1
f 202/192/1 201/193/1 185/184/1
f 201/193/1 200/194/1 185/184/1
f 200/194/1 199/195/1 185/184/1
f 199/195/1 186/196/1 185/184/1
f 277/197/1 207/187/1 278/186/1
f 276/198/1 207/187/1 277/197/1
f 275/199/1 207/187/1 276/198/1
f 274/200/1 207/187/1 275/199/1
f 273/201/1 208/202/1 274/200/1
f 208/202/1 207/187/1 274/200/1
f 272/203/1 208/202/1 273/201/1
f 271/204/1 208/202/1 272/203/1
f 270/205/1 208/202/1 271/204/1
f 269/206/1 208/202/1 270/205/1
f 268/207/1 209/208/1 269/206/1
f 209/208/1 208/202/1 269/206/1
f 267/209/1 209/208/1 268/207/1
f 266/210/1 209/208/1 267/209/1
f 265/211/1 209/208/1 266/210/1
f 264/212/1 209/208/1 265/211/1
f 263/213/1 209/208/1 264/212/1
f 262/214/1 209/208/1 263/213/1
f 261/215/1 209/208/1 262/214/1
f 260/216/1 209/208/1 261/215/1
f 259/217/1 209/208/1 260/216/1
f 258/218/1 209/208/1 259/217/1
f 257/219/1 209/208/1 258/218/1
f 256/220/1 209/208/1 257/219/1
f 255/221/1 212/222/1 256/220/1
f 212/222/1 211/223/1 256/220/1
f 211/223/1 210/224/1 256/220/1
f 210/224/1 209/208/1 256/220/1
f 255/221/1 213/225/1 212/222/1
f 198/226/2 186/196/2 199/195/2
f 197/227/3 186/196/3 198/226/3
f 196/228/1 186/196/1 197/227/1
f 195/229/1 186/196/1 196/228/1
f 194/230/1 186/196/1 195/229/1
f 193/231/1 186/196/1 194/230/1
f 192/232/1 186/196/1 193/231/1
f 191/233/1 186/196/1 192/232/1
f 190/234/1 186/196/1 191/233/1
f 189/235/1 186/196/1 190/234/1
f 188/236/1 186/196/1 189/235/1
f 187/237/1 186/196/1 188/236/1
f 255/221/1 228/238/1 213/225/1
f 228/238/1 214/239/1 213/225/1
f 228/238/1 227/240/1 214/239/1
f 227/240/1 226/241/1 214/239/1
f 226/241/1 225/242/1 214/239/1
f 225/242/1 224/243/1 214/239/1
f 224/243/1 223/244/1 214/239/1
f 223/244/1 222/245/1 214/239/1
f 222/245/1 221/246/1 214/239/1
f 221/246/1 220/247/1 214/239/1
f 220/247/1 219/248/1 214/239/1
f 219/248/1 218/249/1 214/239/1
f 218/249/1 217/250/1 214/239/1
f 217/250/1 216/251/1 214/239/1
f 216/251/1 215/252/1 214/239/1
f 255/221/1 229/253/1 228/238/1
f 255/221/1 230/254/1 229/253/1
f 255/221/1 231/255/1 230/254/1
f 255/221/1 232/167/1 231/255/1
f 255/221/1 233/256/1 232/167/1
f 255/221/1 234/257/1 233/256/1
f 255/221/1 235/258/1 234/257/1
f 255/221/1 236/259/1 235/258/1
f 255/221/1 237/260/1 236/259/1
f 255/221/1 238/261/1 237/260/1
f 255/221/1 239/262/1 238/261/1
f 255/221/1 240/263/1 239/262/1
f 255/221/1 241/264/1 240/263/1
f 255/221/1 242/265/1 241/264/1
f 255/221/1 243/266/1 242/265/1
f 255/221/1 244/267/1 243/266/1
f 255/221/1 245/268/1 244/267/1
f 255/221/1 246/269/1 245/268/1
f 255/221/1 247/270/1 246/269/1
f 255/221/1 248/271/1 247/270/1
f 255/221/1 249/272/1 248/271/1
f 255/221/1 250/273/1 249/272/1
f 255/221/1 251/274/1 250/273/1
f 255/221/1 252/275/1 251/274/1
f 255/221/1 253/276/1 252/275/1
f 255/221/1 254/277/1 253/276/1
f 463/1/1 282/2/1 281/3/1
f 463/1/1 283/4/1 282/2/1
f 462/5/1 283/4/1 463/1/1
f 462/5/1 284/6/1 283/4/1
f 461/7/1 284/6/1 462/5/1
f 461/7/1 285/8/1 284/6/1
f 461/7/1 286/9/1 285/8/1
f 460/10/1 286/9/1 461/7/1
f 460/10/1 287/11/1 286/9/1
f 459/12/1 287/11/1 460/10/1
f 459/12/1 288/13/1 287/11/1
f 458/14/1 288/13/1 459/12/1
f 458/14/1 289/15/1 288/13/1
f 458/14/1 290/16/1 289/15/1
f 457/17/1 290/16/1 458/14/1
f 457/17/1 291/18/1 290/16/1
f 456/19/1 291/18/1 457/17/1
f 456/19/1 292/20/1 291/18/1
f 455/21/1 292/20/1 456/19/1
f 455/21/1 293/22/1 292/20/1
f 455/21/1 301/23/1 293/22/1
f 301/23/1 300/24/1 293/22/1
f 300/24/1 299/25/1 293/22/1
f 299/25/1 294/26/1 293/22/1
f 454/27/1 302/28/1 455/21/1
f 302/28/1 301/23/1 455/21/1
f 453/29/1 302/28/1 454/27/1
f 452/30/1 303/31/1 453/29/1
f 303/31/1 302/28/1 453/29/1
f 451/32/1 304/33/1 452/30/1
f 304/33/1 303/31/1 452/30/1
f 450/34/1 304/33/1 451/32/1
f 449/35/1 305/36/1 450/34/1
f 305/36/1 304/33/1 450/34/1
f 448/37/1 305/36/1 449/35/1
f 447/38/1 306/39/1 448/37/1
f 306/39/1 305/36/1 448/37/1
f 446/40/1 306/39/1 447/38/1
f 445/41/1 307/42/1 446/40/1
f 307/42/1 306/39/1 446/40/1
f 445/41/1 308/43/1 307/42/1
f 445/41/1 309/44/1 308/43/1
f 445/41/1 310/45/1 309/44/1
f 444/46/1 310/45/1 445/41/1
f 444/46/1 311/47/1 310/45/1
f 444/46/1 312/48/1 311/47/1
f 444/46/1 313/49/1 312/48/1
f 443/50/1 313/49/1 444/46/1
f 443/50/1 314/51/1 313/49/1
f 443/50/1 315/52/1 314/51/1
f 442/53/1 315/52/1 443/50/1
f 298/54/1 294/26/1 299/25/1
f 442/53/1 316/55/1 315/52/1
f 297/56/1 294/26/1 298/54/1
f 442/53/1 317/57/1 316/55/1
f 441/58/1 317/57/1 442/53/1
f 296/59/1 294/26/1 297/56/1
f 441/58/1 318/60/1 317/57/1
f 295/61/1 294/26/1 296/59/1
f 441/58/1 319/62/1 318/60/1
f 440/63/1 319/62/1 441/58/1
f 440/63/1 320/64/1 319/62/1
f 439/65/1 320/64/1 440/63/1
f 439/65/1 321/66/1 320/64/1
f 438/67/1 321/66/1 439/65/1
f 438/67/1 322/68/1 321/66/1
f 438/67/1 323/69/1 322/68/1
f 437/70/1 323/69/1 438/67/1
f 437/70/1 324/71/1 323/69/1
f 436/72/1 324/71/1 437/70/1
f 436/72/1 325/73/1 324/71/1
f 435/74/1 325/73/1 436/72/1
f 435/74/1 326/75/1 325/73/1
f 434/76/1 326/75/1 435/74/1
f 434/76/1 327/77/1 326/75/1
f 433/78/1 327/77/1 434/76/1
f 433/78/1 328/79/1 327/77/1
f 433/78/1 329/80/1 328/79/1
f 432/81/1 329/80/1 433/78/1
f 432/81/1 330/82/1 329/80/1
f 431/83/1 330/82/1 432/81/1
f 431/83/1 331/84/1 330/82/1
f 430/85/1 331/84/1 431/83/1
f 430/85/1 332/86/1 331/84/1
f 429/87/1 332/86/1 430/85/1
f 429/87/1 333/88/1 332/86/1
f 428/89/1 333/88/1 429/87/1
f 428/89/1 334/90/1 333/88/1
f 427/91/1 334/90/1 428/89/1
f 427/91/1 335/92/1 334/90/1
f 426/93/1 335/92/1 427/91/1
f 426/93/1 336/94/1 335/92/1
f 425/95/1 336/94/1 426/93/1
f 425/95/1 337/96/1 336/94/1
f 424/97/1 337/96/1 425/95/1
f 423/98/1 337/96/1 424/97/1
f 423/98/1 338/99/1 337/96/1
f 422/100/1 338/99/1 423/98/1
f 422/100/1 339/101/1 338/99/1
f 421/102/1 339/101/1 422/100/1
f 421/102/1 340/103/1 339/101/1
f 420/104/1 340/103/1 421/102/1
f 419/105/1 340/103/1 420/104/1
f 419/105/1 341/106/1 340/103/1
f 418/107/1 341/106/1 419/105/1
f 418/107/1 342/108/1 341/106/1
f 417/109/1 342/108/1 418/107/1
f 417/109/1 343/110/1 342/108/1
f 416/111/1 343/110/1 417/109/1
f 416/111/1 344/112/1 343/110/1
f 415/113/1 344/112/1 416/111/1
f 415/113/1 345/114/1 344/112/1
f 414/115/1 345/114/1 415/113/1
f 414/115/1 346/116/1 345/114/1
f 413/117/1 346/116/1 414/115/1
f 366/118/1 368/119/1 367/120/1
f 413/117/1 347/121/1 346/116/1
f 365/122/1 368/119/1 366/118/1
f 412/123/1 347/121/1 413/117/1
f 412/123/1 348/124/1 347/121/1
f 364/125/1 368/119/1 365/122/1
f 411/126/1 348/124/1 412/123/1
f 363/127/1 368/119/1 364/125/1
f 411/126/1 349/128/1 348/124/1
f 362/129/1 368/119/1 363/127/1
f 411/126/1 350/130/1 349/128/1
f 410/131/1 350/130/1 411/126/1
f 361/132/1 368/119/1 362/129/1
f 410/131/1 351/133/1 350/130/1
f 360/134/1 368/119/1 361/132/1
f 359/135/1 368/119/1 360/134/1
f 410/131/1 352/136/1 351/133/1
f 409/137/1 352/136/1 410/131/1
f 358/138/1 368/119/1 359/135/1
f 409/137/1 353/139/1 352/136/1
f 357/140/1 368/119/1 358/138/1
f 409/137/1 354/141/1 353/139/1
f 356/142/1 368/119/1 357/140/1
f 409/137/1 355/143/1 354/141/1
f 355/143/1 368/119/1 356/142/1
f 409/137/1 368/119/1 355/143/1
f 408/144/1 368/119/1 409/137/1
f 407/145/1 368/119/1 408/144/1
f 406/146/1 368/119/1 407/145/1
f 405/147/1 368/119/1 406/146/1
f 404/148/1 368/119/1 405/147/1
f 403/149/1 368/119/1 404/148/1
f 402/150/1 368/119/1 403/149/1
f 401/151/1 368/119/1 402/150/1
f 400/152/1 368/119/1 401/151/1
f 399/153/1 368/119/1 400/152/1
f 398/154/1 368/119/1 399/153/1
f 397/155/1 368/119/1 398/154/1
f 396/156/1 368/119/1 397/155/1
f 395/157/1 368/119/1 396/156/1
f 394/158/1 368/119/1 395/157/1
f 393/159/1 368/119/1 394/158/1
f 392/160/1 368/119/1 393/159/1
f 392/160/1 369/161/1 368/119/1
f 391/162/1 369/161/1 392/160/1
f 391/162/1 370/163/1 369/161/1
f 390/164/1 370/163/1 391/162/1
f 390/164/1 371/165/1 370/163/1
f 389/166/1 371/165/1 390/164/1
f 389/166/1 372/167/1 371/165/1
f 388/168/1 372/167/1 389/166/1
f 388/168/1 373/169/1 372/167/1
f 387/170/1 373/169/1 388/168/1
f 387/170/1 374/171/1 373/169/1
f 386/172/1 374/171/1 387/170/1
f 386/172/1 375/173/1 374/171/1
f 385/174/1 375/173/1 386/172/1
f 385/174/1 376/175/1 375/173/1
f 384/176/1 376/175/1 385/174/1
f 384/176/1 377/177/1 376/175/1
f 383/178/1 377/177/1 384/176/1
f 383/178/1 378/179/1 377/177/1
f 382/180/1 378/179/1 383/178/1
f 382/180/1 379/181/1 378/179/1
f 381/182/1 379/181/1 382/180/1
f 381/182/1 380/183/1 379/181/1
f 646/1/4 464/3/4 465/2/4
f 646/1/4 465/2/4 466/4/4
f 645/5/4 646/1/4 466/4/4
f 645/5/4 466/4/4 467/6/4
f 644/7/4 645/5/4 467/6/4
f 644/7/4 467/6/4 468/8/4
f 644/7/4 468/8/4 469/9/4
f 643/10/4 644/7/4 469/9/4
f 643/10/4 469/9/4 470/11/4
f 642/12/4 643/10/4 470/11/4
f 642/12/4 470/11/4 471/13/4
f 641/14/4 642/12/4 471/13/4
f 641/14/4 471/13/4 472/15/4
f 641/14/4 472/15/4 473/16/4
f 640/17/4 641/14/4 473/16/4
f 640/17/4 473/16/4 474/18/4
f 639/19/4 640/17/4 474/18/4
f 639/19/4 474/18/4 475/20/4
f 638/21/4 639/19/4 475/20/4
f 638/21/4 475/20/4 476/22/4
f 638/21/4 476/22/4 484/23/4
f 484/23/4 476/22/4 483/24/4
f 483/24/4 476/22/4 482/25/4
f 482/25/4 476/22/4 477/26/4
f 637/27/4 638/21/4 485/28/4
f 485/28/4 638/21/4 484/23/4
f 636/29/4 637/27/4 485/28/4
f 635/30/4 636/29/4 486/31/4
f 486/31/4 636/29/4 485/28/4
f 634/32/4 635/30/4 487/33/4
f 487/33/4 635/30/4 486/31/4
f 633/34/4 634/32/4 487/33/4
f 632/35/4 633/34/4 488/36/4
f 488/36/4 633/34/4 487/33/4
f 631/37/4 632/35/4 488/36/4
f 630/38/4 631/37/4 489/39/4
f 489/39/4 631/37/4 488/36/4
f 629/40/4 630/38/4 489/39/4
f 628/41/4 629/40/4 490/42/4
f 490/42/4 629/40/4 489/39/4
f 628/41/4 490/42/4 491/43/4
f 628/41/4 491/43/4 492/44/4
f 628/41/4 492/44/4 493/45/4
f 627/46/4 628/41/4 493/45/4
f 627/46/4 493/45/4 494/47/4
f 627/46/4 494/47/4 495/48/4
f 627/46/4 495/48/4 496/49/4
f 626/50/4 627/46/4 496/49/4
f 626/50/4 496/49/4 497/51/4
f 626/50/4 497/51/4 498/52/4
f 625/53/4 626/50/4 498/52/4
f 481/54/4 482/25/4 477/26/4
f 625/53/4 498/52/4 499/55/4
f 480/56/4 481/54/4 477/26/4
f 625/53/4 499/55/4 500/57/4
f 624/58/4 625/53/4 500/57/4
f 479/59/4 480/56/4 477/26/4
f 624/58/4 500/57/4 501/60/4
f 478/61/4 479/59/4 477/26/4
f 624/58/4 501/60/4 502/62/4
f 623/63/4 624/58/4 502/62/4
f 623/63/4 502/62/4 503/64/4
f 622/65/4 623/63/4 503/64/4
f 622/65/4 503/64/4 504/66/4
f 621/67/4 622/65/4 504/66/4
f 621/67/4 504/66/4 505/68/4
f 621/67/4 505/68/4 506/69/4
f 620/70/4 621/67/4 506/69/4
f 620/70/4 506/69/4 507/71/4
f 619/72/4 620/70/4 507/71/4
f 619/72/4 507/71/4 508/73/4
f 618/74/4 619/72/4 508/73/4
f 618/74/4 508/73/4 509/75/4
f 617/76/4 618/74/4 509/75/4
f 617/76/4 509/75/4 510/77/4
f 616/78/4 617/76/4 510/77/4
f 616/78/4 510/77/4 511/79/4
f 616/78/4 511/79/4 512/80/4
f 615/81/4 616/78/4 512/80/4
f 615/81/4 512/80/4 513/82/4
f 614/83/4 615/81/4 513/82/4
f 614/83/4 513/82/4 514/84/4
f 613/85/4 614/83/4 514/84/4
f 613/85/4 514/84/4 515/86/4
f 612/87/4 613/85/4 515/86/4
f 612/87/4 515/86/4 516/88/4
f 611/89/4 612/87/4 516/88/4
f 611/89/4 516/88/4 517/90/4
f 610/91/4 611/89/4 517/90/4
f 610/91/4 517/90/4 518/92/4
f 609/93/4 610/91/4 518/92/4
f 609/93/4 518/92/4 519/94/4
f 608/95/4 609/93/4 519/94/4
f 608/95/4 519/94/4 520/96/4
f 607/97/4 608/95/4 520/96/4
f 606/98/4 607/97/4 520/96/4
f 606/98/4 520/96/4 521/99/4
f 605/100/4 606/98/4 521/99/4
f 605/100/4 521/99/4 522/101/4
f 604/102/4 605/100/4 522/101/4
f 604/102/4 522/101/4 523/103/4
f 603/104/4 604/102/4 523/103/4
f 602/105/4 603/104/4 523/103/4
f 602/105/4 523/103/4 524/106/4
f 601/107/4 602/105/4 524/106/4
f 601/107/4 524/106/4 525/108/4
f 600/109/4 601/107/4 525/108/4
f 600/109/4 525/108/4 526/110/4
f 599/111/4 600/109/4 526/110/4
f 599/111/4 526/110/4 527/112/4
f 598/113/4 599/111/4 527/112/4
f 598/113/4 527/112/4 528/114/4
f 597/115/4 598/113/4 528/114/4
f 597/115/4 528/114/4 529/116/4
f 596/117/4 597/115/4 529/116/4
f 549/118/4 550/120/4 551/119/4
f 596/117/4 529/116/4 530/121/4
f 548/122/4 549/118/4 551/119/4
f 595/123/4 596/117/4 530/121/4
f 595/123/4 530/121/4 531/124/4
f 547/125/4 548/122/4 551/119/4
f 594/126/4 595/123/4 531/124/4
f 546/127/4 547/125/4 551/119/4
f 594/126/4 531/124/4 532/128/4
f 545/129/4 546/127/4 551/119/4
f 594/126/4 532/128/4 533/130/4
f 593/131/4 594/126/4 533/130/4
f 544/132/4 545/129/4 551/119/4
f 593/131/4 533/130/4 534/133/4
f 543/134/4 544/132/4 551/119/4
f 542/135/4 543/134/4 551/119/4
f 593/131/4 534/133/4 535/136/4
f 592/137/4 593/131/4 535/136/4
f 541/138/4 542/135/4 551/119/4
f 592/137/4 535/136/4 536/139/4
f 540/140/4 541/138/4 551/119/4
f 592/137/4 536/139/4 537/141/4
f 539/142/4 540/140/4 551/119/4
f 592/137/4 537/141/4 538/143/4
f 538/143/4 539/142/4 551/119/4
f 592/137/4 538/143/4 551/119/4
f 591/144/4 592/137/4 551/119/4
f 590/145/4 591/144/4 551/119/4
f 589/146/4 590/145/4 551/119/4
f 588/147/4 589/146/4 551/119/4
f 587/148/4 588/147/4 551/119/4
f 586/149/4 587/148/4 551/119/4
f 585/150/4 586/149/4 551/119/4
f 584/151/4 585/150/4 551/119/4
f 583/152/4 584/151/4 551/119/4
f 582/153/4 583/152/4 551/119/4
f 581/154/4 582/153/4 551/119/4
f 580/155/4 581/154/4 551/119/4
f 579/156/4 580/155/4 551/119/4
f 578/157/4 579/156/4 551/119/4
f 577/158/4 578/157/4 551/119/4
f 576/159/4 577/158/4 551/119/4
f 575/160/4 576/159/4 551/119/4
f 575/160/4 551/119/4 552/161/4
f 574/162/4 575/160/4 552/161/4
f 574/162/4 552/161/4 553/163/4
f 573/164/4 574/162/4 553/163/4
f 573/164/4 553/163/4 554/165/4
f 572/166/4 573/164/4 554/165/4
f 572/166/4 554/165/4 555/167/4
f 571/168/4 572/166/4 555/167/4
f 571/168/4 555/167/4 556/169/4
f 570/170/4 571/168/4 556/169/4
f 570/170/4 556/169/4 557/171/4
f 569/172/4 570/170/4 557/171/4
f 569/172/4 557/171/4 558/173/4
f 568/174/4 569/172/4 558/173/4
f 568/174/4 558/173/4 559/175/4
f 567/176/4 568/174/4 559/175/4
f 567/176/4 559/175/4 560/177/4
f 566/178/4 567/176/4 560/177/4
f 566/178/4 560/177/4 561/179/4
f 565/180/4 566/178/4 561/179/4
f 565/180/4 561/179/4 562/181/4
f 564/182/4 565/180/4 562/181/4
f 564/182/4 562/181/4 563/183/4
f 743/1/4 647/3/4 648/184/4
f 743/1/4 648/184/4 742/185/4
f 742/185/4 648/184/4 741/186/4
f 741/186/4 648/184/4 670/187/4
f 670/187/4 648/184/4 669/188/4
f 669/188/4 648/184/4 668/189/4
f 668/189/4 648/184/4 667/190/4
f 667/190/4 648/184/4 666/191/4
f 666/191/4 648/184/4 665/192/4
f 665/192/4 648/184/4 664/193/4
f 664/193/4 648/184/4 663/194/4
f 663/194/4 648/184/4 662/195/4
f 662/195/4 648/184/4 649/196/4
f 740/197/4 741/186/4 670/187/4
f 739/198/4 740/197/4 670/187/4
f 738/199/4 739/198/4 670/187/4
f 737/200/4 738/199/4 670/187/4
f 736/201/4 737/200/4 671/202/4
f 671/202/4 737/200/4 670/187/4
f 735/203/4 736/201/4 671/202/4
f 734/204/4 735/203/4 671/202/4
f 733/205/4 734/204/4 671/202/4
f 732/206/4 733/205/4 671/202/4
f 731/207/4 732/206/4 672/208/4
f 672/208/4 732/206/4 671/202/4
f 730/209/4 731/207/4 672/208/4
f 729/210/4 730/209/4 672/208/4
f 728/211/4 729/210/4 672/208/4
f 727/212/4 728/211/4 672/208/4
f 726/213/4 727/212/4 672/208/4
f 725/214/4 726/213/4 672/208/4
f 724/215/4 725/214/4 672/208/4
f 723/216/4 724/215/4 672/208/4
f 722/217/4 723/216/4 672/208/4
f 721/218/4 722/217/4 672/208/4
f 720/219/4 721/218/4 672/208/4
f 719/220/4 720/219/4 672/208/4
f 718/221/4 719/220/4 675/222/4
f 675/222/4 719/220/4 674/223/4
f 674/223/4 719/220/4 673/224/4
f 673/224/4 719/220/4 672/208/4
f 718/221/4 675/222/4 676/225/4
f 661/226/5 662/195/5 649/196/5
f 660/227/6 661/226/6 649/196/6
f 659/228/4 660/227/4 649/196/4
f 658/229/4 659/228/4 649/196/4
f 657/230/4 658/229/4 649/196/4
f 656/231/4 657/230/4 649/196/4
f 655/232/4 656/231/4 649/196/4
f 654/233/4 655/232/4 649/196/4
f 653/234/4 654/233/4 649/196/4
f 652/235/4 653/234/4 649/196/4
f 651/236/4 652/235/4 649/196/4
f 650/237/4 651/236/4 649/196/4
f 718/221/4 676/225/4 691/238/4
f 691/238/4 676/225/4 677/239/4
f 691/238/4 677/239/4 690/240/4
f 690/240/4 677/239/4 689/241/4
f 689/241/4 677/239/4 688/242/4
f 688/242/4 677/239/4 687/243/4
f 687/243/4 677/239/4 686/244/4
f 686/244/4 677/239/4 685/245/4
f 685/245/4 677/239/4 684/246/4
f 684/246/4 677/239/4 683/247/4
f 683/247/4 677/239/4 682/248/4
f 682/248/4 677/239/4 681/249/4
f 681/249/4 677/239/4 680/250/4
f 680/250/4 677/239/4 679/251/4
f 679/251/4 677/239/4 678/252/4
f 718/221/4 691/238/4 692/253/4
f 718/221/4 692/253/4 693/254/4
f 718/221/4 693/254/4 694/255/4
f 718/221/4 694/255/4 695/167/4
f 718/221/4 695/167/4 696/256/4
f 718/221/4 696/256/4 697/257/4
f 718/221/4 697/257/4 698/258/4
f 718/221/4 698/258/4 699/259/4
f 718/221/4 699/259/4 700/260/4
f 718/221/4 700/260/4 701/261/4
f 718/221/4 701/261/4 702/262/4
f 718/221/4 702/262/4 703/263/4
f 718/221/4 703/263/4 704/264/4
f 718/221/4 704/264/4 705/265/4
f 718/221/4 705/265/4 706/266/4
f 718/221/4 706/266/4 707/267/4
f 718/221/4 707/267/4 708/268/4
f 718/221/4 708/268/4 709/269/4
f 718/221/4 709/269/4 710/270/4
f 718/221/4 710/270/4 711/271/4
f 718/221/4 711/271/4 712/272/4
f 718/221/4 712/272/4 713/273/4
f 718/221/4 713/273/4 714/274/4
f 718/221/4 714/274/4 715/275/4
f 718/221/4 715/275/4 716/276/4
f 718/221/4 716/276/4 717/277/4
f 926/1/4 744/3/4 745/2/4
f 926/1/4 745/2/4 746/4/4
f 925/5/4 926/1/4 746/4/4
f 925/5/4 746/4/4 747/6/4
f 924/7/4 925/5/4 747/6/4
f 924/7/4 747/6/4 748/8/4
f 924/7/4 748/8/4 749/9/4
f 923/10/4 924/7/4 749/9/4
f 923/10/4 749/9/4 750/11/4
f 922/12/4 923/10/4 750/11/4
f 922/12/4 750/11/4 751/13/4
f 921/14/4 922/12/4 751/13/4
f 921/14/4 751/13/4 752/15/4
f 921/14/4 752/15/4 753/16/4
f 920/17/4 921/14/4 753/16/4
f 920/17/4 753/16/4 754/18/4
f 919/19/4 920/17/4 754/18/4
f 919/19/4 754/18/4 755/20/4
f 918/21/4 919/19/4 755/20/4
f 918/21/4 755/20/4 756/22/4
f 918/21/4 756/22/4 764/23/4
f 764/23/4 756/22/4 763/24/4
f 763/24/4 756/22/4 762/25/4
f 762/25/4 756/22/4 757/26/4
f 917/27/4 918/21/4 765/28/4
f 765/28/4 918/21/4 764/23/4
f 916/29/4 917/27/4 765/28/4
f 915/30/4 916/29/4 766/31/4
f 766/31/4 916/29/4 765/28/4
f 914/32/4 915/30/4 767/33/4
f 767/33/4 915/30/4 766/31/4
f 913/34/4 914/32/4 767/33/4
f 912/35/4 913/34/4 768/36/4
f 768/36/4 913/34/4 767/33/4
f 911/37/4 912/35/4 768/36/4
f 910/38/4 911/37/4 769/39/4
f 769/39/4 911/37/4 768/36/4
f 909/40/4 910/38/4 769/39/4
f 908/41/4 909/40/4 770/42/4
f 770/42/4 909/40/4 769/39/4
f 908/41/4 770/42/4 771/43/4
f 908/41/4 771/43/4 772/44/4
f 908/41/4 772/44/4 773/45/4
f 907/46/4 908/41/4 773/45/4
f 907/46/4 773/45/4 774/47/4
f 907/46/4 774/47/4 775/48/4
f 907/46/4 775/48/4 776/49/4
f 906/50/4 907/46/4 776/49/4
f 906/50/4 776/49/4 777/51/4
f 906/50/4 777/51/4 778/52/4
f 905/53/4 906/50/4 778/52/4
f 761/54/4 762/25/4 757/26/4
f 905/53/4 778/52/4 779/55/4
f 760/56/4 761/54/4 757/26/4
f 905/53/4 779/55/4 780/57/4
f 904/58/4 905/53/4 780/57/4
f 759/59/4 760/56/4 757/26/4
f 904/58/4 780/57/4 781/60/4
f 758/61/4 759/59/4 757/26/4
f 904/58/4 781/60/4 782/62/4
f 903/63/4 904/58/4 782/62/4
f 903/63/4 782/62/4 783/64/4
f 902/65/4 903/63/4 783/64/4
f 902/65/4 783/64/4 784/66/4
f 901/67/4 902/65/4 784/66/4
f 901/67/4 784/66/4 785/68/4
f 901/67/4 785/68/4 786/69/4
f 900/70/4 901/67/4 786/69/4
f 900/70/4 786/69/4 787/71/4
f 899/72/4 900/70/4 787/71/4
f 899/72/4 787/71/4 788/73/4
f 898/74/4 899/72/4 788/73/4
f 898/74/4 788/73/4 789/75/4
f 897/76/4 898/74/4 789/75/4
f 897/76/4 789/75/4 790/77/4
f 896/78/4 897/76/4 790/77/4
f 896/78/4 790/77/4 791/79/4
f 896/78/4 791/79/4 792/80/4
f 895/81/4 896/78/4 792/80/4
f 895/81/4 792/80/4 793/82/4
f 894/83/4 895/81/4 793/82/4
f 894/83/4 793/82/4 794/84/4
f 893/85/4 894/83/4 794/84/4
f 893/85/4 794/84/4 795/86/4
f 892/87/4 893/85/4 795/86/4
f 892/87/4 795/86/4 796/88/4
f 891/89/4 892/87/4 796/88/4
f 891/89/4 796/88/4 797/90/4
f 890/91/4 891/89/4 797/90/4
f 890/91/4 797/90/4 798/92/4
f 889/93/4 890/91/4 798/92/4
f 889/93/4 798/92/4 799/94/4
f 888/95/4 889/93/4 799/94/4
f 888/95/4 799/94/4 800/96/4
f 887/97/4 888/95/4 800/96/4
f 886/98/4 887/97/4 800/96/4
f 886/98/4 800/96/4 801/99/4
f 885/100/4 886/98/4 801/99/4
f 885/100/4 801/99/4 802/101/4
f 884/102/4 885/100/4 802/101/4
f 884/102/4 802/101/4 803/103/4
f 883/104/4 884/102/4 803/103/4
f 882/105/4 883/104/4 803/103/4
f 882/105/4 803/103/4 804/106/4
f 881/107/4 882/105/4 804/106/4
f 881/107/4 804/106/4 805/108/4
f 880/109/4 881/107/4 805/108/4
f 880/109/4 805/108/4 806/110/4
f 879/111/4 880/109/4 806/110/4
f 879/111/4 806/110/4 807/112/4
f 878/113/4 879/111/4 807/112/4
f 878/113/4 807/112/4 808/114/4
f 877/115/4 878/113/4 808/114/4
f 877/115/4 808/114/4 809/116/4
f 876/117/4 877/115/4 809/116/4
f 829/118/4 830/120/4 831/119/4
f 876/117/4 809/116/4 810/121/4
f 828/122/4 829/118/4 831/119/4
f 875/123/4 876/117/4 810/121/4
f 875/123/4 810/121/4 811/124/4
f 827/125/4 828/122/4 831/119/4
f 874/126/4 875/123/4 811/124/4
f 826/127/4 827/125/4 831/119/4
f 874/126/4 811/124/4 812/128/4
f 825/129/4 826/127/4 831/119/4
f 874/126/4 812/128/4 813/130/4
f 873/131/4 874/126/4 813/130/4
f 824/132/4 825/129/4 831/119/4
f 873/131/4 813/130/4 814/133/4
f 823/134/4 824/132/4 831/119/4
f 822/135/4 823/134/4 831/119/4
f 873/131/4 814/133/4 815/136/4
f 872/137/4 873/131/4 815/136/4
f 821/138/4 822/135/4 831/119/4
f 872/137/4 815/136/4 816/139/4
f 820/140/4 821/138/4 831/119/4
f 872/137/4 816/139/4 817/141/4
f 819/142/4 820/140/4 831/119/4
f 872/137/4 817/141/4 818/143/4
f 818/143/4 819/142/4 831/119/4
f 872/137/4 818/143/4 831/119/4
f 871/144/4 872/137/4 831/119/4
f 870/145/4 871/144/4 831/119/4
f 869/146/4 870/145/4 831/119/4
f 868/147/4 869/146/4 831/119/4
f 867/148/4 868/147/4 831/119/4
f 866/149/4 867/148/4 831/119/4
f 865/150/4 866/149/4 831/119/4
f 864/151/4 865/150/4 831/119/4
f 863/152/4 864/151/4 831/119/4
f 862/153/4 863/152/4 831/119/4
f 861/154/4 862/153/4 831/119/4
f 860/155/4 861/154/4 831/119/4
f 859/156/4 860/155/4 831/119/4
f 858/157/4 859/156/4 831/119/4
f 857/158/4 858/157/4 831/119/4
f 856/159/4 857/158/4 831/119/4
f 855/160/4 856/159/4 831/119/4
f 855/160/4 831/119/4 832/161/4
f 854/162/4 855/160/4 832/161/4
f 854/162/4 832/161/4 833/163/4
f 853/164/4 854/162/4 833/163/4
f 853/164/4 833/163/4 834/165/4
f 852/166/4 853/164/4 834/165/4
f 852/166/4 834/165/4 835/167/4
f 851/168/4 852/166/4 835/167/4
f 851/168/4 835/167/4 836/169/4
f 850/170/4 851/168/4 836/169/4
f 850/170/4 836/169/4 837/171/4
f 849/172/4 850/170/4 837/171/4
f 849/172/4 837/171/4 838/173/4
f 848/174/4 849/172/4 838/173/4
f 848/174/4 838/173/4 839/175/4
f 847/176/4 848/174/4 839/175/4
f 847/176/4 839/175/4 840/177/4
f 846/178/4 847/176/4 840/177/4
f 846/178/4 840/177/4 841/179/4
f 845/180/4 846/178/4 841/179/4
f 845/180/4 841/179/4 842/181/4
f 844/182/4 845/180/4 842/181/4
f 844/182/4 842/181/4 843/183/4
s 1
f 928/278/7 930/279/8 929/280/8 927/3/7
f 930/279/8 932/281/9 931/282/9 929/280/8
f 932/281/9 934/283/10 933/284/10 931/282/9
f 934/283/10 936/285/11 935/286/11 933/284/10
f 936/285/11 938/287/12 937/288/12 935/286/11
f 938/287/12 940/289/13 939/290/13 937/288/12
f 940/289/13 942/291/14 941/292/14 939/290/13
f 942/291/14 944/293/15 943/294/15 941/292/14
f 944/293/15 946/295/16 945/296/16 943/294/15
f 946/295/16 948/297/17 947/298/17 945/296/16
f 948/297/17 950/299/18 949/300/18 947/298/17
f 950/299/18 952/301/19 951/302/19 949/300/18
f 952/301/19 954/303/20 953/304/20 951/302/19
f 954/303/20 956/305/21 955/306/21 953/304/20
f 956/305/21 958/307/22 957/308/22 955/306/21
f 958/307/22 960/309/23 959/310/23 957/308/22
f 960/309/23 962/311/24 961/312/24 959/310/23
f 962/311/24 964/313/25 963/314/25 961/312/24
f 964/313/25 966/315/26 965/316/26 963/314/25
f 966/315/26 968/317/27 967/318/27 965/316/26
f 968/317/27 970/319/28 969/320/28 967/318/27
f 970/319/28 972/321/29 971/322/29 969/320/28
f 972/321/29 974/323/30 973/324/30 971/322/29
f 974/323/30 976/325/31 975/326/31 973/324/30
f 976/325/31 978/327/32 977/328/32 975/326/31
f 978/327/32 980/329/33 979/330/33 977/328/32
f 980/329/33 982/331/34 981/332/34 979/330/33
f 982/331/34 984/333/35 983/334/35 981/332/34
f 984/333/35 986/335/36 985/336/36 983/334/35
f 986/335/36 988/337/37 987/338/37 985/336/36
f 988/337/37 990/339/38 989/340/38 987/338/37
f 990/339/38 992/341/39 991/342/39 989/340/38
f 992/341/39 994/343/40 993/344/40 991/342/39
f 994/343/40 996/345/41 995/346/41 993/344/40
f 996/345/41 998/347/42 997/348/42 995/346/41
f 998/347/42 1000/349/43 999/350/43 997/348/42
f 1000/349/43 1002/351/44 1001/352/44 999/350/43
f 1002/351/44 1004/353/45 1003/354/45 1001/352/44
f 1004/353/45 1006/355/46 1005/356/46 1003/354/45
f 1006/355/46 1008/357/47 1007/358/47 1005/356/46
f 1008/357/47 1010/359/48 1009/360/48 1007/358/47
f 1010/359/48 1012/361/49 1011/362/49 1009/360/48
f 1012/361/49 1014/363/50 1013/364/50 1011/362/49
f 1014/363/50 1016/365/51 1015/366/51 1013/364/50
f 1016/365/51 1018/367/52 1017/368/52 1015/366/51
f 1018/367/52 1020/369/53 1019/370/53 1017/368/52
f 1020/369/53 1022/371/54 1021/372/54 1019/370/53
f 1022/371/54 1024/373/55 1023/374/55 1021/372/54
f 1024/373/55 1026/375/56 1025/376/56 1023/374/55
f 1026/375/56 1028/377/57 1027/378/57 1025/376/56
f 1028/377/57 1030/379/58 1029/380/58 1027/378/57
f 1030/379/58 1032/381/59 1031/382/59 1029/380/58
f 1032/381/59 1034/383/60 1033/384/60 1031/382/59
f 1034/383/60 1036/385/61 1035/386/61 1033/384/60
f 1036/385/61 1038/387/62 1037/388/62 1035/386/61
f 1038/387/62 1040/389/63 1039/390/63 1037/388/62
f 1040/389/63 1042/391/64 1041/392/64 1039/390/63
f 1042/391/64 1044/393/65 1043/394/65 1041/392/64
f 1044/393/65 1046/395/66 1045/396/66 1043/394/65
f 1046/395/66 1048/397/67 1047/398/67 1045/396/66
f 1048/397/67 1050/399/68 1049/251/68 1047/398/67
f 1050/399/68 1052/400/69 1051/401/69 1049/251/68
f 1052/400/69 1054/402/70 1053/403/70 1051/401/69
f 1054/402/70 1056/404/71 1055/405/71 1053/403/70
f 1056/404/71 1058/406/72 1057/407/72 1055/405/71
f 1058/406/72 1060/408/73 1059/409/73 1057/407/72
f 1060/408/73 1062/410/74 1061/411/74 1059/409/73
f 1062/410/74 1064/412/75 1063/413/75 1061/411/74
f 1064/412/75 1066/414/76 1065/415/76 1063/413/75
f 1066/414/76 1068/416/77 1067/417/77 1065/415/76
f 1068/416/77 1070/418/78 1069/419/78 1067/417/77
f 1070/418/78 1072/420/79 1071/421/79 1069/419/78
f 1072/420/79 1074/422/80 1073/423/80 1071/421/79
f 1074/422/80 1076/424/81 1075/425/81 1073/423/80
f 1076/424/81 1078/426/82 1077/427/82 1075/425/81
f 1078/426/82 1080/428/83 1079/429/83 1077/427/82
f 1080/428/83 1082/430/84 1081/431/84 1079/429/83
f 1082/430/84 1084/432/85 1083/433/85 1081/431/84
f 1084/432/85 1086/434/86 1085/435/86 1083/433/85
f 1086/434/86 1088/436/87 1087/437/87 1085/435/86
f 1088/436/87 1090/438/88 1089/439/88 1087/437/87
f 1090/438/88 1092/440/89 1091/441/89 1089/439/88
f 1092/440/89 1094/442/90 1093/443/90 1091/441/89
f 1094/442/90 1096/444/91 1095/445/91 1093/443/90
f 1096/444/91 1098/446/92 1097/447/92 1095/445/91
f 1098/446/92 1100/448/93 1099/449/93 1097/447/92
f 1100/448/93 1102/450/94 1101/451/94 1099/449/93
f 1102/450/94 1104/452/95 1103/453/95 1101/451/94
f 1104/452/95 1106/454/96 1105/455/96 1103/453/95
f 1106/454/96 1108/456/97 1107/457/97 1105/455/96
f 1108/456/97 1110/458/98 1109/459/98 1107/457/97
f 1110/458/98 1112/460/99 1111/461/99 1109/459/98
f 1112/460/99 1114/462/100 1113/463/100 1111/461/99
f 1114/462/100 1116/464/101 1115/465/101 1113/463/100
f 1116/464/101 1118/466/102 1117/467/102 1115/465/101
f 1118/466/102 1120/468/103 1119/469/103 1117/467/102
f 1120/468/103 1122/470/104 1121/471/104 1119/469/103
f 1122/470/104 1124/472/105 1123/473/105 1121/471/104
f 1124/472/105 1126/474/106 1125/475/106 1123/473/105
f 1126/474/106 1128/476/107 1127/477/107 1125/475/106
f 1128/476/107 1130/478/108 1129/479/108 1127/477/107
f 1130/478/108 1132/480/109 1131/481/109 1129/479/108
f 1132/480/109 1134/482/110 1133/483/110 1131/481/109
f 1134/482/110 1136/484/111 1135/485/111 1133/483/110
f 1136/484/111 1138/486/112 1137/487/112 1135/485/111
f 1138/486/112 1140/488/113 1139/489/113 1137/487/112
f 1140/488/113 1142/490/114 1141/491/114 1139/489/113
f 1142/490/114 1144/492/115 1143/493/115 1141/491/114
f 1144/492/115 1146/494/116 1145/495/116 1143/493/115
f 1146/494/116 1148/496/117 1147/497/117 1145/495/116
f 1148/496/117 1150/498/118 1149/499/118 1147/497/117
f 1150/498/118 1152/500/119 1151/501/119 1149/499/118
f 1152/500/119 1154/502/120 1153/503/120 1151/501/119
f 1154/502/120 1156/504/121 1155/505/121 1153/503/120
f 1156/504/121 1158/506/122 1157/507/122 1155/505/121
f 1158/506/122 1160/508/123 1159/509/123 1157/507/122
f 1160/508/123 1162/510/124 1161/511/124 1159/509/123
f 1162/510/124 1164/512/125 1163/513/125 1161/511/124
f 1164/512/125 1166/514/126 1165/515/126 1163/513/125
f 1166/514/126 1168/516/127 1167/517/127 1165/515/126
f 1168/516/127 1170/518/128 1169/519/128 1167/517/127
f 1170/518/128 1172/520/129 1171/271/129 1169/519/128
f 1172/520/129 1174/521/130 1173/522/130 1171/271/129
f 1174/521/130 1176/523/131 1175/524/131 1173/522/130
f 1176/523/131 1178/525/132 1177/526/132 1175/524/131
f 1178/525/132 1180/527/133 1179/528/133 1177/526/132
f 1180/527/133 1182/529/134 1181/530/134 1179/528/133
f 1182/529/134 1184/531/135 1183/532/135 1181/530/134
f 1184/531/135 1186/533/136 1185/534/136 1183/532/135
f 1186/533/136 1188/535/137 1187/536/137 1185/534/136
f 1188/535/137 1190/537/138 1189/538/138 1187/536/137
f 1190/537/138 1192/539/139 1191/540/139 1189/538/138
f 1192/539/139 1194/541/140 1193/542/140 1191/540/139
f 1194/541/140 1196/543/141 1195/544/141 1193/542/140
f 1196/543/141 1198/545/142 1197/546/142 1195/544/141
f 1198/545/142 1200/547/143 1199/548/143 1197/546/142
f 1200/547/143 1202/549/144 1201/550/144 1199/548/143
f 1202/549/144 1204/551/145 1203/552/145 1201/550/144
f 1204/551/145 1206/553/146 1205/554/146 1203/552/145
f 1206/553/146 1208/555/147 1207/556/147 1205/554/146
f 1208/555/147 1210/557/148 1209/558/148 1207/556/147
f 1210/557/148 1212/559/149 1211/560/149 1209/558/148
f 1212/559/149 1214/561/150 1213/562/150 1211/560/149
f 1214/561/150 1216/563/151 1215/564/151 1213/562/150
f 1216/563/151 1218/565/152 1217/566/152 1215/564/151
f 1218/565/152 1220/567/153 1219/568/153 1217/566/152
f 1220/567/153 1222/569/154 1221/570/154 1219/568/153
f 1222/569/154 1224/571/155 1223/572/155 1221/570/154
f 1224/571/155 1226/573/156 1225/574/156 1223/572/155
f 1226/573/156 1228/575/157 1227/576/157 1225/574/156
f 1228/575/157 1230/577/158 1229/578/158 1227/576/157
f 1230/577/158 1232/579/159 1231/580/159 1229/578/158
f 1232/579/159 1234/581/160 1233/582/160 1231/580/159
f 1234/581/160 1236/583/161 1235/584/161 1233/582/160
f 1236/583/161 1238/585/162 1237/586/162 1235/584/161
f 1238/585/162 1240/587/163 1239/588/163 1237/586/162
f 1240/587/163 1242/589/164 1241/590/164 1239/588/163
f 1242/589/164 1244/591/165 1243/592/165 1241/590/164
f 1244/591/165 1246/593/166 1245/594/166 1243/592/165
f 1246/593/166 1248/595/167 1247/596/167 1245/594/166
f 1248/595/167 1250/597/168 1249/598/168 1247/596/167
f 1250/597/168 1252/599/169 1251/600/169 1249/598/168
f 1252/599/169 1254/601/170 1253/602/170 1251/600/169
f 1254/601/170 1256/603/171 1255/604/171 1253/602/170
f 1256/603/171 1258/605/172 1257/606/172 1255/604/171
f 1258/605/172 1260/607/173 1259/608/173 1257/606/172
f 1260/607/173 1262/609/174 1261/610/174 1259/608/173
f 1262/609/174 1264/611/175 1263/612/175 1261/610/174
f 1264/611/175 1266/613/176 1265/614/176 1263/612/175
f 1266/613/176 1268/615/177 1267/616/177 1265/614/176
f 1268/615/177 1270/617/178 1269/618/178 1267/616/177
f 1270/617/178 1272/619/179 1271/620/179 1269/618/178
f 1272/619/179 1274/621/180 1273/622/180 1271/620/179
f 1274/621/180 1276/623/181 1275/624/181 1273/622/180
f 1276/623/181 1278/625/182 1277/626/182 1275/624/181
f 1278/625/182 1280/627/183 1279/628/183 1277/626/182
f 1280/627/183 1282/629/184 1281/630/184 1279/628/183
f 1282/629/184 1284/631/185 1283/632/185 1281/630/184
f 1284/631/185 1286/633/186 1285/634/186 1283/632/185
f 1286/633/186 1288/635/187 1287/636/187 1285/634/186
f 1288/635/187 1290/637/188 1289/638/188 1287/636/187
f 1290/637/188 1292/639/189 1291/640/189 1289/638/188
f 1292/639/189 928/641/7 927/1/7 1291/640/189
f 1294/278/190 1296/642/191 1295/643/191 1293/3/190
f 1296/642/191 1298/644/192 1297/645/192 1295/643/191
f 1298/644/192 1300/646/193 1299/647/193 1297/645/192
f 1300/646/193 1302/648/194 1301/649/194 1299/647/193
f 1302/648/194 1304/650/195 1303/651/195 1301/649/194
f 1304/650/195 1306/652/196 1305/653/196 1303/651/195
f 1306/652/196 1308/654/197 1307/655/197 1305/653/196
f 1308/654/197 1310/656/198 1309/657/198 1307/655/197
f 1310/656/198 1312/658/199 1311/659/199 1309/657/198
f 1312/658/199 1314/660/200 1313/661/200 1311/659/199
f 1314/660/200 1316/662/201 1315/663/201 1313/661/200
f 1316/662/201 1318/664/202 1317/665/202 1315/663/201
f 1318/664/202 1320/666/203 1319/667/203 1317/665/202
f 1320/666/203 1322/668/204 1321/669/204 1319/667/203
f 1322/668/204 1324/670/205 1323/671/205 1321/669/204
f 1324/670/205 1326/672/206 1325/673/206 1323/671/205
f 1326/672/206 1328/674/207 1327/675/207 1325/673/206
f 1328/674/207 1330/676/208 1329/677/208 1327/675/207
f 1330/676/208 1332/678/209 1331/679/209 1329/677/208
f 1332/678/209 1334/680/210 1333/681/210 1331/679/209
f 1334/680/210 1336/682/211 1335/683/211 1333/681/210
f 1336/682/211 1338/684/212 1337/685/212 1335/683/211
f 1338/684/212 1340/686/213 1339/687/213 1337/685/212
f 1340/686/213 1342/688/214 1341/689/214 1339/687/213
f 1342/688/214 1344/690/215 1343/691/215 1341/689/214
f 1344/690/215 1346/692/216 1345/693/216 1343/691/215
f 1346/692/216 1348/694/217 1347/695/217 1345/693/216
f 1348/694/217 1350/696/218 1349/697/218 1347/695/217
f 1350/696/218 1352/698/219 1351/699/219 1349/697/218
f 1352/698/219 1354/700/220 1353/701/220 1351/699/219
f 1354/700/220 1356/702/221 1355/703/221 1353/701/220
f 1356/702/221 1358/704/222 1357/705/222 1355/703/221
f 1358/704/222 1360/706/223 1359/707/223 1357/705/222
f 1360/706/223 1362/708/224 1361/709/224 1359/707/223
f 1362/708/224 1364/710/225 1363/711/225 1361/709/224
f 1364/710/225 1366/712/226 1365/713/226 1363/711/225
f 1366/712/226 1368/714/227 1367/715/227 1365/713/226
f 1368/714/227 1370/716/228 1369/717/228 1367/715/227
f 1370/716/228 1372/718/229 1371/719/229 1369/717/228
f 1372/718/229 1374/720/230 1373/721/230 1371/719/229
f 1374/720/230 1376/722/231 1375/723/231 1373/721/230
f 1376/722/231 1378/724/232 1377/725/232 1375/723/231
f 1378/724/232 1380/726/233 1379/727/233 1377/725/232
f 1380/726/233 1382/728/234 1381/729/234 1379/727/233
f 1382/728/234 1384/730/235 1383/731/235 1381/729/234
f 1384/730/235 1386/732/236 1385/733/236 1383/731/235
f 1386/732/236 1388/734/237 1387/735/237 1385/733/236
f 1388/734/237 1390/736/238 1389/737/238 1387/735/237
f 1390/736/238 1392/738/239 1391/739/239 1389/737/238
f 1392/738/239 1394/740/240 1393/741/240 1391/739/239
f 1394/740/240 1396/742/241 1395/743/241 1393/741/240
f 1396/742/241 1398/744/242 1397/745/242 1395/743/241
f 1398/744/242 1400/746/243 1399/747/243 1397/745/242
f 1400/746/243 1402/748/244 1401/749/244 1399/747/243
f 1402/748/244 1404/750/245 1403/751/245 1401/749/244
f 1404/750/245 1406/752/246 1405/753/246 1403/751/245
f 1406/752/246 1408/754/247 1407/755/247 1405/753/246
f 1408/754/247 1410/756/248 1409/757/248 1407/755/247
f 1410/756/248 1412/758/249 1411/759/249 1409/757/248
f 1412/758/249 1414/760/250 1413/761/250 1411/759/249
f 1414/760/250 1416/762/251 1415/763/251 1413/761/250
f 1416/762/251 1418/764/252 1417/765/252 1415/763/251
f 1418/764/252 1420/766/253 1419/767/253 1417/765/252
f 1420/766/253 1422/768/254 1421/769/254 1419/767/253
f 1422/768/254 1424/770/255 1423/771/255 1421/769/254
f 1424/770/255 1426/772/256 1425/773/256 1423/771/255
f 1426/772/256 1428/774/257 1427/775/257 1425/773/256
f 1428/774/257 1430/776/258 1429/777/258 1427/775/257
f 1430/776/258 1432/778/259 1431/779/259 1429/777/258
f 1432/778/259 1434/780/260 1433/781/260 1431/779/259
f 1434/780/260 1436/782/261 1435/783/261 1433/781/260
f 1436/782/261 1438/784/262 1437/785/262 1435/783/261
f 1438/784/262 1440/786/263 1439/787/263 1437/785/262
f 1440/786/263 1442/788/264 1441/789/264 1439/787/263
f 1442/788/264 1444/790/265 1443/791/265 1441/789/264
f 1444/790/265 1446/792/266 1445/793/266 1443/791/265
f 1446/792/266 1448/794/267 1447/795/267 1445/793/266
f 1448/794/267 1450/796/268 1449/797/268 1447/795/267
f 1450/796/268 1452/798/269 1451/799/269 1449/797/268
f 1452/798/269 1454/800/270 1453/801/270 1451/799/269
f 1454/800/270 1456/802/271 1455/803/271 1453/801/270
f 1456/802/271 1458/804/272 1457/805/272 1455/803/271
f 1458/804/272 1460/806/273 1459/807/273 1457/805/272
f 1460/806/273 1462/808/274 1461/809/274 1459/807/273
f 1462/808/274 1464/810/275 1463/811/275 1461/809/274
f 1464/810/275 1466/812/276 1465/813/276 1463/811/275
f 1466/812/276 1468/814/277 1467/815/277 1465/813/276
f 1468/814/277 1470/816/278 1469/817/278 1467/815/277
f 1470/816/278 1472/818/279 1471/819/279 1469/817/278
f 1472/818/279 1474/820/280 1473/821/280 1471/819/279
f 1474/820/280 1476/822/281 1475/823/281 1473/821/280
f 1476/822/281 1478/824/282 1477/825/282 1475/823/281
f 1478/824/282 1480/826/283 1479/827/283 1477/825/282
f 1480/826/283 1482/828/284 1481/829/284 1479/827/283
f 1482/828/284 1484/830/285 1483/831/285 1481/829/284
f 1484/830/285 1486/832/286 1485/833/286 1483/831/285
f 1486/832/286 1294/641/190 1293/1/190 1485/833/286
f 1488/278/7 1490/279/8 1489/280/8 1487/3/7
f 1490/279/8 1492/281/9 1491/282/9 1489/280/8
f 1492/281/9 1494/283/10 1493/284/10 1491/282/9
f 1494/283/10 1496/285/11 1495/286/11 1493/284/10
f 1496/285/11 1498/287/12 1497/288/12 1495/286/11
f 1498/287/12 1500/289/13 1499/290/13 1497/288/12
f 1500/289/13 1502/291/14 1501/292/14 1499/290/13
f 1502/291/14 1504/293/15 1503/294/15 1501/292/14
f 1504/293/15 1506/295/16 1505/296/16 1503/294/15
f 1506/295/16 1508/297/17 1507/298/17 1505/296/16
f 1508/297/17 1510/299/18 1509/300/18 1507/298/17
f 1510/299/18 1512/301/19 1511/302/19 1509/300/18
f 1512/301/19 1514/303/20 1513/304/20 1511/302/19
f 1514/303/20 1516/305/21 1515/306/21 1513/304/20
f 1516/305/21 1518/307/22 1517/308/22 1515/306/21
f 1518/307/22 1520/309/23 1519/310/23 1517/308/22
f 1520/309/23 1522/311/24 1521/312/24 1519/310/23
f 1522/311/24 1524/313/25 1523/314/25 1521/312/24
f 1524/313/25 1526/315/26 1525/316/26 1523/314/25
f 1526/315/26 1528/317/27 1527/318/27 1525/316/26
f 1528/317/27 1530/319/28 1529/320/28 1527/318/27
f 1530/319/28 1532/321/29 1531/322/29 1529/320/28
f 1532/321/29 1534/323/30 1533/324/30 1531/322/29
f 1534/323/30 1536/325/31 1535/326/31 1533/324/30
f 1536/325/31 1538/327/32 1537/328/32 1535/326/31
f 1538/327/32 1540/329/33 1539/330/33 1537/328/32
f 1540/329/33 1542/331/34 1541/332/34 1539/330/33
f 1542/331/34 1544/333/35 1543/334/35 1541/332/34
f 1544/333/35 1546/335/36 1545/336/36 1543/334/35
f 1546/335/36 1548/337/37 1547/338/37 1545/336/36
f 1548/337/37 1550/339/38 1549/340/38 1547/338/37
f 1550/339/38 1552/341/39 1551/342/39 1549/340/38
f 1552/341/39 1554/343/287 1553/344/287 1551/342/39
f 1554/343/287 1556/345/41 1555/346/41 1553/344/287
f 1556/345/41 1558/347/42 1557/348/42 1555/346/41
f 1558/347/42 1560/349/43 1559/350/43 1557/348/42
f 1560/349/43 1562/351/44 1561/352/44 1559/350/43
f 1562/351/44 1564/353/45 1563/354/45 1561/352/44
f 1564/353/45 1566/355/46 1565/356/46 1563/354/45
f 1566/355/46 1568/357/47 1567/358/47 1565/356/46
f 1568/357/47 1570/359/48 1569/360/48 1567/358/47
f 1570/359/48 1572/361/49 1571/362/49 1569/360/48
f 1572/361/49 1574/363/50 1573/364/50 1571/362/49
f 1574/363/50 1576/365/51 1575/366/51 1573/364/50
f 1576/365/51 1578/367/52 1577/368/52 1575/366/51
f 1578/367/52 1580/369/53 1579/370/53 1577/368/52
f 1580/369/53 1582/371/54 1581/372/54 1579/370/53
f 1582/371/54 1584/373/55 1583/374/55 1581/372/54
f 1584/373/55 1586/375/56 1585/376/56 1583/374/55
f 1586/375/56 1588/377/57 1587/378/57 1585/376/56
f 1588/377/57 1590/379/58 1589/380/58 1587/378/57
f 1590/379/58 1592/381/59 1591/382/59 1589/380/58
f 1592/381/59 1594/383/60 1593/384/60 1591/382/59
f 1594/383/60 1596/385/61 1595/386/61 1593/384/60
f 1596/385/61 1598/387/62 1597/388/62 1595/386/61
f 1598/387/62 1600/389/63 1599/390/63 1597/388/62
f 1600/389/63 1602/391/64 1601/392/64 1599/390/63
f 1602/391/64 1604/393/65 1603/394/65 1601/392/64
f 1604/393/65 1606/395/66 1605/396/66 1603/394/65
f 1606/395/66 1608/397/67 1607/398/67 1605/396/66
f 1608/397/67 1610/399/68 1609/251/68 1607/398/67
f 1610/399/68 1612/400/69 1611/401/69 1609/251/68
f 1612/400/69 1614/402/70 1613/403/70 1611/401/69
f 1614/402/70 1616/404/71 1615/405/71 1613/403/70
f 1616/404/71 1618/406/72 1617/407/72 1615/405/71
f 1618/406/72 1620/408/73 1619/409/73 1617/407/72
f 1620/408/73 1622/410/74 1621/411/74 1619/409/73
f 1622/410/74 1624/412/75 1623/413/75 1621/411/74
f 1624/412/75 1626/414/76 1625/415/76 1623/413/75
f 1626/414/76 1628/416/77 1627/417/77 1625/415/76
f 1628/416/77 1630/418/78 1629/419/78 1627/417/77
f 1630/418/78 1632/420/79 1631/421/79 1629/419/78
f 1632/420/79 1634/422/80 1633/423/80 1631/421/79
f 1634/422/80 1636/424/81 1635/425/81 1633/423/80
f 1636/424/81 1638/426/82 1637/427/82 1635/425/81
f 1638/426/82 1640/428/83 1639/429/83 1637/427/82
f 1640/428/83 1642/430/84 1641/431/84 1639/429/83
f 1642/430/84 1644/432/85 1643/433/85 1641/431/84
f 1644/432/85 1646/434/86 1645/435/86 1643/433/85
f 1646/434/86 1648/436/87 1647/437/87 1645/435/86
f 1648/436/87 1650/438/88 1649/439/88 1647/437/87
f 1650/438/88 1652/440/89 1651/441/89 1649/439/88
f 1652/440/89 1654/442/90 1653/443/90 1651/441/89
f 1654/442/90 1656/444/91 1655/445/91 1653/443/90
f 1656/444/91 1658/446/92 1657/447/92 1655/445/91
f 1658/446/92 1660/448/93 1659/449/93 1657/447/92
f 1660/448/93 1662/450/94 1661/451/94 1659/449/93
f 1662/450/94 1664/452/95 1663/453/95 1661/451/94
f 1664/452/95 1666/454/96 1665/455/96 1663/453/95
f 1666/454/96 1668/456/97 1667/457/97 1665/455/96
f 1668/456/97 1670/458/98 1669/459/98 1667/457/97
f 1670/458/98 1672/460/99 1671/461/99 1669/459/98
f 1672/460/99 1674/462/100 1673/463/100 1671/461/99
f 1674/462/100 1676/464/101 1675/465/101 1673/463/100
f 1676/464/101 1678/466/102 1677/467/102 1675/465/101
f 1678/466/102 1680/468/103 1679/469/103 1677/467/102
f 1680/468/103 1682/470/104 1681/471/104 1679/469/103
f 1682/470/104 1684/472/105 1683/473/105 1681/471/104
f 1684/472/105 1686/474/106 1685/475/106 1683/473/105
f 1686/474/106 1688/476/107 1687/477/107 1685/475/106
f 1688/476/107 1690/478/108 1689/479/108 1687/477/107
f 1690/478/108 1692/480/109 1691/481/109 1689/479/108
f 1692/480/109 1694/482/110 1693/483/110 1691/481/109
f 1694/482/110 1696/484/111 1695/485/111 1693/483/110
f 1696/484/111 1698/486/112 1697/487/112 1695/485/111
f 1698/486/112 1700/488/113 1699/489/113 1697/487/112
f 1700/488/113 1702/490/114 1701/491/114 1699/489/113
f 1702/490/114 1704/492/115 1703/493/115 1701/491/114
f 1704/492/115 1706/494/116 1705/495/116 1703/493/115
f 1706/494/116 1708/496/117 1707/497/117 1705/495/116
f 1708/496/117 1710/498/118 1709/499/118 1707/497/117
f 1710/498/118 1712/500/119 1711/501/119 1709/499/118
f 1712/500/119 1714/502/120 1713/503/120 1711/501/119
f 1714/502/120 1716/504/121 1715/505/121 1713/503/120
f 1716/504/121 1718/506/122 1717/507/122 1715/505/121
f 1718/506/122 1720/508/123 1719/509/123 1717/507/122
f 1720/508/123 1722/510/124 1721/511/124 1719/509/123
f 1722/510/124 1724/512/125 1723/513/125 1721/511/124
f 1724/512/125 1726/514/126 1725/515/126 1723/513/125
f 1726/514/126 1728/516/127 1727/517/127 1725/515/126
f 1728/516/127 1730/518/128 1729/519/128 1727/517/127
f 1730/518/128 1732/520/129 1731/271/129 1729/519/128
f 1732/520/129 1734/521/130 1733/522/130 1731/271/129
f 1734/521/130 1736/523/131 1735/524/131 1733/522/130
f 1736/523/131 1738/525/132 1737/526/132 1735/524/131
f 1738/525/132 1740/527/133 1739/528/133 1737/526/132
f 1740/527/133 1742/529/134 1741/530/134 1739/528/133
f 1742/529/134 1744/531/135 1743/532/135 1741/530/134
f 1744/531/135 1746/533/136 1745/534/136 1743/532/135
f 1746/533/136 1748/535/137 1747/536/137 1745/534/136
f 1748/535/137 1750/537/138 1749/538/138 1747/536/137
f 1750/537/138 1752/539/139 1751/540/139 1749/538/138
f 1752/539/139 1754/541/140 1753/542/140 1751/540/139
f 1754/541/140 1756/543/141 1755/544/141 1753/542/140
f 1756/543/141 1758/545/142 1757/546/142 1755/544/141
f 1758/545/142 1760/547/143 1759/548/143 1757/546/142
f 1760/547/143 1762/549/144 1761/550/144 1759/548/143
f 1762/549/144 1764/551/145 1763/552/145 1761/550/144
f 1764/551/145 1766/553/146 1765/554/146 1763/552/145
f 1766/553/146 1768/555/147 1767/556/147 1765/554/146
f 1768/555/147 1770/557/148 1769/558/148 1767/556/147
f 1770/557/148 1772/559/149 1771/560/149 1769/558/148
f 1772/559/149 1774/561/150 1773/562/150 1771/560/149
f 1774/561/150 1776/563/151 1775/564/151 1773/562/150
f 1776/563/151 1778/565/152 1777/566/152 1775/564/151
f 1778/565/152 1780/567/153 1779/568/153 1777/566/152
f 1780/567/153 1782/569/154 1781/570/154 1779/568/153
f 1782/569/154 1784/571/155 1783/572/155 1781/570/154
f 1784/571/155 1786/573/156 1785/574/156 1783/572/155
f 1786/573/156 1788/575/288 1787/576/288 1785/574/156
f 1788/575/288 1790/577/158 1789/578/158 1787/576/288
f 1790/577/158 1792/579/159 1791/580/159 1789/578/158
f 1792/579/159 1794/581/160 1793/582/160 1791/580/159
f 1794/581/160 1796/583/161 1795/584/161 1793/582/160
f 1796/583/161 1798/585/162 1797/586/162 1795/584/161
f 1798/585/162 1800/587/163 1799/588/163 1797/586/162
f 1800/587/163 1802/589/164 1801/590/164 1799/588/163
f 1802/589/164 1804/591/165 1803/592/165 1801/590/164
f 1804/591/165 1806/593/166 1805/594/166 1803/592/165
f 1806/593/166 1808/595/167 1807/596/167 1805/594/166
f 1808/595/167 1810/597/168 1809/598/168 1807/596/167
f 1810/597/168 1812/599/169 1811/600/169 1809/598/168
f 1812/599/169 1814/601/170 1813/602/170 1811/600/169
f 1814/601/170 1816/603/171 1815/604/171 1813/602/170
f 1816/603/171 1818/605/172 1817/606/172 1815/604/171
f 1818/605/172 1820/607/173 1819/608/173 1817/606/172
f 1820/607/173 1822/609/174 1821/610/174 1819/608/173
f 1822/609/174 1824/611/175 1823/612/175 1821/610/174
f 1824/611/175 1826/613/176 1825/614/176 1823/612/175
f 1826/613/176 1828/615/177 1827/616/177 1825/614/176
f 1828/615/177 1830/617/178 1829/618/178 1827/616/177
f 1830/617/178 1832/619/179 1831/620/179 1829/618/178
f 1832/619/179 1834/621/180 1833/622/180 1831/620/179
f 1834/621/180 1836/623/181 1835/624/181 1833/622/180
f 1836/623/181 1838/625/182 1837/626/182 1835/624/181
f 1838/625/182 1840/627/183 1839/628/183 1837/626/182
f 1840/627/183 1842/629/184 1841/630/184 1839/628/183
f 1842/629/184 1844/631/185 1843/632/185 1841/630/184
f 1844/631/185 1846/633/186 1845/634/186 1843/632/185
f 1846/633/186 1848/635/187 1847/636/187 1845/634/186
f 1848/635/187 1850/637/188 1849/638/188 1847/636/187
f 1850/637/188 1852/639/189 1851/640/189 1849/638/188
f 1852/639/189 1488/641/7 1487/1/7 1851/640/189
