# Dragonfly_03_Hmm.wad, map MAP01
# Created by Ultimate Doom Builder 3.0.0.3925

o MAP01
v 4.42890644073486 14 15.375
v 4.58815622329712 14 15.125
v 4.58815622329712 10 15.125
v 4.42890644073486 10 15.375
v 4.42890644073486 9 15.375
v 4.58815622329712 9 15.125
v 4.58815622329712 5 15.125
v 4.42890644073486 5 15.375
v -4.58815622329712 14 15.125
v -4.42890644073486 14 15.375
v -4.42890644073486 10 15.375
v -4.58815622329712 10 15.125
v -4.58815622329712 9 15.125
v -4.42890644073486 9 15.375
v -4.42890644073486 5 15.375
v -4.58815622329712 5 15.125
v 5.47209358215332 14.25 6.66781234741211
v 5.47209358215332 14.5 6.66781234741211
v 5.07512521743774 14.5 6.18406248092651
v 5.07512521743774 14.25 6.18406248092651
v 2.64146876335144 4.90270900726318 8.16878128051758
v 2.64146876335144 7 8.16878128051758
v 2.50393748283386 7 8.25431251525879
v 2.50393748283386 5 8.25431251525879
v 2.71781253814697 4.81204843521118 8.0259370803833
v 2.71781253814697 7 8.0259370803833
v 2.71250009536743 4.7523193359375 7.86406230926514
v 2.71250009536743 7 7.86406230926514
v 2.62700009346008 4.73950481414795 7.72653102874756
v 2.62700009346008 7 7.72653102874756
v 2.48415613174438 4.77706670761108 7.65018749237061
v 2.48415613174438 7 7.65018749237061
v 2.32228136062622 4.85492730140686 7.65549993515015
v 2.32228136062622 7 7.65549993515015
v 5.25193738937378 0 6.00724983215332
v 5.25193738937378 3 6.00724983215332
v 5.62959384918213 3 5.62959384918213
v 5.62959384918213 0 5.62959384918213
v 6.00724983215332 3 5.25193738937378
v 6.00724983215332 0 5.25193738937378
v 1.11534380912781 2.5 11.3242816925049
v 1.11534380912781 6.5 11.3242816925049
v 2.21996879577637 6.5 11.1604061126709
v 2.21996879577637 2.5 11.1604061126709
v 3.30318760871887 6.5 10.8890933990479
v 3.30318760871887 2.5 10.8890933990479
v 2.50393748283386 14.5 8.25431251525879
v 2.50393748283386 15 8.25431251525879
v 2.12150001525879 15 8.34568786621094
v 2.12150001525879 14.5 8.34568786621094
v 2.50393748283386 2.5 8.25431251525879
v 2.50393748283386 6.5 8.25431251525879
v 2.12150001525879 6.5 8.34568786621094
v 2.12150001525879 2.5 8.34568786621094
v 1.65837502479553 15 8.46165657043457
v 1.65837502479553 14.5 8.46165657043457
v 0.833187520503998 15 8.58409404754639
v 0.833187520503998 14.5 8.58409404754639
v 0 15 8.625
v 0 14.5 8.625
v 0 2.5 11.3790626525879
v 0 6.5 11.3790626525879
v -1.65837502479553 14.5 8.46165657043457
v -1.65837502479553 15 8.46165657043457
v -2.12150001525879 15 8.34568786621094
v -2.12150001525879 14.5 8.34568786621094
v -0.833187520503998 14.5 8.58409404754639
v -0.833187520503998 15 8.58409404754639
v -2.50393748283386 15 8.25431251525879
v -2.50393748283386 14.5 8.25431251525879
v -2.12150001525879 2.5 8.34568786621094
v -2.12150001525879 6.5 8.34568786621094
v -2.50393748283386 6.5 8.25431251525879
v -2.50393748283386 2.5 8.25431251525879
v -3.30318760871887 2.5 10.8890933990479
v -3.30318760871887 6.5 10.8890933990479
v -2.21996879577637 6.5 11.1604061126709
v -2.21996879577637 2.5 11.1604061126709
v -1.11534380912781 6.5 11.3242816925049
v -1.11534380912781 2.5 11.3242816925049
v 5.125 14 15.149374961853
v 5.125 10 15.149374961853
v 5.125 9 15.149374961853
v 5.125 5 15.149374961853
v 10.156343460083 14 12.3756561279297
v 9.90831279754639 14 12.0927495956421
v 9.90831279754639 10 12.0927495956421
v 10.156343460083 10 12.3756561279297
v 10.156343460083 9 12.3756561279297
v 9.90831279754639 9 12.0927495956421
v 9.90831279754639 5 12.0927495956421
v 10.156343460083 5 12.3756561279297
v 9.9370002746582 3.5 11.7143125534058
v 9.9370002746582 14 11.7143125534058
v 10.8256559371948 14 10.8256559371948
v 10.8256559371948 3.5 10.8256559371948
v 11.7143125534058 14 9.9370002746582
v 11.7143125534058 3.5 9.9370002746582
v 4.71659374237061 13 15.8125
v 4.42890644073486 13 15.375
v 4.71659374237061 10 15.8125
v 4.71659374237061 9 15.8125
v 4.42890644073486 6 15.375
v 4.71659374237061 6 15.8125
v -4.42890644073486 13 15.375
v -4.71659374237061 13 15.8125
v -4.71659374237061 10 15.8125
v -4.71659374237061 9 15.8125
v -4.71659374237061 6 15.8125
v -4.42890644073486 6 15.375
v -1.50790619850159 14.25 15.3098125457764
v -1.50790619850159 15 15.3098125457764
v 0 15 15.3838748931885
v 0 14.25 15.3838748931885
v -1.50790619850159 9 15.3098125457764
v -1.50790619850159 10 15.3098125457764
v 0 10 15.3838748931885
v 0 9 15.3838748931885
v -1.50790619850159 3 15.3098125457764
v -1.50790619850159 5 15.3098125457764
v 0 5 15.3838748931885
v 0 3 15.3838748931885
v -3.00131249427795 14.25 15.0882816314697
v -3.00131249427795 15 15.0882816314697
v -3.00131249427795 9 15.0882816314697
v -3.00131249427795 10 15.0882816314697
v -3.00131249427795 3 15.0882816314697
v -3.00131249427795 5 15.0882816314697
v -4.46575021743774 14.25 14.7214374542236
v -4.46575021743774 15 14.7214374542236
v -4.46575021743774 9 14.7214374542236
v -4.46575021743774 10 14.7214374542236
v -4.46575021743774 3 14.7214374542236
v -4.46575021743774 5 14.7214374542236
v -2.34203124046326 3 11.7741250991821
v -2.34203124046326 7 11.7741250991821
v -3.48481249809265 7 11.4879064559937
v -3.48481249809265 3 11.4879064559937
v -1.17668747901917 3 11.9470310211182
v -1.17668747901917 7 11.9470310211182
v 0 3 12.0048122406006
v 0 7 12.0048122406006
v 1.17668747901917 3 11.9470310211182
v 1.17668747901917 7 11.9470310211182
v 2.34203124046326 3 11.7741250991821
v 2.34203124046326 7 11.7741250991821
v 3.48481249809265 3 11.4879064559937
v 3.48481249809265 7 11.4879064559937
v 3.00131249427795 14.25 15.0882816314697
v 3.00131249427795 15 15.0882816314697
v 4.46575021743774 15 14.7214374542236
v 4.46575021743774 14.25 14.7214374542236
v 3.00131249427795 9 15.0882816314697
v 3.00131249427795 10 15.0882816314697
v 4.46575021743774 10 14.7214374542236
v 4.46575021743774 9 14.7214374542236
v 3.00131249427795 3 15.0882816314697
v 3.00131249427795 5 15.0882816314697
v 4.46575021743774 5 14.7214374542236
v 4.46575021743774 3 14.7214374542236
v 1.50790619850159 14.25 15.3098125457764
v 1.50790619850159 15 15.3098125457764
v 1.50790619850159 9 15.3098125457764
v 1.50790619850159 10 15.3098125457764
v 1.50790619850159 3 15.3098125457764
v 1.50790619850159 5 15.3098125457764
v 3.30318760871887 7 10.8890933990479
v 7.21878147125244 14.25 8.79615592956543
v 7.21878147125244 15 8.79615592956543
v 5.47209358215332 15 6.66781234741211
v 7.21878147125244 2.5 8.79615592956543
v 7.21878147125244 3 8.79615592956543
v 5.47209358215332 3 6.66781234741211
v 5.47209358215332 2.5 6.66781234741211
v 3.30093741416931 14.5 7.96915626525879
v 3.30093741416931 15 7.96915626525879
v 3.30093741416931 2.5 7.96915626525879
v 3.30093741416931 4.51710104942322 7.96915626525879
v 4.0661563873291 14.5 7.60725021362305
v 4.0661563873291 15 7.60725021362305
v 4.0661563873291 2.5 7.60725021362305
v 4.0661563873291 4.01958847045898 7.60725021362305
v 4.79221868515015 14.5 7.17203140258789
v 4.79221868515015 15 7.17203140258789
v 4.79221868515015 2.5 7.17203140258789
v 4.79221868515015 3.51223790645599 7.17203140258789
v 6.32187509536743 2.5 9.46131229400635
v 6.32187509536743 3 9.46131229400635
v 5.36406230926514 2.5 10.0354375839233
v 5.36406230926514 3 10.0354375839233
v 4.35456228256226 2.5 10.5128746032715
v 4.35456228256226 3 10.5128746032715
v 3.30318760871887 3 10.8890933990479
v 4.44456243515015 14.5 6.65175008773804
v 4.44456243515015 15 6.65175008773804
v 5.07512521743774 15 6.18406248092651
v 4.44456243515015 0 6.65175008773804
v 4.44456243515015 3.4750999212265 6.65175008773804
v 5.07512521743774 3 6.18406248092651
v 5.07512521743774 0 6.18406248092651
v 3.77118754386902 14.5 7.05537509918213
v 3.77118754386902 15 7.05537509918213
v 3.77118754386902 0 7.05537509918213
v 3.77118754386902 3.94562971591949 7.05537509918213
v 3.06146883964539 14.5 7.39103126525879
v 3.06146883964539 15 7.39103126525879
v 3.06146883964539 0 7.39103126525879
v 3.06146883964539 4.40705800056458 7.39103126525879
v 2.32228136062622 14.5 7.65549993515015
v 2.32228136062622 15 7.65549993515015
v 2.32228136062622 0 7.65549993515015
v 2 14.5 7.73624992370605
v 2 15 7.73624992370605
v 2 0 7.73624992370605
v 2 7 7.73624992370605
v 2 15 3
v 2 14.25 3
v 9.75937461853027 14.25 11.8919372558594
v 9.75937461853027 15 11.8919372558594
v 7.61574983596802 15 9.27987480163574
v 7.61574983596802 14.25 9.27987480163574
v 9.75937461853027 3 11.8919372558594
v 9.75937461853027 3.5 11.8919372558594
v 7.61574983596802 3.5 9.27987480163574
v 7.61574983596802 3 9.27987480163574
v 5.88712501525879 15 14.2128753662109
v 5.88712501525879 14.25 14.2128753662109
v 5.88712501525879 10 14.2128753662109
v 5.88712501525879 9 14.2128753662109
v 5.88712501525879 5 14.2128753662109
v 5.88712501525879 3 14.2128753662109
v 8.546875 14.25 12.791187286377
v 8.546875 15 12.791187286377
v 8.546875 9 12.791187286377
v 8.546875 10 12.791187286377
v 9.75937461853027 10 11.8919372558594
v 9.75937461853027 9 11.8919372558594
v 8.546875 3 12.791187286377
v 8.546875 5 12.791187286377
v 9.75937461853027 5 11.8919372558594
v 7.25193738937378 14.25 13.5673751831055
v 7.25193738937378 15 13.5673751831055
v 7.25193738937378 9 13.5673751831055
v 7.25193738937378 10 13.5673751831055
v 7.25193738937378 3 13.5673751831055
v 7.25193738937378 5 13.5673751831055
v 3.62234377861023 3 11.4023752212524
v 3.62234377861023 7 11.4023752212524
v 3.69868755340576 3 11.2595624923706
v 3.69868755340576 7 11.2595624923706
v 3.69340634346008 3 11.0976877212524
v 3.69340634346008 7 11.0976877212524
v 3.60787510871887 3 10.9601564407349
v 3.60787510871887 7 10.9601564407349
v 3.46506261825562 3 10.8838129043579
v 3.46506261825562 7 10.8838129043579
v 1.85578119754791 2.5 7.80743741989136
v 1.85578119754791 6.5 7.80743741989136
v 2 6.5 7.73624992370605
v 2 2.5 7.73624992370605
v 1.76646876335144 2.5 7.94121885299683
v 1.76646876335144 6.5 7.94121885299683
v 1.75603127479553 2.5 8.10171890258789
v 1.75603127479553 6.5 8.10171890258789
v 1.82721877098083 2.5 8.24593734741211
v 1.82721877098083 6.5 8.24593734741211
v 1.96099996566772 2.5 8.33524990081787
v 1.96099996566772 6.5 8.33524990081787
v -2 2.5 7.73624992370605
v -2 6.5 7.73624992370605
v -1.85578119754791 6.5 7.80743741989136
v -1.85578119754791 2.5 7.80743741989136
v -1.76646876335144 6.5 7.94121885299683
v -1.76646876335144 2.5 7.94121885299683
v -1.75603127479553 6.5 8.10171890258789
v -1.75603127479553 2.5 8.10171890258789
v -1.82721877098083 6.5 8.24593734741211
v -1.82721877098083 2.5 8.24593734741211
v -1.96099996566772 6.5 8.33524990081787
v -1.96099996566772 2.5 8.33524990081787
v 0 14.5 8
v 0 15 8
v 0.784124970436096 15 7.96150016784668
v 0.784124970436096 14.5 7.96150016784668
v 0 6.5 8
v 0 7 8
v 0.784124970436096 7 7.96150016784668
v 0.784124970436096 6.5 7.96150016784668
v 0 2.375 8
v 0 2.5 8
v 0.784124970436096 2.5 7.96150016784668
v 0.784124970436096 2.36152499914169 7.96150016784668
v 1.56071877479553 15 7.84628105163574
v 1.56071877479553 14.5 7.84628105163574
v 1.56071877479553 7 7.84628105163574
v 1.56071877479553 6.5 7.84628105163574
v 1.56071877479553 2.5 7.84628105163574
v 1.56071877479553 2.32119843363762 7.84628105163574
v 2 2.28268748521805 7.73624992370605
v -0.784124970436096 14.5 7.96150016784668
v -0.784124970436096 15 7.96150016784668
v -0.784124970436096 6.5 7.96150016784668
v -0.784124970436096 7 7.96150016784668
v -0.784124970436096 2.36152499914169 7.96150016784668
v -0.784124970436096 2.5 7.96150016784668
v -1.56071877479553 14.5 7.84628105163574
v -1.56071877479553 15 7.84628105163574
v -1.56071877479553 6.5 7.84628105163574
v -1.56071877479553 7 7.84628105163574
v -1.56071877479553 2.32119843363762 7.84628105163574
v -1.56071877479553 2.5 7.84628105163574
v -2 14.5 7.73624992370605
v -2 15 7.73624992370605
v -2 7 7.73624992370605
v -2 2.28268748521805 7.73624992370605
v -2 15 3
v -2 14.25 3
v 9.9370002746582 10 11.7143125534058
v 9.9370002746582 9 11.7143125534058
v 9.9370002746582 5 11.7143125534058
v -20 6.5 12
v -20 7 12
v -20 7 13
v -20 6.5 13
v -20 9 10
v -20 10 10
v -20 10 11
v -20 9 11
v -2.50393748283386 5 8.25431251525879
v -2.50393748283386 7 8.25431251525879
v -2.64146876335144 7 8.16878128051758
v -2.64146876335144 4.90270900726318 8.16878128051758
v -5.07512521743774 14.25 6.18406248092651
v -5.07512521743774 14.5 6.18406248092651
v -5.47209358215332 14.5 6.66781234741211
v -5.47209358215332 14.25 6.66781234741211
v -2.71781253814697 7 8.0259370803833
v -2.71781253814697 4.81204843521118 8.0259370803833
v -2.71250009536743 7 7.86406230926514
v -2.71250009536743 4.7523193359375 7.86406230926514
v -2.62700009346008 7 7.72653102874756
v -2.62700009346008 4.73950481414795 7.72653102874756
v -2.48415613174438 7 7.65018749237061
v -2.48415613174438 4.77706670761108 7.65018749237061
v -2.32228136062622 7 7.65549993515015
v -2.32228136062622 4.85492730140686 7.65549993515015
v -6.00724983215332 0 5.25193738937378
v -6.00724983215332 3 5.25193738937378
v -5.25193738937378 3 6.00724983215332
v -5.25193738937378 0 6.00724983215332
v -9.90831279754639 14 12.0927495956421
v -10.156343460083 14 12.3756561279297
v -10.156343460083 10 12.3756561279297
v -9.90831279754639 10 12.0927495956421
v -9.90831279754639 9 12.0927495956421
v -10.156343460083 9 12.3756561279297
v -10.156343460083 5 12.3756561279297
v -9.90831279754639 5 12.0927495956421
v -5.125 14 15.149374961853
v -5.125 10 15.149374961853
v -5.125 9 15.149374961853
v -5.125 5 15.149374961853
v -11.7143125534058 3.5 9.9370002746582
v -11.7143125534058 14 9.9370002746582
v -9.9370002746582 14 11.7143125534058
v -9.9370002746582 3.5 11.7143125534058
v -3.30318760871887 7 10.8890933990479
v -5.47209358215332 15 6.66781234741211
v -7.21878147125244 15 8.79615592956543
v -7.21878147125244 14.25 8.79615592956543
v -5.47209358215332 2.5 6.66781234741211
v -5.47209358215332 3 6.66781234741211
v -7.21878147125244 3 8.79615592956543
v -7.21878147125244 2.5 8.79615592956543
v -3.30093741416931 15 7.96915626525879
v -3.30093741416931 14.5 7.96915626525879
v -3.30093741416931 4.51710104942322 7.96915626525879
v -3.30093741416931 2.5 7.96915626525879
v -4.0661563873291 15 7.60725021362305
v -4.0661563873291 14.5 7.60725021362305
v -4.0661563873291 4.01958847045898 7.60725021362305
v -4.0661563873291 2.5 7.60725021362305
v -4.79221868515015 15 7.17203140258789
v -4.79221868515015 14.5 7.17203140258789
v -4.79221868515015 3.51223790645599 7.17203140258789
v -4.79221868515015 2.5 7.17203140258789
v -6.32187509536743 3 9.46131229400635
v -6.32187509536743 2.5 9.46131229400635
v -5.36406230926514 3 10.0354375839233
v -5.36406230926514 2.5 10.0354375839233
v -4.35456228256226 3 10.5128746032715
v -4.35456228256226 2.5 10.5128746032715
v -3.30318760871887 3 10.8890933990479
v -5.07512521743774 15 6.18406248092651
v -4.44456243515015 15 6.65175008773804
v -4.44456243515015 14.5 6.65175008773804
v -5.07512521743774 0 6.18406248092651
v -5.07512521743774 3 6.18406248092651
v -4.44456243515015 3.4750999212265 6.65175008773804
v -4.44456243515015 0 6.65175008773804
v -3.77118754386902 15 7.05537509918213
v -3.77118754386902 14.5 7.05537509918213
v -3.77118754386902 3.94562971591949 7.05537509918213
v -3.77118754386902 0 7.05537509918213
v -3.06146883964539 15 7.39103126525879
v -3.06146883964539 14.5 7.39103126525879
v -3.06146883964539 4.40705800056458 7.39103126525879
v -3.06146883964539 0 7.39103126525879
v -2.32228136062622 15 7.65549993515015
v -2.32228136062622 14.5 7.65549993515015
v -2.32228136062622 0 7.65549993515015
v -2 0 7.73624992370605
v -7.61574983596802 14.25 9.27987480163574
v -7.61574983596802 15 9.27987480163574
v -9.75937461853027 15 11.8919372558594
v -9.75937461853027 14.25 11.8919372558594
v -7.61574983596802 3 9.27987480163574
v -7.61574983596802 3.5 9.27987480163574
v -9.75937461853027 3.5 11.8919372558594
v -9.75937461853027 3 11.8919372558594
v -5.88712501525879 14.25 14.2128753662109
v -5.88712501525879 15 14.2128753662109
v -5.88712501525879 9 14.2128753662109
v -5.88712501525879 10 14.2128753662109
v -5.88712501525879 3 14.2128753662109
v -5.88712501525879 5 14.2128753662109
v -7.25193738937378 14.25 13.5673751831055
v -7.25193738937378 15 13.5673751831055
v -7.25193738937378 9 13.5673751831055
v -7.25193738937378 10 13.5673751831055
v -7.25193738937378 3 13.5673751831055
v -7.25193738937378 5 13.5673751831055
v -8.546875 14.25 12.791187286377
v -8.546875 15 12.791187286377
v -8.546875 9 12.791187286377
v -8.546875 10 12.791187286377
v -8.546875 3 12.791187286377
v -8.546875 5 12.791187286377
v -9.75937461853027 9 11.8919372558594
v -9.75937461853027 10 11.8919372558594
v -9.75937461853027 5 11.8919372558594
v -3.62234377861023 7 11.4023752212524
v -3.62234377861023 3 11.4023752212524
v -3.69868755340576 7 11.2595624923706
v -3.69868755340576 3 11.2595624923706
v -3.69340634346008 7 11.0976877212524
v -3.69340634346008 3 11.0976877212524
v -3.60787510871887 7 10.9601564407349
v -3.60787510871887 3 10.9601564407349
v -3.46506261825562 7 10.8838129043579
v -3.46506261825562 3 10.8838129043579
v -9.9370002746582 9 11.7143125534058
v -9.9370002746582 10 11.7143125534058
v -9.9370002746582 5 11.7143125534058
v -1 13 21
v 1 13 21
v 1 10 21
v -1 10 21
v -1 9 21
v 1 9 21
v 1 6 21
v -1 6 21
v -15.375 14 4.42890644073486
v -15.125 14 4.58815622329712
v -15.125 10 4.58815622329712
v -15.375 10 4.42890644073486
v -15.375 9 4.42890644073486
v -15.125 9 4.58815622329712
v -15.125 5 4.58815622329712
v -15.375 5 4.42890644073486
v -15.125 14 -4.58815622329712
v -15.375 14 -4.42890644073486
v -15.375 10 -4.42890644073486
v -15.125 10 -4.58815622329712
v -15.125 9 -4.58815622329712
v -15.375 9 -4.42890644073486
v -15.375 5 -4.42890644073486
v -15.125 5 -4.58815622329712
v -8.16878128051758 4.90270900726318 2.64146876335144
v -8.16878128051758 7 2.64146876335144
v -8.25431251525879 7 2.50393748283386
v -8.25431251525879 5 2.50393748283386
v -6.66781234741211 14.25 5.47209358215332
v -6.66781234741211 14.5 5.47209358215332
v -6.18406248092651 14.5 5.07512521743774
v -6.18406248092651 14.25 5.07512521743774
v -8.0259370803833 4.81204843521118 2.71781253814697
v -8.0259370803833 7 2.71781253814697
v -7.86406230926514 4.7523193359375 2.71250009536743
v -7.86406230926514 7 2.71250009536743
v -7.72653102874756 4.73950481414795 2.62700009346008
v -7.72653102874756 7 2.62700009346008
v -7.65018749237061 4.77706670761108 2.48415613174438
v -7.65018749237061 7 2.48415613174438
v -7.65549993515015 4.85492730140686 2.32228136062622
v -7.65549993515015 7 2.32228136062622
v -21 13 -1
v -21 13 1
v -21 10 1
v -21 10 -1
v -21 9 -1
v -21 9 1
v -21 6 1
v -21 6 -1
v -8.34568786621094 14.5 2.12150001525879
v -8.34568786621094 15 2.12150001525879
v -8.46165657043457 15 1.65837502479553
v -8.46165657043457 14.5 1.65837502479553
v -8.58409404754639 15 0.833187520503998
v -8.58409404754639 14.5 0.833187520503998
v -8.25431251525879 14.5 2.50393748283386
v -8.25431251525879 15 2.50393748283386
v -8.25431251525879 2.5 2.50393748283386
v -8.25431251525879 6.5 2.50393748283386
v -8.34568786621094 6.5 2.12150001525879
v -8.34568786621094 2.5 2.12150001525879
v -8.625 15 0
v -8.625 14.5 0
v -11.1604061126709 2.5 2.21996879577637
v -11.1604061126709 6.5 2.21996879577637
v -10.8890933990479 6.5 3.30318760871887
v -10.8890933990479 2.5 3.30318760871887
v -11.3242816925049 2.5 1.11534380912781
v -11.3242816925049 6.5 1.11534380912781
v -11.3790626525879 2.5 0
v -11.3790626525879 6.5 0
v -8.46165657043457 14.5 -1.65837502479553
v -8.46165657043457 15 -1.65837502479553
v -8.34568786621094 15 -2.12150001525879
v -8.34568786621094 14.5 -2.12150001525879
v -8.58409404754639 14.5 -0.833187520503998
v -8.58409404754639 15 -0.833187520503998
v -8.25431251525879 15 -2.50393748283386
v -8.25431251525879 14.5 -2.50393748283386
v -8.34568786621094 2.5 -2.12150001525879
v -8.34568786621094 6.5 -2.12150001525879
v -8.25431251525879 6.5 -2.50393748283386
v -8.25431251525879 2.5 -2.50393748283386
v -10.8890933990479 2.5 -3.30318760871887
v -10.8890933990479 6.5 -3.30318760871887
v -11.1604061126709 6.5 -2.21996879577637
v -11.1604061126709 2.5 -2.21996879577637
v -11.3242816925049 6.5 -1.11534380912781
v -11.3242816925049 2.5 -1.11534380912781
v -12.3756561279297 14 10.156343460083
v -12.0927495956421 14 9.90831279754639
v -12.0927495956421 10 9.90831279754639
v -12.3756561279297 10 10.156343460083
v -12.3756561279297 9 10.156343460083
v -12.0927495956421 9 9.90831279754639
v -12.0927495956421 5 9.90831279754639
v -12.3756561279297 5 10.156343460083
v -15.149374961853 14 5.125
v -15.149374961853 10 5.125
v -15.149374961853 9 5.125
v -15.149374961853 5 5.125
v -15.375 13 -4.42890644073486
v -15.8125 13 -4.71659374237061
v -15.8125 10 -4.71659374237061
v -15.8125 9 -4.71659374237061
v -15.8125 6 -4.71659374237061
v -15.375 6 -4.42890644073486
v -15.8125 13 4.71659374237061
v -15.375 13 4.42890644073486
v -15.8125 10 4.71659374237061
v -15.8125 9 4.71659374237061
v -15.375 6 4.42890644073486
v -15.8125 6 4.71659374237061
v -15.3098125457764 14.25 -1.50790619850159
v -15.3098125457764 15 -1.50790619850159
v -15.3838748931885 15 0
v -15.3838748931885 14.25 0
v -15.3098125457764 9 -1.50790619850159
v -15.3098125457764 10 -1.50790619850159
v -15.3838748931885 10 0
v -15.3838748931885 9 0
v -15.3098125457764 3 -1.50790619850159
v -15.3098125457764 5 -1.50790619850159
v -15.3838748931885 5 0
v -15.3838748931885 3 0
v -15.0882816314697 14.25 -3.00131249427795
v -15.0882816314697 15 -3.00131249427795
v -15.0882816314697 9 -3.00131249427795
v -15.0882816314697 10 -3.00131249427795
v -15.0882816314697 3 -3.00131249427795
v -15.0882816314697 5 -3.00131249427795
v -14.7214374542236 14.25 -4.46575021743774
v -14.7214374542236 15 -4.46575021743774
v -14.7214374542236 9 -4.46575021743774
v -14.7214374542236 10 -4.46575021743774
v -14.7214374542236 3 -4.46575021743774
v -14.7214374542236 5 -4.46575021743774
v -11.7741250991821 3 -2.34203124046326
v -11.7741250991821 7 -2.34203124046326
v -11.4879064559937 7 -3.48481249809265
v -11.4879064559937 3 -3.48481249809265
v -11.9470310211182 3 -1.17668747901917
v -11.9470310211182 7 -1.17668747901917
v -12.0048122406006 3 0
v -12.0048122406006 7 0
v -11.9470310211182 3 1.17668747901917
v -11.9470310211182 7 1.17668747901917
v -11.7741250991821 3 2.34203124046326
v -11.7741250991821 7 2.34203124046326
v -11.4879064559937 3 3.48481249809265
v -11.4879064559937 7 3.48481249809265
v -15.0882816314697 14.25 3.00131249427795
v -15.0882816314697 15 3.00131249427795
v -14.7214374542236 15 4.46575021743774
v -14.7214374542236 14.25 4.46575021743774
v -15.0882816314697 9 3.00131249427795
v -15.0882816314697 10 3.00131249427795
v -14.7214374542236 10 4.46575021743774
v -14.7214374542236 9 4.46575021743774
v -15.0882816314697 3 3.00131249427795
v -15.0882816314697 5 3.00131249427795
v -14.7214374542236 5 4.46575021743774
v -14.7214374542236 3 4.46575021743774
v -15.3098125457764 14.25 1.50790619850159
v -15.3098125457764 15 1.50790619850159
v -15.3098125457764 9 1.50790619850159
v -15.3098125457764 10 1.50790619850159
v -15.3098125457764 3 1.50790619850159
v -15.3098125457764 5 1.50790619850159
v -10.8890933990479 7 3.30318760871887
v -8.79615592956543 14.25 7.21878147125244
v -8.79615592956543 15 7.21878147125244
v -6.66781234741211 15 5.47209358215332
v -8.79615592956543 2.5 7.21878147125244
v -8.79615592956543 3 7.21878147125244
v -6.66781234741211 3 5.47209358215332
v -6.66781234741211 2.5 5.47209358215332
v -7.96915626525879 14.5 3.30093741416931
v -7.96915626525879 15 3.30093741416931
v -7.96915626525879 2.5 3.30093741416931
v -7.96915626525879 4.51710104942322 3.30093741416931
v -7.60725021362305 14.5 4.0661563873291
v -7.60725021362305 15 4.0661563873291
v -7.60725021362305 2.5 4.0661563873291
v -7.60725021362305 4.01958847045898 4.0661563873291
v -7.17203140258789 14.5 4.79221868515015
v -7.17203140258789 15 4.79221868515015
v -7.17203140258789 2.5 4.79221868515015
v -7.17203140258789 3.51223790645599 4.79221868515015
v -9.46131229400635 2.5 6.32187509536743
v -9.46131229400635 3 6.32187509536743
v -10.0354375839233 2.5 5.36406230926514
v -10.0354375839233 3 5.36406230926514
v -10.5128746032715 2.5 4.35456228256226
v -10.5128746032715 3 4.35456228256226
v -10.8890933990479 3 3.30318760871887
v -6.65175008773804 14.5 4.44456243515015
v -6.65175008773804 15 4.44456243515015
v -6.18406248092651 15 5.07512521743774
v -6.65175008773804 0 4.44456243515015
v -6.65175008773804 3.4750999212265 4.44456243515015
v -6.18406248092651 3 5.07512521743774
v -6.18406248092651 0 5.07512521743774
v -7.05537509918213 14.5 3.77118754386902
v -7.05537509918213 15 3.77118754386902
v -7.05537509918213 0 3.77118754386902
v -7.05537509918213 3.94562971591949 3.77118754386902
v -7.39103126525879 14.5 3.06146883964539
v -7.39103126525879 15 3.06146883964539
v -7.39103126525879 0 3.06146883964539
v -7.39103126525879 4.40705800056458 3.06146883964539
v -7.65549993515015 14.5 2.32228136062622
v -7.65549993515015 15 2.32228136062622
v -7.65549993515015 0 2.32228136062622
v -7.73624992370605 14.5 2
v -7.73624992370605 15 2
v -7.73624992370605 0 2
v -7.73624992370605 7 2
v -3 15 2
v -3 14.25 2
v -11.8919372558594 14.25 9.75937461853027
v -11.8919372558594 15 9.75937461853027
v -9.27987480163574 15 7.61574983596802
v -9.27987480163574 14.25 7.61574983596802
v -11.8919372558594 3 9.75937461853027
v -11.8919372558594 3.5 9.75937461853027
v -9.27987480163574 3.5 7.61574983596802
v -9.27987480163574 3 7.61574983596802
v -14.2128753662109 15 5.88712501525879
v -14.2128753662109 14.25 5.88712501525879
v -14.2128753662109 10 5.88712501525879
v -14.2128753662109 9 5.88712501525879
v -14.2128753662109 5 5.88712501525879
v -14.2128753662109 3 5.88712501525879
v -13.5673751831055 15 7.25193738937378
v -13.5673751831055 14.25 7.25193738937378
v -13.5673751831055 10 7.25193738937378
v -13.5673751831055 9 7.25193738937378
v -13.5673751831055 5 7.25193738937378
v -13.5673751831055 3 7.25193738937378
v -12.791187286377 15 8.546875
v -12.791187286377 14.25 8.546875
v -12.791187286377 10 8.546875
v -12.791187286377 9 8.546875
v -12.791187286377 5 8.546875
v -12.791187286377 3 8.546875
v -11.8919372558594 10 9.75937461853027
v -11.8919372558594 9 9.75937461853027
v -11.8919372558594 5 9.75937461853027
v -11.4023752212524 3 3.62234377861023
v -11.4023752212524 7 3.62234377861023
v -11.2595624923706 3 3.69868755340576
v -11.2595624923706 7 3.69868755340576
v -11.0976877212524 3 3.69340634346008
v -11.0976877212524 7 3.69340634346008
v -10.9601564407349 3 3.60787510871887
v -10.9601564407349 7 3.60787510871887
v -10.8838129043579 3 3.46506261825562
v -10.8838129043579 7 3.46506261825562
v -7.94121885299683 2.5 -1.76646876335144
v -7.94121885299683 6.5 -1.76646876335144
v -8.10171890258789 6.5 -1.75603127479553
v -8.10171890258789 2.5 -1.75603127479553
v -7.80743741989136 2.5 -1.85578119754791
v -7.80743741989136 6.5 -1.85578119754791
v -7.80743741989136 2.5 1.85578119754791
v -7.80743741989136 6.5 1.85578119754791
v -7.73624992370605 6.5 2
v -7.73624992370605 2.5 2
v -8.24593734741211 6.5 -1.82721877098083
v -8.24593734741211 2.5 -1.82721877098083
v -7.94121885299683 2.5 1.76646876335144
v -7.94121885299683 6.5 1.76646876335144
v -8.10171890258789 2.5 1.75603127479553
v -8.10171890258789 6.5 1.75603127479553
v -8.24593734741211 2.5 1.82721877098083
v -8.24593734741211 6.5 1.82721877098083
v -8.33524990081787 2.5 1.96099996566772
v -8.33524990081787 6.5 1.96099996566772
v -8.33524990081787 2.5 -1.96099996566772
v -8.33524990081787 6.5 -1.96099996566772
v -7.73624992370605 2.5 -2
v -7.73624992370605 6.5 -2
v -8 14.5 0
v -8 15 0
v -7.96150016784668 15 0.784124970436096
v -7.96150016784668 14.5 0.784124970436096
v -8 6.5 0
v -8 7 0
v -7.96150016784668 7 0.784124970436096
v -7.96150016784668 6.5 0.784124970436096
v -8 2.375 0
v -8 2.5 0
v -7.96150016784668 2.5 0.784124970436096
v -7.96150016784668 2.36152499914169 0.784124970436096
v -7.84628105163574 15 1.56071877479553
v -7.84628105163574 14.5 1.56071877479553
v -7.84628105163574 7 1.56071877479553
v -7.84628105163574 6.5 1.56071877479553
v -7.84628105163574 2.5 1.56071877479553
v -7.84628105163574 2.32119843363762 1.56071877479553
v -7.73624992370605 2.28268748521805 2
v -7.96150016784668 14.5 -0.784124970436096
v -7.96150016784668 15 -0.784124970436096
v -7.96150016784668 6.5 -0.784124970436096
v -7.96150016784668 7 -0.784124970436096
v -7.96150016784668 2.36152499914169 -0.784124970436096
v -7.96150016784668 2.5 -0.784124970436096
v -7.84628105163574 14.5 -1.56071877479553
v -7.84628105163574 15 -1.56071877479553
v -7.84628105163574 6.5 -1.56071877479553
v -7.84628105163574 7 -1.56071877479553
v -7.84628105163574 2.32119843363762 -1.56071877479553
v -7.84628105163574 2.5 -1.56071877479553
v -7.73624992370605 14.5 -2
v -7.73624992370605 15 -2
v -7.73624992370605 7 -2
v -7.73624992370605 2.28268748521805 -2
v -3 15 -2
v -3 14.25 -2
v -11.7143125534058 10 9.9370002746582
v -11.7143125534058 9 9.9370002746582
v -11.7143125534058 5 9.9370002746582
v -7.65018749237061 4.77706670761108 -2.48415613174438
v -7.65018749237061 7 -2.48415613174438
v -7.65549993515015 7 -2.32228136062622
v -7.65549993515015 4.85492730140686 -2.32228136062622
v -8.25431251525879 5 -2.50393748283386
v -8.25431251525879 7 -2.50393748283386
v -8.16878128051758 7 -2.64146876335144
v -8.16878128051758 4.90270900726318 -2.64146876335144
v -6.18406248092651 14.25 -5.07512521743774
v -6.18406248092651 14.5 -5.07512521743774
v -6.66781234741211 14.5 -5.47209358215332
v -6.66781234741211 14.25 -5.47209358215332
v -8.0259370803833 7 -2.71781253814697
v -8.0259370803833 4.81204843521118 -2.71781253814697
v -7.86406230926514 7 -2.71250009536743
v -7.86406230926514 4.7523193359375 -2.71250009536743
v -7.72653102874756 7 -2.62700009346008
v -7.72653102874756 4.73950481414795 -2.62700009346008
v -5.25193738937378 0 -6.00724983215332
v -5.25193738937378 3 -6.00724983215332
v -6.00724983215332 3 -5.25193738937378
v -6.00724983215332 0 -5.25193738937378
v -15.149374961853 14 -5.125
v -15.149374961853 10 -5.125
v -15.149374961853 9 -5.125
v -15.149374961853 5 -5.125
v -12.0927495956421 14 -9.90831279754639
v -12.3756561279297 14 -10.156343460083
v -12.3756561279297 10 -10.156343460083
v -12.0927495956421 10 -9.90831279754639
v -12.0927495956421 9 -9.90831279754639
v -12.3756561279297 9 -10.156343460083
v -12.3756561279297 5 -10.156343460083
v -12.0927495956421 5 -9.90831279754639
v -9.9370002746582 3.5 -11.7143125534058
v -9.9370002746582 14 -11.7143125534058
v -11.7143125534058 14 -9.9370002746582
v -11.7143125534058 3.5 -9.9370002746582
v -10.8890933990479 7 -3.30318760871887
v -6.66781234741211 15 -5.47209358215332
v -8.79615592956543 15 -7.21878147125244
v -8.79615592956543 14.25 -7.21878147125244
v -6.66781234741211 2.5 -5.47209358215332
v -6.66781234741211 3 -5.47209358215332
v -8.79615592956543 3 -7.21878147125244
v -8.79615592956543 2.5 -7.21878147125244
v -7.96915626525879 15 -3.30093741416931
v -7.96915626525879 14.5 -3.30093741416931
v -7.96915626525879 4.51710104942322 -3.30093741416931
v -7.96915626525879 2.5 -3.30093741416931
v -7.60725021362305 15 -4.0661563873291
v -7.60725021362305 14.5 -4.0661563873291
v -7.60725021362305 4.01958847045898 -4.0661563873291
v -7.60725021362305 2.5 -4.0661563873291
v -7.17203140258789 15 -4.79221868515015
v -7.17203140258789 14.5 -4.79221868515015
v -7.17203140258789 3.51223790645599 -4.79221868515015
v -7.17203140258789 2.5 -4.79221868515015
v -9.46131229400635 3 -6.32187509536743
v -9.46131229400635 2.5 -6.32187509536743
v -10.0354375839233 3 -5.36406230926514
v -10.0354375839233 2.5 -5.36406230926514
v -10.5128746032715 3 -4.35456228256226
v -10.5128746032715 2.5 -4.35456228256226
v -10.8890933990479 3 -3.30318760871887
v -6.18406248092651 15 -5.07512521743774
v -6.65175008773804 15 -4.44456243515015
v -6.65175008773804 14.5 -4.44456243515015
v -6.18406248092651 0 -5.07512521743774
v -6.18406248092651 3 -5.07512521743774
v -6.65175008773804 3.4750999212265 -4.44456243515015
v -6.65175008773804 0 -4.44456243515015
v -7.05537509918213 15 -3.77118754386902
v -7.05537509918213 14.5 -3.77118754386902
v -7.05537509918213 3.94562971591949 -3.77118754386902
v -7.05537509918213 0 -3.77118754386902
v -7.39103126525879 15 -3.06146883964539
v -7.39103126525879 14.5 -3.06146883964539
v -7.39103126525879 4.40705800056458 -3.06146883964539
v -7.39103126525879 0 -3.06146883964539
v -7.65549993515015 15 -2.32228136062622
v -7.65549993515015 14.5 -2.32228136062622
v -7.65549993515015 0 -2.32228136062622
v -7.73624992370605 0 -2
v -14.2128753662109 14.25 -5.88712501525879
v -14.2128753662109 15 -5.88712501525879
v -14.2128753662109 9 -5.88712501525879
v -14.2128753662109 10 -5.88712501525879
v -14.2128753662109 3 -5.88712501525879
v -14.2128753662109 5 -5.88712501525879
v -9.27987480163574 14.25 -7.61574983596802
v -9.27987480163574 15 -7.61574983596802
v -11.8919372558594 15 -9.75937461853027
v -11.8919372558594 14.25 -9.75937461853027
v -9.27987480163574 3 -7.61574983596802
v -9.27987480163574 3.5 -7.61574983596802
v -11.8919372558594 3.5 -9.75937461853027
v -11.8919372558594 3 -9.75937461853027
v -12.791187286377 15 -8.546875
v -12.791187286377 14.25 -8.546875
v -11.8919372558594 9 -9.75937461853027
v -11.8919372558594 10 -9.75937461853027
v -12.791187286377 10 -8.546875
v -12.791187286377 9 -8.546875
v -11.8919372558594 5 -9.75937461853027
v -12.791187286377 5 -8.546875
v -12.791187286377 3 -8.546875
v -13.5673751831055 14.25 -7.25193738937378
v -13.5673751831055 15 -7.25193738937378
v -13.5673751831055 9 -7.25193738937378
v -13.5673751831055 10 -7.25193738937378
v -13.5673751831055 3 -7.25193738937378
v -13.5673751831055 5 -7.25193738937378
v -11.4023752212524 7 -3.62234377861023
v -11.4023752212524 3 -3.62234377861023
v -11.2595624923706 7 -3.69868755340576
v -11.2595624923706 3 -3.69868755340576
v -11.0976877212524 7 -3.69340634346008
v -11.0976877212524 3 -3.69340634346008
v -10.9601564407349 7 -3.60787510871887
v -10.9601564407349 3 -3.60787510871887
v -10.8838129043579 7 -3.46506261825562
v -10.8838129043579 3 -3.46506261825562
v -11.7143125534058 9 -9.9370002746582
v -11.7143125534058 10 -9.9370002746582
v -11.7143125534058 5 -9.9370002746582
v -4.42890644073486 14 -15.375
v -4.58815622329712 14 -15.125
v -4.58815622329712 10 -15.125
v -4.42890644073486 10 -15.375
v -4.42890644073486 9 -15.375
v -4.58815622329712 9 -15.125
v -4.58815622329712 5 -15.125
v -4.42890644073486 5 -15.375
v 4.58815622329712 14 -15.125
v 4.42890644073486 14 -15.375
v 4.42890644073486 10 -15.375
v 4.58815622329712 10 -15.125
v 4.58815622329712 9 -15.125
v 4.42890644073486 9 -15.375
v 4.42890644073486 5 -15.375
v 4.58815622329712 5 -15.125
v -2.64146876335144 4.90270900726318 -8.16878128051758
v -2.64146876335144 7 -8.16878128051758
v -2.50393748283386 7 -8.25431251525879
v -2.50393748283386 5 -8.25431251525879
v -5.47209358215332 14.25 -6.66781234741211
v -5.47209358215332 14.5 -6.66781234741211
v -5.07512521743774 14.5 -6.18406248092651
v -5.07512521743774 14.25 -6.18406248092651
v -2.71781253814697 4.81204843521118 -8.0259370803833
v -2.71781253814697 7 -8.0259370803833
v -2.71250009536743 4.7523193359375 -7.86406230926514
v -2.71250009536743 7 -7.86406230926514
v -2.62700009346008 4.73950481414795 -7.72653102874756
v -2.62700009346008 7 -7.72653102874756
v -2.48415613174438 4.77706670761108 -7.65018749237061
v -2.48415613174438 7 -7.65018749237061
v -2.32228136062622 4.85492730140686 -7.65549993515015
v -2.32228136062622 7 -7.65549993515015
v -2.12150001525879 14.5 -8.34568786621094
v -2.12150001525879 15 -8.34568786621094
v -1.65837502479553 15 -8.46165657043457
v -1.65837502479553 14.5 -8.46165657043457
v -0.833187520503998 15 -8.58409404754639
v -0.833187520503998 14.5 -8.58409404754639
v -2.50393748283386 14.5 -8.25431251525879
v -2.50393748283386 15 -8.25431251525879
v -2.50393748283386 2.5 -8.25431251525879
v -2.50393748283386 6.5 -8.25431251525879
v -2.12150001525879 6.5 -8.34568786621094
v -2.12150001525879 2.5 -8.34568786621094
v 0 15 -8.625
v 0 14.5 -8.625
v -2.21996879577637 2.5 -11.1604061126709
v -2.21996879577637 6.5 -11.1604061126709
v -3.30318760871887 6.5 -10.8890933990479
v -3.30318760871887 2.5 -10.8890933990479
v -1.11534380912781 2.5 -11.3242816925049
v -1.11534380912781 6.5 -11.3242816925049
v 0 2.5 -11.3790626525879
v 0 6.5 -11.3790626525879
v 1.65837502479553 14.5 -8.46165657043457
v 1.65837502479553 15 -8.46165657043457
v 2.12150001525879 15 -8.34568786621094
v 2.12150001525879 14.5 -8.34568786621094
v 0.833187520503998 14.5 -8.58409404754639
v 0.833187520503998 15 -8.58409404754639
v 2.50393748283386 15 -8.25431251525879
v 2.50393748283386 14.5 -8.25431251525879
v 2.12150001525879 2.5 -8.34568786621094
v 2.12150001525879 6.5 -8.34568786621094
v 2.50393748283386 6.5 -8.25431251525879
v 2.50393748283386 2.5 -8.25431251525879
v 3.30318760871887 2.5 -10.8890933990479
v 3.30318760871887 6.5 -10.8890933990479
v 2.21996879577637 6.5 -11.1604061126709
v 2.21996879577637 2.5 -11.1604061126709
v 1.11534380912781 6.5 -11.3242816925049
v 1.11534380912781 2.5 -11.3242816925049
v -10.156343460083 14 -12.3756561279297
v -9.90831279754639 14 -12.0927495956421
v -9.90831279754639 10 -12.0927495956421
v -10.156343460083 10 -12.3756561279297
v -10.156343460083 9 -12.3756561279297
v -9.90831279754639 9 -12.0927495956421
v -9.90831279754639 5 -12.0927495956421
v -10.156343460083 5 -12.3756561279297
v -5.125 14 -15.149374961853
v -5.125 10 -15.149374961853
v -5.125 9 -15.149374961853
v -5.125 5 -15.149374961853
v 4.42890644073486 13 -15.375
v 4.71659374237061 13 -15.8125
v 4.71659374237061 10 -15.8125
v 4.71659374237061 9 -15.8125
v 4.71659374237061 6 -15.8125
v 4.42890644073486 6 -15.375
v -4.71659374237061 13 -15.8125
v -4.42890644073486 13 -15.375
v -4.71659374237061 10 -15.8125
v -4.71659374237061 9 -15.8125
v -4.42890644073486 6 -15.375
v -4.71659374237061 6 -15.8125
v 1.50790619850159 14.25 -15.3098125457764
v 1.50790619850159 15 -15.3098125457764
v 0 15 -15.3838748931885
v 0 14.25 -15.3838748931885
v 1.50790619850159 9 -15.3098125457764
v 1.50790619850159 10 -15.3098125457764
v 0 10 -15.3838748931885
v 0 9 -15.3838748931885
v 1.50790619850159 3 -15.3098125457764
v 1.50790619850159 5 -15.3098125457764
v 0 5 -15.3838748931885
v 0 3 -15.3838748931885
v 3.00131249427795 14.25 -15.0882816314697
v 3.00131249427795 15 -15.0882816314697
v 3.00131249427795 9 -15.0882816314697
v 3.00131249427795 10 -15.0882816314697
v 3.00131249427795 3 -15.0882816314697
v 3.00131249427795 5 -15.0882816314697
v 4.46575021743774 14.25 -14.7214374542236
v 4.46575021743774 15 -14.7214374542236
v 4.46575021743774 9 -14.7214374542236
v 4.46575021743774 10 -14.7214374542236
v 4.46575021743774 3 -14.7214374542236
v 4.46575021743774 5 -14.7214374542236
v 2.34203124046326 3 -11.7741250991821
v 2.34203124046326 7 -11.7741250991821
v 3.48481249809265 7 -11.4879064559937
v 3.48481249809265 3 -11.4879064559937
v 1.17668747901917 3 -11.9470310211182
v 1.17668747901917 7 -11.9470310211182
v 0 3 -12.0048122406006
v 0 7 -12.0048122406006
v -1.17668747901917 3 -11.9470310211182
v -1.17668747901917 7 -11.9470310211182
v -2.34203124046326 3 -11.7741250991821
v -2.34203124046326 7 -11.7741250991821
v -3.48481249809265 3 -11.4879064559937
v -3.48481249809265 7 -11.4879064559937
v -3.00131249427795 14.25 -15.0882816314697
v -3.00131249427795 15 -15.0882816314697
v -4.46575021743774 15 -14.7214374542236
v -4.46575021743774 14.25 -14.7214374542236
v -3.00131249427795 9 -15.0882816314697
v -3.00131249427795 10 -15.0882816314697
v -4.46575021743774 10 -14.7214374542236
v -4.46575021743774 9 -14.7214374542236
v -3.00131249427795 3 -15.0882816314697
v -3.00131249427795 5 -15.0882816314697
v -4.46575021743774 5 -14.7214374542236
v -4.46575021743774 3 -14.7214374542236
v -1.50790619850159 14.25 -15.3098125457764
v -1.50790619850159 15 -15.3098125457764
v -1.50790619850159 9 -15.3098125457764
v -1.50790619850159 10 -15.3098125457764
v -1.50790619850159 3 -15.3098125457764
v -1.50790619850159 5 -15.3098125457764
v -3.30318760871887 7 -10.8890933990479
v -7.21878147125244 14.25 -8.79615592956543
v -7.21878147125244 15 -8.79615592956543
v -5.47209358215332 15 -6.66781234741211
v -7.21878147125244 2.5 -8.79615592956543
v -7.21878147125244 3 -8.79615592956543
v -5.47209358215332 3 -6.66781234741211
v -5.47209358215332 2.5 -6.66781234741211
v -3.30093741416931 14.5 -7.96915626525879
v -3.30093741416931 15 -7.96915626525879
v -3.30093741416931 2.5 -7.96915626525879
v -3.30093741416931 4.51710104942322 -7.96915626525879
v -4.0661563873291 14.5 -7.60725021362305
v -4.0661563873291 15 -7.60725021362305
v -4.0661563873291 2.5 -7.60725021362305
v -4.0661563873291 4.01958847045898 -7.60725021362305
v -4.79221868515015 14.5 -7.17203140258789
v -4.79221868515015 15 -7.17203140258789
v -4.79221868515015 2.5 -7.17203140258789
v -4.79221868515015 3.51223790645599 -7.17203140258789
v -6.32187509536743 2.5 -9.46131229400635
v -6.32187509536743 3 -9.46131229400635
v -5.36406230926514 2.5 -10.0354375839233
v -5.36406230926514 3 -10.0354375839233
v -4.35456228256226 2.5 -10.5128746032715
v -4.35456228256226 3 -10.5128746032715
v -3.30318760871887 3 -10.8890933990479
v -4.44456243515015 14.5 -6.65175008773804
v -4.44456243515015 15 -6.65175008773804
v -5.07512521743774 15 -6.18406248092651
v -4.44456243515015 0 -6.65175008773804
v -4.44456243515015 3.4750999212265 -6.65175008773804
v -5.07512521743774 3 -6.18406248092651
v -5.07512521743774 0 -6.18406248092651
v -3.77118754386902 14.5 -7.05537509918213
v -3.77118754386902 15 -7.05537509918213
v -3.77118754386902 0 -7.05537509918213
v -3.77118754386902 3.94562971591949 -7.05537509918213
v -3.06146883964539 14.5 -7.39103126525879
v -3.06146883964539 15 -7.39103126525879
v -3.06146883964539 0 -7.39103126525879
v -3.06146883964539 4.40705800056458 -7.39103126525879
v -2.32228136062622 14.5 -7.65549993515015
v -2.32228136062622 15 -7.65549993515015
v -2.32228136062622 0 -7.65549993515015
v -2 14.5 -7.73624992370605
v -2 15 -7.73624992370605
v -2 0 -7.73624992370605
v -2 7 -7.73624992370605
v -2 15 -3
v -2 14.25 -3
v -9.75937461853027 14.25 -11.8919372558594
v -9.75937461853027 15 -11.8919372558594
v -7.61574983596802 15 -9.27987480163574
v -7.61574983596802 14.25 -9.27987480163574
v -9.75937461853027 3 -11.8919372558594
v -9.75937461853027 3.5 -11.8919372558594
v -7.61574983596802 3.5 -9.27987480163574
v -7.61574983596802 3 -9.27987480163574
v -5.88712501525879 15 -14.2128753662109
v -5.88712501525879 14.25 -14.2128753662109
v -5.88712501525879 10 -14.2128753662109
v -5.88712501525879 9 -14.2128753662109
v -5.88712501525879 5 -14.2128753662109
v -5.88712501525879 3 -14.2128753662109
v -7.25193738937378 15 -13.5673751831055
v -7.25193738937378 14.25 -13.5673751831055
v -7.25193738937378 10 -13.5673751831055
v -7.25193738937378 9 -13.5673751831055
v -7.25193738937378 5 -13.5673751831055
v -7.25193738937378 3 -13.5673751831055
v -8.546875 15 -12.791187286377
v -8.546875 14.25 -12.791187286377
v -8.546875 10 -12.791187286377
v -8.546875 9 -12.791187286377
v -8.546875 5 -12.791187286377
v -8.546875 3 -12.791187286377
v -9.75937461853027 10 -11.8919372558594
v -9.75937461853027 9 -11.8919372558594
v -9.75937461853027 5 -11.8919372558594
v -3.62234377861023 3 -11.4023752212524
v -3.62234377861023 7 -11.4023752212524
v -3.69868755340576 3 -11.2595624923706
v -3.69868755340576 7 -11.2595624923706
v -3.69340634346008 3 -11.0976877212524
v -3.69340634346008 7 -11.0976877212524
v -3.60787510871887 3 -10.9601564407349
v -3.60787510871887 7 -10.9601564407349
v -3.46506261825562 3 -10.8838129043579
v -3.46506261825562 7 -10.8838129043579
v 11.7143125534058 9 9.9370002746582
v 11.7143125534058 10 9.9370002746582
v 11.8919372558594 10 9.75937461853027
v 11.8919372558594 9 9.75937461853027
v 11.7143125534058 5 9.9370002746582
v 11.8919372558594 5 9.75937461853027
v 11.8919372558594 3.5 9.75937461853027
v 1.76646876335144 2.5 -7.94121885299683
v 1.76646876335144 6.5 -7.94121885299683
v 1.75603127479553 6.5 -8.10171890258789
v 1.75603127479553 2.5 -8.10171890258789
v 1.85578119754791 2.5 -7.80743741989136
v 1.85578119754791 6.5 -7.80743741989136
v -1.85578119754791 2.5 -7.80743741989136
v -1.85578119754791 6.5 -7.80743741989136
v -2 6.5 -7.73624992370605
v -2 2.5 -7.73624992370605
v 1.82721877098083 6.5 -8.24593734741211
v 1.82721877098083 2.5 -8.24593734741211
v -1.76646876335144 2.5 -7.94121885299683
v -1.76646876335144 6.5 -7.94121885299683
v -1.75603127479553 2.5 -8.10171890258789
v -1.75603127479553 6.5 -8.10171890258789
v -1.82721877098083 2.5 -8.24593734741211
v -1.82721877098083 6.5 -8.24593734741211
v -1.96099996566772 2.5 -8.33524990081787
v -1.96099996566772 6.5 -8.33524990081787
v 1.96099996566772 2.5 -8.33524990081787
v 1.96099996566772 6.5 -8.33524990081787
v 2 2.5 -7.73624992370605
v 2 6.5 -7.73624992370605
v 0 14.5 -8
v 0 15 -8
v -0.784124970436096 15 -7.96150016784668
v -0.784124970436096 14.5 -7.96150016784668
v 0 6.5 -8
v 0 7 -8
v -0.784124970436096 7 -7.96150016784668
v -0.784124970436096 6.5 -7.96150016784668
v 0 2.375 -8
v 0 2.5 -8
v -0.784124970436096 2.5 -7.96150016784668
v -0.784124970436096 2.36152499914169 -7.96150016784668
v -1.56071877479553 15 -7.84628105163574
v -1.56071877479553 14.5 -7.84628105163574
v -1.56071877479553 7 -7.84628105163574
v -1.56071877479553 6.5 -7.84628105163574
v -1.56071877479553 2.5 -7.84628105163574
v -1.56071877479553 2.32119843363762 -7.84628105163574
v -2 2.28268748521805 -7.73624992370605
v 0.784124970436096 14.5 -7.96150016784668
v 0.784124970436096 15 -7.96150016784668
v 0.784124970436096 6.5 -7.96150016784668
v 0.784124970436096 7 -7.96150016784668
v 0.784124970436096 2.36152499914169 -7.96150016784668
v 0.784124970436096 2.5 -7.96150016784668
v 1.56071877479553 14.5 -7.84628105163574
v 1.56071877479553 15 -7.84628105163574
v 1.56071877479553 6.5 -7.84628105163574
v 1.56071877479553 7 -7.84628105163574
v 1.56071877479553 2.32119843363762 -7.84628105163574
v 1.56071877479553 2.5 -7.84628105163574
v 2 14.5 -7.73624992370605
v 2 15 -7.73624992370605
v 2 7 -7.73624992370605
v 2 2.28268748521805 -7.73624992370605
v 2 15 -3
v 2 14.25 -3
v -9.9370002746582 10 -11.7143125534058
v -9.9370002746582 9 -11.7143125534058
v -9.9370002746582 5 -11.7143125534058
v 2.48415613174438 4.77706670761108 -7.65018749237061
v 2.48415613174438 7 -7.65018749237061
v 2.32228136062622 7 -7.65549993515015
v 2.32228136062622 4.85492730140686 -7.65549993515015
v 2.50393748283386 5 -8.25431251525879
v 2.50393748283386 7 -8.25431251525879
v 2.64146876335144 7 -8.16878128051758
v 2.64146876335144 4.90270900726318 -8.16878128051758
v 5.07512521743774 14.25 -6.18406248092651
v 5.07512521743774 14.5 -6.18406248092651
v 5.47209358215332 14.5 -6.66781234741211
v 5.47209358215332 14.25 -6.66781234741211
v 2.71781253814697 7 -8.0259370803833
v 2.71781253814697 4.81204843521118 -8.0259370803833
v 2.71250009536743 7 -7.86406230926514
v 2.71250009536743 4.7523193359375 -7.86406230926514
v 2.62700009346008 7 -7.72653102874756
v 2.62700009346008 4.73950481414795 -7.72653102874756
v 6.00724983215332 0 -5.25193738937378
v 6.00724983215332 3 -5.25193738937378
v 5.25193738937378 3 -6.00724983215332
v 5.25193738937378 0 -6.00724983215332
v 5.125 14 -15.149374961853
v 5.125 10 -15.149374961853
v 5.125 9 -15.149374961853
v 5.125 5 -15.149374961853
v 9.90831279754639 14 -12.0927495956421
v 10.156343460083 14 -12.3756561279297
v 10.156343460083 10 -12.3756561279297
v 9.90831279754639 10 -12.0927495956421
v 9.90831279754639 9 -12.0927495956421
v 10.156343460083 9 -12.3756561279297
v 10.156343460083 5 -12.3756561279297
v 9.90831279754639 5 -12.0927495956421
v 11.7143125534058 3.5 -9.9370002746582
v 11.7143125534058 14 -9.9370002746582
v 9.9370002746582 14 -11.7143125534058
v 9.9370002746582 3.5 -11.7143125534058
v 3.30318760871887 7 -10.8890933990479
v 5.47209358215332 15 -6.66781234741211
v 7.21878147125244 15 -8.79615592956543
v 7.21878147125244 14.25 -8.79615592956543
v 5.47209358215332 2.5 -6.66781234741211
v 5.47209358215332 3 -6.66781234741211
v 7.21878147125244 3 -8.79615592956543
v 7.21878147125244 2.5 -8.79615592956543
v 3.30093741416931 15 -7.96915626525879
v 3.30093741416931 14.5 -7.96915626525879
v 3.30093741416931 4.51710104942322 -7.96915626525879
v 3.30093741416931 2.5 -7.96915626525879
v 4.0661563873291 15 -7.60725021362305
v 4.0661563873291 14.5 -7.60725021362305
v 4.0661563873291 4.01958847045898 -7.60725021362305
v 4.0661563873291 2.5 -7.60725021362305
v 4.79221868515015 15 -7.17203140258789
v 4.79221868515015 14.5 -7.17203140258789
v 4.79221868515015 3.51223790645599 -7.17203140258789
v 4.79221868515015 2.5 -7.17203140258789
v 6.32187509536743 3 -9.46131229400635
v 6.32187509536743 2.5 -9.46131229400635
v 5.36406230926514 3 -10.0354375839233
v 5.36406230926514 2.5 -10.0354375839233
v 4.35456228256226 3 -10.5128746032715
v 4.35456228256226 2.5 -10.5128746032715
v 3.30318760871887 3 -10.8890933990479
v 5.07512521743774 15 -6.18406248092651
v 4.44456243515015 15 -6.65175008773804
v 4.44456243515015 14.5 -6.65175008773804
v 5.07512521743774 0 -6.18406248092651
v 5.07512521743774 3 -6.18406248092651
v 4.44456243515015 3.4750999212265 -6.65175008773804
v 4.44456243515015 0 -6.65175008773804
v 3.77118754386902 15 -7.05537509918213
v 3.77118754386902 14.5 -7.05537509918213
v 3.77118754386902 3.94562971591949 -7.05537509918213
v 3.77118754386902 0 -7.05537509918213
v 3.06146883964539 15 -7.39103126525879
v 3.06146883964539 14.5 -7.39103126525879
v 3.06146883964539 4.40705800056458 -7.39103126525879
v 3.06146883964539 0 -7.39103126525879
v 2.32228136062622 15 -7.65549993515015
v 2.32228136062622 14.5 -7.65549993515015
v 2.32228136062622 0 -7.65549993515015
v 2 0 -7.73624992370605
v 5.88712501525879 14.25 -14.2128753662109
v 5.88712501525879 15 -14.2128753662109
v 5.88712501525879 9 -14.2128753662109
v 5.88712501525879 10 -14.2128753662109
v 5.88712501525879 3 -14.2128753662109
v 5.88712501525879 5 -14.2128753662109
v 7.61574983596802 14.25 -9.27987480163574
v 7.61574983596802 15 -9.27987480163574
v 9.75937461853027 15 -11.8919372558594
v 9.75937461853027 14.25 -11.8919372558594
v 7.61574983596802 3 -9.27987480163574
v 7.61574983596802 3.5 -9.27987480163574
v 9.75937461853027 3.5 -11.8919372558594
v 9.75937461853027 3 -11.8919372558594
v 8.546875 15 -12.791187286377
v 8.546875 14.25 -12.791187286377
v 9.75937461853027 9 -11.8919372558594
v 9.75937461853027 10 -11.8919372558594
v 8.546875 10 -12.791187286377
v 8.546875 9 -12.791187286377
v 9.75937461853027 5 -11.8919372558594
v 8.546875 5 -12.791187286377
v 8.546875 3 -12.791187286377
v 7.25193738937378 14.25 -13.5673751831055
v 7.25193738937378 15 -13.5673751831055
v 7.25193738937378 9 -13.5673751831055
v 7.25193738937378 10 -13.5673751831055
v 7.25193738937378 3 -13.5673751831055
v 7.25193738937378 5 -13.5673751831055
v 3.62234377861023 7 -11.4023752212524
v 3.62234377861023 3 -11.4023752212524
v 3.69868755340576 7 -11.2595624923706
v 3.69868755340576 3 -11.2595624923706
v 3.69340634346008 7 -11.0976877212524
v 3.69340634346008 3 -11.0976877212524
v 3.60787510871887 7 -10.9601564407349
v 3.60787510871887 3 -10.9601564407349
v 3.46506261825562 7 -10.8838129043579
v 3.46506261825562 3 -10.8838129043579
v 9.9370002746582 9 -11.7143125534058
v 9.9370002746582 10 -11.7143125534058
v 9.9370002746582 5 -11.7143125534058
v 1 13 -21
v -1 13 -21
v -1 10 -21
v 1 10 -21
v 1 9 -21
v -1 9 -21
v -1 6 -21
v 1 6 -21
v 15.375 14 -4.42890644073486
v 15.125 14 -4.58815622329712
v 15.125 10 -4.58815622329712
v 15.375 10 -4.42890644073486
v 15.375 9 -4.42890644073486
v 15.125 9 -4.58815622329712
v 15.125 5 -4.58815622329712
v 15.375 5 -4.42890644073486
v 15.125 14 4.58815622329712
v 15.375 14 4.42890644073486
v 15.375 10 4.42890644073486
v 15.125 10 4.58815622329712
v 15.125 9 4.58815622329712
v 15.375 9 4.42890644073486
v 15.375 5 4.42890644073486
v 15.125 5 4.58815622329712
v 8.16878128051758 4.90270900726318 -2.64146876335144
v 8.16878128051758 7 -2.64146876335144
v 8.25431251525879 7 -2.50393748283386
v 8.25431251525879 5 -2.50393748283386
v 6.66781234741211 14.25 -5.47209358215332
v 6.66781234741211 14.5 -5.47209358215332
v 6.18406248092651 14.5 -5.07512521743774
v 6.18406248092651 14.25 -5.07512521743774
v 8.0259370803833 4.81204843521118 -2.71781253814697
v 8.0259370803833 7 -2.71781253814697
v 7.86406230926514 4.7523193359375 -2.71250009536743
v 7.86406230926514 7 -2.71250009536743
v 7.72653102874756 4.73950481414795 -2.62700009346008
v 7.72653102874756 7 -2.62700009346008
v 7.65018749237061 4.77706670761108 -2.48415613174438
v 7.65018749237061 7 -2.48415613174438
v 7.65549993515015 4.85492730140686 -2.32228136062622
v 7.65549993515015 7 -2.32228136062622
v 21 13 1
v 21 13 -1
v 21 10 -1
v 21 10 1
v 21 9 1
v 21 9 -1
v 21 6 -1
v 21 6 1
v 8.34568786621094 14.5 -2.12150001525879
v 8.34568786621094 15 -2.12150001525879
v 8.46165657043457 15 -1.65837502479553
v 8.46165657043457 14.5 -1.65837502479553
v 8.58409404754639 15 -0.833187520503998
v 8.58409404754639 14.5 -0.833187520503998
v 8.25431251525879 14.5 -2.50393748283386
v 8.25431251525879 15 -2.50393748283386
v 8.25431251525879 2.5 -2.50393748283386
v 8.25431251525879 6.5 -2.50393748283386
v 8.34568786621094 6.5 -2.12150001525879
v 8.34568786621094 2.5 -2.12150001525879
v 8.625 15 0
v 8.625 14.5 0
v 11.1604061126709 2.5 -2.21996879577637
v 11.1604061126709 6.5 -2.21996879577637
v 10.8890933990479 6.5 -3.30318760871887
v 10.8890933990479 2.5 -3.30318760871887
v 11.3242816925049 2.5 -1.11534380912781
v 11.3242816925049 6.5 -1.11534380912781
v 11.3790626525879 2.5 0
v 11.3790626525879 6.5 0
v 8.46165657043457 14.5 1.65837502479553
v 8.46165657043457 15 1.65837502479553
v 8.34568786621094 15 2.12150001525879
v 8.34568786621094 14.5 2.12150001525879
v 8.58409404754639 14.5 0.833187520503998
v 8.58409404754639 15 0.833187520503998
v 8.25431251525879 15 2.50393748283386
v 8.25431251525879 14.5 2.50393748283386
v 8.34568786621094 2.5 2.12150001525879
v 8.34568786621094 6.5 2.12150001525879
v 8.25431251525879 6.5 2.50393748283386
v 8.25431251525879 2.5 2.50393748283386
v 10.8890933990479 2.5 3.30318760871887
v 10.8890933990479 6.5 3.30318760871887
v 11.1604061126709 6.5 2.21996879577637
v 11.1604061126709 2.5 2.21996879577637
v 11.3242816925049 6.5 1.11534380912781
v 11.3242816925049 2.5 1.11534380912781
v 12.3756561279297 14 -10.156343460083
v 12.0927495956421 14 -9.90831279754639
v 12.0927495956421 10 -9.90831279754639
v 12.3756561279297 10 -10.156343460083
v 12.3756561279297 9 -10.156343460083
v 12.0927495956421 9 -9.90831279754639
v 12.0927495956421 5 -9.90831279754639
v 12.3756561279297 5 -10.156343460083
v 15.149374961853 14 -5.125
v 15.149374961853 10 -5.125
v 15.149374961853 9 -5.125
v 15.149374961853 5 -5.125
v 15.375 13 4.42890644073486
v 15.8125 13 4.71659374237061
v 15.8125 10 4.71659374237061
v 15.8125 9 4.71659374237061
v 15.8125 6 4.71659374237061
v 15.375 6 4.42890644073486
v 15.8125 13 -4.71659374237061
v 15.375 13 -4.42890644073486
v 15.8125 10 -4.71659374237061
v 15.8125 9 -4.71659374237061
v 15.375 6 -4.42890644073486
v 15.8125 6 -4.71659374237061
v 15.3098125457764 14.25 1.50790619850159
v 15.3098125457764 15 1.50790619850159
v 15.3838748931885 15 0
v 15.3838748931885 14.25 0
v 15.3098125457764 9 1.50790619850159
v 15.3098125457764 10 1.50790619850159
v 15.3838748931885 10 0
v 15.3838748931885 9 0
v 15.3098125457764 3 1.50790619850159
v 15.3098125457764 5 1.50790619850159
v 15.3838748931885 5 0
v 15.3838748931885 3 0
v 15.0882816314697 14.25 3.00131249427795
v 15.0882816314697 15 3.00131249427795
v 15.0882816314697 9 3.00131249427795
v 15.0882816314697 10 3.00131249427795
v 15.0882816314697 3 3.00131249427795
v 15.0882816314697 5 3.00131249427795
v 14.7214374542236 14.25 4.46575021743774
v 14.7214374542236 15 4.46575021743774
v 14.7214374542236 9 4.46575021743774
v 14.7214374542236 10 4.46575021743774
v 14.7214374542236 3 4.46575021743774
v 14.7214374542236 5 4.46575021743774
v 11.7741250991821 3 2.34203124046326
v 11.7741250991821 7 2.34203124046326
v 11.4879064559937 7 3.48481249809265
v 11.4879064559937 3 3.48481249809265
v 11.9470310211182 3 1.17668747901917
v 11.9470310211182 7 1.17668747901917
v 12.0048122406006 3 0
v 12.0048122406006 7 0
v 11.9470310211182 3 -1.17668747901917
v 11.9470310211182 7 -1.17668747901917
v 11.7741250991821 3 -2.34203124046326
v 11.7741250991821 7 -2.34203124046326
v 11.4879064559937 3 -3.48481249809265
v 11.4879064559937 7 -3.48481249809265
v 15.0882816314697 14.25 -3.00131249427795
v 15.0882816314697 15 -3.00131249427795
v 14.7214374542236 15 -4.46575021743774
v 14.7214374542236 14.25 -4.46575021743774
v 15.0882816314697 9 -3.00131249427795
v 15.0882816314697 10 -3.00131249427795
v 14.7214374542236 10 -4.46575021743774
v 14.7214374542236 9 -4.46575021743774
v 15.0882816314697 3 -3.00131249427795
v 15.0882816314697 5 -3.00131249427795
v 14.7214374542236 5 -4.46575021743774
v 14.7214374542236 3 -4.46575021743774
v 15.3098125457764 14.25 -1.50790619850159
v 15.3098125457764 15 -1.50790619850159
v 15.3098125457764 9 -1.50790619850159
v 15.3098125457764 10 -1.50790619850159
v 15.3098125457764 3 -1.50790619850159
v 15.3098125457764 5 -1.50790619850159
v 10.8890933990479 7 -3.30318760871887
v 8.79615592956543 14.25 -7.21878147125244
v 8.79615592956543 15 -7.21878147125244
v 6.66781234741211 15 -5.47209358215332
v 8.79615592956543 2.5 -7.21878147125244
v 8.79615592956543 3 -7.21878147125244
v 6.66781234741211 3 -5.47209358215332
v 6.66781234741211 2.5 -5.47209358215332
v 7.96915626525879 14.5 -3.30093741416931
v 7.96915626525879 15 -3.30093741416931
v 7.96915626525879 2.5 -3.30093741416931
v 7.96915626525879 4.51710104942322 -3.30093741416931
v 7.60725021362305 14.5 -4.0661563873291
v 7.60725021362305 15 -4.0661563873291
v 7.60725021362305 2.5 -4.0661563873291
v 7.60725021362305 4.01958847045898 -4.0661563873291
v 7.17203140258789 14.5 -4.79221868515015
v 7.17203140258789 15 -4.79221868515015
v 7.17203140258789 2.5 -4.79221868515015
v 7.17203140258789 3.51223790645599 -4.79221868515015
v 9.46131229400635 2.5 -6.32187509536743
v 9.46131229400635 3 -6.32187509536743
v 10.0354375839233 2.5 -5.36406230926514
v 10.0354375839233 3 -5.36406230926514
v 10.5128746032715 2.5 -4.35456228256226
v 10.5128746032715 3 -4.35456228256226
v 10.8890933990479 3 -3.30318760871887
v 6.65175008773804 14.5 -4.44456243515015
v 6.65175008773804 15 -4.44456243515015
v 6.18406248092651 15 -5.07512521743774
v 6.65175008773804 0 -4.44456243515015
v 6.65175008773804 3.4750999212265 -4.44456243515015
v 6.18406248092651 3 -5.07512521743774
v 6.18406248092651 0 -5.07512521743774
v 7.05537509918213 14.5 -3.77118754386902
v 7.05537509918213 15 -3.77118754386902
v 7.05537509918213 0 -3.77118754386902
v 7.05537509918213 3.94562971591949 -3.77118754386902
v 7.39103126525879 14.5 -3.06146883964539
v 7.39103126525879 15 -3.06146883964539
v 7.39103126525879 0 -3.06146883964539
v 7.39103126525879 4.40705800056458 -3.06146883964539
v 7.65549993515015 14.5 -2.32228136062622
v 7.65549993515015 15 -2.32228136062622
v 7.65549993515015 0 -2.32228136062622
v 7.73624992370605 14.5 -2
v 7.73624992370605 15 -2
v 7.73624992370605 0 -2
v 7.73624992370605 7 -2
v 3 15 -2
v 3 14.25 -2
v 11.8919372558594 14.25 -9.75937461853027
v 11.8919372558594 15 -9.75937461853027
v 9.27987480163574 15 -7.61574983596802
v 9.27987480163574 14.25 -7.61574983596802
v 11.8919372558594 3 -9.75937461853027
v 11.8919372558594 3.5 -9.75937461853027
v 9.27987480163574 3.5 -7.61574983596802
v 9.27987480163574 3 -7.61574983596802
v 14.2128753662109 15 -5.88712501525879
v 14.2128753662109 14.25 -5.88712501525879
v 14.2128753662109 10 -5.88712501525879
v 14.2128753662109 9 -5.88712501525879
v 14.2128753662109 5 -5.88712501525879
v 14.2128753662109 3 -5.88712501525879
v 13.5673751831055 15 -7.25193738937378
v 13.5673751831055 14.25 -7.25193738937378
v 13.5673751831055 10 -7.25193738937378
v 13.5673751831055 9 -7.25193738937378
v 13.5673751831055 5 -7.25193738937378
v 13.5673751831055 3 -7.25193738937378
v 12.791187286377 15 -8.546875
v 12.791187286377 14.25 -8.546875
v 12.791187286377 10 -8.546875
v 12.791187286377 9 -8.546875
v 12.791187286377 5 -8.546875
v 12.791187286377 3 -8.546875
v 11.8919372558594 10 -9.75937461853027
v 11.8919372558594 9 -9.75937461853027
v 11.8919372558594 5 -9.75937461853027
v 11.4023752212524 3 -3.62234377861023
v 11.4023752212524 7 -3.62234377861023
v 11.2595624923706 3 -3.69868755340576
v 11.2595624923706 7 -3.69868755340576
v 11.0976877212524 3 -3.69340634346008
v 11.0976877212524 7 -3.69340634346008
v 10.9601564407349 3 -3.60787510871887
v 10.9601564407349 7 -3.60787510871887
v 10.8838129043579 3 -3.46506261825562
v 10.8838129043579 7 -3.46506261825562
v 7.94121885299683 2.5 1.76646876335144
v 7.94121885299683 6.5 1.76646876335144
v 8.10171890258789 6.5 1.75603127479553
v 8.10171890258789 2.5 1.75603127479553
v 7.80743741989136 2.5 1.85578119754791
v 7.80743741989136 6.5 1.85578119754791
v 7.80743741989136 2.5 -1.85578119754791
v 7.80743741989136 6.5 -1.85578119754791
v 7.73624992370605 6.5 -2
v 7.73624992370605 2.5 -2
v 8.24593734741211 6.5 1.82721877098083
v 8.24593734741211 2.5 1.82721877098083
v 7.94121885299683 2.5 -1.76646876335144
v 7.94121885299683 6.5 -1.76646876335144
v 8.10171890258789 2.5 -1.75603127479553
v 8.10171890258789 6.5 -1.75603127479553
v 8.24593734741211 2.5 -1.82721877098083
v 8.24593734741211 6.5 -1.82721877098083
v 8.33524990081787 2.5 -1.96099996566772
v 8.33524990081787 6.5 -1.96099996566772
v 8.33524990081787 2.5 1.96099996566772
v 8.33524990081787 6.5 1.96099996566772
v 7.73624992370605 2.5 2
v 7.73624992370605 6.5 2
v 8 14.5 0
v 8 15 0
v 7.96150016784668 15 -0.784124970436096
v 7.96150016784668 14.5 -0.784124970436096
v 8 6.5 0
v 8 7 0
v 7.96150016784668 7 -0.784124970436096
v 7.96150016784668 6.5 -0.784124970436096
v 8 2.375 0
v 8 2.5 0
v 7.96150016784668 2.5 -0.784124970436096
v 7.96150016784668 2.36152499914169 -0.784124970436096
v 7.84628105163574 15 -1.56071877479553
v 7.84628105163574 14.5 -1.56071877479553
v 7.84628105163574 7 -1.56071877479553
v 7.84628105163574 6.5 -1.56071877479553
v 7.84628105163574 2.5 -1.56071877479553
v 7.84628105163574 2.32119843363762 -1.56071877479553
v 7.73624992370605 2.28268748521805 -2
v 7.96150016784668 14.5 0.784124970436096
v 7.96150016784668 15 0.784124970436096
v 7.96150016784668 6.5 0.784124970436096
v 7.96150016784668 7 0.784124970436096
v 7.96150016784668 2.36152499914169 0.784124970436096
v 7.96150016784668 2.5 0.784124970436096
v 7.84628105163574 14.5 1.56071877479553
v 7.84628105163574 15 1.56071877479553
v 7.84628105163574 6.5 1.56071877479553
v 7.84628105163574 7 1.56071877479553
v 7.84628105163574 2.32119843363762 1.56071877479553
v 7.84628105163574 2.5 1.56071877479553
v 7.73624992370605 14.5 2
v 7.73624992370605 15 2
v 7.73624992370605 7 2
v 7.73624992370605 2.28268748521805 2
v 3 15 2
v 3 14.25 2
v 11.7143125534058 10 -9.9370002746582
v 11.7143125534058 9 -9.9370002746582
v 11.7143125534058 5 -9.9370002746582
v 8.0259370803833 4.81204843521118 2.71781253814697
v 8.0259370803833 7 2.71781253814697
v 7.86406230926514 7 2.71250009536743
v 7.86406230926514 4.7523193359375 2.71250009536743
v 7.72653102874756 4.73950481414795 2.62700009346008
v 7.72653102874756 7 2.62700009346008
v 7.65018749237061 7 2.48415613174438
v 7.65018749237061 4.77706670761108 2.48415613174438
v 8.16878128051758 4.90270900726318 2.64146876335144
v 8.16878128051758 7 2.64146876335144
v 7.65549993515015 7 2.32228136062622
v 7.65549993515015 4.85492730140686 2.32228136062622
v 8.25431251525879 5 2.50393748283386
v 8.25431251525879 7 2.50393748283386
v 6.18406248092651 14.25 5.07512521743774
v 6.18406248092651 14.5 5.07512521743774
v 6.66781234741211 14.5 5.47209358215332
v 6.66781234741211 14.25 5.47209358215332
v 15.149374961853 14 5.125
v 15.149374961853 10 5.125
v 15.149374961853 9 5.125
v 15.149374961853 5 5.125
v 12.0927495956421 14 9.90831279754639
v 12.3756561279297 14 10.156343460083
v 12.3756561279297 10 10.156343460083
v 12.0927495956421 10 9.90831279754639
v 12.0927495956421 9 9.90831279754639
v 12.3756561279297 9 10.156343460083
v 12.3756561279297 5 10.156343460083
v 12.0927495956421 5 9.90831279754639
v 6.18406248092651 3 5.07512521743774
v 6.18406248092651 0 5.07512521743774
v 10.8890933990479 7 3.30318760871887
v 6.66781234741211 15 5.47209358215332
v 8.79615592956543 15 7.21878147125244
v 8.79615592956543 14.25 7.21878147125244
v 6.66781234741211 2.5 5.47209358215332
v 6.66781234741211 3 5.47209358215332
v 8.79615592956543 3 7.21878147125244
v 8.79615592956543 2.5 7.21878147125244
v 7.96915626525879 15 3.30093741416931
v 7.96915626525879 14.5 3.30093741416931
v 7.96915626525879 4.51710104942322 3.30093741416931
v 7.96915626525879 2.5 3.30093741416931
v 7.60725021362305 15 4.0661563873291
v 7.60725021362305 14.5 4.0661563873291
v 7.60725021362305 4.01958847045898 4.0661563873291
v 7.60725021362305 2.5 4.0661563873291
v 7.17203140258789 15 4.79221868515015
v 7.17203140258789 14.5 4.79221868515015
v 7.17203140258789 3.51223790645599 4.79221868515015
v 7.17203140258789 2.5 4.79221868515015
v 9.46131229400635 3 6.32187509536743
v 9.46131229400635 2.5 6.32187509536743
v 10.0354375839233 3 5.36406230926514
v 10.0354375839233 2.5 5.36406230926514
v 10.5128746032715 3 4.35456228256226
v 10.5128746032715 2.5 4.35456228256226
v 10.8890933990479 3 3.30318760871887
v 6.18406248092651 15 5.07512521743774
v 6.65175008773804 15 4.44456243515015
v 6.65175008773804 14.5 4.44456243515015
v 6.65175008773804 3.4750999212265 4.44456243515015
v 6.65175008773804 0 4.44456243515015
v 7.05537509918213 15 3.77118754386902
v 7.05537509918213 14.5 3.77118754386902
v 7.05537509918213 3.94562971591949 3.77118754386902
v 7.05537509918213 0 3.77118754386902
v 7.39103126525879 15 3.06146883964539
v 7.39103126525879 14.5 3.06146883964539
v 7.39103126525879 4.40705800056458 3.06146883964539
v 7.39103126525879 0 3.06146883964539
v 7.65549993515015 15 2.32228136062622
v 7.65549993515015 14.5 2.32228136062622
v 7.65549993515015 0 2.32228136062622
v 7.73624992370605 0 2
v 14.2128753662109 14.25 5.88712501525879
v 14.2128753662109 15 5.88712501525879
v 14.2128753662109 9 5.88712501525879
v 14.2128753662109 10 5.88712501525879
v 14.2128753662109 3 5.88712501525879
v 14.2128753662109 5 5.88712501525879
v 9.27987480163574 14.25 7.61574983596802
v 9.27987480163574 15 7.61574983596802
v 11.8919372558594 15 9.75937461853027
v 11.8919372558594 14.25 9.75937461853027
v 9.27987480163574 3 7.61574983596802
v 9.27987480163574 3.5 7.61574983596802
v 11.8919372558594 3 9.75937461853027
v 12.791187286377 15 8.546875
v 12.791187286377 14.25 8.546875
v 12.791187286377 10 8.546875
v 12.791187286377 9 8.546875
v 12.791187286377 5 8.546875
v 12.791187286377 3 8.546875
v 13.5673751831055 14.25 7.25193738937378
v 13.5673751831055 15 7.25193738937378
v 13.5673751831055 9 7.25193738937378
v 13.5673751831055 10 7.25193738937378
v 13.5673751831055 3 7.25193738937378
v 13.5673751831055 5 7.25193738937378
v 11.4023752212524 7 3.62234377861023
v 11.4023752212524 3 3.62234377861023
v 11.2595624923706 7 3.69868755340576
v 11.2595624923706 3 3.69868755340576
v 11.0976877212524 7 3.69340634346008
v 11.0976877212524 3 3.69340634346008
v 10.9601564407349 7 3.60787510871887
v 10.9601564407349 3 3.60787510871887
v 10.8838129043579 7 3.46506261825562
v 10.8838129043579 3 3.46506261825562
v 3.12337493896484 13 15.7019996643066
v 3.12337493896484 14 15.7019996643066
v 3.12337493896484 5 15.7019996643066
v 3.12337493896484 6 15.7019996643066
v 1.56924998760223 13 15.932562828064
v 1.56924998760223 14 15.932562828064
v 1.56924998760223 5 15.932562828064
v 1.56924998760223 6 15.932562828064
v 0 13 16.0096244812012
v 0 14 16.0096244812012
v 0 5 16.0096244812012
v 0 6 16.0096244812012
v -1.56924998760223 13 15.932562828064
v -1.56924998760223 14 15.932562828064
v -1.56924998760223 5 15.932562828064
v -1.56924998760223 6 15.932562828064
v -3.12337493896484 13 15.7019996643066
v -3.12337493896484 14 15.7019996643066
v -3.12337493896484 5 15.7019996643066
v -3.12337493896484 6 15.7019996643066
v 2 0 2
v 2 0.625 2
v 2 0.625 2.75
v 2 0 2.75
v 2.75 0 2
v 2.75 0.625 2
v 8.89453125 14 13.3114995956421
v 8.89453125 10 13.3114995956421
v 8.89453125 9 13.3114995956421
v 8.89453125 5 13.3114995956421
v 7.54690647125244 14 14.1192502975464
v 7.54690647125244 10 14.1192502975464
v 7.54690647125244 9 14.1192502975464
v 7.54690647125244 5 14.1192502975464
v 6.12659358978271 14 14.7910003662109
v 6.12659358978271 10 14.7910003662109
v 6.12659358978271 9 14.7910003662109
v 6.12659358978271 5 14.7910003662109
v 2 0 3
v 2 0.625 3
v -2 0 2.75
v -2 0.625 2.75
v -2 0.625 2
v -2 0 2
v -2.75 0.625 2
v -2.75 0 2
v -6.12659358978271 14 14.7910003662109
v -6.12659358978271 10 14.7910003662109
v -6.12659358978271 9 14.7910003662109
v -6.12659358978271 5 14.7910003662109
v -7.54690647125244 14 14.1192502975464
v -7.54690647125244 10 14.1192502975464
v -7.54690647125244 9 14.1192502975464
v -7.54690647125244 5 14.1192502975464
v -8.89453125 14 13.3114995956421
v -8.89453125 10 13.3114995956421
v -8.89453125 9 13.3114995956421
v -8.89453125 5 13.3114995956421
v -2 0.625 3
v -2 0 3
v -15.7019996643066 14 -3.12337493896484
v -15.7019996643066 13 -3.12337493896484
v -15.7019996643066 6 -3.12337493896484
v -15.7019996643066 5 -3.12337493896484
v -16.0096244812012 13 0
v -16.0096244812012 14 0
v -15.932562828064 14 1.56924998760223
v -15.932562828064 13 1.56924998760223
v -16.0096244812012 5 0
v -16.0096244812012 6 0
v -15.932562828064 6 1.56924998760223
v -15.932562828064 5 1.56924998760223
v -15.7019996643066 14 3.12337493896484
v -15.7019996643066 13 3.12337493896484
v -15.7019996643066 6 3.12337493896484
v -15.7019996643066 5 3.12337493896484
v -15.932562828064 13 -1.56924998760223
v -15.932562828064 14 -1.56924998760223
v -15.932562828064 5 -1.56924998760223
v -15.932562828064 6 -1.56924998760223
v -14.7910003662109 14 6.12659358978271
v -14.7910003662109 10 6.12659358978271
v -14.7910003662109 9 6.12659358978271
v -14.7910003662109 5 6.12659358978271
v -14.1192502975464 14 7.54690647125244
v -14.1192502975464 10 7.54690647125244
v -14.1192502975464 9 7.54690647125244
v -14.1192502975464 5 7.54690647125244
v -13.3114995956421 14 8.89453125
v -13.3114995956421 10 8.89453125
v -13.3114995956421 9 8.89453125
v -13.3114995956421 5 8.89453125
v -3 0 -2
v -3 0.625 -2
v -2.75 0.625 -2
v -2.75 0 -2
v -3 0 2
v -3 0.625 2
v -2 0.625 -2
v -2 0 -2
v -2 0.625 -2.75
v -2 0 -2.75
v -14.7910003662109 14 -6.12659358978271
v -14.7910003662109 10 -6.12659358978271
v -14.7910003662109 9 -6.12659358978271
v -14.7910003662109 5 -6.12659358978271
v -14.1192502975464 14 -7.54690647125244
v -14.1192502975464 10 -7.54690647125244
v -14.1192502975464 9 -7.54690647125244
v -14.1192502975464 5 -7.54690647125244
v -13.3114995956421 14 -8.89453125
v -13.3114995956421 10 -8.89453125
v -13.3114995956421 9 -8.89453125
v -13.3114995956421 5 -8.89453125
v 3.12337493896484 14 -15.7019996643066
v 3.12337493896484 13 -15.7019996643066
v 3.12337493896484 6 -15.7019996643066
v 3.12337493896484 5 -15.7019996643066
v 0 13 -16.0096244812012
v 0 14 -16.0096244812012
v -1.56924998760223 14 -15.932562828064
v -1.56924998760223 13 -15.932562828064
v 0 5 -16.0096244812012
v 0 6 -16.0096244812012
v -1.56924998760223 6 -15.932562828064
v -1.56924998760223 5 -15.932562828064
v -3.12337493896484 14 -15.7019996643066
v -3.12337493896484 13 -15.7019996643066
v -3.12337493896484 6 -15.7019996643066
v -3.12337493896484 5 -15.7019996643066
v 1.56924998760223 13 -15.932562828064
v 1.56924998760223 14 -15.932562828064
v 1.56924998760223 5 -15.932562828064
v 1.56924998760223 6 -15.932562828064
v -6.12659358978271 14 -14.7910003662109
v -6.12659358978271 10 -14.7910003662109
v -6.12659358978271 9 -14.7910003662109
v -6.12659358978271 5 -14.7910003662109
v -7.54690647125244 14 -14.1192502975464
v -7.54690647125244 10 -14.1192502975464
v -7.54690647125244 9 -14.1192502975464
v -7.54690647125244 5 -14.1192502975464
v -8.89453125 14 -13.3114995956421
v -8.89453125 10 -13.3114995956421
v -8.89453125 9 -13.3114995956421
v -8.89453125 5 -13.3114995956421
v -2 0 -3
v -2 0.625 -3
v 2 0 -2.75
v 2 0.625 -2.75
v 2 0.625 -2
v 2 0 -2
v 2.75 0.625 -2
v 2.75 0 -2
v 6.12659358978271 14 -14.7910003662109
v 6.12659358978271 10 -14.7910003662109
v 6.12659358978271 9 -14.7910003662109
v 6.12659358978271 5 -14.7910003662109
v 7.54690647125244 14 -14.1192502975464
v 7.54690647125244 10 -14.1192502975464
v 7.54690647125244 9 -14.1192502975464
v 7.54690647125244 5 -14.1192502975464
v 8.89453125 14 -13.3114995956421
v 8.89453125 10 -13.3114995956421
v 8.89453125 9 -13.3114995956421
v 8.89453125 5 -13.3114995956421
v 2 0.625 -3
v 2 0 -3
v 15.7019996643066 14 3.12337493896484
v 15.7019996643066 13 3.12337493896484
v 15.7019996643066 6 3.12337493896484
v 15.7019996643066 5 3.12337493896484
v 16.0096244812012 13 0
v 16.0096244812012 14 0
v 15.932562828064 14 -1.56924998760223
v 15.932562828064 13 -1.56924998760223
v 16.0096244812012 5 0
v 16.0096244812012 6 0
v 15.932562828064 6 -1.56924998760223
v 15.932562828064 5 -1.56924998760223
v 15.7019996643066 14 -3.12337493896484
v 15.7019996643066 13 -3.12337493896484
v 15.7019996643066 6 -3.12337493896484
v 15.7019996643066 5 -3.12337493896484
v 15.932562828064 13 1.56924998760223
v 15.932562828064 14 1.56924998760223
v 15.932562828064 5 1.56924998760223
v 15.932562828064 6 1.56924998760223
v 14.7910003662109 14 -6.12659358978271
v 14.7910003662109 10 -6.12659358978271
v 14.7910003662109 9 -6.12659358978271
v 14.7910003662109 5 -6.12659358978271
v 14.1192502975464 14 -7.54690647125244
v 14.1192502975464 10 -7.54690647125244
v 14.1192502975464 9 -7.54690647125244
v 14.1192502975464 5 -7.54690647125244
v 13.3114995956421 14 -8.89453125
v 13.3114995956421 10 -8.89453125
v 13.3114995956421 9 -8.89453125
v 13.3114995956421 5 -8.89453125
v 3 0 2
v 3 0.625 2
v 3 0 -2
v 3 0.625 -2
v 14.7910003662109 14 6.12659358978271
v 14.7910003662109 10 6.12659358978271
v 14.7910003662109 9 6.12659358978271
v 14.7910003662109 5 6.12659358978271
v 14.1192502975464 14 7.54690647125244
v 14.1192502975464 10 7.54690647125244
v 14.1192502975464 9 7.54690647125244
v 14.1192502975464 5 7.54690647125244
v 13.3114995956421 14 8.89453125
v 13.3114995956421 10 8.89453125
v 13.3114995956421 9 8.89453125
v 13.3114995956421 5 8.89453125
v 4.78556251525879 13 16.303092956543
v 4.78556251525879 10 16.303092956543
v 4.78556251525879 9 16.303092956543
v 4.78556251525879 6 16.303092956543
v 4.66462516784668 13 17.2881870269775
v 4.66462516784668 10 17.2881870269775
v 4.66462516784668 9 17.2881870269775
v 4.66462516784668 6 17.2881870269775
v 4.29287481307983 13 18.2084369659424
v 4.29287481307983 10 18.2084369659424
v 4.29287481307983 9 18.2084369659424
v 4.29287481307983 6 18.2084369659424
v 3.6956250667572 13 19.0010929107666
v 3.6956250667572 10 19.0010929107666
v 3.6956250667572 9 19.0010929107666
v 3.6956250667572 6 19.0010929107666
v 2.91356253623962 13 19.6121559143066
v 2.91356253623962 10 19.6121559143066
v 2.91356253623962 9 19.6121559143066
v 2.91356253623962 6 19.6121559143066
v 2 13 20
v 2 10 20
v 2 9 20
v 2 6 20
v 1.5 13 20
v 1.5 10 20
v 1.5 9 20
v 1.5 6 20
v -4.78556251525879 13 16.303092956543
v -4.78556251525879 10 16.303092956543
v -4.78556251525879 9 16.303092956543
v -4.78556251525879 6 16.303092956543
v -4.66462516784668 13 17.2881870269775
v -4.66462516784668 10 17.2881870269775
v -4.66462516784668 9 17.2881870269775
v -4.66462516784668 6 17.2881870269775
v -4.29287481307983 13 18.2084369659424
v -4.29287481307983 10 18.2084369659424
v -4.29287481307983 9 18.2084369659424
v -4.29287481307983 6 18.2084369659424
v -3.6956250667572 13 19.0010929107666
v -3.6956250667572 10 19.0010929107666
v -3.6956250667572 9 19.0010929107666
v -3.6956250667572 6 19.0010929107666
v -2.91356253623962 13 19.6121559143066
v -2.91356253623962 10 19.6121559143066
v -2.91356253623962 9 19.6121559143066
v -2.91356253623962 6 19.6121559143066
v -2 13 20
v -2 10 20
v -2 9 20
v -2 6 20
v -1.5 13 20
v -1.5 10 20
v -1.5 9 20
v -1.5 6 20
v 2 12 2
v 2 14 2
v -2 14 2
v -2 12 2
v -19 7 12
v -19 6.5 12
v -19 10 10
v -19 9 10
v 1 13 20.5
v 1 10 20.5
v 1 9 20.5
v 1 6 20.5
v -1 13 20.5
v -1 10 20.5
v -1 9 20.5
v -1 6 20.5
v -1.03806245326996 13 20.3086566925049
v -1.03806245326996 10 20.3086566925049
v -1.03806245326996 9 20.3086566925049
v -1.03806245326996 6 20.3086566925049
v 1.30865621566772 13 20.0380630493164
v 1.30865621566772 10 20.0380630493164
v 1.30865621566772 9 20.0380630493164
v 1.30865621566772 6 20.0380630493164
v 1.14643752574921 13 20.1464366912842
v 1.14643752574921 10 20.1464366912842
v 1.14643752574921 9 20.1464366912842
v 1.14643752574921 6 20.1464366912842
v 1.03806245326996 13 20.3086566925049
v 1.03806245326996 10 20.3086566925049
v 1.03806245326996 9 20.3086566925049
v 1.03806245326996 6 20.3086566925049
v -1.14643752574921 13 20.1464366912842
v -1.14643752574921 10 20.1464366912842
v -1.14643752574921 9 20.1464366912842
v -1.14643752574921 6 20.1464366912842
v -1.30865621566772 13 20.0380630493164
v -1.30865621566772 10 20.0380630493164
v -1.30865621566772 9 20.0380630493164
v -1.30865621566772 6 20.0380630493164
v -20.5 13 1
v -20.5 10 1
v -20.5 9 1
v -20.5 6 1
v -20.0380630493164 13 1.30865621566772
v -20 13 1.5
v -20 10 1.5
v -20.0380630493164 10 1.30865621566772
v -20.0380630493164 9 1.30865621566772
v -20 9 1.5
v -20 6 1.5
v -20.0380630493164 6 1.30865621566772
v -20.3086566925049 13 -1.03806245326996
v -20.5 13 -1
v -20.5 10 -1
v -20.3086566925049 10 -1.03806245326996
v -20.3086566925049 9 -1.03806245326996
v -20.5 9 -1
v -20.5 6 -1
v -20.3086566925049 6 -1.03806245326996
v -20.1464366912842 13 1.14643752574921
v -20.1464366912842 10 1.14643752574921
v -20.1464366912842 9 1.14643752574921
v -20.1464366912842 6 1.14643752574921
v -20.3086566925049 13 1.03806245326996
v -20.3086566925049 10 1.03806245326996
v -20.3086566925049 9 1.03806245326996
v -20.3086566925049 6 1.03806245326996
v -20.1464366912842 13 -1.14643752574921
v -20.1464366912842 10 -1.14643752574921
v -20.1464366912842 9 -1.14643752574921
v -20.1464366912842 6 -1.14643752574921
v -20.0380630493164 13 -1.30865621566772
v -20.0380630493164 10 -1.30865621566772
v -20.0380630493164 9 -1.30865621566772
v -20.0380630493164 6 -1.30865621566772
v -20 13 -1.5
v -20 10 -1.5
v -20 9 -1.5
v -20 6 -1.5
v -19.6121559143066 13 -2.91356253623962
v -20 13 -2
v -20 10 -2
v -19.6121559143066 10 -2.91356253623962
v -19.6121559143066 9 -2.91356253623962
v -20 9 -2
v -20 6 -2
v -19.6121559143066 6 -2.91356253623962
v -20 13 2
v -20 10 2
v -20 9 2
v -20 6 2
v -16.303092956543 13 4.78556251525879
v -16.303092956543 10 4.78556251525879
v -16.303092956543 9 4.78556251525879
v -16.303092956543 6 4.78556251525879
v -19.0010929107666 13 -3.6956250667572
v -19.0010929107666 10 -3.6956250667572
v -19.0010929107666 9 -3.6956250667572
v -19.0010929107666 6 -3.6956250667572
v -18.2084369659424 13 -4.29287481307983
v -18.2084369659424 10 -4.29287481307983
v -18.2084369659424 9 -4.29287481307983
v -18.2084369659424 6 -4.29287481307983
v -17.2881870269775 13 -4.66462516784668
v -17.2881870269775 10 -4.66462516784668
v -17.2881870269775 9 -4.66462516784668
v -17.2881870269775 6 -4.66462516784668
v -16.303092956543 13 -4.78556251525879
v -16.303092956543 10 -4.78556251525879
v -16.303092956543 9 -4.78556251525879
v -16.303092956543 6 -4.78556251525879
v -17.2881870269775 13 4.66462516784668
v -17.2881870269775 10 4.66462516784668
v -17.2881870269775 9 4.66462516784668
v -17.2881870269775 6 4.66462516784668
v -18.2084369659424 13 4.29287481307983
v -18.2084369659424 10 4.29287481307983
v -18.2084369659424 9 4.29287481307983
v -18.2084369659424 6 4.29287481307983
v -19.0010929107666 13 3.6956250667572
v -19.0010929107666 10 3.6956250667572
v -19.0010929107666 9 3.6956250667572
v -19.0010929107666 6 3.6956250667572
v -19.6121559143066 13 2.91356253623962
v -19.6121559143066 10 2.91356253623962
v -19.6121559143066 9 2.91356253623962
v -19.6121559143066 6 2.91356253623962
v -2 14 -2
v -2 12 -2
v 2.91356253623962 13 -19.6121559143066
v 2 13 -20
v 2 10 -20
v 2.91356253623962 10 -19.6121559143066
v 2.91356253623962 9 -19.6121559143066
v 2 9 -20
v 2 6 -20
v 2.91356253623962 6 -19.6121559143066
v -1.5 13 -20
v -2 13 -20
v -2 10 -20
v -1.5 10 -20
v -1.5 9 -20
v -2 9 -20
v -2 6 -20
v -1.5 6 -20
v -4.78556251525879 13 -16.303092956543
v -4.78556251525879 10 -16.303092956543
v -4.78556251525879 9 -16.303092956543
v -4.78556251525879 6 -16.303092956543
v 3.6956250667572 13 -19.0010929107666
v 3.6956250667572 10 -19.0010929107666
v 3.6956250667572 9 -19.0010929107666
v 3.6956250667572 6 -19.0010929107666
v 4.29287481307983 13 -18.2084369659424
v 4.29287481307983 10 -18.2084369659424
v 4.29287481307983 9 -18.2084369659424
v 4.29287481307983 6 -18.2084369659424
v 4.66462516784668 13 -17.2881870269775
v 4.66462516784668 10 -17.2881870269775
v 4.66462516784668 9 -17.2881870269775
v 4.66462516784668 6 -17.2881870269775
v 4.78556251525879 13 -16.303092956543
v 4.78556251525879 10 -16.303092956543
v 4.78556251525879 9 -16.303092956543
v 4.78556251525879 6 -16.303092956543
v -4.66462516784668 13 -17.2881870269775
v -4.66462516784668 10 -17.2881870269775
v -4.66462516784668 9 -17.2881870269775
v -4.66462516784668 6 -17.2881870269775
v -4.29287481307983 13 -18.2084369659424
v -4.29287481307983 10 -18.2084369659424
v -4.29287481307983 9 -18.2084369659424
v -4.29287481307983 6 -18.2084369659424
v -3.6956250667572 13 -19.0010929107666
v -3.6956250667572 10 -19.0010929107666
v -3.6956250667572 9 -19.0010929107666
v -3.6956250667572 6 -19.0010929107666
v -2.91356253623962 13 -19.6121559143066
v -2.91356253623962 10 -19.6121559143066
v -2.91356253623962 9 -19.6121559143066
v -2.91356253623962 6 -19.6121559143066
v 1.5 13 -20
v 1.5 10 -20
v 1.5 9 -20
v 1.5 6 -20
v 2 14 -2
v 2 12 -2
v -1 13 -20.5
v -1 10 -20.5
v -1 9 -20.5
v -1 6 -20.5
v -1.30865621566772 13 -20.0380630493164
v -1.30865621566772 10 -20.0380630493164
v -1.30865621566772 9 -20.0380630493164
v -1.30865621566772 6 -20.0380630493164
v 1.03806245326996 13 -20.3086566925049
v 1 13 -20.5
v 1 10 -20.5
v 1.03806245326996 10 -20.3086566925049
v 1.03806245326996 9 -20.3086566925049
v 1 9 -20.5
v 1 6 -20.5
v 1.03806245326996 6 -20.3086566925049
v -1.14643752574921 13 -20.1464366912842
v -1.14643752574921 10 -20.1464366912842
v -1.14643752574921 9 -20.1464366912842
v -1.14643752574921 6 -20.1464366912842
v -1.03806245326996 13 -20.3086566925049
v -1.03806245326996 10 -20.3086566925049
v -1.03806245326996 9 -20.3086566925049
v -1.03806245326996 6 -20.3086566925049
v 1.14643752574921 13 -20.1464366912842
v 1.14643752574921 10 -20.1464366912842
v 1.14643752574921 9 -20.1464366912842
v 1.14643752574921 6 -20.1464366912842
v 1.30865621566772 13 -20.0380630493164
v 1.30865621566772 10 -20.0380630493164
v 1.30865621566772 9 -20.0380630493164
v 1.30865621566772 6 -20.0380630493164
v 20 13 1.5
v 20.0380630493164 13 1.30865621566772
v 20.0380630493164 10 1.30865621566772
v 20 10 1.5
v 20 9 1.5
v 20.0380630493164 9 1.30865621566772
v 20.0380630493164 6 1.30865621566772
v 20 6 1.5
v 20.5 13 -1
v 20.5 10 -1
v 20.5 9 -1
v 20.5 6 -1
v 20.1464366912842 13 1.14643752574921
v 20.1464366912842 10 1.14643752574921
v 20.1464366912842 9 1.14643752574921
v 20.1464366912842 6 1.14643752574921
v 20.3086566925049 13 1.03806245326996
v 20.3086566925049 10 1.03806245326996
v 20.3086566925049 9 1.03806245326996
v 20.3086566925049 6 1.03806245326996
v 20.3086566925049 13 -1.03806245326996
v 20.3086566925049 10 -1.03806245326996
v 20.3086566925049 9 -1.03806245326996
v 20.3086566925049 6 -1.03806245326996
v 20.1464366912842 13 -1.14643752574921
v 20.1464366912842 10 -1.14643752574921
v 20.1464366912842 9 -1.14643752574921
v 20.1464366912842 6 -1.14643752574921
v 20.0380630493164 13 -1.30865621566772
v 20.0380630493164 10 -1.30865621566772
v 20.0380630493164 9 -1.30865621566772
v 20.0380630493164 6 -1.30865621566772
v 20 13 -1.5
v 20 10 -1.5
v 20 9 -1.5
v 20 6 -1.5
v 20.5 13 1
v 20.5 10 1
v 20.5 9 1
v 20.5 6 1
v 19.6121559143066 13 2.91356253623962
v 20 13 2
v 20 10 2
v 19.6121559143066 10 2.91356253623962
v 19.6121559143066 9 2.91356253623962
v 20 9 2
v 20 6 2
v 19.6121559143066 6 2.91356253623962
v 20 13 -2
v 20 10 -2
v 20 9 -2
v 20 6 -2
v 16.303092956543 13 -4.78556251525879
v 16.303092956543 10 -4.78556251525879
v 16.303092956543 9 -4.78556251525879
v 16.303092956543 6 -4.78556251525879
v 19.0010929107666 13 3.6956250667572
v 19.0010929107666 10 3.6956250667572
v 19.0010929107666 9 3.6956250667572
v 19.0010929107666 6 3.6956250667572
v 18.2084369659424 13 4.29287481307983
v 18.2084369659424 10 4.29287481307983
v 18.2084369659424 9 4.29287481307983
v 18.2084369659424 6 4.29287481307983
v 17.2881870269775 13 4.66462516784668
v 17.2881870269775 10 4.66462516784668
v 17.2881870269775 9 4.66462516784668
v 17.2881870269775 6 4.66462516784668
v 16.303092956543 13 4.78556251525879
v 16.303092956543 10 4.78556251525879
v 16.303092956543 9 4.78556251525879
v 16.303092956543 6 4.78556251525879
v 17.2881870269775 13 -4.66462516784668
v 17.2881870269775 10 -4.66462516784668
v 17.2881870269775 9 -4.66462516784668
v 17.2881870269775 6 -4.66462516784668
v 18.2084369659424 13 -4.29287481307983
v 18.2084369659424 10 -4.29287481307983
v 18.2084369659424 9 -4.29287481307983
v 18.2084369659424 6 -4.29287481307983
v 19.0010929107666 13 -3.6956250667572
v 19.0010929107666 10 -3.6956250667572
v 19.0010929107666 9 -3.6956250667572
v 19.0010929107666 6 -3.6956250667572
v 19.6121559143066 13 -2.91356253623962
v 19.6121559143066 10 -2.91356253623962
v 19.6121559143066 9 -2.91356253623962
v 19.6121559143066 6 -2.91356253623962
v 6.85893726348877 2.375 8.75178146362305
v 6.85893726348877 2.5 8.75178146362305
v 5.42984390258789 2.5 7.01040601730347
v 5.42984390258789 2.375 7.01040601730347
v 5.24606227874756 2.375 9.81468772888184
v 5.24606227874756 2.5 9.81468772888184
v 6.18281269073486 2.5 9.25318717956543
v 6.18281269073486 2.375 9.25318717956543
v 4.93128108978271 2.375 7.38015604019165
v 4.93128108978271 2.5 7.38015604019165
v 4.18415641784668 2.5 7.82800006866455
v 4.18415641784668 2.375 7.82800006866455
v 3.39671874046326 2.5 8.20040607452393
v 3.39671874046326 2.375 8.20040607452393
v 2.81228113174438 2.5 8.40953159332275
v 2.81228113174438 2.375 8.40953159332275
v 3.46618747711182 2.5 10.5652503967285
v 3.46618747711182 2.375 10.5652503967285
v 4.25878143310547 2.375 10.2816247940063
v 4.25878143310547 2.5 10.2816247940063
v 4.62874984741211 2.875 14.39759349823
v 4.62874984741211 3 14.39759349823
v 5.79134368896484 3 13.9816246032715
v 5.79134368896484 2.875 13.9816246032715
v 7.57350015640259 2.875 9.62246894836426
v 7.57350015640259 3 9.62246894836426
v 6.80859375 3 10.1897497177124
v 6.80859375 2.875 10.1897497177124
v 8.40781211853027 2.875 12.583062171936
v 8.40781211853027 3 12.583062171936
v 9.39953136444092 3 11.847562789917
v 9.39953136444092 2.875 11.847562789917
v 7.1339373588562 3 13.346625328064
v 7.1339373588562 2.875 13.346625328064
v 5.77703142166138 3 10.8080625534058
v 5.77703142166138 2.875 10.8080625534058
v 4.68981266021729 3 11.3222503662109
v 4.68981266021729 2.875 11.3222503662109
v 3.79315614700317 2.875 11.6430940628052
v 3.79315614700317 3 11.6430940628052
v 0 2.375 11.1287498474121
v 0 2.5 11.1287498474121
v 1.09081244468689 2.5 11.0751876831055
v 1.09081244468689 2.375 11.0751876831055
v 2.17112493515015 2.5 10.91490650177
v 2.17112493515015 2.375 10.91490650177
v 2.9877188205719 2.5 10.7103748321533
v 2.9877188205719 2.375 10.7103748321533
v 2.33615636825562 2.5 8.5625
v 2.33615636825562 2.375 8.5625
v 1.7071875333786 2.5 8.70715618133545
v 1.7071875333786 2.375 8.70715618133545
v 0.857718765735626 2.5 8.83318710327148
v 0.857718765735626 2.375 8.83318710327148
v 0 2.5 8.87531280517578
v 0 2.375 8.87531280517578
v -0.857718765735626 2.375 8.83318710327148
v -0.857718765735626 2.5 8.83318710327148
v -1.7071875333786 2.5 8.70715618133545
v -1.7071875333786 2.375 8.70715618133545
v -1.09081244468689 2.375 11.0751876831055
v -1.09081244468689 2.5 11.0751876831055
v -2.33615636825562 2.375 8.5625
v -2.33615636825562 2.5 8.5625
v -2.9877188205719 2.5 10.7103748321533
v -2.9877188205719 2.375 10.7103748321533
v -2.17112493515015 2.375 10.91490650177
v -2.17112493515015 2.5 10.91490650177
v 4.15028142929077 2.875 14.5427503585815
v 4.15028142929077 3 14.5427503585815
v 3.31468749046326 3 11.7882499694824
v 3.31468749046326 2.875 11.7882499694824
v 2.95246863365173 2.875 14.8427810668945
v 2.95246863365173 3 14.8427810668945
v 1.48337495326996 2.875 15.060718536377
v 1.48337495326996 3 15.060718536377
v 2.39087510108948 3 12.019624710083
v 2.39087510108948 2.875 12.019624710083
v 1.20121872425079 2.875 12.1961250305176
v 1.20121872425079 3 12.1961250305176
v 0 3 12.2551250457764
v 0 2.875 12.2551250457764
v 0 2.875 15.1335620880127
v 0 3 15.1335620880127
v -3.31468749046326 2.875 11.7882499694824
v -3.31468749046326 3 11.7882499694824
v -4.15028142929077 3 14.5427503585815
v -4.15028142929077 2.875 14.5427503585815
v -2.95246863365173 3 14.8427810668945
v -2.95246863365173 2.875 14.8427810668945
v -1.48337495326996 3 15.060718536377
v -1.48337495326996 2.875 15.060718536377
v -2.39087510108948 2.875 12.019624710083
v -2.39087510108948 3 12.019624710083
v -1.20121872425079 3 12.1961250305176
v -1.20121872425079 2.875 12.1961250305176
v -5.42984390258789 2.375 7.01040601730347
v -5.42984390258789 2.5 7.01040601730347
v -6.85893726348877 2.5 8.75178146362305
v -6.85893726348877 2.375 8.75178146362305
v -6.18281269073486 2.375 9.25318717956543
v -6.18281269073486 2.5 9.25318717956543
v -5.24606227874756 2.5 9.81468772888184
v -5.24606227874756 2.375 9.81468772888184
v -4.18415641784668 2.375 7.82800006866455
v -4.18415641784668 2.5 7.82800006866455
v -4.93128108978271 2.5 7.38015604019165
v -4.93128108978271 2.375 7.38015604019165
v -3.39671874046326 2.375 8.20040607452393
v -3.39671874046326 2.5 8.20040607452393
v -2.81228113174438 2.375 8.40953159332275
v -2.81228113174438 2.5 8.40953159332275
v -3.46618747711182 2.375 10.5652503967285
v -3.46618747711182 2.5 10.5652503967285
v -4.25878143310547 2.5 10.2816247940063
v -4.25878143310547 2.375 10.2816247940063
v -5.79134368896484 2.875 13.9816246032715
v -5.79134368896484 3 13.9816246032715
v -4.62874984741211 3 14.39759349823
v -4.62874984741211 2.875 14.39759349823
v -6.80859375 2.875 10.1897497177124
v -6.80859375 3 10.1897497177124
v -7.57350015640259 3 9.62246894836426
v -7.57350015640259 2.875 9.62246894836426
v -9.39953136444092 2.875 11.847562789917
v -9.39953136444092 3 11.847562789917
v -8.40781211853027 3 12.583062171936
v -8.40781211853027 2.875 12.583062171936
v -7.1339373588562 2.875 13.346625328064
v -7.1339373588562 3 13.346625328064
v -5.77703142166138 2.875 10.8080625534058
v -5.77703142166138 3 10.8080625534058
v -4.68981266021729 2.875 11.3222503662109
v -4.68981266021729 3 11.3222503662109
v -3.79315614700317 3 11.6430940628052
v -3.79315614700317 2.875 11.6430940628052
v -8.75178146362305 2.375 6.85893726348877
v -8.75178146362305 2.5 6.85893726348877
v -7.01040601730347 2.5 5.42984390258789
v -7.01040601730347 2.375 5.42984390258789
v -9.81468772888184 2.375 5.24606227874756
v -9.81468772888184 2.5 5.24606227874756
v -9.25318717956543 2.5 6.18281269073486
v -9.25318717956543 2.375 6.18281269073486
v -7.38015604019165 2.375 4.93128108978271
v -7.38015604019165 2.5 4.93128108978271
v -7.82800006866455 2.5 4.18415641784668
v -7.82800006866455 2.375 4.18415641784668
v -8.20040607452393 2.5 3.39671874046326
v -8.20040607452393 2.375 3.39671874046326
v -8.40953159332275 2.5 2.81228113174438
v -8.40953159332275 2.375 2.81228113174438
v -10.5652503967285 2.5 3.46618747711182
v -10.5652503967285 2.375 3.46618747711182
v -10.2816247940063 2.375 4.25878143310547
v -10.2816247940063 2.5 4.25878143310547
v -14.39759349823 2.875 4.62874984741211
v -14.39759349823 3 4.62874984741211
v -13.9816246032715 3 5.79134368896484
v -13.9816246032715 2.875 5.79134368896484
v -9.62246894836426 2.875 7.57350015640259
v -9.62246894836426 3 7.57350015640259
v -10.1897497177124 3 6.80859375
v -10.1897497177124 2.875 6.80859375
v -12.583062171936 2.875 8.40781211853027
v -12.583062171936 3 8.40781211853027
v -11.847562789917 3 9.39953136444092
v -11.847562789917 2.875 9.39953136444092
v -13.346625328064 3 7.1339373588562
v -13.346625328064 2.875 7.1339373588562
v -10.8080625534058 3 5.77703142166138
v -10.8080625534058 2.875 5.77703142166138
v -11.3222503662109 3 4.68981266021729
v -11.3222503662109 2.875 4.68981266021729
v -11.6430940628052 2.875 3.79315614700317
v -11.6430940628052 3 3.79315614700317
v -8.70715618133545 2.375 1.7071875333786
v -8.70715618133545 2.5 1.7071875333786
v -8.83318710327148 2.5 0.857718765735626
v -8.83318710327148 2.375 0.857718765735626
v -11.1287498474121 2.375 0
v -11.1287498474121 2.5 0
v -11.0751876831055 2.5 1.09081244468689
v -11.0751876831055 2.375 1.09081244468689
v -10.7103748321533 2.375 2.9877188205719
v -10.7103748321533 2.5 2.9877188205719
v -8.5625 2.5 2.33615636825562
v -8.5625 2.375 2.33615636825562
v -8.87531280517578 2.5 0
v -8.87531280517578 2.375 0
v -10.91490650177 2.5 2.17112493515015
v -10.91490650177 2.375 2.17112493515015
v -8.83318710327148 2.375 -0.857718765735626
v -8.83318710327148 2.5 -0.857718765735626
v -8.70715618133545 2.5 -1.7071875333786
v -8.70715618133545 2.375 -1.7071875333786
v -11.0751876831055 2.375 -1.09081244468689
v -11.0751876831055 2.5 -1.09081244468689
v -8.5625 2.375 -2.33615636825562
v -8.5625 2.5 -2.33615636825562
v -10.7103748321533 2.5 -2.9877188205719
v -10.7103748321533 2.375 -2.9877188205719
v -10.91490650177 2.375 -2.17112493515015
v -10.91490650177 2.5 -2.17112493515015
v -14.5427503585815 2.875 4.15028142929077
v -14.5427503585815 3 4.15028142929077
v -11.7882499694824 3 3.31468749046326
v -11.7882499694824 2.875 3.31468749046326
v -14.8427810668945 2.875 2.95246863365173
v -14.8427810668945 3 2.95246863365173
v -15.060718536377 2.875 1.48337495326996
v -15.060718536377 3 1.48337495326996
v -12.019624710083 3 2.39087510108948
v -12.019624710083 2.875 2.39087510108948
v -12.1961250305176 2.875 1.20121872425079
v -12.1961250305176 3 1.20121872425079
v -12.2551250457764 3 0
v -12.2551250457764 2.875 0
v -15.1335620880127 2.875 0
v -15.1335620880127 3 0
v -11.7882499694824 2.875 -3.31468749046326
v -11.7882499694824 3 -3.31468749046326
v -14.5427503585815 3 -4.15028142929077
v -14.5427503585815 2.875 -4.15028142929077
v -14.8427810668945 3 -2.95246863365173
v -14.8427810668945 2.875 -2.95246863365173
v -15.060718536377 3 -1.48337495326996
v -15.060718536377 2.875 -1.48337495326996
v -12.019624710083 2.875 -2.39087510108948
v -12.019624710083 3 -2.39087510108948
v -12.1961250305176 3 -1.20121872425079
v -12.1961250305176 2.875 -1.20121872425079
v -7.01040601730347 2.375 -5.42984390258789
v -7.01040601730347 2.5 -5.42984390258789
v -8.75178146362305 2.5 -6.85893726348877
v -8.75178146362305 2.375 -6.85893726348877
v -9.25318717956543 2.375 -6.18281269073486
v -9.25318717956543 2.5 -6.18281269073486
v -9.81468772888184 2.5 -5.24606227874756
v -9.81468772888184 2.375 -5.24606227874756
v -7.82800006866455 2.375 -4.18415641784668
v -7.82800006866455 2.5 -4.18415641784668
v -7.38015604019165 2.5 -4.93128108978271
v -7.38015604019165 2.375 -4.93128108978271
v -8.20040607452393 2.375 -3.39671874046326
v -8.20040607452393 2.5 -3.39671874046326
v -8.40953159332275 2.375 -2.81228113174438
v -8.40953159332275 2.5 -2.81228113174438
v -10.5652503967285 2.375 -3.46618747711182
v -10.5652503967285 2.5 -3.46618747711182
v -10.2816247940063 2.5 -4.25878143310547
v -10.2816247940063 2.375 -4.25878143310547
v -13.9816246032715 2.875 -5.79134368896484
v -13.9816246032715 3 -5.79134368896484
v -14.39759349823 3 -4.62874984741211
v -14.39759349823 2.875 -4.62874984741211
v -10.1897497177124 2.875 -6.80859375
v -10.1897497177124 3 -6.80859375
v -9.62246894836426 3 -7.57350015640259
v -9.62246894836426 2.875 -7.57350015640259
v -11.847562789917 2.875 -9.39953136444092
v -11.847562789917 3 -9.39953136444092
v -12.583062171936 3 -8.40781211853027
v -12.583062171936 2.875 -8.40781211853027
v -13.346625328064 2.875 -7.1339373588562
v -13.346625328064 3 -7.1339373588562
v -10.8080625534058 2.875 -5.77703142166138
v -10.8080625534058 3 -5.77703142166138
v -11.3222503662109 2.875 -4.68981266021729
v -11.3222503662109 3 -4.68981266021729
v -11.6430940628052 3 -3.79315614700317
v -11.6430940628052 2.875 -3.79315614700317
v -6.85893726348877 2.375 -8.75178146362305
v -6.85893726348877 2.5 -8.75178146362305
v -5.42984390258789 2.5 -7.01040601730347
v -5.42984390258789 2.375 -7.01040601730347
v -5.24606227874756 2.375 -9.81468772888184
v -5.24606227874756 2.5 -9.81468772888184
v -6.18281269073486 2.5 -9.25318717956543
v -6.18281269073486 2.375 -9.25318717956543
v -4.93128108978271 2.375 -7.38015604019165
v -4.93128108978271 2.5 -7.38015604019165
v -4.18415641784668 2.5 -7.82800006866455
v -4.18415641784668 2.375 -7.82800006866455
v -3.39671874046326 2.5 -8.20040607452393
v -3.39671874046326 2.375 -8.20040607452393
v -2.81228113174438 2.5 -8.40953159332275
v -2.81228113174438 2.375 -8.40953159332275
v -3.46618747711182 2.5 -10.5652503967285
v -3.46618747711182 2.375 -10.5652503967285
v -4.25878143310547 2.375 -10.2816247940063
v -4.25878143310547 2.5 -10.2816247940063
v -4.62874984741211 2.875 -14.39759349823
v -4.62874984741211 3 -14.39759349823
v -5.79134368896484 3 -13.9816246032715
v -5.79134368896484 2.875 -13.9816246032715
v -7.57350015640259 2.875 -9.62246894836426
v -7.57350015640259 3 -9.62246894836426
v -6.80859375 3 -10.1897497177124
v -6.80859375 2.875 -10.1897497177124
v -8.40781211853027 2.875 -12.583062171936
v -8.40781211853027 3 -12.583062171936
v -9.39953136444092 3 -11.847562789917
v -9.39953136444092 2.875 -11.847562789917
v -7.1339373588562 3 -13.346625328064
v -7.1339373588562 2.875 -13.346625328064
v -5.77703142166138 3 -10.8080625534058
v -5.77703142166138 2.875 -10.8080625534058
v -4.68981266021729 3 -11.3222503662109
v -4.68981266021729 2.875 -11.3222503662109
v -3.79315614700317 2.875 -11.6430940628052
v -3.79315614700317 3 -11.6430940628052
v -1.7071875333786 2.375 -8.70715618133545
v -1.7071875333786 2.5 -8.70715618133545
v -0.857718765735626 2.5 -8.83318710327148
v -0.857718765735626 2.375 -8.83318710327148
v 0 2.375 -11.1287498474121
v 0 2.5 -11.1287498474121
v -1.09081244468689 2.5 -11.0751876831055
v -1.09081244468689 2.375 -11.0751876831055
v -2.9877188205719 2.375 -10.7103748321533
v -2.9877188205719 2.5 -10.7103748321533
v -2.33615636825562 2.5 -8.5625
v -2.33615636825562 2.375 -8.5625
v 0 2.5 -8.87531280517578
v 0 2.375 -8.87531280517578
v -2.17112493515015 2.5 -10.91490650177
v -2.17112493515015 2.375 -10.91490650177
v 0.857718765735626 2.375 -8.83318710327148
v 0.857718765735626 2.5 -8.83318710327148
v 1.7071875333786 2.5 -8.70715618133545
v 1.7071875333786 2.375 -8.70715618133545
v 1.09081244468689 2.375 -11.0751876831055
v 1.09081244468689 2.5 -11.0751876831055
v 2.33615636825562 2.375 -8.5625
v 2.33615636825562 2.5 -8.5625
v 2.9877188205719 2.5 -10.7103748321533
v 2.9877188205719 2.375 -10.7103748321533
v 2.17112493515015 2.375 -10.91490650177
v 2.17112493515015 2.5 -10.91490650177
v -4.15028142929077 2.875 -14.5427503585815
v -4.15028142929077 3 -14.5427503585815
v -3.31468749046326 3 -11.7882499694824
v -3.31468749046326 2.875 -11.7882499694824
v -2.95246863365173 2.875 -14.8427810668945
v -2.95246863365173 3 -14.8427810668945
v -1.48337495326996 2.875 -15.060718536377
v -1.48337495326996 3 -15.060718536377
v -2.39087510108948 3 -12.019624710083
v -2.39087510108948 2.875 -12.019624710083
v -1.20121872425079 2.875 -12.1961250305176
v -1.20121872425079 3 -12.1961250305176
v 0 3 -12.2551250457764
v 0 2.875 -12.2551250457764
v 0 2.875 -15.1335620880127
v 0 3 -15.1335620880127
v 3.31468749046326 2.875 -11.7882499694824
v 3.31468749046326 3 -11.7882499694824
v 4.15028142929077 3 -14.5427503585815
v 4.15028142929077 2.875 -14.5427503585815
v 2.95246863365173 3 -14.8427810668945
v 2.95246863365173 2.875 -14.8427810668945
v 1.48337495326996 3 -15.060718536377
v 1.48337495326996 2.875 -15.060718536377
v 2.39087510108948 2.875 -12.019624710083
v 2.39087510108948 3 -12.019624710083
v 1.20121872425079 3 -12.1961250305176
v 1.20121872425079 2.875 -12.1961250305176
v 5.42984390258789 2.375 -7.01040601730347
v 5.42984390258789 2.5 -7.01040601730347
v 6.85893726348877 2.5 -8.75178146362305
v 6.85893726348877 2.375 -8.75178146362305
v 6.18281269073486 2.375 -9.25318717956543
v 6.18281269073486 2.5 -9.25318717956543
v 5.24606227874756 2.5 -9.81468772888184
v 5.24606227874756 2.375 -9.81468772888184
v 4.18415641784668 2.375 -7.82800006866455
v 4.18415641784668 2.5 -7.82800006866455
v 4.93128108978271 2.5 -7.38015604019165
v 4.93128108978271 2.375 -7.38015604019165
v 3.39671874046326 2.375 -8.20040607452393
v 3.39671874046326 2.5 -8.20040607452393
v 2.81228113174438 2.375 -8.40953159332275
v 2.81228113174438 2.5 -8.40953159332275
v 3.46618747711182 2.375 -10.5652503967285
v 3.46618747711182 2.5 -10.5652503967285
v 4.25878143310547 2.5 -10.2816247940063
v 4.25878143310547 2.375 -10.2816247940063
v 5.79134368896484 2.875 -13.9816246032715
v 5.79134368896484 3 -13.9816246032715
v 4.62874984741211 3 -14.39759349823
v 4.62874984741211 2.875 -14.39759349823
v 6.80859375 2.875 -10.1897497177124
v 6.80859375 3 -10.1897497177124
v 7.57350015640259 3 -9.62246894836426
v 7.57350015640259 2.875 -9.62246894836426
v 9.39953136444092 2.875 -11.847562789917
v 9.39953136444092 3 -11.847562789917
v 8.40781211853027 3 -12.583062171936
v 8.40781211853027 2.875 -12.583062171936
v 7.1339373588562 2.875 -13.346625328064
v 7.1339373588562 3 -13.346625328064
v 5.77703142166138 2.875 -10.8080625534058
v 5.77703142166138 3 -10.8080625534058
v 4.68981266021729 2.875 -11.3222503662109
v 4.68981266021729 3 -11.3222503662109
v 3.79315614700317 3 -11.6430940628052
v 3.79315614700317 2.875 -11.6430940628052
v 8.75178146362305 2.375 -6.85893726348877
v 8.75178146362305 2.5 -6.85893726348877
v 7.01040601730347 2.5 -5.42984390258789
v 7.01040601730347 2.375 -5.42984390258789
v 9.81468772888184 2.375 -5.24606227874756
v 9.81468772888184 2.5 -5.24606227874756
v 9.25318717956543 2.5 -6.18281269073486
v 9.25318717956543 2.375 -6.18281269073486
v 7.38015604019165 2.375 -4.93128108978271
v 7.38015604019165 2.5 -4.93128108978271
v 7.82800006866455 2.5 -4.18415641784668
v 7.82800006866455 2.375 -4.18415641784668
v 8.20040607452393 2.5 -3.39671874046326
v 8.20040607452393 2.375 -3.39671874046326
v 8.40953159332275 2.5 -2.81228113174438
v 8.40953159332275 2.375 -2.81228113174438
v 10.5652503967285 2.5 -3.46618747711182
v 10.5652503967285 2.375 -3.46618747711182
v 10.2816247940063 2.375 -4.25878143310547
v 10.2816247940063 2.5 -4.25878143310547
v 14.39759349823 2.875 -4.62874984741211
v 14.39759349823 3 -4.62874984741211
v 13.9816246032715 3 -5.79134368896484
v 13.9816246032715 2.875 -5.79134368896484
v 9.62246894836426 2.875 -7.57350015640259
v 9.62246894836426 3 -7.57350015640259
v 10.1897497177124 3 -6.80859375
v 10.1897497177124 2.875 -6.80859375
v 12.583062171936 2.875 -8.40781211853027
v 12.583062171936 3 -8.40781211853027
v 11.847562789917 3 -9.39953136444092
v 11.847562789917 2.875 -9.39953136444092
v 13.346625328064 3 -7.1339373588562
v 13.346625328064 2.875 -7.1339373588562
v 10.8080625534058 3 -5.77703142166138
v 10.8080625534058 2.875 -5.77703142166138
v 11.3222503662109 3 -4.68981266021729
v 11.3222503662109 2.875 -4.68981266021729
v 11.6430940628052 2.875 -3.79315614700317
v 11.6430940628052 3 -3.79315614700317
v 8.70715618133545 2.375 -1.7071875333786
v 8.70715618133545 2.5 -1.7071875333786
v 8.83318710327148 2.5 -0.857718765735626
v 8.83318710327148 2.375 -0.857718765735626
v 11.1287498474121 2.375 0
v 11.1287498474121 2.5 0
v 11.0751876831055 2.5 -1.09081244468689
v 11.0751876831055 2.375 -1.09081244468689
v 10.7103748321533 2.375 -2.9877188205719
v 10.7103748321533 2.5 -2.9877188205719
v 8.5625 2.5 -2.33615636825562
v 8.5625 2.375 -2.33615636825562
v 8.87531280517578 2.5 0
v 8.87531280517578 2.375 0
v 10.91490650177 2.5 -2.17112493515015
v 10.91490650177 2.375 -2.17112493515015
v 8.83318710327148 2.375 0.857718765735626
v 8.83318710327148 2.5 0.857718765735626
v 8.70715618133545 2.5 1.7071875333786
v 8.70715618133545 2.375 1.7071875333786
v 11.0751876831055 2.375 1.09081244468689
v 11.0751876831055 2.5 1.09081244468689
v 8.5625 2.375 2.33615636825562
v 8.5625 2.5 2.33615636825562
v 10.7103748321533 2.5 2.9877188205719
v 10.7103748321533 2.375 2.9877188205719
v 10.91490650177 2.375 2.17112493515015
v 10.91490650177 2.5 2.17112493515015
v 14.5427503585815 2.875 -4.15028142929077
v 14.5427503585815 3 -4.15028142929077
v 11.7882499694824 3 -3.31468749046326
v 11.7882499694824 2.875 -3.31468749046326
v 14.8427810668945 2.875 -2.95246863365173
v 14.8427810668945 3 -2.95246863365173
v 15.060718536377 2.875 -1.48337495326996
v 15.060718536377 3 -1.48337495326996
v 12.019624710083 3 -2.39087510108948
v 12.019624710083 2.875 -2.39087510108948
v 12.1961250305176 2.875 -1.20121872425079
v 12.1961250305176 3 -1.20121872425079
v 12.2551250457764 3 0
v 12.2551250457764 2.875 0
v 15.1335620880127 2.875 0
v 15.1335620880127 3 0
v 11.7882499694824 2.875 3.31468749046326
v 11.7882499694824 3 3.31468749046326
v 14.5427503585815 3 4.15028142929077
v 14.5427503585815 2.875 4.15028142929077
v 14.8427810668945 3 2.95246863365173
v 14.8427810668945 2.875 2.95246863365173
v 15.060718536377 3 1.48337495326996
v 15.060718536377 2.875 1.48337495326996
v 12.019624710083 2.875 2.39087510108948
v 12.019624710083 3 2.39087510108948
v 12.1961250305176 3 1.20121872425079
v 12.1961250305176 2.875 1.20121872425079
v 7.01040601730347 2.375 5.42984390258789
v 7.01040601730347 2.5 5.42984390258789
v 8.75178146362305 2.5 6.85893726348877
v 8.75178146362305 2.375 6.85893726348877
v 9.25318717956543 2.375 6.18281269073486
v 9.25318717956543 2.5 6.18281269073486
v 9.81468772888184 2.5 5.24606227874756
v 9.81468772888184 2.375 5.24606227874756
v 7.82800006866455 2.375 4.18415641784668
v 7.82800006866455 2.5 4.18415641784668
v 7.38015604019165 2.5 4.93128108978271
v 7.38015604019165 2.375 4.93128108978271
v 8.20040607452393 2.375 3.39671874046326
v 8.20040607452393 2.5 3.39671874046326
v 8.40953159332275 2.375 2.81228113174438
v 8.40953159332275 2.5 2.81228113174438
v 10.5652503967285 2.375 3.46618747711182
v 10.5652503967285 2.5 3.46618747711182
v 10.2816247940063 2.5 4.25878143310547
v 10.2816247940063 2.375 4.25878143310547
v 13.9816246032715 2.875 5.79134368896484
v 13.9816246032715 3 5.79134368896484
v 14.39759349823 3 4.62874984741211
v 14.39759349823 2.875 4.62874984741211
v 10.1897497177124 2.875 6.80859375
v 10.1897497177124 3 6.80859375
v 9.62246894836426 3 7.57350015640259
v 9.62246894836426 2.875 7.57350015640259
v 11.847562789917 2.875 9.39953136444092
v 11.847562789917 3 9.39953136444092
v 12.583062171936 3 8.40781211853027
v 12.583062171936 2.875 8.40781211853027
v 13.346625328064 2.875 7.1339373588562
v 13.346625328064 3 7.1339373588562
v 10.8080625534058 2.875 5.77703142166138
v 10.8080625534058 3 5.77703142166138
v 11.3222503662109 2.875 4.68981266021729
v 11.3222503662109 3 4.68981266021729
v 11.6430940628052 3 3.79315614700317
v 11.6430940628052 2.875 3.79315614700317
v -3.05015635490417 5 15.3337812423706
v -4.53840637207031 5 14.9609689712524
v 4.53840637207031 5 14.9609689712524
v 3.05015635490417 5 15.3337812423706
v -1.53243744373322 5 15.5589065551758
v 1.53243744373322 5 15.5589065551758
v 0 5 15.625
v -3.05015635490417 10 15.3337812423706
v -4.53840637207031 10 14.9609689712524
v 4.53840637207031 10 14.9609689712524
v 3.05015635490417 10 15.3337812423706
v 3.12337493896484 10 15.7019996643066
v 1.56924998760223 10 15.932562828064
v 0 10 16.0096244812012
v -3.12337493896484 10 15.7019996643066
v -1.56924998760223 10 15.932562828064
v -1.53243744373322 10 15.5589065551758
v 1.53243744373322 10 15.5589065551758
v 0 10 15.625
v -3.05015635490417 9 15.3337812423706
v -4.53840637207031 9 14.9609689712524
v 3.05015635490417 9 15.3337812423706
v 4.53840637207031 9 14.9609689712524
v 3.12337493896484 9 15.7019996643066
v 1.56924998760223 9 15.932562828064
v 0 9 16.0096244812012
v -3.12337493896484 9 15.7019996643066
v -1.56924998760223 9 15.932562828064
v -1.53243744373322 9 15.5589065551758
v 1.53243744373322 9 15.5589065551758
v 0 9 15.625
v 2.64146876335144 14.5 8.16878128051758
v 2.48415613174438 14.5 7.65018749237061
v 2.71781253814697 14.5 8.0259370803833
v 2.62700009346008 14.5 7.72653102874756
v 2.71250009536743 14.5 7.86406230926514
v -2.9877188205719 7 10.7103748321533
v -3.24897384643555 7 10.7103748321533
v -2.17112493515015 7 10.91490650177
v 0.857718765735626 7 8.83318710327148
v 1.7071875333786 7 8.70715618133545
v 2.33615636825562 7 8.5625
v 0 7 8.87531280517578
v -0.857718765735626 7 8.83318710327148
v -1.7071875333786 7 8.70715618133545
v -2.33615636825562 7 8.5625
v -1.65837502479553 7 8.46165657043457
v -2.12150001525879 7 8.34568786621094
v 2.12150001525879 7 8.34568786621094
v 1.65837502479553 7 8.46165657043457
v 1.11534380912781 7 11.3242816925049
v 2.21996879577637 7 11.1604061126709
v 0 7 11.3790626525879
v -1.11534380912781 7 11.3242816925049
v -2.21996879577637 7 11.1604061126709
v -1.09081244468689 7 11.0751876831055
v 0 7 11.1287498474121
v -0.833187520503998 7 8.58409404754639
v 1.09081244468689 7 11.0751876831055
v 0 7 8.625
v 2.17112493515015 7 10.91490650177
v 0.833187520503998 7 8.58409404754639
v 2.9877188205719 7 10.7103748321533
v -2.9877188205719 6.5 10.7103748321533
v -3.24897384643555 6.5 10.7103748321533
v -2.17112493515015 6.5 10.91490650177
v 0.857718765735626 6.5 8.83318710327148
v 2.33615636825562 6.5 8.5625
v 1.7071875333786 6.5 8.70715618133545
v 0 6.5 8.87531280517578
v -0.857718765735626 6.5 8.83318710327148
v -1.7071875333786 6.5 8.70715618133545
v -2.33615636825562 6.5 8.5625
v -1.65837502479553 6.5 8.46165657043457
v 1.65837502479553 6.5 8.46165657043457
v -1.09081244468689 6.5 11.0751876831055
v 0 6.5 11.1287498474121
v -0.833187520503998 6.5 8.58409404754639
v 1.09081244468689 6.5 11.0751876831055
v 0 6.5 8.625
v 2.17112493515015 6.5 10.91490650177
v 0.833187520503998 6.5 8.58409404754639
v 2.9877188205719 6.5 10.7103748321533
v 8.68593788146973 5 12.9993124008179
v 5.98290634155273 5 14.4441251754761
v 7.36993741989136 5 13.788125038147
v 8.68593788146973 10 12.9993124008179
v 5.98290634155273 10 14.4441251754761
v 7.36993741989136 10 13.788125038147
v 8.68593788146973 9 12.9993124008179
v 5.98290634155273 9 14.4441251754761
v 7.36993741989136 9 13.788125038147
v 9.10225009918213 3.5 7.79337501525879
v 7.79337501525879 3.5 9.10225009918213
v 1.85578119754791 7 7.80743741989136
v 1.76646876335144 7 7.94121885299683
v 1.75603127479553 7 8.10171890258789
v 1.96099996566772 7 8.33524990081787
v 1.82721877098083 7 8.24593734741211
v 1.85578119754791 14.5 7.80743741989136
v 1.75603127479553 14.5 8.10171890258789
v 1.76646876335144 14.5 7.94121885299683
v 1.96099996566772 14.5 8.33524990081787
v 1.82721877098083 14.5 8.24593734741211
v 6.66953134536743 3 9.98162460327148
v 5.6590313911438 3 10.5873126983643
v 4.59403133392334 3 11.0909996032715
v 5.64971876144409 3 6.4901876449585
v 8.61853122711182 3 7.39640617370605
v 7.39640617370605 3 8.61853122711182
v 6.4901876449585 3 5.64971876144409
v 6.06996870040894 3 6.06996870040894
v 1.65837502479553 2.5 8.46165657043457
v 0.833187520503998 2.5 8.58409404754639
v 0 2.5 8.625
v -0.833187520503998 2.5 8.58409404754639
v -1.65837502479553 2.5 8.46165657043457
v -1.85578119754791 14.5 7.80743741989136
v -1.96099996566772 14.5 8.33524990081787
v -1.76646876335144 14.5 7.94121885299683
v -1.82721877098083 14.5 8.24593734741211
v -1.75603127479553 14.5 8.10171890258789
v -1.85578119754791 7 7.80743741989136
v -1.96099996566772 7 8.33524990081787
v -1.76646876335144 7 7.94121885299683
v -1.82721877098083 7 8.24593734741211
v -1.75603127479553 7 8.10171890258789
v -2.48415613174438 14.5 7.65018749237061
v -2.64146876335144 14.5 8.16878128051758
v -2.62700009346008 14.5 7.72653102874756
v -2.71781253814697 14.5 8.0259370803833
v -2.71250009536743 14.5 7.86406230926514
v -8.68593788146973 5 12.9993124008179
v -5.98290634155273 5 14.4441251754761
v -7.36993741989136 5 13.788125038147
v -8.68593788146973 10 12.9993124008179
v -5.98290634155273 10 14.4441251754761
v -7.36993741989136 10 13.788125038147
v -8.68593788146973 9 12.9993124008179
v -5.98290634155273 9 14.4441251754761
v -7.36993741989136 9 13.788125038147
v -7.79337501525879 3.5 9.10225009918213
v -9.10225009918213 3.5 7.79337501525879
v -4.59403133392334 3 11.0909996032715
v -5.6590313911438 3 10.5873126983643
v -6.66953134536743 3 9.98162460327148
v -5.64971876144409 3 6.4901876449585
v -7.39640617370605 3 8.61853122711182
v -8.61853122711182 3 7.39640617370605
v -6.4901876449585 3 5.64971876144409
v -15.3337812423706 5 -3.05015635490417
v -14.9609689712524 5 -4.53840637207031
v -14.9609689712524 5 4.53840637207031
v -15.3337812423706 5 3.05015635490417
v -15.5589065551758 5 -1.53243744373322
v -15.5589065551758 5 1.53243744373322
v -15.625 5 0
v -15.7019996643066 10 -3.12337493896484
v -15.932562828064 10 -1.56924998760223
v -16.0096244812012 10 0
v -15.3337812423706 10 -3.05015635490417
v -14.9609689712524 10 -4.53840637207031
v -14.9609689712524 10 4.53840637207031
v -15.3337812423706 10 3.05015635490417
v -15.7019996643066 10 3.12337493896484
v -15.932562828064 10 1.56924998760223
v -15.5589065551758 10 -1.53243744373322
v -15.5589065551758 10 1.53243744373322
v -15.625 10 0
v -15.7019996643066 9 -3.12337493896484
v -16.0096244812012 9 0
v -15.932562828064 9 -1.56924998760223
v -15.3337812423706 9 -3.05015635490417
v -14.9609689712524 9 -4.53840637207031
v -15.3337812423706 9 3.05015635490417
v -14.9609689712524 9 4.53840637207031
v -15.7019996643066 9 3.12337493896484
v -15.932562828064 9 1.56924998760223
v -15.5589065551758 9 -1.53243744373322
v -15.5589065551758 9 1.53243744373322
v -15.625 9 0
v -7.65018749237061 14.5 2.48415613174438
v -8.16878128051758 14.5 2.64146876335144
v -7.72653102874756 14.5 2.62700009346008
v -8.0259370803833 14.5 2.71781253814697
v -7.86406230926514 14.5 2.71250009536743
v -11.1604061126709 7 -2.21996879577637
v -11.3242816925049 7 -1.11534380912781
v -11.3790626525879 7 0
v -8.46165657043457 7 -1.65837502479553
v -8.34568786621094 7 -2.12150001525879
v -8.34568786621094 7 2.12150001525879
v -8.46165657043457 7 1.65837502479553
v -11.3242816925049 7 1.11534380912781
v -11.1604061126709 7 2.21996879577637
v -11.0751876831055 7 1.09081244468689
v -11.1287498474121 7 0
v -8.83318710327148 7 0.857718765735626
v -8.70715618133545 7 1.7071875333786
v -8.5625 7 2.33615636825562
v -8.87531280517578 7 0
v -8.83318710327148 7 -0.857718765735626
v -8.70715618133545 7 -1.7071875333786
v -11.0751876831055 7 -1.09081244468689
v -10.91490650177 7 2.17112493515015
v -10.91490650177 7 -2.17112493515015
v -10.7103748321533 7 2.9877188205719
v -10.7103748321533 7 -2.9877188205719
v -8.5625 7 -2.33615636825562
v -8.58409404754639 7 0.833187520503998
v -8.58409404754639 7 -0.833187520503998
v -8.625 7 0
v -8.46165657043457 6.5 -1.65837502479553
v -8.46165657043457 6.5 1.65837502479553
v -11.0751876831055 6.5 1.09081244468689
v -11.1287498474121 6.5 0
v -8.83318710327148 6.5 0.857718765735626
v -8.5625 6.5 2.33615636825562
v -8.70715618133545 6.5 1.7071875333786
v -8.87531280517578 6.5 0
v -8.83318710327148 6.5 -0.857718765735626
v -8.70715618133545 6.5 -1.7071875333786
v -11.0751876831055 6.5 -1.09081244468689
v -10.91490650177 6.5 2.17112493515015
v -10.91490650177 6.5 -2.17112493515015
v -10.7103748321533 6.5 2.9877188205719
v -10.7103748321533 6.5 -2.9877188205719
v -8.5625 6.5 -2.33615636825562
v -8.58409404754639 6.5 0.833187520503998
v -8.58409404754639 6.5 -0.833187520503998
v -8.625 6.5 0
v -14.4441251754761 5 5.98290634155273
v -12.9993124008179 5 8.68593788146973
v -13.788125038147 5 7.36993741989136
v -14.4441251754761 10 5.98290634155273
v -12.9993124008179 10 8.68593788146973
v -13.788125038147 10 7.36993741989136
v -14.4441251754761 9 5.98290634155273
v -12.9993124008179 9 8.68593788146973
v -13.788125038147 9 7.36993741989136
v -8.24593734741211 7 1.82721877098083
v -8.33524990081787 7 1.96099996566772
v -8.10171890258789 7 1.75603127479553
v -7.94121885299683 7 1.76646876335144
v -7.80743741989136 7 1.85578119754791
v -8.24593734741211 14.5 1.82721877098083
v -8.33524990081787 14.5 1.96099996566772
v -8.10171890258789 14.5 1.75603127479553
v -7.94121885299683 14.5 1.76646876335144
v -7.80743741989136 14.5 1.85578119754791
v -9.98162460327148 3 6.66953134536743
v -10.5873126983643 3 5.6590313911438
v -11.0909996032715 3 4.59403133392334
v -14.4441251754761 5 -5.98290634155273
v -14.4441251754761 10 -5.98290634155273
v -14.4441251754761 9 -5.98290634155273
v -13.788125038147 5 -7.36993741989136
v -13.788125038147 10 -7.36993741989136
v -13.788125038147 9 -7.36993741989136
v -8.46165657043457 2.5 -1.65837502479553
v -8.58409404754639 2.5 -0.833187520503998
v -8.625 2.5 0
v -8.46165657043457 2.5 1.65837502479553
v -8.58409404754639 2.5 0.833187520503998
v -8.33524990081787 14.5 -1.96099996566772
v -7.80743741989136 14.5 -1.85578119754791
v -8.24593734741211 14.5 -1.82721877098083
v -7.94121885299683 14.5 -1.76646876335144
v -8.10171890258789 14.5 -1.75603127479553
v -8.33524990081787 7 -1.96099996566772
v -7.80743741989136 7 -1.85578119754791
v -8.24593734741211 7 -1.82721877098083
v -7.94121885299683 7 -1.76646876335144
v -8.10171890258789 7 -1.75603127479553
v -7.65018749237061 14.5 -2.48415613174438
v -8.16878128051758 14.5 -2.64146876335144
v -7.72653102874756 14.5 -2.62700009346008
v -8.0259370803833 14.5 -2.71781253814697
v -7.86406230926514 14.5 -2.71250009536743
v -12.9993124008179 5 -8.68593788146973
v -12.9993124008179 10 -8.68593788146973
v -12.9993124008179 9 -8.68593788146973
v -7.79337501525879 3.5 -9.10225009918213
v -9.10225009918213 3.5 -7.79337501525879
v -10.5873126983643 3 -5.6590313911438
v -11.0909996032715 3 -4.59403133392334
v -9.98162460327148 3 -6.66953134536743
v -6.4901876449585 3 -5.64971876144409
v -7.39640617370605 3 -8.61853122711182
v -8.61853122711182 3 -7.39640617370605
v -5.64971876144409 3 -6.4901876449585
v 3.05015635490417 5 -15.3337812423706
v 4.53840637207031 5 -14.9609689712524
v -4.53840637207031 5 -14.9609689712524
v -3.05015635490417 5 -15.3337812423706
v 1.53243744373322 5 -15.5589065551758
v -1.53243744373322 5 -15.5589065551758
v 0 5 -15.625
v -3.12337493896484 10 -15.7019996643066
v -1.56924998760223 10 -15.932562828064
v 0 10 -16.0096244812012
v 3.12337493896484 10 -15.7019996643066
v 1.56924998760223 10 -15.932562828064
v 3.05015635490417 10 -15.3337812423706
v 4.53840637207031 10 -14.9609689712524
v -4.53840637207031 10 -14.9609689712524
v -3.05015635490417 10 -15.3337812423706
v 1.53243744373322 10 -15.5589065551758
v -1.53243744373322 10 -15.5589065551758
v 0 10 -15.625
v -3.12337493896484 9 -15.7019996643066
v -1.56924998760223 9 -15.932562828064
v 0 9 -16.0096244812012
v 3.12337493896484 9 -15.7019996643066
v 1.56924998760223 9 -15.932562828064
v 3.05015635490417 9 -15.3337812423706
v 4.53840637207031 9 -14.9609689712524
v -3.05015635490417 9 -15.3337812423706
v -4.53840637207031 9 -14.9609689712524
v 1.53243744373322 9 -15.5589065551758
v -1.53243744373322 9 -15.5589065551758
v 0 9 -15.625
v -2.64146876335144 14.5 -8.16878128051758
v -2.48415613174438 14.5 -7.65018749237061
v -2.71781253814697 14.5 -8.0259370803833
v -2.62700009346008 14.5 -7.72653102874756
v -2.71250009536743 14.5 -7.86406230926514
v -1.11534380912781 7 -11.3242816925049
v -2.21996879577637 7 -11.1604061126709
v 0 7 -11.3790626525879
v 1.11534380912781 7 -11.3242816925049
v 2.21996879577637 7 -11.1604061126709
v 1.65837502479553 7 -8.46165657043457
v 2.12150001525879 7 -8.34568786621094
v -2.12150001525879 7 -8.34568786621094
v -1.65837502479553 7 -8.46165657043457
v -2.9877188205719 7 -10.7103748321533
v -3.24897384643555 7 -10.7103748321533
v -2.33615636825562 7 -8.5625
v -0.857718765735626 7 -8.83318710327148
v -1.7071875333786 7 -8.70715618133545
v 0 7 -8.87531280517578
v 0.857718765735626 7 -8.83318710327148
v 1.7071875333786 7 -8.70715618133545
v -2.17112493515015 7 -10.91490650177
v -1.09081244468689 7 -11.0751876831055
v -0.833187520503998 7 -8.58409404754639
v 0 7 -8.625
v 0 7 -11.1287498474121
v 1.09081244468689 7 -11.0751876831055
v 0.833187520503998 7 -8.58409404754639
v 2.33615636825562 7 -8.5625
v 2.17112493515015 7 -10.91490650177
v 2.9877188205719 7 -10.7103748321533
v 1.65837502479553 6.5 -8.46165657043457
v -1.65837502479553 6.5 -8.46165657043457
v -2.9877188205719 6.5 -10.7103748321533
v -3.24897384643555 6.5 -10.7103748321533
v -2.33615636825562 6.5 -8.5625
v -0.857718765735626 6.5 -8.83318710327148
v -1.7071875333786 6.5 -8.70715618133545
v 0 6.5 -8.87531280517578
v 0.857718765735626 6.5 -8.83318710327148
v 1.7071875333786 6.5 -8.70715618133545
v -2.17112493515015 6.5 -10.91490650177
v -1.09081244468689 6.5 -11.0751876831055
v -0.833187520503998 6.5 -8.58409404754639
v 0 6.5 -8.625
v 0 6.5 -11.1287498474121
v 1.09081244468689 6.5 -11.0751876831055
v 0.833187520503998 6.5 -8.58409404754639
v 2.33615636825562 6.5 -8.5625
v 2.17112493515015 6.5 -10.91490650177
v 2.9877188205719 6.5 -10.7103748321533
v -5.98290634155273 5 -14.4441251754761
v -8.68593788146973 5 -12.9993124008179
v -7.36993741989136 5 -13.788125038147
v -5.98290634155273 10 -14.4441251754761
v -8.68593788146973 10 -12.9993124008179
v -7.36993741989136 10 -13.788125038147
v -5.98290634155273 9 -14.4441251754761
v -8.68593788146973 9 -12.9993124008179
v -7.36993741989136 9 -13.788125038147
v -1.96099996566772 7 -8.33524990081787
v -1.82721877098083 7 -8.24593734741211
v -1.75603127479553 7 -8.10171890258789
v -1.76646876335144 7 -7.94121885299683
v -1.85578119754791 7 -7.80743741989136
v -1.96099996566772 14.5 -8.33524990081787
v -1.82721877098083 14.5 -8.24593734741211
v -1.75603127479553 14.5 -8.10171890258789
v -1.76646876335144 14.5 -7.94121885299683
v -1.85578119754791 14.5 -7.80743741989136
v -5.6590313911438 3 -10.5873126983643
v -6.66953134536743 3 -9.98162460327148
v -4.59403133392334 3 -11.0909996032715
v 14.4441251754761 5 5.98290634155273
v 14.9609689712524 5 4.53840637207031
v 14.4441251754761 10 5.98290634155273
v 14.9609689712524 10 4.53840637207031
v 14.4441251754761 9 5.98290634155273
v 14.9609689712524 9 4.53840637207031
v -0.833187520503998 2.5 -8.58409404754639
v -1.65837502479553 2.5 -8.46165657043457
v 0 2.5 -8.625
v 0.833187520503998 2.5 -8.58409404754639
v 1.65837502479553 2.5 -8.46165657043457
v 1.96099996566772 14.5 -8.33524990081787
v 1.85578119754791 14.5 -7.80743741989136
v 1.82721877098083 14.5 -8.24593734741211
v 1.76646876335144 14.5 -7.94121885299683
v 1.75603127479553 14.5 -8.10171890258789
v 1.96099996566772 7 -8.33524990081787
v 1.85578119754791 7 -7.80743741989136
v 1.82721877098083 7 -8.24593734741211
v 1.76646876335144 7 -7.94121885299683
v 1.75603127479553 7 -8.10171890258789
v 2.64146876335144 14.5 -8.16878128051758
v 2.48415613174438 14.5 -7.65018749237061
v 2.71781253814697 14.5 -8.0259370803833
v 2.62700009346008 14.5 -7.72653102874756
v 2.71250009536743 14.5 -7.86406230926514
v 8.68593788146973 5 -12.9993124008179
v 5.98290634155273 5 -14.4441251754761
v 7.36993741989136 5 -13.788125038147
v 8.68593788146973 10 -12.9993124008179
v 5.98290634155273 10 -14.4441251754761
v 7.36993741989136 10 -13.788125038147
v 8.68593788146973 9 -12.9993124008179
v 5.98290634155273 9 -14.4441251754761
v 7.36993741989136 9 -13.788125038147
v 7.79337501525879 3.5 -9.10225009918213
v 9.10225009918213 3.5 -7.79337501525879
v 4.59403133392334 3 -11.0909996032715
v 5.6590313911438 3 -10.5873126983643
v 6.66953134536743 3 -9.98162460327148
v 5.64971876144409 3 -6.4901876449585
v 7.39640617370605 3 -8.61853122711182
v 8.61853122711182 3 -7.39640617370605
v 6.4901876449585 3 -5.64971876144409
v 14.9609689712524 5 -4.53840637207031
v 15.3337812423706 5 3.05015635490417
v 15.3337812423706 5 -3.05015635490417
v 15.5589065551758 5 1.53243744373322
v 15.5589065551758 5 -1.53243744373322
v 15.625 5 0
v 14.9609689712524 10 -4.53840637207031
v 15.7019996643066 10 -3.12337493896484
v 15.932562828064 10 -1.56924998760223
v 15.932562828064 10 1.56924998760223
v 16.0096244812012 10 0
v 15.7019996643066 10 3.12337493896484
v 15.3337812423706 10 3.05015635490417
v 15.3337812423706 10 -3.05015635490417
v 15.5589065551758 10 1.53243744373322
v 15.5589065551758 10 -1.53243744373322
v 15.625 10 0
v 14.9609689712524 9 -4.53840637207031
v 15.7019996643066 9 -3.12337493896484
v 15.932562828064 9 -1.56924998760223
v 15.932562828064 9 1.56924998760223
v 16.0096244812012 9 0
v 15.7019996643066 9 3.12337493896484
v 15.3337812423706 9 3.05015635490417
v 15.3337812423706 9 -3.05015635490417
v 15.5589065551758 9 1.53243744373322
v 15.5589065551758 9 -1.53243744373322
v 15.625 9 0
v 8.16878128051758 14.5 -2.64146876335144
v 7.65018749237061 14.5 -2.48415613174438
v 8.0259370803833 14.5 -2.71781253814697
v 7.72653102874756 14.5 -2.62700009346008
v 7.86406230926514 14.5 -2.71250009536743
v 11.3242816925049 7 -1.11534380912781
v 11.1604061126709 7 -2.21996879577637
v 11.3790626525879 7 0
v 11.3242816925049 7 1.11534380912781
v 11.1604061126709 7 2.21996879577637
v 8.29440021514893 7 2.33615636825562
v 8.5625 7 2.33615636825562
v 10.7103748321533 7 2.9877188205719
v 8.83318710327148 7 -0.857718765735626
v 8.70715618133545 7 -1.7071875333786
v 8.5625 7 -2.33615636825562
v 8.87531280517578 7 0
v 8.83318710327148 7 0.857718765735626
v 8.70715618133545 7 1.7071875333786
v 8.34568786621094 7 2.12150001525879
v 8.46165657043457 7 1.65837502479553
v 8.34568786621094 7 -2.12150001525879
v 8.46165657043457 7 -1.65837502479553
v 10.91490650177 7 2.17112493515015
v 8.58409404754639 7 0.833187520503998
v 11.0751876831055 7 1.09081244468689
v 8.625 7 0
v 11.1287498474121 7 0
v 11.0751876831055 7 -1.09081244468689
v 8.58409404754639 7 -0.833187520503998
v 10.91490650177 7 -2.17112493515015
v 10.7103748321533 7 -2.9877188205719
v 8.29440021514893 6.5 2.33615636825562
v 8.5625 6.5 2.33615636825562
v 10.7103748321533 6.5 2.9877188205719
v 8.83318710327148 6.5 -0.857718765735626
v 8.5625 6.5 -2.33615636825562
v 8.70715618133545 6.5 -1.7071875333786
v 8.87531280517578 6.5 0
v 8.83318710327148 6.5 0.857718765735626
v 8.70715618133545 6.5 1.7071875333786
v 8.46165657043457 6.5 1.65837502479553
v 8.46165657043457 6.5 -1.65837502479553
v 10.91490650177 6.5 2.17112493515015
v 8.58409404754639 6.5 0.833187520503998
v 11.0751876831055 6.5 1.09081244468689
v 8.625 6.5 0
v 11.1287498474121 6.5 0
v 11.0751876831055 6.5 -1.09081244468689
v 8.58409404754639 6.5 -0.833187520503998
v 10.91490650177 6.5 -2.17112493515015
v 10.7103748321533 6.5 -2.9877188205719
v 14.4441251754761 5 -5.98290634155273
v 12.9993124008179 5 -8.68593788146973
v 13.788125038147 5 -7.36993741989136
v 14.4441251754761 10 -5.98290634155273
v 12.9993124008179 10 -8.68593788146973
v 13.788125038147 10 -7.36993741989136
v 14.4441251754761 9 -5.98290634155273
v 12.9993124008179 9 -8.68593788146973
v 13.788125038147 9 -7.36993741989136
v 8.33524990081787 7 -1.96099996566772
v 8.24593734741211 7 -1.82721877098083
v 8.10171890258789 7 -1.75603127479553
v 7.94121885299683 7 -1.76646876335144
v 7.80743741989136 7 -1.85578119754791
v 8.33524990081787 14.5 -1.96099996566772
v 8.24593734741211 14.5 -1.82721877098083
v 8.10171890258789 14.5 -1.75603127479553
v 7.94121885299683 14.5 -1.76646876335144
v 7.80743741989136 14.5 -1.85578119754791
v 9.98162460327148 3 -6.66953134536743
v 10.5873126983643 3 -5.6590313911438
v 11.0909996032715 3 -4.59403133392334
v 13.788125038147 5 7.36993741989136
v 13.788125038147 10 7.36993741989136
v 13.788125038147 9 7.36993741989136
v 8.46165657043457 2.5 -1.65837502479553
v 8.58409404754639 2.5 -0.833187520503998
v 8.625 2.5 0
v 8.58409404754639 2.5 0.833187520503998
v 8.46165657043457 2.5 1.65837502479553
v 8.33524990081787 14.5 1.96099996566772
v 7.80743741989136 14.5 1.85578119754791
v 8.24593734741211 14.5 1.82721877098083
v 7.94121885299683 14.5 1.76646876335144
v 8.10171890258789 14.5 1.75603127479553
v 8.33524990081787 7 1.96099996566772
v 7.80743741989136 7 1.85578119754791
v 8.24593734741211 7 1.82721877098083
v 7.94121885299683 7 1.76646876335144
v 8.10171890258789 7 1.75603127479553
v 7.65018749237061 14.5 2.48415613174438
v 8.16878128051758 14.5 2.64146876335144
v 7.72653102874756 14.5 2.62700009346008
v 8.0259370803833 14.5 2.71781253814697
v 7.86406230926514 14.5 2.71250009536743
v 12.9993124008179 5 8.68593788146973
v 12.9993124008179 10 8.68593788146973
v 12.9993124008179 9 8.68593788146973
v 11.0909996032715 3 4.59403133392334
v 10.5873126983643 3 5.6590313911438
v 9.98162460327148 3 6.66953134536743
v -3.05015635490417 14 15.3337812423706
v -4.53840637207031 14 14.9609689712524
v 3.05015635490417 14 15.3337812423706
v 4.53840637207031 14 14.9609689712524
v -1.53243744373322 14 15.5589065551758
v 1.53243744373322 14 15.5589065551758
v 0 14 15.625
v 6.00724983215332 14 5.25193738937378
v 2.75 14 2
v 5.25193738937378 14 6.00724983215332
v 2 14 2.75
v 8.68593788146973 14 12.9993124008179
v 5.98290634155273 14 14.4441251754761
v 7.36993741989136 14 13.788125038147
v 7.79337501525879 14 9.10225009918213
v 9.10225009918213 14 7.79337501525879
v 5.64971876144409 14 6.4901876449585
v 7.39640617370605 14 8.61853122711182
v 8.61853122711182 14 7.39640617370605
v 6.4901876449585 14 5.64971876144409
v 6.06996870040894 14 6.06996870040894
v -2 14 2.75
v -6.00724983215332 14 5.25193738937378
v -2.75 14 2
v -5.25193738937378 14 6.00724983215332
v -8.68593788146973 14 12.9993124008179
v -5.98290634155273 14 14.4441251754761
v -7.36993741989136 14 13.788125038147
v -7.79337501525879 14 9.10225009918213
v -9.10225009918213 14 7.79337501525879
v -5.64971876144409 14 6.4901876449585
v -7.39640617370605 14 8.61853122711182
v -8.61853122711182 14 7.39640617370605
v -6.4901876449585 14 5.64971876144409
v -15.3337812423706 14 -3.05015635490417
v -14.9609689712524 14 -4.53840637207031
v -15.3337812423706 14 3.05015635490417
v -14.9609689712524 14 4.53840637207031
v -15.5589065551758 14 -1.53243744373322
v -15.5589065551758 14 1.53243744373322
v -15.625 14 0
v -14.4441251754761 14 5.98290634155273
v -12.9993124008179 14 8.68593788146973
v -13.788125038147 14 7.36993741989136
v -2.75 14 -2
v -14.4441251754761 14 -5.98290634155273
v -13.788125038147 14 -7.36993741989136
v -2 14 -2.75
v -6.00724983215332 14 -5.25193738937378
v -5.25193738937378 14 -6.00724983215332
v -12.9993124008179 14 -8.68593788146973
v -7.79337501525879 14 -9.10225009918213
v -9.10225009918213 14 -7.79337501525879
v -6.4901876449585 14 -5.64971876144409
v -7.39640617370605 14 -8.61853122711182
v -8.61853122711182 14 -7.39640617370605
v -5.64971876144409 14 -6.4901876449585
v 3.05015635490417 14 -15.3337812423706
v 4.53840637207031 14 -14.9609689712524
v -3.05015635490417 14 -15.3337812423706
v -4.53840637207031 14 -14.9609689712524
v 1.53243744373322 14 -15.5589065551758
v -1.53243744373322 14 -15.5589065551758
v 0 14 -15.625
v -5.98290634155273 14 -14.4441251754761
v -8.68593788146973 14 -12.9993124008179
v -7.36993741989136 14 -13.788125038147
v 14.4441251754761 14 5.98290634155273
v 14.9609689712524 14 4.53840637207031
v 2 14 -2.75
v 6.00724983215332 14 -5.25193738937378
v 5.25193738937378 14 -6.00724983215332
v 2.75 14 -2
v 8.68593788146973 14 -12.9993124008179
v 5.98290634155273 14 -14.4441251754761
v 7.36993741989136 14 -13.788125038147
v 7.79337501525879 14 -9.10225009918213
v 9.10225009918213 14 -7.79337501525879
v 5.64971876144409 14 -6.4901876449585
v 7.39640617370605 14 -8.61853122711182
v 8.61853122711182 14 -7.39640617370605
v 6.4901876449585 14 -5.64971876144409
v 14.9609689712524 14 -4.53840637207031
v 15.3337812423706 14 3.05015635490417
v 15.3337812423706 14 -3.05015635490417
v 15.5589065551758 14 1.53243744373322
v 15.5589065551758 14 -1.53243744373322
v 15.625 14 0
v 14.4441251754761 14 -5.98290634155273
v 12.9993124008179 14 -8.68593788146973
v 13.788125038147 14 -7.36993741989136
v 13.788125038147 14 7.36993741989136
v 12.9993124008179 14 8.68593788146973
v -2.9877188205719 15 10.7103748321533
v -3.30318760871887 15 10.8890933990479
v -3.24897384643555 15 10.7103748321533
v -2.17112493515015 15 10.91490650177
v 0.857718765735626 15 8.83318710327148
v 2.33615636825562 15 8.5625
v 1.7071875333786 15 8.70715618133545
v 0 15 8.87531280517578
v -0.857718765735626 15 8.83318710327148
v -1.7071875333786 15 8.70715618133545
v -2.33615636825562 15 8.5625
v 1.11534380912781 15 11.3242816925049
v 3.30318760871887 15 10.8890933990479
v 2.21996879577637 15 11.1604061126709
v 0 15 11.3790626525879
v -1.11534380912781 15 11.3242816925049
v -2.21996879577637 15 11.1604061126709
v -1.09081244468689 15 11.0751876831055
v 0 15 11.1287498474121
v 1.09081244468689 15 11.0751876831055
v 2.17112493515015 15 10.91490650177
v 2.9877188205719 15 10.7103748321533
v -4.15028142929077 15 14.5427503585815
v -4.4115424156189 15 14.5427503585815
v -2.95246863365173 15 14.8427810668945
v 1.20121872425079 15 12.1961250305176
v 3.31468749046326 15 11.7882499694824
v 2.39087510108948 15 12.019624710083
v 0 15 12.2551250457764
v -1.20121872425079 15 12.1961250305176
v -3.31468749046326 15 11.7882499694824
v -2.39087510108948 15 12.019624710083
v -3.48481249809265 15 11.4879064559937
v -1.48337495326996 15 15.060718536377
v -2.34203124046326 15 11.7741250991821
v 0 15 15.1335620880127
v -1.17668747901917 15 11.9470310211182
v 1.48337495326996 15 15.060718536377
v 0 15 12.0048122406006
v 2.95246863365173 15 14.8427810668945
v 1.17668747901917 15 11.9470310211182
v 4.15028142929077 15 14.5427503585815
v 3.48481249809265 15 11.4879064559937
v 2.34203124046326 15 11.7741250991821
v 6.85893726348877 15 8.75178146362305
v 4.93128108978271 15 7.38015604019165
v 5.42984390258789 15 7.01040601730347
v 6.18281269073486 15 9.25318717956543
v 5.24606227874756 15 9.81468772888184
v 4.25878143310547 15 10.2816247940063
v 3.46618747711182 15 10.5652503967285
v 3.39671874046326 15 8.20040607452393
v 2.81228113174438 15 8.40953159332275
v 4.18415641784668 15 7.82800006866455
v 5.36406230926514 15 10.0354375839233
v 6.32187509536743 15 9.46131229400635
v 4.35456228256226 15 10.5128746032715
v 2.55102252960205 15 8.40953159332275
v 3.79315614700317 15 11.6430940628052
v 3.53189086914063 15 11.6430940628052
v 4.62874984741211 15 14.39759349823
v 5.77703142166138 15 10.8080625534058
v 7.57350015640259 15 9.62246894836426
v 6.80859375 15 10.1897497177124
v 4.68981266021729 15 11.3222503662109
v 4.59403133392334 15 11.0909996032715
v 5.79134368896484 15 13.9816246032715
v 5.6590313911438 15 10.5873126983643
v 7.1339373588562 15 13.346625328064
v 8.40781211853027 15 12.583062171936
v 6.66953134536743 15 9.98162460327148
v 9.39953136444092 15 11.847562789917
v 3.62234377861023 15 11.4023752212524
v 3.46506261825562 15 10.8838129043579
v 3.69868755340576 15 11.2595624923706
v 3.60787510871887 15 10.9601564407349
v 3.69340634346008 15 11.0976877212524
v -3.60787510871887 15 10.9601564407349
v -3.69868755340576 15 11.2595624923706
v -3.69340634346008 15 11.0976877212524
v -3.46506261825562 15 10.8838129043579
v -3.62234377861023 15 11.4023752212524
v -4.93128108978271 15 7.38015604019165
v -6.85893726348877 15 8.75178146362305
v -5.42984390258789 15 7.01040601730347
v -3.46618747711182 15 10.5652503967285
v -3.39671874046326 15 8.20040607452393
v -2.81228113174438 15 8.40953159332275
v -4.25878143310547 15 10.2816247940063
v -5.24606227874756 15 9.81468772888184
v -6.18281269073486 15 9.25318717956543
v -4.18415641784668 15 7.82800006866455
v -7.18236351013184 15 8.75178146362305
v -5.36406230926514 15 10.0354375839233
v -4.35456228256226 15 10.5128746032715
v -6.32187509536743 15 9.46131229400635
v -9.39953136444092 15 11.847562789917
v -9.72295761108398 15 11.847562789917
v -8.40781211853027 15 12.583062171936
v -5.77703142166138 15 10.8080625534058
v -3.79315614700317 15 11.6430940628052
v -4.68981266021729 15 11.3222503662109
v -6.80859375 15 10.1897497177124
v -7.57350015640259 15 9.62246894836426
v -7.1339373588562 15 13.346625328064
v -6.66953134536743 15 9.98162460327148
v -5.79134368896484 15 13.9816246032715
v -5.6590313911438 15 10.5873126983643
v -4.62874984741211 15 14.39759349823
v -4.59403133392334 15 11.0909996032715
v -11.1604061126709 15 -2.21996879577637
v -11.3790626525879 15 0
v -11.3242816925049 15 -1.11534380912781
v -10.8890933990479 15 -3.30318760871887
v -11.3242816925049 15 1.11534380912781
v -10.8890933990479 15 3.30318760871887
v -11.1604061126709 15 2.21996879577637
v -11.0751876831055 15 1.09081244468689
v -11.1287498474121 15 0
v -8.83318710327148 15 0.857718765735626
v -8.5625 15 2.33615636825562
v -8.70715618133545 15 1.7071875333786
v -8.87531280517578 15 0
v -8.83318710327148 15 -0.857718765735626
v -8.70715618133545 15 -1.7071875333786
v -11.0751876831055 15 -1.09081244468689
v -10.91490650177 15 2.17112493515015
v -10.91490650177 15 -2.17112493515015
v -10.7103748321533 15 2.9877188205719
v -10.7103748321533 15 -2.9877188205719
v -8.5625 15 -2.33615636825562
v -15.060718536377 15 1.48337495326996
v -15.1335620880127 15 0
v -12.1961250305176 15 1.20121872425079
v -11.7882499694824 15 3.31468749046326
v -12.019624710083 15 2.39087510108948
v -12.2551250457764 15 0
v -12.1961250305176 15 -1.20121872425079
v -11.7882499694824 15 -3.31468749046326
v -12.019624710083 15 -2.39087510108948
v -15.060718536377 15 -1.48337495326996
v -14.8427810668945 15 2.95246863365173
v -14.8427810668945 15 -2.95246863365173
v -14.5427503585815 15 4.15028142929077
v -14.5427503585815 15 -4.15028142929077
v -11.4879064559937 15 3.48481249809265
v -11.4879064559937 15 -3.48481249809265
v -11.7741250991821 15 2.34203124046326
v -11.7741250991821 15 -2.34203124046326
v -11.9470310211182 15 1.17668747901917
v -11.9470310211182 15 -1.17668747901917
v -12.0048122406006 15 0
v -8.20040607452393 15 3.39671874046326
v -10.5652503967285 15 3.46618747711182
v -8.40953159332275 15 2.81228113174438
v -8.75178146362305 15 6.85893726348877
v -7.38015604019165 15 4.93128108978271
v -7.01040601730347 15 5.42984390258789
v -9.25318717956543 15 6.18281269073486
v -9.81468772888184 15 5.24606227874756
v -10.2816247940063 15 4.25878143310547
v -7.82800006866455 15 4.18415641784668
v -10.0354375839233 15 5.36406230926514
v -9.46131229400635 15 6.32187509536743
v -10.5128746032715 15 4.35456228256226
v -10.8307666778564 15 3.46618747711182
v -14.39759349823 15 4.62874984741211
v -14.6631164550781 15 4.62874984741211
v -13.9816246032715 15 5.79134368896484
v -10.8080625534058 15 5.77703142166138
v -9.62246894836426 15 7.57350015640259
v -10.1897497177124 15 6.80859375
v -11.3222503662109 15 4.68981266021729
v -11.6430940628052 15 3.79315614700317
v -13.346625328064 15 7.1339373588562
v -11.0909996032715 15 4.59403133392334
v -12.583062171936 15 8.40781211853027
v -10.5873126983643 15 5.6590313911438
v -11.847562789917 15 9.39953136444092
v -9.98162460327148 15 6.66953134536743
v -10.8838129043579 15 3.46506261825562
v -11.4023752212524 15 3.62234377861023
v -10.9601564407349 15 3.60787510871887
v -11.2595624923706 15 3.69868755340576
v -11.0976877212524 15 3.69340634346008
v -11.4023752212524 15 -3.62234377861023
v -11.2595624923706 15 -3.69868755340576
v -11.0976877212524 15 -3.69340634346008
v -10.9601564407349 15 -3.60787510871887
v -10.8838129043579 15 -3.46506261825562
v -9.81468772888184 15 -5.24606227874756
v -10.5652503967285 15 -3.46618747711182
v -10.2816247940063 15 -4.25878143310547
v -9.25318717956543 15 -6.18281269073486
v -8.75178146362305 15 -6.85893726348877
v -7.01040601730347 15 -5.42984390258789
v -7.38015604019165 15 -4.93128108978271
v -8.20040607452393 15 -3.39671874046326
v -8.40953159332275 15 -2.81228113174438
v -7.82800006866455 15 -4.18415641784668
v -10.8307666778564 15 -3.46618747711182
v -10.5128746032715 15 -4.35456228256226
v -10.0354375839233 15 -5.36406230926514
v -9.46131229400635 15 -6.32187509536743
v -14.39759349823 15 -4.62874984741211
v -14.6631164550781 15 -4.62874984741211
v -11.6430940628052 15 -3.79315614700317
v -10.8080625534058 15 -5.77703142166138
v -11.3222503662109 15 -4.68981266021729
v -10.1897497177124 15 -6.80859375
v -9.62246894836426 15 -7.57350015640259
v -13.9816246032715 15 -5.79134368896484
v -13.346625328064 15 -7.1339373588562
v -11.0909996032715 15 -4.59403133392334
v -12.583062171936 15 -8.40781211853027
v -10.5873126983643 15 -5.6590313911438
v -11.847562789917 15 -9.39953136444092
v -9.98162460327148 15 -6.66953134536743
v -1.11534380912781 15 -11.3242816925049
v -3.30318760871887 15 -10.8890933990479
v -2.21996879577637 15 -11.1604061126709
v 0 15 -11.3790626525879
v 1.11534380912781 15 -11.3242816925049
v 3.30318760871887 15 -10.8890933990479
v 2.21996879577637 15 -11.1604061126709
v -2.9877188205719 15 -10.7103748321533
v -3.24897384643555 15 -10.7103748321533
v -2.33615636825562 15 -8.5625
v -0.857718765735626 15 -8.83318710327148
v -1.7071875333786 15 -8.70715618133545
v 0 15 -8.87531280517578
v 0.857718765735626 15 -8.83318710327148
v 1.7071875333786 15 -8.70715618133545
v -2.17112493515015 15 -10.91490650177
v -1.09081244468689 15 -11.0751876831055
v 0 15 -11.1287498474121
v 1.09081244468689 15 -11.0751876831055
v 2.33615636825562 15 -8.5625
v 2.17112493515015 15 -10.91490650177
v 2.9877188205719 15 -10.7103748321533
v -4.15028142929077 15 -14.5427503585815
v -3.48481249809265 15 -11.4879064559937
v -4.4115424156189 15 -14.5427503585815
v -3.31468749046326 15 -11.7882499694824
v -1.20121872425079 15 -12.1961250305176
v -2.39087510108948 15 -12.019624710083
v 0 15 -12.2551250457764
v 1.20121872425079 15 -12.1961250305176
v 3.31468749046326 15 -11.7882499694824
v 2.39087510108948 15 -12.019624710083
v -2.95246863365173 15 -14.8427810668945
v -2.34203124046326 15 -11.7741250991821
v -1.48337495326996 15 -15.060718536377
v -1.17668747901917 15 -11.9470310211182
v 0 15 -15.1335620880127
v 1.48337495326996 15 -15.060718536377
v 0 15 -12.0048122406006
v 2.95246863365173 15 -14.8427810668945
v 1.17668747901917 15 -11.9470310211182
v 4.15028142929077 15 -14.5427503585815
v 2.34203124046326 15 -11.7741250991821
v 3.48481249809265 15 -11.4879064559937
v -5.24606227874756 15 -9.81468772888184
v -6.85893726348877 15 -8.75178146362305
v -6.18281269073486 15 -9.25318717956543
v -4.25878143310547 15 -10.2816247940063
v -3.46618747711182 15 -10.5652503967285
v -2.81228113174438 15 -8.40953159332275
v -3.39671874046326 15 -8.20040607452393
v -4.93128108978271 15 -7.38015604019165
v -5.42984390258789 15 -7.01040601730347
v -4.18415641784668 15 -7.82800006866455
v -5.36406230926514 15 -10.0354375839233
v -6.32187509536743 15 -9.46131229400635
v -4.35456228256226 15 -10.5128746032715
v -7.18236351013184 15 -8.75178146362305
v -9.39953136444092 15 -11.847562789917
v -9.72295761108398 15 -11.847562789917
v -7.57350015640259 15 -9.62246894836426
v -5.77703142166138 15 -10.8080625534058
v -6.80859375 15 -10.1897497177124
v -4.68981266021729 15 -11.3222503662109
v -3.79315614700317 15 -11.6430940628052
v -8.40781211853027 15 -12.583062171936
v -6.66953134536743 15 -9.98162460327148
v -7.1339373588562 15 -13.346625328064
v -5.6590313911438 15 -10.5873126983643
v -5.79134368896484 15 -13.9816246032715
v -4.62874984741211 15 -14.39759349823
v -4.59403133392334 15 -11.0909996032715
v -3.62234377861023 15 -11.4023752212524
v -3.46506261825562 15 -10.8838129043579
v -3.69868755340576 15 -11.2595624923706
v -3.60787510871887 15 -10.9601564407349
v -3.69340634346008 15 -11.0976877212524
v 3.62234377861023 15 -11.4023752212524
v 3.69868755340576 15 -11.2595624923706
v 3.69340634346008 15 -11.0976877212524
v 3.60787510871887 15 -10.9601564407349
v 3.46506261825562 15 -10.8838129043579
v 4.25878143310547 15 -10.2816247940063
v 2.81228113174438 15 -8.40953159332275
v 3.46618747711182 15 -10.5652503967285
v 5.24606227874756 15 -9.81468772888184
v 6.18281269073486 15 -9.25318717956543
v 6.85893726348877 15 -8.75178146362305
v 4.93128108978271 15 -7.38015604019165
v 5.42984390258789 15 -7.01040601730347
v 3.39671874046326 15 -8.20040607452393
v 4.18415641784668 15 -7.82800006866455
v 2.55102252960205 15 -8.40953159332275
v 5.36406230926514 15 -10.0354375839233
v 4.35456228256226 15 -10.5128746032715
v 6.32187509536743 15 -9.46131229400635
v 3.79315614700317 15 -11.6430940628052
v 3.53189086914063 15 -11.6430940628052
v 4.68981266021729 15 -11.3222503662109
v 5.77703142166138 15 -10.8080625534058
v 7.57350015640259 15 -9.62246894836426
v 6.80859375 15 -10.1897497177124
v 4.62874984741211 15 -14.39759349823
v 4.59403133392334 15 -11.0909996032715
v 5.79134368896484 15 -13.9816246032715
v 5.6590313911438 15 -10.5873126983643
v 7.1339373588562 15 -13.346625328064
v 6.66953134536743 15 -9.98162460327148
v 8.40781211853027 15 -12.583062171936
v 9.39953136444092 15 -11.847562789917
v 11.3242816925049 15 -1.11534380912781
v 10.8890933990479 15 -3.30318760871887
v 11.1604061126709 15 -2.21996879577637
v 11.3790626525879 15 0
v 11.3242816925049 15 1.11534380912781
v 10.8890933990479 15 3.30318760871887
v 11.1604061126709 15 2.21996879577637
v 8.29440021514893 15 2.33615636825562
v 8.5625 15 2.33615636825562
v 10.7103748321533 15 2.9877188205719
v 8.83318710327148 15 -0.857718765735626
v 8.5625 15 -2.33615636825562
v 8.70715618133545 15 -1.7071875333786
v 8.87531280517578 15 0
v 8.83318710327148 15 0.857718765735626
v 8.70715618133545 15 1.7071875333786
v 10.91490650177 15 2.17112493515015
v 11.0751876831055 15 1.09081244468689
v 11.1287498474121 15 0
v 11.0751876831055 15 -1.09081244468689
v 10.91490650177 15 -2.17112493515015
v 10.7103748321533 15 -2.9877188205719
v 11.7882499694824 15 -3.31468749046326
v 11.7741250991821 15 -2.34203124046326
v 11.5305156707764 15 -3.31468749046326
v 12.019624710083 15 -2.39087510108948
v 12.1961250305176 15 -1.20121872425079
v 12.2551250457764 15 0
v 12.019624710083 15 2.39087510108948
v 12.1961250305176 15 1.20121872425079
v 11.7882499694824 15 3.31468749046326
v 14.5427503585815 15 -4.15028142929077
v 11.4879064559937 15 -3.48481249809265
v 11.9470310211182 15 -1.17668747901917
v 14.8427810668945 15 -2.95246863365173
v 12.0048122406006 15 0
v 15.060718536377 15 -1.48337495326996
v 11.9470310211182 15 1.17668747901917
v 15.1335620880127 15 0
v 11.7741250991821 15 2.34203124046326
v 15.060718536377 15 1.48337495326996
v 11.4879064559937 15 3.48481249809265
v 14.8427810668945 15 2.95246863365173
v 14.5427503585815 15 4.15028142929077
v 9.25318717956543 15 -6.18281269073486
v 7.01040601730347 15 -5.42984390258789
v 8.75178146362305 15 -6.85893726348877
v 9.81468772888184 15 -5.24606227874756
v 10.2816247940063 15 -4.25878143310547
v 10.5652503967285 15 -3.46618747711182
v 8.20040607452393 15 -3.39671874046326
v 8.40953159332275 15 -2.81228113174438
v 7.38015604019165 15 -4.93128108978271
v 7.82800006866455 15 -4.18415641784668
v 10.0354375839233 15 -5.36406230926514
v 9.46131229400635 15 -6.32187509536743
v 10.5128746032715 15 -4.35456228256226
v 6.69914674758911 15 -5.42984390258789
v 9.62246894836426 15 -7.57350015640259
v 9.98162460327148 15 -6.66953134536743
v 9.31120872497559 15 -7.57350015640259
v 10.1897497177124 15 -6.80859375
v 10.8080625534058 15 -5.77703142166138
v 11.3222503662109 15 -4.68981266021729
v 11.847562789917 15 -9.39953136444092
v 10.5873126983643 15 -5.6590313911438
v 12.583062171936 15 -8.40781211853027
v 11.0909996032715 15 -4.59403133392334
v 11.6430940628052 15 -3.79315614700317
v 13.346625328064 15 -7.1339373588562
v 13.9816246032715 15 -5.79134368896484
v 14.39759349823 15 -4.62874984741211
v 11.4023752212524 15 -3.62234377861023
v 10.8838129043579 15 -3.46506261825562
v 11.2595624923706 15 -3.69868755340576
v 10.9601564407349 15 -3.60787510871887
v 11.0976877212524 15 -3.69340634346008
v 11.4023752212524 15 3.62234377861023
v 11.2595624923706 15 3.69868755340576
v 11.0976877212524 15 3.69340634346008
v 10.9601564407349 15 3.60787510871887
v 10.8838129043579 15 3.46506261825562
v 10.5652503967285 15 3.46618747711182
v 8.20040607452393 15 3.39671874046326
v 8.40953159332275 15 2.81228113174438
v 10.2816247940063 15 4.25878143310547
v 9.81468772888184 15 5.24606227874756
v 9.25318717956543 15 6.18281269073486
v 8.75178146362305 15 6.85893726348877
v 7.38015604019165 15 4.93128108978271
v 7.01040601730347 15 5.42984390258789
v 7.82800006866455 15 4.18415641784668
v 6.69914674758911 15 5.42984390258789
v 10.0354375839233 15 5.36406230926514
v 10.5128746032715 15 4.35456228256226
v 9.46131229400635 15 6.32187509536743
v 9.62246894836426 15 7.57350015640259
v 9.31120872497559 15 7.57350015640259
v 11.847562789917 15 9.39953136444092
v 10.8080625534058 15 5.77703142166138
v 11.6430940628052 15 3.79315614700317
v 11.3222503662109 15 4.68981266021729
v 10.1897497177124 15 6.80859375
v 9.98162460327148 15 6.66953134536743
v 10.5873126983643 15 5.6590313911438
v 12.583062171936 15 8.40781211853027
v 13.346625328064 15 7.1339373588562
v 11.0909996032715 15 4.59403133392334
v 13.9816246032715 15 5.79134368896484
v 14.39759349823 15 4.62874984741211
v -3.24897384643555 2.5 10.7103748321533
v -4.4115424156189 3 14.5427503585815
v 2.55102252960205 2.5 8.40953159332275
v 3.53189086914063 3 11.6430940628052
v -7.18236351013184 2.5 8.75178146362305
v -9.72295761108398 3 11.847562789917
v -10.8307666778564 2.5 3.46618747711182
v -14.6631164550781 3 4.62874984741211
v -10.8307666778564 2.5 -3.46618747711182
v -14.6631164550781 3 -4.62874984741211
v -3.24897384643555 2.5 -10.7103748321533
v -4.4115424156189 3 -14.5427503585815
v -7.18236351013184 2.5 -8.75178146362305
v -9.72295761108398 3 -11.847562789917
v 2.55102252960205 2.5 -8.40953159332275
v 3.53189086914063 3 -11.6430940628052
v 8.29440021514893 2.5 2.33615636825562
v 11.5305156707764 3 -3.31468749046326
v 6.69914674758911 2.5 -5.42984390258789
v 9.31120872497559 3 -7.57350015640259
v 6.69914674758911 2.5 5.42984390258789
v 9.31120872497559 3 7.57350015640259
v 0 0.625 0
v 0 10 0
vn 0.843418630721528 0 0.537256934205435
vn -0.843418630721528 0 0.537256934205435
vn 0.77303779490634 0 -0.634359966932295
vn -0.528106981453673 0 -0.849177847179194
vn -0.881941905028892 0 -0.47135811879505
vn -0.999461916712724 0 0.0328005646434255
vn -0.849264332291817 0 0.527967890971538
vn -0.471357576505806 0 0.881942194857788
vn 0.0328005659212259 0 0.999461916670789
vn 0.707106334782019 0 0.707107227590794
vn 0.707107227590794 0 0.707106334782019
vn 0.146747947330674 0 0.989173917950849
vn 0.24296377022396 0 0.970035363457724
vn -0.232387764168095 0 -0.972623219476563
vn -0.242905152787328 0 -0.970050043425268
vn -0.146768563280359 0 -0.989170859271855
vn -0.0490366702841289 0 -0.998796978853784
vn 0.0490566256795687 0 0.998795998929178
vn 0.242905152787328 0 -0.970050043425268
vn 0.146768563280359 0 -0.989170859271855
vn 0.232387764168095 0 -0.972623219476563
vn 0.0490366702841289 0 -0.998796978853784
vn -0.24296377022396 0 0.970035363457724
vn -0.146747947330674 0 0.989173917950849
vn -0.0490566256795687 0 0.998795998929178
vn -0.0453574702637516 0 0.99897082034025
vn 0.751934279807124 0 -0.65923807448519
vn 0.707107142539765 0 0.707106419833145
vn 0.707106419833145 0 0.707107142539765
vn 0.835541270880768 0 -0.549427688285684
vn -0.835541270880768 0 -0.549427688285684
vn -0.0490568786844927 0 0.998795986502616
vn -0.0490568812637698 0 0.998795986375933
vn -0.146733725739092 0 0.989176027676937
vn -0.146733725739092 0 0.989176027676937
vn -0.242993645066662 0 0.970027880247376
vn -0.242993657474934 0 0.970027877139082
vn 0.242953693947383 0 -0.970037887196846
vn 0.146766606753883 0 -0.98917114957016
vn 0.0490458871481056 0 -0.998796526302457
vn -0.0490458871481056 0 -0.998796526302457
vn -0.146766606753883 0 -0.98917114957016
vn -0.242953693947383 0 -0.970037887196846
vn 0.242993645066662 0 0.970027880247376
vn 0.242993657474934 0 0.970027877139082
vn 0.146733725739092 0 0.989176027676937
vn 0.146733725739092 0 0.989176027676937
vn 0.0490568786844927 0 0.998795986502616
vn 0.0490568812637698 0 0.998795986375933
vn -0.956940529163364 0 0.290284039596637
vn 0.773010194813447 0 -0.634393599206735
vn -0.33687426412594 0 -0.941549642966108
vn -0.336874272409112 0 -0.941549640002497
vn -0.427540063520468 0 -0.903996401588476
vn -0.427540063091585 0 -0.903996401791314
vn -0.514132134317331 0 -0.857710993553368
vn -0.514132136347439 0 -0.857710992336473
vn -0.595691275976527 0 -0.803213485771657
vn 0.595679233541282 0 0.803222416723831
vn 0.514125406616576 0 0.857715026259503
vn 0.427539773660279 0 0.903996538676182
vn 0.336914402130073 0 0.941535281143163
vn 0.595724265055783 0 0.80318901886402
vn 0.595724268947394 0 0.803189015977617
vn 0.514121143045816 0 0.857717581884191
vn 0.514121131684403 0 0.857717588694291
vn 0.427538666134264 0 0.903997062473178
vn 0.427538669875053 0 0.903997060703999
vn 0.336870838486538 0 0.941550868608477
vn 0.336870836756471 0 0.941550869227465
vn 0.243044497861826 0 0.97001514011849
vn 0.243044497861826 0 0.97001514011849
vn 0.719304564162711 0 -0.694694856735453
vn 0.773016182075509 0 -0.634386303642665
vn 0.773016182075509 0 -0.634386303642665
vn 0.336881663290113 0 0.941546995608231
vn 0.595698888270219 0 0.80320784017191
vn 0.595698888270219 0 0.80320784017191
vn 0.514118416814717 0 0.857719215997828
vn 0.427550765633992 0 0.903991340005969
vn 0.427550765633992 0 0.903991340005969
vn 0.773017862497081 0 -0.634384255999818
vn 0.773017862497081 0 -0.634384255999819
vn -0.528106983417371 0 -0.849177845957963
vn -0.881898720694979 0 -0.47143891060938
vn -0.999468219995453 0 0.0326079318436639
vn -0.849177845957963 0 0.528106983417371
vn -0.471438377664642 0 0.881899005592437
vn 0.0326034723443373 0 0.999468365477914
vn 0.442622019529884 0 0.896708284687549
vn 0.831691998636279 0 0.555237264063204
vn 0.997892163776135 0 0.0648939864254331
vn 0.896707849047317 0 -0.442622902092667
vn 0.555238461150758 0 -0.831691199459835
vn 0.0648969386244513 0 -0.997891971787114
vn -0.442622019529884 0 0.896708284687549
vn -0.831691998636279 0 0.555237264063204
vn -0.997892163776135 0 0.0648939864254331
vn -0.896707849047317 0 -0.442622902092667
vn -0.555238461150758 0 -0.831691199459835
vn -0.0648969386244513 0 -0.997891971787114
vn 0.049040026967618 0 0.998796814049292
vn 0.146758276212367 0 0.989172385564404
vn 0.14675828084431 0 0.989172384877187
vn 0.242973757578422 0 0.970032861880577
vn 0.242973768918556 0 0.970032859040101
vn -0.049040026967618 0 0.998796814049292
vn -0.0490400270328095 0 0.998796814046091
vn -0.146758276212367 0 0.989172385564404
vn -0.146758276121341 0 0.989172385577909
vn -0.242973757578422 0 0.970032861880577
vn -0.242973752235713 0 0.970032863218818
vn 0 0 -1
vn 0.707104882946433 0 0.707108679421566
vn 0.707104882946433 0 0.707108679421566
vn 0.707107734667584 0 0.707105827704225
vn -1 0 0
vn 0.997139113550514 0 0.0755882810208987
vn 0.528106983417371 0 -0.849177845957963
vn -0.77303779490634 0 -0.634359966932295
vn 0.881941885328091 0 -0.471358155656537
vn 0.999461916560199 0 0.0328005692910151
vn 0.849264333159822 0 0.527967889575307
vn 0.471357578464788 0 0.881942193810803
vn -0.0328005686989105 0 0.99946191657963
vn -0.707106781186548 0 0.707106781186548
vn -0.751934279807124 0 -0.65923807448519
vn 0.0453574702637516 0 0.99897082034025
vn -0.707106781186547 0 0.707106781186547
vn 0.956940529163364 0 0.290284039596637
vn -0.773010194813447 0 -0.634393599206735
vn 0.33687426412594 0 -0.941549642966108
vn 0.427540063520468 0 -0.903996401588476
vn 0.427540063409915 0 -0.903996401640762
vn 0.514132134317331 0 -0.857710993553368
vn 0.514132105635102 0 -0.85771101074617
vn 0.595691275976527 0 -0.803213485771657
vn 0.595691250005594 0 -0.803213505032612
vn -0.595679233541282 0 0.803222416723831
vn -0.514125406616576 0 0.857715026259503
vn -0.427539773660279 0 0.903996538676182
vn -0.336914402130073 0 0.941535281143163
vn -0.595724265055783 0 0.80318901886402
vn -0.595724265055783 0 0.80318901886402
vn -0.514121143045816 0 0.857717581884191
vn -0.514121113025959 0 0.857717599878275
vn -0.427538666134264 0 0.903997062473178
vn -0.427538683558539 0 0.903997054232497
vn -0.336870838486538 0 0.941550868608477
vn -0.336870815403019 0 0.941550876867366
vn -0.243044497861826 0 0.97001514011849
vn -0.243044497861826 0 0.97001514011849
vn -0.719304564162711 0 -0.694694856735453
vn -0.773016182075509 0 -0.634386303642665
vn -0.773016182075509 0 -0.634386303642665
vn -0.336881663290113 0 0.941546995608231
vn -0.427550765633992 0 0.903991340005969
vn -0.427550765633992 0 0.903991340005969
vn -0.514118416814717 0 0.857719215997828
vn -0.595698888270219 0 0.80320784017191
vn -0.595698888270219 0 0.80320784017191
vn -0.773017862497081 0 -0.634384255999818
vn -0.773017862497081 0 -0.634384255999819
vn 0.881898720694979 0 -0.47143891060938
vn 0.999468219995453 0 0.0326079318436639
vn 0.849177845957963 0 0.528106983417371
vn 0.471438377664642 0 0.881899005592437
vn -0.0326034723443373 0 0.999468365477914
vn -0.707104882946433 0 0.707108679421566
vn -0.707104882946433 0 0.707108679421566
vn -0.997139113550514 0 0.0755882810208987
vn -0.707107734667584 0 0.707105827704225
vn 0 0 1
vn -0.537256934205435 0 0.843418630721528
vn -0.537256934205435 0 -0.843418630721528
vn 0.849177847179194 0 -0.528106981453673
vn 0.634359966932295 0 0.77303779490634
vn 0.47135811879505 0 -0.881941905028892
vn -0.0328005646434255 0 -0.999461916712724
vn -0.527967890971538 0 -0.849264332291817
vn -0.881942194857788 0 -0.471357576505806
vn -0.999461916670789 0 0.0328005659212259
vn 0.970050043425268 0 -0.242905152787328
vn 0.989170859271855 0 -0.146768563280359
vn 0.972623219476563 0 -0.232387764168095
vn 0.998796978853784 0 -0.0490366702841289
vn -0.970035363457724 0 0.24296377022396
vn -0.989173917950849 0 0.146747947330674
vn -0.998795998929178 0 0.0490566256795687
vn 0.970050043425268 0 0.242905152787328
vn 0.989170859271855 0 0.146768563280359
vn 0.972623219476563 0 0.232387764168095
vn 0.998796978853784 0 0.0490366702841289
vn -0.970035363457724 0 -0.24296377022396
vn -0.989173917950849 0 -0.146747947330674
vn -0.998795998929178 0 -0.0490566256795687
vn 0.65923807448519 0 0.751934279807124
vn -0.99897082034025 0 -0.0453574702637516
vn 0.549427688285684 0 -0.835541270880768
vn 0.549427688285684 0 0.835541270880768
vn -0.998795986502616 0 -0.0490568786844927
vn -0.998795986375933 0 -0.0490568812637698
vn -0.989176027676937 0 -0.146733725739092
vn -0.989176027676937 0 -0.146733725739092
vn -0.970027880247376 0 -0.242993645066662
vn -0.970027877139082 0 -0.242993657474934
vn 0.970037887196846 0 0.242953693947383
vn 0.98917114957016 0 0.146766606753883
vn 0.998796526302457 0 0.0490458871481056
vn 0.998796526302457 0 -0.0490458871481056
vn 0.98917114957016 0 -0.146766606753883
vn 0.970037887196846 0 -0.242953693947383
vn -0.970027880247376 0 0.242993645066662
vn -0.970027877139082 0 0.242993657474934
vn -0.989176027676937 0 0.146733725739092
vn -0.989176027676937 0 0.146733725739092
vn -0.998795986502616 0 0.0490568786844927
vn -0.998795986375933 0 0.0490568812637698
vn -0.290284039596637 0 -0.956940529163364
vn 0.634393599206735 0 0.773010194813447
vn 0.941549642966108 0 -0.33687426412594
vn 0.941549640002497 0 -0.336874272409112
vn 0.903996401588476 0 -0.427540063520468
vn 0.903996401791314 0 -0.427540063091585
vn 0.857710993553368 0 -0.514132134317331
vn 0.857710992336473 0 -0.514132136347439
vn 0.803213485771657 0 -0.595691275976527
vn -0.803222416723831 0 0.595679233541282
vn -0.857715026259503 0 0.514125406616576
vn -0.903996538676182 0 0.427539773660279
vn -0.941535281143163 0 0.336914402130073
vn -0.80318901886402 0 0.595724265055783
vn -0.803189015977617 0 0.595724268947394
vn -0.857717581884191 0 0.514121143045816
vn -0.857717588694291 0 0.514121131684403
vn -0.903997062473178 0 0.427538666134264
vn -0.903997060703999 0 0.427538669875053
vn -0.941550868608477 0 0.336870838486538
vn -0.941550869227465 0 0.336870836756471
vn -0.97001514011849 0 0.243044497861826
vn -0.97001514011849 0 0.243044497861826
vn 0.694694856735453 0 0.719304564162711
vn 0.634386303642665 0 0.773016182075509
vn 0.634386303642665 0 0.773016182075509
vn -0.941546995608231 0 0.336881663290113
vn -0.903991340005969 0 0.427550765633992
vn -0.903991340005969 0 0.427550765633992
vn -0.857719215997828 0 0.514118416814717
vn -0.80320784017191 0 0.595698888270219
vn -0.80320784017191 0 0.595698888270219
vn 0.849177845957963 0 -0.528106983417371
vn 0.634384255999818 0 0.773017862497081
vn 0.634384255999819 0 0.773017862497081
vn 0.47143891060938 0 -0.881898720694979
vn -0.0326079318436639 0 -0.999468219995453
vn -0.881899005592437 0 -0.471438377664642
vn -0.999468365477914 0 0.0326034723443373
vn -0.0648939864254331 0 -0.997892163776135
vn -0.555237264063204 0 -0.831691998636279
vn -0.896708284687549 0 0.442622019529884
vn 0.442622902092667 0 -0.896707849047317
vn -0.555237264063204 0 0.831691998636279
vn -0.0648939864254331 0 0.997892163776135
vn 0.442622902092667 0 0.896707849047317
vn 0.831691199459835 0 0.555238461150758
vn 0.997891971787114 0 0.0648969386244513
vn 0.997891971787114 0 -0.0648969386244513
vn 0.831691199459835 0 -0.555238461150758
vn -0.896708284687549 0 -0.442622019529884
vn -0.998796814049292 0 0.049040026967618
vn -0.989172385564404 0 0.146758276212367
vn -0.989172384877187 0 0.14675828084431
vn -0.970032861880577 0 0.242973757578422
vn -0.970032859040101 0 0.242973768918556
vn -0.998796814049292 0 -0.049040026967618
vn -0.998796814046091 0 -0.0490400270328095
vn -0.989172385564404 0 -0.146758276212367
vn -0.989172385577909 0 -0.146758276121341
vn -0.970032861880577 0 -0.242973757578422
vn -0.970032863218818 0 -0.242973752235713
vn 1 0 0
vn -0.707108679421566 0 0.707104882946433
vn -0.707108679421566 0 0.707104882946433
vn -0.707105827704225 0 0.707107734667584
vn -0.0755882810208987 0 0.997139113550514
vn -0.99946191657963 0 -0.0328005686989105
vn 0.634359966932295 0 -0.77303779490634
vn 0.471358155656537 0 0.881941885328091
vn -0.0328005692910151 0 0.999461916560199
vn -0.527967889575307 0 0.849264333159822
vn -0.881942193810803 0 0.471357578464788
vn -0.707106781186548 0 -0.707106781186548
vn -0.99897082034025 0 0.0453574702637516
vn 0.65923807448519 0 -0.751934279807124
vn -0.707106781186547 0 -0.707106781186547
vn -0.290284039596637 0 0.956940529163364
vn 0.634393599206735 0 -0.773010194813447
vn 0.941549642966108 0 0.33687426412594
vn 0.903996401588476 0 0.427540063520468
vn 0.903996401640762 0 0.427540063409915
vn 0.857710993553368 0 0.514132134317331
vn 0.85771101074617 0 0.514132105635102
vn 0.803213485771657 0 0.595691275976527
vn 0.803213505032612 0 0.595691250005594
vn -0.803222416723831 0 -0.595679233541282
vn -0.857715026259503 0 -0.514125406616576
vn -0.903996538676182 0 -0.427539773660279
vn -0.941535281143163 0 -0.336914402130073
vn -0.80318901886402 0 -0.595724265055783
vn -0.80318901886402 0 -0.595724265055783
vn -0.857717581884191 0 -0.514121143045816
vn -0.857717599878275 0 -0.514121113025959
vn -0.903997062473178 0 -0.427538666134264
vn -0.903997054232497 0 -0.427538683558539
vn -0.941550868608477 0 -0.336870838486538
vn -0.941550876867366 0 -0.336870815403019
vn -0.97001514011849 0 -0.243044497861826
vn -0.97001514011849 0 -0.243044497861826
vn 0.694694856735453 0 -0.719304564162711
vn -0.941546995608231 0 -0.336881663290113
vn 0.634386303642665 0 -0.773016182075509
vn 0.634386303642665 0 -0.773016182075509
vn -0.80320784017191 0 -0.595698888270219
vn -0.80320784017191 0 -0.595698888270219
vn -0.903991340005969 0 -0.427550765633992
vn -0.903991340005969 0 -0.427550765633992
vn -0.857719215997828 0 -0.514118416814717
vn 0.634384255999818 0 -0.773017862497081
vn 0.634384255999819 0 -0.773017862497081
vn 0.47143891060938 0 0.881898720694979
vn -0.0326079318436639 0 0.999468219995453
vn -0.528106983417371 0 0.849177845957963
vn -0.881899005592437 0 0.471438377664642
vn -0.999468365477914 0 -0.0326034723443373
vn -0.707108679421566 0 -0.707104882946433
vn -0.707108679421566 0 -0.707104882946433
vn -0.0755882810208987 0 -0.997139113550514
vn -0.707105827704225 0 -0.707107734667584
vn -0.843418630721528 0 -0.537256934205435
vn 0.843418630721528 0 -0.537256934205435
vn 0.528106981453673 0 0.849177847179194
vn -0.77303779490634 0 0.634359966932295
vn 0.881941905028892 0 0.47135811879505
vn 0.999461916712724 0 -0.0328005646434255
vn 0.849264332291817 0 -0.527967890971538
vn 0.471357576505806 0 -0.881942194857788
vn -0.0328005659212259 0 -0.999461916670789
vn 0.242905152787328 0 0.970050043425268
vn 0.146768563280359 0 0.989170859271855
vn 0.232387764168095 0 0.972623219476563
vn 0.0490366702841289 0 0.998796978853784
vn -0.24296377022396 0 -0.970035363457724
vn -0.146747947330674 0 -0.989173917950849
vn -0.0490566256795687 0 -0.998795998929178
vn -0.242905152787328 0 0.970050043425268
vn -0.146768563280359 0 0.989170859271855
vn -0.232387764168095 0 0.972623219476563
vn -0.0490366702841289 0 0.998796978853784
vn 0.24296377022396 0 -0.970035363457724
vn 0.146747947330674 0 -0.989173917950849
vn 0.0490566256795687 0 -0.998795998929178
vn -0.751934279807124 0 0.65923807448519
vn 0.0453574702637516 0 -0.99897082034025
vn 0.835541270880768 0 0.549427688285684
vn -0.835541270880768 0 0.549427688285684
vn 0.0490568786844927 0 -0.998795986502616
vn 0.0490568812637698 0 -0.998795986375933
vn 0.146733725739092 0 -0.989176027676937
vn 0.146733725739092 0 -0.989176027676937
vn 0.242993645066662 0 -0.970027880247376
vn 0.242993657474934 0 -0.970027877139082
vn -0.242953693947383 0 0.970037887196846
vn -0.146766606753883 0 0.98917114957016
vn -0.0490458871481056 0 0.998796526302457
vn 0.0490458871481056 0 0.998796526302457
vn 0.146766606753883 0 0.98917114957016
vn 0.242953693947383 0 0.970037887196846
vn -0.242993645066662 0 -0.970027880247376
vn -0.242993657474934 0 -0.970027877139082
vn -0.146733725739092 0 -0.989176027676937
vn -0.146733725739092 0 -0.989176027676937
vn -0.0490568786844927 0 -0.998795986502616
vn -0.0490568812637698 0 -0.998795986375933
vn 0.956940529163364 0 -0.290284039596637
vn -0.773010194813447 0 0.634393599206735
vn 0.33687426412594 0 0.941549642966108
vn 0.336874272409112 0 0.941549640002497
vn 0.427540063520468 0 0.903996401588476
vn 0.427540063091585 0 0.903996401791314
vn 0.514132134317331 0 0.857710993553368
vn 0.514132136347439 0 0.857710992336473
vn 0.595691275976527 0 0.803213485771657
vn -0.595679233541282 0 -0.803222416723831
vn -0.514125406616576 0 -0.857715026259503
vn -0.427539773660279 0 -0.903996538676182
vn -0.336914402130073 0 -0.941535281143163
vn -0.595724265055783 0 -0.80318901886402
vn -0.595724268947394 0 -0.803189015977617
vn -0.514121143045816 0 -0.857717581884191
vn -0.514121131684403 0 -0.857717588694291
vn -0.427538666134264 0 -0.903997062473178
vn -0.427538669875053 0 -0.903997060703999
vn -0.336870838486538 0 -0.941550868608477
vn -0.336870836756471 0 -0.941550869227465
vn -0.243044497861826 0 -0.97001514011849
vn -0.243044497861826 0 -0.97001514011849
vn -0.719304564162711 0 0.694694856735453
vn -0.773016182075509 0 0.634386303642665
vn -0.773016182075509 0 0.634386303642665
vn -0.336881663290113 0 -0.941546995608231
vn -0.427550765633992 0 -0.903991340005969
vn -0.427550765633992 0 -0.903991340005969
vn -0.514118416814717 0 -0.857719215997828
vn -0.595698888270219 0 -0.80320784017191
vn -0.595698888270219 0 -0.80320784017191
vn 0.528106983417371 0 0.849177845957963
vn -0.773017862497081 0 0.634384255999818
vn -0.773017862497081 0 0.634384255999819
vn 0.881898720694979 0 0.47143891060938
vn 0.999468219995453 0 -0.0326079318436639
vn 0.471438377664642 0 -0.881899005592437
vn -0.0326034723443373 0 -0.999468365477914
vn 0.707108679421566 0 0.707104882946433
vn 0.707108679421566 0 0.707104882946433
vn 0.997892163776135 0 -0.0648939864254331
vn 0.831691998636279 0 -0.555237264063204
vn -0.442622019529884 0 -0.896708284687549
vn 0.896707849047317 0 0.442622902092667
vn -0.831691998636279 0 -0.555237264063204
vn -0.997892163776135 0 -0.0648939864254331
vn -0.896707849047317 0 0.442622902092667
vn -0.555238461150758 0 0.831691199459835
vn -0.0648969386244513 0 0.997891971787114
vn 0.0648969386244513 0 0.997891971787114
vn 0.555238461150758 0 0.831691199459835
vn 0.442622019529884 0 -0.896708284687549
vn -0.049040026967618 0 -0.998796814049292
vn -0.146758276212367 0 -0.989172385564404
vn -0.14675828084431 0 -0.989172384877187
vn -0.242973757578422 0 -0.970032861880577
vn -0.242973768918556 0 -0.970032859040101
vn 0.049040026967618 0 -0.998796814049292
vn 0.0490400270328095 0 -0.998796814046091
vn 0.146758276212367 0 -0.989172385564404
vn 0.146758276121341 0 -0.989172385577909
vn 0.242973757578422 0 -0.970032861880577
vn 0.242973752235713 0 -0.970032863218818
vn -0.707104882946433 0 -0.707108679421566
vn -0.707104882946433 0 -0.707108679421566
vn -0.707107734667584 0 -0.707105827704225
vn -0.997139113550514 0 -0.0755882810208987
vn 0.0328005686989105 0 -0.99946191657963
vn 0.77303779490634 0 0.634359966932295
vn -0.881941885328091 0 0.471358155656537
vn -0.999461916560199 0 -0.0328005692910151
vn -0.849264333159822 0 -0.527967889575307
vn -0.471357578464788 0 -0.881942193810803
vn 0.707106781186548 0 -0.707106781186548
vn -0.0453574702637516 0 -0.99897082034025
vn 0.751934279807124 0 0.65923807448519
vn 0.707106781186547 0 -0.707106781186547
vn -0.956940529163364 0 -0.290284039596637
vn 0.773010194813447 0 0.634393599206735
vn -0.33687426412594 0 0.941549642966108
vn -0.427540063520468 0 0.903996401588476
vn -0.427540063409915 0 0.903996401640762
vn -0.514132134317331 0 0.857710993553368
vn -0.514132105635102 0 0.85771101074617
vn -0.595691275976527 0 0.803213485771657
vn -0.595691250005594 0 0.803213505032612
vn 0.595679233541282 0 -0.803222416723831
vn 0.514125406616576 0 -0.857715026259503
vn 0.427539773660279 0 -0.903996538676182
vn 0.336914402130073 0 -0.941535281143163
vn 0.595724265055783 0 -0.80318901886402
vn 0.595724265055783 0 -0.80318901886402
vn 0.514121143045816 0 -0.857717581884191
vn 0.514121113025959 0 -0.857717599878275
vn 0.427538666134264 0 -0.903997062473178
vn 0.427538683558539 0 -0.903997054232497
vn 0.336870838486538 0 -0.941550868608477
vn 0.336870815403019 0 -0.941550876867366
vn 0.243044497861826 0 -0.97001514011849
vn 0.243044497861826 0 -0.97001514011849
vn 0.719304564162711 0 0.694694856735453
vn 0.336881663290113 0 -0.941546995608231
vn 0.773016182075509 0 0.634386303642665
vn 0.773016182075509 0 0.634386303642665
vn 0.595698888270219 0 -0.80320784017191
vn 0.595698888270219 0 -0.80320784017191
vn 0.427550765633992 0 -0.903991340005969
vn 0.427550765633992 0 -0.903991340005969
vn 0.514118416814717 0 -0.857719215997828
vn 0.773017862497081 0 0.634384255999818
vn 0.773017862497081 0 0.634384255999819
vn -0.881898720694979 0 0.47143891060938
vn -0.999468219995453 0 -0.0326079318436639
vn -0.849177845957963 0 -0.528106983417371
vn -0.471438377664642 0 -0.881899005592437
vn 0.0326034723443373 0 -0.999468365477914
vn 0.707104882946433 0 -0.707108679421566
vn 0.707104882946433 0 -0.707108679421566
vn 0.997139113550514 0 -0.0755882810208987
vn 0.707107734667584 0 -0.707105827704225
vn 0.537256934205435 0 -0.843418630721528
vn 0.537256934205435 0 0.843418630721528
vn -0.849177847179194 0 0.528106981453673
vn -0.634359966932295 0 -0.77303779490634
vn -0.47135811879505 0 0.881941905028892
vn 0.0328005646434255 0 0.999461916712724
vn 0.527967890971538 0 0.849264332291817
vn 0.881942194857788 0 0.471357576505806
vn 0.999461916670789 0 -0.0328005659212259
vn -0.970050043425268 0 0.242905152787328
vn -0.989170859271855 0 0.146768563280359
vn -0.972623219476563 0 0.232387764168095
vn -0.998796978853784 0 0.0490366702841289
vn 0.970035363457724 0 -0.24296377022396
vn 0.989173917950849 0 -0.146747947330674
vn 0.998795998929178 0 -0.0490566256795687
vn -0.970050043425268 0 -0.242905152787328
vn -0.989170859271855 0 -0.146768563280359
vn -0.972623219476563 0 -0.232387764168095
vn -0.998796978853784 0 -0.0490366702841289
vn 0.970035363457724 0 0.24296377022396
vn 0.989173917950849 0 0.146747947330674
vn 0.998795998929178 0 0.0490566256795687
vn -0.65923807448519 0 -0.751934279807124
vn 0.99897082034025 0 0.0453574702637516
vn -0.549427688285684 0 0.835541270880768
vn -0.549427688285684 0 -0.835541270880768
vn 0.998795986502616 0 0.0490568786844927
vn 0.998795986375933 0 0.0490568812637698
vn 0.989176027676937 0 0.146733725739092
vn 0.989176027676937 0 0.146733725739092
vn 0.970027880247376 0 0.242993645066662
vn 0.970027877139082 0 0.242993657474934
vn -0.970037887196846 0 -0.242953693947383
vn -0.98917114957016 0 -0.146766606753883
vn -0.998796526302457 0 -0.0490458871481056
vn -0.998796526302457 0 0.0490458871481056
vn -0.98917114957016 0 0.146766606753883
vn -0.970037887196846 0 0.242953693947383
vn 0.970027880247376 0 -0.242993645066662
vn 0.970027877139082 0 -0.242993657474934
vn 0.989176027676937 0 -0.146733725739092
vn 0.989176027676937 0 -0.146733725739092
vn 0.998795986502616 0 -0.0490568786844927
vn 0.998795986375933 0 -0.0490568812637698
vn 0.290284039596637 0 0.956940529163364
vn -0.634393599206735 0 -0.773010194813447
vn -0.941549642966108 0 0.33687426412594
vn -0.941549640002497 0 0.336874272409112
vn -0.903996401588476 0 0.427540063520468
vn -0.903996401791314 0 0.427540063091585
vn -0.857710993553368 0 0.514132134317331
vn -0.857710992336473 0 0.514132136347439
vn -0.803213485771657 0 0.595691275976527
vn 0.803222416723831 0 -0.595679233541282
vn 0.857715026259503 0 -0.514125406616576
vn 0.903996538676182 0 -0.427539773660279
vn 0.941535281143163 0 -0.336914402130073
vn 0.80318901886402 0 -0.595724265055783
vn 0.803189015977617 0 -0.595724268947394
vn 0.857717581884191 0 -0.514121143045816
vn 0.857717588694291 0 -0.514121131684403
vn 0.903997062473178 0 -0.427538666134264
vn 0.903997060703999 0 -0.427538669875053
vn 0.941550868608477 0 -0.336870838486538
vn 0.941550869227465 0 -0.336870836756471
vn 0.97001514011849 0 -0.243044497861826
vn 0.97001514011849 0 -0.243044497861826
vn -0.694694856735453 0 -0.719304564162711
vn -0.634386303642665 0 -0.773016182075509
vn -0.634386303642665 0 -0.773016182075509
vn 0.941546995608231 0 -0.336881663290113
vn 0.903991340005969 0 -0.427550765633992
vn 0.903991340005969 0 -0.427550765633992
vn 0.857719215997828 0 -0.514118416814717
vn 0.80320784017191 0 -0.595698888270219
vn 0.80320784017191 0 -0.595698888270219
vn -0.634384255999818 0 -0.773017862497081
vn -0.634384255999819 0 -0.773017862497081
vn -0.47143891060938 0 0.881898720694979
vn 0.0326079318436639 0 0.999468219995453
vn 0.881899005592437 0 0.471438377664642
vn 0.999468365477914 0 -0.0326034723443373
vn 0.0648939864254331 0 0.997892163776135
vn 0.555237264063204 0 0.831691998636279
vn 0.896708284687549 0 -0.442622019529884
vn -0.442622902092667 0 0.896707849047317
vn 0.555237264063204 0 -0.831691998636279
vn 0.0648939864254331 0 -0.997892163776135
vn -0.442622902092667 0 -0.896707849047317
vn -0.831691199459835 0 -0.555238461150758
vn -0.997891971787114 0 -0.0648969386244513
vn -0.997891971787114 0 0.0648969386244513
vn -0.831691199459835 0 0.555238461150758
vn 0.896708284687549 0 0.442622019529884
vn 0.998796814049292 0 -0.049040026967618
vn 0.989172385564404 0 -0.146758276212367
vn 0.989172384877187 0 -0.14675828084431
vn 0.970032861880577 0 -0.242973757578422
vn 0.970032859040101 0 -0.242973768918556
vn 0.998796814049292 0 0.049040026967618
vn 0.998796814046091 0 0.0490400270328095
vn 0.989172385564404 0 0.146758276212367
vn 0.989172385577909 0 0.146758276121341
vn 0.970032861880577 0 0.242973757578422
vn 0.970032863218818 0 0.242973752235713
vn 0.707108679421566 0 -0.707104882946433
vn 0.707108679421566 0 -0.707104882946433
vn 0.707105827704225 0 -0.707107734667584
vn 0.0755882810208987 0 -0.997139113550514
vn 0.0328005692910151 0 -0.999461916560199
vn 0.881942193810803 0 -0.471357578464788
vn -0.471358155656537 0 -0.881941885328091
vn 0.527967889575307 0 -0.849264333159822
vn 0.99946191657963 0 0.0328005686989105
vn -0.634359966932295 0 0.77303779490634
vn 0.99897082034025 0 -0.0453574702637516
vn -0.65923807448519 0 0.751934279807124
vn 0.707105827704225 0 0.707107734667584
vn 0.290284039596637 0 -0.956940529163364
vn -0.634393599206735 0 0.773010194813447
vn -0.941549642966108 0 -0.33687426412594
vn -0.903996401588476 0 -0.427540063520468
vn -0.903996401640762 0 -0.427540063409915
vn -0.857710993553368 0 -0.514132134317331
vn -0.85771101074617 0 -0.514132105635102
vn -0.803213485771657 0 -0.595691275976527
vn -0.803213505032612 0 -0.595691250005594
vn 0.803222416723831 0 0.595679233541282
vn 0.857715026259503 0 0.514125406616576
vn 0.903996538676182 0 0.427539773660279
vn 0.941535281143163 0 0.336914402130073
vn 0.80318901886402 0 0.595724265055783
vn 0.80318901886402 0 0.595724265055783
vn 0.857717581884191 0 0.514121143045816
vn 0.857717599878275 0 0.514121113025959
vn 0.903997062473178 0 0.427538666134264
vn 0.903997054232497 0 0.427538683558539
vn 0.941550868608477 0 0.336870838486538
vn 0.941550876867366 0 0.336870815403019
vn 0.97001514011849 0 0.243044497861826
vn 0.97001514011849 0 0.243044497861826
vn -0.694694856735453 0 0.719304564162711
vn 0.941546995608231 0 0.336881663290113
vn -0.634386303642665 0 0.773016182075509
vn -0.634386303642665 0 0.773016182075509
vn 0.80320784017191 0 0.595698888270219
vn 0.80320784017191 0 0.595698888270219
vn 0.903991340005969 0 0.427550765633992
vn 0.903991340005969 0 0.427550765633992
vn 0.857719215997828 0 0.514118416814717
vn -0.634384255999818 0 0.773017862497081
vn -0.634384255999819 0 0.773017862497081
vn -0.47143891060938 0 -0.881898720694979
vn 0.0326079318436639 0 -0.999468219995453
vn 0.881899005592437 0 -0.471438377664642
vn 0.999468365477914 0 0.0326034723443373
vn 0.0755882810208987 0 0.997139113550514
vn 0.242966928857681 0 0.970034572312485
vn 0.146749471901111 0 0.989173691773465
vn 0.0490482098347251 0 0.998796412244261
vn -0.0490482098347251 0 0.998796412244261
vn -0.146749471901111 0 0.989173691773465
vn -0.242966928857681 0 0.970034572312485
vn 0.595707416206491 0 0.803201515359991
vn 0.514109999376247 0 0.857724261369209
vn 0.427550987040112 0 0.903991235289937
vn 0.336888752350203 0 0.941544459141428
vn -0.336888752350203 0 0.941544459141428
vn -0.427550987040112 0 0.903991235289937
vn -0.514109999376247 0 0.857724261369209
vn -0.595707416206491 0 0.803201515359991
vn 1 0 0
vn -0.970034572312485 0 -0.242966928857681
vn -0.998796412244261 0 0.0490482098347251
vn -0.989173691773465 0 0.146749471901111
vn -0.970034572312485 0 0.242966928857681
vn -0.998796412244261 0 -0.0490482098347251
vn -0.989173691773465 0 -0.146749471901111
vn -0.941544459141428 0 0.336888752350203
vn -0.903991235289937 0 0.427550987040112
vn -0.857724261369209 0 0.514109999376247
vn -0.803201515359991 0 0.595707416206491
vn -0.941544459141428 0 -0.336888752350203
vn -0.903991235289937 0 -0.427550987040112
vn -0.857724261369209 0 -0.514109999376247
vn -0.803201515359991 0 -0.595707416206491
vn 0 0 1
vn 0.242966928857681 0 -0.970034572312485
vn -0.0490482098347251 0 -0.998796412244261
vn -0.146749471901111 0 -0.989173691773465
vn -0.242966928857681 0 -0.970034572312485
vn 0.0490482098347251 0 -0.998796412244261
vn 0.146749471901111 0 -0.989173691773465
vn -0.336888752350203 0 -0.941544459141428
vn -0.427550987040112 0 -0.903991235289937
vn -0.514109999376247 0 -0.857724261369209
vn -0.595707416206491 0 -0.803201515359991
vn 0.336888752350203 0 -0.941544459141428
vn 0.427550987040112 0 -0.903991235289937
vn 0.514109999376247 0 -0.857724261369209
vn 0.595707416206491 0 -0.803201515359991
vn -1 0 0
vn 0.970034572312485 0 0.242966928857681
vn 0.998796412244261 0 -0.0490482098347251
vn 0.989173691773465 0 -0.146749471901111
vn 0.970034572312485 0 -0.242966928857681
vn 0.998796412244261 0 0.0490482098347251
vn 0.989173691773465 0 0.146749471901111
vn 0.941544459141428 0 -0.336888752350203
vn 0.903991235289937 0 -0.427550987040112
vn 0.857724261369209 0 -0.514109999376247
vn 0.803201515359991 0 -0.595707416206491
vn 0.941544459141428 0 0.336888752350203
vn 0.903991235289937 0 0.427550987040112
vn 0.857724261369209 0 0.514109999376247
vn 0.803201515359991 0 0.595707416206491
vn 0 0 -1
vn 0.990262384753871 0 -0.13921353864325
vn 0.992548222842673 0 0.121852473638627
vn 0.927203015020918 0 0.374559166135498
vn 0.798664251398613 0 0.601776880195553
vn 0.615692000690766 0 0.787986903625562
vn 0.39078217863191 0 0.920483182281837
vn -0.990262384753871 0 -0.13921353864325
vn -0.992548222842673 0 0.121852473638627
vn -0.927203015020918 0 0.374559166135498
vn -0.798664251398613 0 0.601776880195553
vn -0.615692000690766 0 0.787986903625562
vn -0.39078217863191 0 0.920483182281837
vn 0.707106781186547 0 0.707106781186547
vn -0.980783413949063 0 0.1950997050803
vn 0.195102176289778 0 0.980782922367122
vn 0.555508495197114 0 0.831510860881467
vn 0.831509548080533 0 0.555510460253367
vn 0.980783413949063 0 0.1950997050803
vn -0.831509548080533 0 0.555510460253367
vn -0.555508495197114 0 0.831510860881467
vn -0.195102176289778 0 0.980782922367122
vn -0.980782922367122 0 0.195102176289778
vn -0.1950997050803 0 -0.980783413949063
vn -0.831510860881467 0 0.555508495197114
vn -0.555510460253367 0 0.831509548080533
vn -0.1950997050803 0 0.980783413949063
vn -0.555510460253367 0 -0.831509548080533
vn -0.831510860881467 0 -0.555508495197114
vn -0.980782922367122 0 -0.195102176289778
vn -0.920483182281837 0 -0.39078217863191
vn 0.13921353864325 0 0.990262384753871
vn -0.787986903625562 0 -0.615692000690766
vn -0.601776880195553 0 -0.798664251398613
vn -0.374559166135498 0 -0.927203015020918
vn -0.121852473638627 0 -0.992548222842673
vn -0.121852473638627 0 0.992548222842673
vn -0.374559166135498 0 0.927203015020918
vn -0.601776880195553 0 0.798664251398613
vn -0.787986903625562 0 0.615692000690766
vn -0.920483182281837 0 0.39078217863191
vn 0.13921353864325 0 -0.990262384753871
vn 0.39078217863191 0 -0.920483182281837
vn -0.990262384753871 0 0.13921353864325
vn 0.615692000690766 0 -0.787986903625562
vn 0.798664251398613 0 -0.601776880195553
vn 0.927203015020918 0 -0.374559166135498
vn 0.992548222842673 0 -0.121852473638627
vn -0.992548222842673 0 -0.121852473638627
vn -0.927203015020918 0 -0.374559166135498
vn -0.798664251398613 0 -0.601776880195553
vn -0.615692000690766 0 -0.787986903625562
vn -0.39078217863191 0 -0.920483182281837
vn 0.990262384753871 0 0.13921353864325
vn -0.195102176289778 0 -0.980782922367122
vn 0.980783413949063 0 -0.1950997050803
vn -0.555508495197114 0 -0.831510860881467
vn -0.831509548080533 0 -0.555510460253367
vn -0.980783413949063 0 -0.1950997050803
vn 0.831509548080533 0 -0.555510460253367
vn 0.555508495197114 0 -0.831510860881467
vn 0.195102176289778 0 -0.980782922367122
vn 0.980782922367122 0 0.195102176289778
vn 0.831510860881467 0 0.555508495197114
vn 0.555510460253367 0 0.831509548080533
vn 0.1950997050803 0 -0.980783413949063
vn 0.555510460253367 0 -0.831509548080533
vn 0.831510860881467 0 -0.555508495197114
vn 0.980782922367122 0 -0.195102176289778
vn 0.1950997050803 0 0.980783413949063
vn 0.920483182281837 0 0.39078217863191
vn -0.13921353864325 0 -0.990262384753871
vn 0.787986903625562 0 0.615692000690766
vn 0.601776880195553 0 0.798664251398613
vn 0.374559166135498 0 0.927203015020918
vn 0.121852473638627 0 0.992548222842673
vn 0.121852473638627 0 -0.992548222842673
vn 0.374559166135498 0 -0.927203015020918
vn 0.601776880195553 0 -0.798664251398613
vn 0.787986903625562 0 -0.615692000690766
vn 0.920483182281837 0 -0.39078217863191
vn -0.13921353864325 0 0.990262384753871
vn 0.773014052806558 0 -0.634388898203286
vn 0.514125620184401 0 0.857714898244169
vn -0.514132079604197 0 -0.857711026349704
vn -0.427532315838629 0 -0.904000065770827
vn -0.33690470443638 0 -0.941538751262334
vn -0.95694327104041 0 0.290275000663993
vn 0.5956667747914 0 0.803231656130168
vn 0.42754611523249 0 0.903993539440192
vn 0.336922446969895 0 0.941532402378069
vn -0.595689576446051 0 -0.803214746200245
vn 0.336879921857836 0 0.941547618683759
vn -0.595690846604052 0 -0.803213804209158
vn 0.595694216014691 0 0.803211305327958
vn 0.427554961932836 0 0.903989355317092
vn -0.514113859319669 0 -0.857721947751972
vn -0.427535819823951 0 -0.903998408608921
vn -0.95693788141303 0 0.290292767937374
vn -0.336903691917975 0 -0.941539113564613
vn 0.773020013494194 0 -0.634381634930769
vn 0.514118599872624 0 0.857719106272568
vn 0.0490439113596868 0 0.998796623321556
vn 0.146759109142109 0 0.989172261986664
vn 0.242964027570691 0 0.970035299000314
vn 0.956938882123804 0 -0.290289469115993
vn -0.224137905728475 0 -0.974557437617534
vn -0.146757971744345 0 -0.989172430736667
vn -0.0490545252601058 0 -0.998796102090665
vn 0.146757971744345 0 -0.989172430736667
vn -0.0490439113596868 0 0.998796623321556
vn -0.956938882123804 0 -0.290289469115993
vn 0.0490545252601058 0 -0.998796102090665
vn 0.224137905728475 0 -0.974557437617534
vn -0.146759109142109 0 0.989172261986664
vn -0.242964027570691 0 0.970035299000314
vn 0.956937886323731 0 -0.290292751749453
vn 0.242975777119716 0 0.970032356023792
vn 0.146742338341525 0 0.989174750050799
vn -0.242952300544491 0 -0.970038236184605
vn -0.0490576570268599 0 -0.998795948273237
vn 0.0490475319765309 0 0.998796445531827
vn -0.146756075160389 0 -0.989172712120345
vn -0.956937886323731 0 -0.290292751749453
vn -0.242975777119716 0 0.970032356023792
vn -0.146742338341525 0 0.989174750050799
vn 0.242952300544491 0 -0.970038236184605
vn 0.0490576570268599 0 -0.998795948273237
vn -0.0490475319765309 0 0.998796445531827
vn 0.146756075160389 0 -0.989172712120345
vn -0.773014052806558 0 -0.634388898203286
vn -0.514125620184401 0 0.857714898244169
vn 0.514132079604197 0 -0.857711026349704
vn 0.427532315838629 0 -0.904000065770827
vn 0.33690470443638 0 -0.941538751262334
vn 0.95694327104041 0 0.290275000663993
vn -0.5956667747914 0 0.803231656130168
vn -0.42754611523249 0 0.903993539440192
vn -0.336922446969895 0 0.941532402378069
vn 0.595689576446051 0 -0.803214746200245
vn -0.336879921857836 0 0.941547618683759
vn 0.595690846604052 0 -0.803213804209158
vn -0.595694216014691 0 0.803211305327958
vn -0.427554961932836 0 0.903989355317092
vn 0.514113859319669 0 -0.857721947751972
vn 0.427535819823951 0 -0.903998408608921
vn 0.95693788141303 0 0.290292767937374
vn 0.336903691917975 0 -0.941539113564613
vn -0.773020013494194 0 -0.634381634930769
vn -0.514118599872624 0 0.857719106272568
vn 0.634388898203286 0 0.773014052806558
vn -0.857714898244169 0 0.514125620184401
vn 0.857711026349704 0 -0.514132079604197
vn 0.904000065770827 0 -0.427532315838629
vn 0.941538751262334 0 -0.33690470443638
vn -0.290275000663993 0 -0.95694327104041
vn -0.803231656130168 0 0.5956667747914
vn -0.903993539440192 0 0.42754611523249
vn -0.941532402378069 0 0.336922446969895
vn 0.803214746200245 0 -0.595689576446051
vn -0.941547618683759 0 0.336879921857836
vn 0.803213804209158 0 -0.595690846604052
vn -0.803211305327958 0 0.595694216014691
vn -0.903989355317092 0 0.427554961932836
vn 0.857721947751972 0 -0.514113859319669
vn 0.903998408608921 0 -0.427535819823951
vn -0.290292767937374 0 -0.95693788141303
vn 0.941539113564613 0 -0.336903691917975
vn 0.634381634930769 0 0.773020013494194
vn -0.857719106272568 0 0.514118599872624
vn 0.989172430736667 0 -0.146757971744345
vn -0.998796623321556 0 0.0490439113596868
vn 0.290289469115993 0 0.956938882123804
vn 0.998796102090665 0 -0.0490545252601058
vn 0.974557437617534 0 -0.224137905728475
vn -0.989172261986664 0 0.146759109142109
vn -0.970035299000314 0 0.242964027570691
vn 0.989172430736667 0 0.146757971744345
vn -0.998796623321556 0 -0.0490439113596868
vn 0.290289469115993 0 -0.956938882123804
vn 0.998796102090665 0 0.0490545252601058
vn 0.974557437617534 0 0.224137905728475
vn -0.989172261986664 0 -0.146759109142109
vn -0.970035299000314 0 -0.242964027570691
vn 0.290292751749453 0 0.956937886323731
vn -0.970032356023792 0 0.242975777119716
vn -0.989174750050799 0 0.146742338341525
vn 0.970038236184605 0 -0.242952300544491
vn 0.998795948273237 0 -0.0490576570268599
vn -0.998796445531827 0 0.0490475319765309
vn 0.989172712120345 0 -0.146756075160389
vn 0.290292751749453 0 -0.956937886323731
vn -0.970032356023792 0 -0.242975777119716
vn -0.989174750050799 0 -0.146742338341525
vn 0.970038236184605 0 0.242952300544491
vn 0.998795948273237 0 0.0490576570268599
vn -0.998796445531827 0 -0.0490475319765309
vn 0.989172712120345 0 0.146756075160389
vn 0.634388898203286 0 -0.773014052806558
vn -0.857714898244169 0 -0.514125620184401
vn 0.857711026349704 0 0.514132079604197
vn 0.904000065770827 0 0.427532315838629
vn 0.941538751262334 0 0.33690470443638
vn -0.290275000663993 0 0.95694327104041
vn -0.803231656130168 0 -0.5956667747914
vn -0.903993539440192 0 -0.42754611523249
vn -0.941532402378069 0 -0.336922446969895
vn 0.803214746200245 0 0.595689576446051
vn -0.941547618683759 0 -0.336879921857836
vn 0.803213804209158 0 0.595690846604052
vn -0.803211305327958 0 -0.595694216014691
vn -0.903989355317092 0 -0.427554961932836
vn 0.857721947751972 0 0.514113859319669
vn 0.903998408608921 0 0.427535819823951
vn -0.290292767937374 0 0.95693788141303
vn 0.941539113564613 0 0.336903691917975
vn 0.634381634930769 0 -0.773020013494194
vn -0.857719106272568 0 -0.514118599872624
vn -0.773014052806558 0 0.634388898203286
vn -0.514125620184401 0 -0.857714898244169
vn 0.514132079604197 0 0.857711026349704
vn 0.427532315838629 0 0.904000065770827
vn 0.33690470443638 0 0.941538751262334
vn 0.95694327104041 0 -0.290275000663993
vn -0.5956667747914 0 -0.803231656130168
vn -0.42754611523249 0 -0.903993539440192
vn -0.336922446969895 0 -0.941532402378069
vn 0.595689576446051 0 0.803214746200245
vn -0.336879921857836 0 -0.941547618683759
vn 0.595690846604052 0 0.803213804209158
vn -0.595694216014691 0 -0.803211305327958
vn -0.427554961932836 0 -0.903989355317092
vn 0.514113859319669 0 0.857721947751972
vn 0.427535819823951 0 0.903998408608921
vn 0.95693788141303 0 -0.290292767937374
vn 0.336903691917975 0 0.941539113564613
vn -0.773020013494194 0 0.634381634930769
vn -0.514118599872624 0 -0.857719106272568
vn 0.146757971744345 0 0.989172430736667
vn -0.0490439113596868 0 -0.998796623321556
vn -0.956938882123804 0 0.290289469115993
vn 0.0490545252601058 0 0.998796102090665
vn 0.224137905728475 0 0.974557437617534
vn -0.146759109142109 0 -0.989172261986664
vn -0.242964027570691 0 -0.970035299000314
vn -0.146757971744345 0 0.989172430736667
vn 0.0490439113596868 0 -0.998796623321556
vn 0.956938882123804 0 0.290289469115993
vn -0.0490545252601058 0 0.998796102090665
vn -0.224137905728475 0 0.974557437617534
vn 0.146759109142109 0 -0.989172261986664
vn 0.242964027570691 0 -0.970035299000314
vn -0.956937886323731 0 0.290292751749453
vn -0.242975777119716 0 -0.970032356023792
vn -0.146742338341525 0 -0.989174750050799
vn 0.242952300544491 0 0.970038236184605
vn 0.0490576570268599 0 0.998795948273237
vn -0.0490475319765309 0 -0.998796445531827
vn 0.146756075160389 0 0.989172712120345
vn 0.956937886323731 0 0.290292751749453
vn 0.242975777119716 0 -0.970032356023792
vn 0.146742338341525 0 -0.989174750050799
vn -0.242952300544491 0 0.970038236184605
vn -0.0490576570268599 0 0.998795948273237
vn 0.0490475319765309 0 -0.998796445531827
vn -0.146756075160389 0 0.989172712120345
vn 0.773014052806558 0 0.634388898203286
vn 0.514125620184401 0 -0.857714898244169
vn -0.514132079604197 0 0.857711026349704
vn -0.427532315838629 0 0.904000065770827
vn -0.33690470443638 0 0.941538751262334
vn -0.95694327104041 0 -0.290275000663993
vn 0.5956667747914 0 -0.803231656130168
vn 0.42754611523249 0 -0.903993539440192
vn 0.336922446969895 0 -0.941532402378069
vn -0.595689576446051 0 0.803214746200245
vn 0.336879921857836 0 -0.941547618683759
vn -0.595690846604052 0 0.803213804209158
vn 0.595694216014691 0 -0.803211305327958
vn 0.427554961932836 0 -0.903989355317092
vn -0.514113859319669 0 0.857721947751972
vn -0.427535819823951 0 0.903998408608921
vn -0.95693788141303 0 -0.290292767937374
vn -0.336903691917975 0 0.941539113564613
vn 0.773020013494194 0 0.634381634930769
vn 0.514118599872624 0 -0.857719106272568
vn -0.634388898203286 0 -0.773014052806558
vn 0.857714898244169 0 -0.514125620184401
vn -0.857711026349704 0 0.514132079604197
vn -0.904000065770827 0 0.427532315838629
vn -0.941538751262334 0 0.33690470443638
vn 0.290275000663993 0 0.95694327104041
vn 0.803231656130168 0 -0.5956667747914
vn 0.903993539440192 0 -0.42754611523249
vn 0.941532402378069 0 -0.336922446969895
vn -0.803214746200245 0 0.595689576446051
vn 0.941547618683759 0 -0.336879921857836
vn -0.803213804209158 0 0.595690846604052
vn 0.803211305327958 0 -0.595694216014691
vn 0.903989355317092 0 -0.427554961932836
vn -0.857721947751972 0 0.514113859319669
vn -0.903998408608921 0 0.427535819823951
vn 0.290292767937374 0 0.95693788141303
vn -0.941539113564613 0 0.336903691917975
vn -0.634381634930769 0 -0.773020013494194
vn 0.857719106272568 0 -0.514118599872624
vn -0.989172430736667 0 0.146757971744345
vn 0.998796623321556 0 -0.0490439113596868
vn -0.290289469115993 0 -0.956938882123804
vn -0.998796102090665 0 0.0490545252601058
vn -0.974557437617534 0 0.224137905728475
vn 0.989172261986664 0 -0.146759109142109
vn 0.970035299000314 0 -0.242964027570691
vn -0.989172430736667 0 -0.146757971744345
vn 0.998796623321556 0 0.0490439113596868
vn -0.290289469115993 0 0.956938882123804
vn -0.998796102090665 0 -0.0490545252601058
vn -0.974557437617534 0 -0.224137905728475
vn 0.989172261986664 0 0.146759109142109
vn 0.970035299000314 0 0.242964027570691
vn -0.290292751749453 0 -0.956937886323731
vn 0.970032356023792 0 -0.242975777119716
vn 0.989174750050799 0 -0.146742338341525
vn -0.970038236184605 0 0.242952300544491
vn -0.998795948273237 0 0.0490576570268599
vn 0.998796445531827 0 -0.0490475319765309
vn -0.989172712120345 0 0.146756075160389
vn -0.290292751749453 0 0.956937886323731
vn 0.970032356023792 0 0.242975777119716
vn 0.989174750050799 0 0.146742338341525
vn -0.970038236184605 0 -0.242952300544491
vn -0.998795948273237 0 -0.0490576570268599
vn 0.998796445531827 0 0.0490475319765309
vn -0.989172712120345 0 -0.146756075160389
vn -0.634388898203286 0 0.773014052806558
vn 0.857714898244169 0 0.514125620184401
vn -0.857711026349704 0 -0.514132079604197
vn -0.904000065770827 0 -0.427532315838629
vn -0.941538751262334 0 -0.33690470443638
vn 0.290275000663993 0 -0.95694327104041
vn 0.803231656130168 0 0.5956667747914
vn 0.903993539440192 0 0.42754611523249
vn 0.941532402378069 0 0.336922446969895
vn -0.803214746200245 0 -0.595689576446051
vn 0.941547618683759 0 0.336879921857836
vn -0.803213804209158 0 -0.595690846604052
vn 0.803211305327958 0 0.595694216014691
vn 0.903989355317092 0 0.427554961932836
vn -0.857721947751972 0 -0.514113859319669
vn -0.903998408608921 0 -0.427535819823951
vn 0.290292767937374 0 -0.95693788141303
vn -0.941539113564613 0 -0.336903691917975
vn -0.634381634930769 0 0.773020013494194
vn 0.857719106272568 0 0.514118599872624
vn 0 1 0
vn 0 1 0
vn 0 -1 0
vn -0.400585997558779 0.855261185538028 0.328723535926354
vn -0.400585931316881 0.855261104739101 0.32872382686906
vn -0.400585952570758 0.855261083306528 0.328723856731335
vn -0.400585994340733 0.855261056742228 0.328723874944024
vn -0.400586813247527 0.855261310484142 0.328722216835337
vn -0.400586436923204 0.855261337955587 0.328722603955967
vn -0.400586295653171 0.855261030267474 0.328723576642579
vn -0.400586162337252 0.855261066677016 0.328723644373819
vn -0.400587093107685 0.855260762794067 0.3287233007568
vn -0.40058545159281 0.855261102450103 0.328724417419849
vn -0.400586193591026 0.855261042425677 0.328723669383873
vn -0.400586291964171 0.855260985639479 0.328723697249503
vn -0.400585743233559 0.855261095507474 0.3287240800875
vn 0 -1 0
vn 0.442701378064731 0.77976341265744 0.442701378064731
vn 0.44270140830353 0.779763378322002 0.44270140830353
vn 0.442700780169063 0.779763416831001 0.442701968608391
vn 0.442701551540994 0.779763215679217 0.442701551540994
vn 0.40058597575425 0.855261194436277 0.328723539346436
vn 0.400586421836535 0.855261223806515 0.328722919330527
vn 0.400586779903025 0.85526129431958 0.328722299526091
vn 0.40058632578155 0.855261141811069 0.328723249717546
vn 0.400586131898699 0.855261034022216 0.328723766426597
vn 0.400586309908587 0.855261081565268 0.328723425805996
vn 0.400585865006041 0.855261081773917 0.328723967425972
vn 0.400586159683514 0.855261177638066 0.328723358913178
vn 0.400585478514319 0.855261081349453 0.328724439511908
vn 0.400587121943992 0.855261002497622 0.328722641963391
vn 0.400586257419018 0.855261016377981 0.328723659372317
vn 0.400585738489549 0.855261085378887 0.328724112220735
vn 0.400586259129585 0.855261019890518 0.328723648149012
vn -0.442701407877963 0.779763378805223 0.442701407877963
vn -0.44270140830353 0.779763378322002 0.44270140830353
vn -0.442700780169063 0.779763416831001 0.442701968608391
vn -0.442701577181795 0.779763186564679 0.442701577181795
vn -0.328722603955967 0.855261337955587 -0.400586436923204
vn -0.328723535926354 0.855261185538028 -0.400585997558779
vn -0.32872382686906 0.855261104739101 -0.400585931316881
vn -0.328723856731335 0.855261083306528 -0.400585952570758
vn -0.328723874944024 0.855261056742228 -0.400585994340733
vn -0.328722216835337 0.855261310484142 -0.400586813247527
vn -0.328724417419849 0.855261102450103 -0.40058545159281
vn -0.328723576642579 0.855261030267474 -0.400586295653171
vn -0.328723644373819 0.855261066677016 -0.400586162337252
vn -0.3287233007568 0.855260762794067 -0.400587093107685
vn -0.3287240800875 0.855261095507474 -0.400585743233559
vn -0.328723734814561 0.855261017950512 -0.400586192153224
vn -0.328723641639697 0.855261052891967 -0.400586194012301
vn -0.442701968608391 0.779763416831001 0.442700780169063
vn -0.328723546048259 0.855261168527692 0.400586025570171
vn -0.328724072516449 0.855260836685398 0.400586302037892
vn -0.328723378877585 0.855261128511923 0.400586248186101
vn -0.328723539346436 0.855261194436277 0.40058597575425
vn -0.328722919330527 0.855261223806515 0.400586421836535
vn -0.328718913055042 0.855261586426058 0.400588935174069
vn -0.328724194725119 0.855260982699871 0.400585890008089
vn -0.328724439511908 0.855261081349453 0.400585478514319
vn -0.328723054170379 0.855261122544402 0.400586527383271
vn -0.328723903262467 0.85526101631411 0.400586057417434
vn -0.328723659372317 0.855261016377981 0.400586257419018
vn -0.328724112220735 0.855261085378887 0.400585738489549
vn -0.328723648149012 0.855261019890518 0.400586259129585
vn -0.44270140830353 0.779763378322002 -0.44270140830353
vn -0.442701407877963 0.779763378805223 -0.442701407877963
vn -0.442701968608391 0.779763416831001 -0.442700780169063
vn -0.442701577181795 0.779763186564679 -0.442701577181795
vn 0.400586648481295 0.855260967150878 -0.328723310896365
vn 0.40058589202931 0.855261356088244 -0.328723220793999
vn 0.400585923534216 0.855261260477225 -0.328723431159306
vn 0.400589727600134 0.855259754289306 -0.328722714204915
vn 0.400586436923204 0.855261337955587 -0.328722603955967
vn 0.400585997558779 0.855261185538028 -0.328723535926354
vn 0.400585918915013 0.855261059774119 -0.328723958970237
vn 0.4005862511682 0.855261086823264 -0.328723483707656
vn 0.40058545159281 0.855261102450103 -0.328724417419849
vn 0.400586312968884 0.855261019088436 -0.328723584626666
vn 0.400586450321244 0.855260990355526 -0.328723492003706
vn 0.400585743233559 0.855261095507474 -0.3287240800875
vn 0.400586192153224 0.855261017950512 -0.328723734814561
vn 0.442701968608391 0.779763416831001 0.442700780169063
vn -0.442700780169063 0.779763416831001 -0.442701968608391
vn -0.400586779903025 0.85526129431958 -0.328722299526091
vn -0.40058632578155 0.855261141811069 -0.328723249717546
vn -0.400586131898699 0.855261034022216 -0.328723766426597
vn -0.400586309908587 0.855261081565268 -0.328723425805996
vn -0.4005861052584 0.855261091048212 -0.328723650522635
vn -0.400582651074851 0.855260589796873 -0.328729163899628
vn -0.400586421836535 0.855261223806515 -0.328722919330527
vn -0.400586925877552 0.855261075499736 -0.328722690958514
vn -0.400586380598236 0.855261051873571 -0.328723416913547
vn -0.400585478514319 0.855261081349453 -0.328724439511908
vn -0.400586194012301 0.855261052891967 -0.328723641639697
vn -0.400586192153224 0.855261017950512 -0.328723734814561
vn -0.400585743233559 0.855261095507474 -0.3287240800875
vn 0.44270140830353 0.779763378322002 -0.44270140830353
vn 0.442701378064731 0.77976341265744 -0.442701378064731
vn 0.442700780169063 0.779763416831001 -0.442701968608391
vn 0.442701551540994 0.779763215679217 -0.442701551540994
vn 0.328723638800877 0.855261091808327 0.400586113254491
vn 0.32872357395044 0.855261098808475 0.400586151525698
vn 0.328723689295678 0.855261099439124 0.400586055526175
vn 0.328722216835337 0.855261310484142 0.400586813247527
vn 0.328722603955967 0.855261337955587 0.400586436923204
vn 0.328724811783866 0.855261162792949 0.400584999139651
vn 0.328723800505504 0.85526105064065 0.400586068452547
vn 0.328723483707656 0.855261086823264 0.4005862511682
vn 0.328724417419849 0.855261102450103 0.40058545159281
vn 0.328723584626666 0.855261019088436 0.400586312968884
vn 0.328723492003706 0.855260990355526 0.400586450321244
vn 0.3287240800875 0.855261095507474 0.400585743233559
vn 0.328723734814561 0.855261017950512 0.400586192153224
vn 0.442701968608391 0.779763416831001 -0.442700780169063
vn 0.328722919330527 0.855261223806515 -0.400586421836535
vn 0.328722299526091 0.85526129431958 -0.400586779903025
vn 0.328723249717546 0.855261141811069 -0.40058632578155
vn 0.328723766426597 0.855261034022216 -0.400586131898699
vn 0.328723425805996 0.855261081565268 -0.400586309908587
vn 0.328723650522635 0.855261091048212 -0.4005861052584
vn 0.328729163899628 0.855260589796873 -0.400582651074851
vn 0.328724439511908 0.855261081349453 -0.400585478514319
vn 0.328722690958514 0.855261075499736 -0.400586925877552
vn 0.328723416913547 0.855261051873571 -0.400586380598236
vn 0.328722608139657 0.855261265740808 -0.400586587670247
vn 0.328724151840273 0.855261019344548 -0.400585846962442
vn 0.328723641639697 0.855261052891967 -0.400586194012301
vn 0.546611648745315 -0.70709268268726 -0.448592959759805
vn 0.546612104769851 -0.707092170423279 -0.448593211546018
vn 0.546616119887007 -0.707092375535542 -0.448587995759113
vn 0 -0.707106781186547 -0.707106781186547
vn 0.546615651886763 -0.707092917675505 -0.448587711474078
vn 0.546617099808753 -0.707092303215555 -0.44858691569192
vn 0.546617778635726 -0.707091766873542 -0.448586933936999
vn 0.545762778247986 -0.70715429656993 -0.449528409248767
vn 0.547884005029823 -0.705468224085835 -0.449597266270224
vn 0.500357431058581 -0.707178098163771 -0.49954136831891
vn 0.590745800268941 -0.570534706354914 -0.570534440949116
vn 0.302324513139205 -0.707105687845898 0.639219395021085
vn 0.17181894858621 -0.707121243818175 0.685899260422233
vn 0.302316637596554 -0.707116550131047 0.639211103754526
vn 0.0304738148941068 -0.706993198090006 0.706563489334303
vn 0.103749024880542 -0.707119885151792 0.699440925210452
vn 0.171821300369808 -0.707117050131036 0.685902994710776
vn 0.238214614546537 -0.707106204895166 0.665773694595393
vn 0.421205586168407 -0.70712989439186 0.567937643265426
vn 0.363530900099524 -0.707117660744015 0.606489817339699
vn 0.363531223043747 -0.707117276314845 0.606490071979247
vn 0.238208132546431 -0.707116208773184 0.665765388766178
vn 0.421216587788986 -0.707117080958667 0.567945437509535
vn 0.0353300212339511 -0.693782259880054 0.719317708300952
vn 0.103756953903946 -0.707103091456127 0.69945672673137
vn 0.834224034012349 -0.547787509781056 0.0632384788244682
vn -0.103749024880542 -0.707119885151792 0.699440925210452
vn -0.238208113735943 -0.707116264608769 0.665765336192945
vn -0.0304738148941068 -0.706993198090006 0.706563489334303
vn -0.421205586168407 -0.70712989439186 0.567937643265426
vn -0.546611648745315 -0.70709268268726 -0.448592959759805
vn -0.421216554525951 -0.707117136795709 0.567945392659475
vn -0.171821300369808 -0.707117050131036 0.685902994710776
vn -0.546612057436979 -0.707092231657682 -0.448593172700913
vn -0.363531251748125 -0.707117220484269 0.606490119867623
vn -0.546616119887007 -0.707092375535542 -0.448587995759113
vn -0.103756958000257 -0.707103063539205 0.699456754345831
vn -0.238214614546537 -0.707106204895166 0.665773694595393
vn -0.546615574750763 -0.707093017465163 -0.44858764817135
vn -0.546617099808753 -0.707092303215555 -0.44858691569192
vn -0.546617778635726 -0.707091766873542 -0.448586933936999
vn -0.363530900099524 -0.707117660744015 0.606489817339699
vn -0.545762778247986 -0.70715429656993 -0.449528409248767
vn -0.547884005029823 -0.705468224085835 -0.449597266270224
vn -0.834224034012349 -0.547787509781056 0.0632384788244682
vn -0.500357327384909 -0.707178244631389 -0.499541264814327
vn -0.590745889721572 -0.570534527341277 -0.570534527341277
vn -0.30232452507482 -0.707105659929559 0.639219420257135
vn -0.171818955369876 -0.707121215902265 0.685899287502551
vn -0.302316637596554 -0.707116550131047 0.639211103754526
vn 0.570534527341277 -0.570534527341277 -0.590745889721572
vn 0.448592940337265 -0.707092713304394 0.546611625078901
vn -0.639219395021085 -0.707105687845898 -0.302324513139205
vn -0.639211103754526 -0.707116550131047 -0.302316637596554
vn 0.448593172700913 -0.707092231657682 0.546612057436979
vn 0.448587995759113 -0.707092375535542 0.546616119887007
vn 0.707106781186547 -0.707106781186547 0
vn 0.44858764817135 -0.707093017465163 0.546615574750763
vn 0.44858691569192 -0.707092303215555 0.546617099808753
vn -0.685899260422233 -0.707121243818175 -0.17181894858621
vn 0.448586933936999 -0.707091766873542 0.546617778635726
vn 0.449528409248767 -0.70715429656993 0.545762778247986
vn 0.449597266270224 -0.705468224085835 0.547884005029823
vn 0.499541264814327 -0.707178244631389 0.500357327384909
vn 0.570534527341277 -0.570534527341277 0.590745889721572
vn -0.639219420257135 -0.707105659929559 0.30232452507482
vn -0.685899287502551 -0.707121215902265 0.171818955369876
vn -0.639211103754526 -0.707116550131047 0.302316637596554
vn -0.706563489334303 -0.706993198090006 0.0304738148941068
vn -0.699440925210452 -0.707119885151792 0.103749024880542
vn -0.685902994710776 -0.707117050131036 0.171821300369808
vn -0.665773694595393 -0.707106204895166 0.238214614546537
vn -0.567937643265426 -0.70712989439186 0.421205586168407
vn -0.606489817339699 -0.707117660744015 0.363530900099524
vn -0.606490119867623 -0.707117220484269 0.363531251748125
vn -0.665765336192945 -0.707116264608769 0.238208113735943
vn -0.567945392659475 -0.707117136795709 0.421216554525951
vn -0.719317708300952 -0.693782259880054 0.0353300212339511
vn -0.699456754345831 -0.707103063539205 0.103756958000257
vn -0.0632384788244682 -0.547787509781056 0.834224034012349
vn -0.699440925210452 -0.707119885151792 -0.103749024880542
vn -0.665765388766178 -0.707116208773184 -0.238208132546431
vn -0.706563489334303 -0.706993198090006 -0.0304738148941068
vn -0.567937643265426 -0.70712989439186 -0.421205586168407
vn 0.448592959759805 -0.70709268268726 -0.546611648745315
vn -0.567945437509535 -0.707117080958667 -0.421216587788986
vn -0.685903021357935 -0.70711702266131 -0.171821307045022
vn 0.448593211546018 -0.707092170423279 -0.546612104769851
vn -0.606490071979247 -0.707117276314845 -0.363531223043747
vn 0.448587995759113 -0.707092375535542 -0.546616119887007
vn -0.69945672673137 -0.707103091456127 -0.103756953903946
vn -0.665773694595393 -0.707106204895166 -0.238214614546537
vn 0.448587711474078 -0.707092917675505 -0.546615651886763
vn 0.44858691569192 -0.707092303215555 -0.546617099808753
vn 0.448586933936999 -0.707091766873542 -0.546617778635726
vn -0.606489817339699 -0.707117660744015 -0.363530900099524
vn 0.449528409248767 -0.70715429656993 -0.545762778247986
vn 0.449597266270224 -0.705468224085835 -0.547884005029823
vn -0.0632384788244682 -0.547787509781056 -0.834224034012349
vn 0.49954136831891 -0.707178098163771 -0.500357431058581
vn -0.448586933936999 -0.707091766873542 0.546617778635726
vn -0.44858691569192 -0.707092303215555 0.546617099808753
vn -0.546611625078901 -0.707092713304394 0.448592940337265
vn -0.448587711474078 -0.707092917675505 0.546615651886763
vn 0.665773642863252 -0.707106259839113 0.238214596036715
vn -0.546612104769851 -0.707092170423279 0.448593211546018
vn -0.546616119887007 -0.707092375535542 0.448587995759113
vn 0 -0.707106781186547 0.707106781186547
vn -0.546615651886763 -0.707092917675505 0.448587711474078
vn -0.546617099808753 -0.707092303215555 0.44858691569192
vn -0.449597266270224 -0.705468224085835 0.547884005029823
vn -0.546617778635726 -0.707091766873542 0.448586933936999
vn -0.545762804244248 -0.707154262895173 0.449528430661108
vn -0.547884005029823 -0.705468224085835 0.449597266270224
vn -0.500357431058581 -0.707178098163771 0.49954136831891
vn -0.590745889721572 -0.570534527341277 0.570534527341277
vn -0.30232452507482 -0.707105659929559 -0.639219420257135
vn -0.171818955369876 -0.707121215902265 -0.685899287502551
vn -0.302316649340696 -0.707116522663097 -0.639211128586059
vn -0.0304738160782947 -0.706993170599163 -0.70656351679079
vn -0.103749020850154 -0.70711991261958 -0.699440898038935
vn -0.171821313720237 -0.707116995191582 -0.685903048005095
vn -0.238214596036715 -0.707106259839113 -0.665773642863252
vn -0.421205586168407 -0.70712989439186 -0.567937643265426
vn -0.36353087185459 -0.707117715680916 -0.606489770217804
vn -0.363531251748125 -0.707117220484269 -0.606490119867623
vn -0.238208113735943 -0.707116264608769 -0.665765336192945
vn -0.421216554525951 -0.707117136795709 -0.567945392659475
vn -0.0353300212339511 -0.693782259880054 -0.719317708300952
vn -0.103756958000257 -0.707103063539205 -0.699456754345831
vn -0.834224034012349 -0.547787509781056 -0.0632384788244682
vn 0.103749024880542 -0.707119885151792 -0.699440925210452
vn 0.238208113735943 -0.707116264608769 -0.665765336192945
vn 0.0304738148941068 -0.706993198090006 -0.706563489334303
vn 0.421205586168407 -0.70712989439186 -0.567937643265426
vn 0.546611648745315 -0.70709268268726 0.448592959759805
vn 0.421216554525951 -0.707117136795709 -0.567945392659475
vn 0.171821307045022 -0.70711702266131 -0.685903021357935
vn 0.546612104769851 -0.707092170423279 0.448593211546018
vn 0.363531251748125 -0.707117220484269 -0.606490119867623
vn 0.546616062034951 -0.707092450377968 0.448587948282032
vn 0.103756958000257 -0.707103063539205 -0.699456754345831
vn 0.238214614546537 -0.707106204895166 -0.665773694595393
vn 0.546615651886763 -0.707092917675505 0.448587711474078
vn 0.546617099808753 -0.707092303215555 0.44858691569192
vn 0.546617804669095 -0.707091733194533 0.448586955301524
vn 0.363530900099524 -0.707117660744015 -0.606489817339699
vn 0.545762804244248 -0.707154262895173 0.449528430661108
vn 0.547884057214616 -0.705468156266471 0.449597309093412
vn 0.834224034012349 -0.547787509781056 -0.0632384788244682
vn 0.500357431058581 -0.707178098163771 0.49954136831891
vn 0.590745889721572 -0.570534527341277 0.570534527341277
vn 0.30232452507482 -0.707105659929559 -0.639219420257135
vn 0.171818955369876 -0.707121215902265 -0.685899287502551
vn 0.302316637596554 -0.707116550131047 -0.639211103754526
vn -0.570534527341277 -0.570534527341277 0.590745889721572
vn -0.448592959759805 -0.70709268268726 -0.546611648745315
vn 0.639219420257135 -0.707105659929559 0.30232452507482
vn 0.639211128586059 -0.707116522663097 0.302316649340696
vn -0.448593211546018 -0.707092170423279 -0.546612104769851
vn -0.448587948282032 -0.707092450377968 -0.546616062034951
vn -0.707106781186547 -0.707106781186547 0
vn -0.448587711474078 -0.707092917675505 -0.546615651886763
vn -0.44858691569192 -0.707092303215555 -0.546617099808753
vn 0.685899287502551 -0.707121215902265 0.171818955369876
vn -0.448586955301524 -0.707091733194533 -0.546617804669095
vn -0.449528409248767 -0.70715429656993 -0.545762778247986
vn -0.449597309093412 -0.705468156266471 -0.547884057214616
vn -0.49954136831891 -0.707178098163771 -0.500357431058581
vn -0.570534440949116 -0.570534706354914 -0.590745800268941
vn 0.639219420257135 -0.707105659929559 -0.30232452507482
vn 0.685899287502551 -0.707121215902265 -0.171818955369876
vn 0.639211103754526 -0.707116550131047 -0.302316637596554
vn 0.706563489334303 -0.706993198090006 -0.0304738148941068
vn 0.699440925210452 -0.707119885151792 -0.103749024880542
vn 0.685903021357935 -0.70711702266131 -0.171821307045022
vn 0.665773694595393 -0.707106204895166 -0.238214614546537
vn 0.567937643265426 -0.70712989439186 -0.421205586168407
vn 0.606489817339699 -0.707117660744015 -0.363530900099524
vn 0.606490119867623 -0.707117220484269 -0.363531251748125
vn 0.665765336192945 -0.707116264608769 -0.238208113735943
vn 0.567945392659475 -0.707117136795709 -0.421216554525951
vn 0.719317708300952 -0.693782259880054 -0.0353300212339511
vn 0.699456754345831 -0.707103063539205 -0.103756958000257
vn 0.0632384788244682 -0.547787509781056 -0.834224034012349
vn 0.699440898038935 -0.70711991261958 0.103749020850154
vn 0.606489770217804 -0.707117715680916 0.36353087185459
vn 0.665765336192945 -0.707116264608769 0.238208113735943
vn -0.49954136831891 -0.707178098163771 0.500357431058581
vn 0.70656351679079 -0.706993170599163 0.0304738160782947
vn 0.567937643265426 -0.70712989439186 0.421205586168407
vn -0.448592940337265 -0.707092713304394 0.546611625078901
vn 0.0632384788244682 -0.547787509781056 0.834224034012349
vn -0.449528430661108 -0.707154262895173 0.545762804244248
vn 0.567945392659475 -0.707117136795709 0.421216554525951
vn 0.685903048005095 -0.707116995191582 0.171821313720237
vn -0.448593211546018 -0.707092170423279 0.546612104769851
vn 0.606490119867623 -0.707117220484269 0.363531251748125
vn -0.448587995759113 -0.707092375535542 0.546616119887007
vn 0.699456754345831 -0.707103063539205 0.103756958000257
vn -0.0353300212339511 -0.693782259880054 0.719317708300952
vn -0.719317736680174 -0.69378223038532 -0.0353300226278254
vn 0.0353300212339511 -0.693782259880054 -0.719317708300952
vn 0.719317708300952 -0.693782259880054 0.0353300212339511
vn 0 0.943858359328965 0.330350416262541
vn 0 0.943858212884562 0.330350834674835
vn 3.72388773805502E-08 0.943858600533365 0.330349727106285
vn -4.95558748142363E-08 0.943858238932881 0.330350760251157
vn 1.08344714293572E-07 0.94385863000245 0.330349642908672
vn -5.29906050205598E-07 0.943857553832779 0.330352717670859
vn -0.330348403721763 0.943859063715791 1.81777144557941E-07
vn -0.330351338586202 0.943858036515177 -1.43410362878125E-07
vn -0.330350416262541 0.943858359328965 -5.93912305434935E-09
vn -0.330350424728106 0.943858356366017 0
vn -0.330350416262541 0.943858359328965 5.93912305434935E-09
vn -0.330351338586202 0.943858036515177 1.43410362878125E-07
vn -0.330348403721763 0.943859063715791 -1.81777144557941E-07
vn -5.29906050205598E-07 0.943857553832779 -0.330352717670859
vn 1.08344714293572E-07 0.94385863000245 -0.330349642908672
vn -4.95558748142363E-08 0.943858238932881 -0.330350760251157
vn 3.72388773805502E-08 0.943858600533365 -0.330349727106285
vn 0 0.943858212884562 -0.330350834674835
vn 0 0.943858359328965 -0.330350416262541
vn 0.330350415092374 0.943858359738424 4.32642979990777E-07
vn 0.330350424728106 0.943858356366017 0
vn 0.330350414296539 0.943858360017066 0
vn 0.330350484906407 0.94385833530361 0
vn 0.330350376696939 0.943858373176925 0
vn 0.330350615606045 0.94385828955865 -3.57100862678889E-07
vn 0.330350416262541 0.943858359328965 0
vt 0.40625 0
vt 0.265625 0
vt 0.265625 -1
vt 0.40625 -1
vt 0.40625 -1.25
vt 0.265625 -1.25
vt 0.265625 -2.25
vt 0.40625 -2.25
vt 0.78125 -0.0625
vt 0.78125 0
vt 0.46875 0
vt 0.46875 -0.0625
vt 0.734375 -0.5243227
vt 0.734375 0
vt 0.65625 0
vt 0.65625 -0.5
vt 0.8125 -0.5469879
vt 0.8125 0
vt 0.890625 -0.5619202
vt 0.890625 0
vt 0.96875 -0.5651238
vt 0.96875 -2.216974E-16
vt 1.046875 -0.5557333
vt 1.046875 0
vt 0.96875 0
vt 0.125 -0.5362682
vt 0.125 0
vt 0.046875 0
vt 0.046875 -0.5557333
vt 0.34375 -3.5
vt 0.34375 -2.75
vt 0.078125 -2.75
vt 0.078125 -3.5
vt 1.078125 -3.5
vt 1.078125 -2.75
vt 0.8125 -2.75
vt 0.8125 -3.5
vt 1.53125 -1.125
vt 1.53125 -0.125
vt 0.96875 -0.125
vt 0.96875 -1.125
vt 0.40625 -0.125
vt 0.40625 -1.125
vt 0.765625 0
vt 0.765625 -0.125
vt 0.765625 -1.125
vt 0.765625 -1
vt 0.765625 -0.875
vt 0.53125 -0.875
vt 0.53125 -1
vt 0.109375 -0.875
vt 0.109375 -1
vt -0.3125 -0.875
vt -0.3125 -1
vt 1.09375 -1.125
vt 1.09375 -0.125
vt 0.53125 -0.125
vt 0.53125 -1.125
vt -0.15625 -1
vt -0.15625 -0.875
vt -0.390625 -0.875
vt -0.390625 -1
vt 0.265625 -0.875
vt -0.390625 -0.125
vt -0.390625 0
vt -0.59375 0
vt -0.59375 -0.125
vt -0.390625 -1.125
vt -0.59375 -1.125
vt -0.734375 -0.875
vt -0.734375 -1
vt 0.78125 -1.125
vt 0.78125 -0.125
vt 0.21875 -0.125
vt 0.21875 -1.125
vt 1.21875 -1.125
vt 1.21875 -0.125
vt 0.65625 -0.125
vt 0.65625 -1.125
vt 0.09375 -0.125
vt 0.09375 -1.125
vt 0 0
vt 0 -1
vt 0 -1.25
vt 0 -2.25
vt 1 0
vt 0.8125 -1
vt 1 -1
vt 1 -1.25
vt 0.8125 -1.25
vt 0.8125 -2.25
vt 1 -2.25
vt 0.625 -1
vt 0.625 1.625
vt 0 1.625
vt 0.9375 -1
vt 0.9375 1.625
vt 0.3125 1.625
vt 0.3125 -1
vt -0.75 0
vt -1.015625 0
vt -1.015625 -0.75
vt -0.75 -0.75
vt -0.75 -1
vt -1.015625 -1
vt -1.015625 -1.75
vt -0.75 -1.75
vt 0.9375 -0.1875
vt 0.9375 0
vt 0.1875 0
vt 0.1875 -0.1875
vt 0.9375 -0.25
vt 0.1875 -0.25
vt 0.9375 -0.5
vt 0.1875 -0.5
vt 1.6875 -0.1875
vt 1.6875 0
vt 1.6875 -0.25
vt 1.6875 -0.5
vt 1.4375 -0.1875
vt 1.4375 0
vt 0.6875 0
vt 0.6875 -0.1875
vt 1.4375 -0.25
vt 0.6875 -0.25
vt 1.4375 -0.5
vt 0.6875 -0.5
vt 0.84375 -1
vt 0.84375 0
vt 0.25 0
vt 0.25 -1
vt 1.4375 -1
vt 1.03125 -1
vt 1.03125 0
vt 0.4375 0
vt 0.4375 -1
vt 0.625 0
vt 0.03125 0
vt 0.03125 -1
vt 1.21875 -1
vt 1.21875 0
vt 0.21875 0
vt 0.21875 -1
vt 1.1875 -0.1875
vt 1.1875 0
vt 0.4375 -0.1875
vt 1.1875 -0.25
vt 0.4375 -0.25
vt 1.1875 -0.5
vt 0.4375 -0.5
vt 1.65625 -0.125
vt 1.65625 0
vt 0.28125 0
vt 0.28125 -0.125
vt 2.15625 -0.1875
vt 2.15625 0
vt 0.78125 -0.1875
vt 2.15625 -3.125
vt 2.15625 -3
vt 0.78125 -3
vt 0.78125 -3.125
vt 1.390625 -0.125
vt 1.390625 0
vt 1.390625 -0.625
vt 1.390625 -0.1207247
vt 0.96875 -0.625
vt 0.8125 -0.125
vt 0.390625 0
vt 0.390625 -0.125
vt 0.8125 -0.625
vt 0.8125 -0.2451029
vt 0.390625 -0.1207247
vt 0.390625 -0.625
vt 1.234375 -0.125
vt 1.234375 0
vt 1.234375 -0.625
vt 1.234375 -0.3719405
vt 0.234375 0
vt 0.234375 -0.125
vt 0.65625 -0.625
vt 0.234375 -0.3719405
vt 0.234375 -0.625
vt 0.71875 -0.125
vt 0.71875 0
vt 0.15625 0
vt 0.15625 -0.125
vt 1.28125 -0.125
vt 1.28125 0
vt 0.84375 -0.125
vt 1.40625 -0.125
vt 1.40625 0
vt 1.328125 -0.125
vt 1.328125 0
vt 0.9375 -0.125
vt 1.328125 -1.25
vt 1.328125 -0.381225
vt 0.9375 -1.25
vt 0.328125 0
vt 0.328125 -0.125
vt 0.71875 -1.25
vt 0.71875 -0.2635926
vt 0.328125 -0.381225
vt 0.328125 -1.25
vt 1.109375 -0.125
vt 1.109375 0
vt 1.109375 -1.25
vt 1.109375 -0.1482355
vt 0.5 -0.125
vt 0.5 0
vt 0.109375 0
vt 0.109375 -0.125
vt 0.5 -1.25
vt 0.5 -0.03626815
vt 0.109375 -0.1482355
vt 0.109375 -1.25
vt 0.296875 -0.125
vt 0.296875 0
vt 0.125 -0.125
vt 0.296875 -1.75
vt 0.125 -1.75
vt 2.9375 -0.1875
vt 2.9375 0
vt 0.71875 -0.1875
vt 0.46875 -0.1875
vt 2.15625 -2.875
vt 0.46875 -2.875
vt 0.46875 -3
vt 0.9375 -3
vt 0.9375 -2.5
vt 0.1875 -2.5
vt 0.1875 -3
vt 1.6875 -3
vt 1.6875 -2.5
vt 1.4375 -3
vt 1.4375 -2.5
vt 0.6875 -2.5
vt 0.6875 -3
vt 1.1875 -3
vt 1.1875 -2.5
vt 0.4375 -2.5
vt 0.4375 -3
vt 0.15625 -0.1875
vt 0.15625 -3
vt 0.890625 -1
vt 0.96875 -1
vt 1.046875 -1
vt 0.125 -1
vt 0.046875 -1
vt 0.203125 -1
vt 0.203125 0
vt 0.28125 -1
vt 0.375 -1.125
vt 0.375 -0.125
vt 0.296875 -1.125
vt 0.453125 -1.125
vt 0.453125 -0.125
vt 0.609375 -1.125
vt 0.609375 -0.125
vt 0.6875 -1.125
vt 0.6875 -0.125
vt -0.234375 -1.125
vt -0.234375 -0.125
vt -0.3125 -0.125
vt -0.3125 -1.125
vt -0.46875 -0.125
vt -0.46875 -1.125
vt -0.546875 -0.125
vt -0.546875 -1.125
vt -0.625 -0.125
vt -0.625 -1.125
vt -0.703125 -0.125
vt -0.703125 -1.125
vt -0.234375 0
vt -0.625 0
vt -0.234375 -0.03125
vt -0.625 -0.03461875
vt 0.375 0
vt -0.015625 0
vt -0.015625 -0.125
vt 0.375 -0.03461875
vt -0.015625 -0.04470039
vt -0.234375 -0.05432812
vt 0.15625 -0.03461875
vt -0.453125 -0.125
vt -0.453125 0
vt -0.84375 0
vt -0.84375 -0.125
vt -0.453125 -0.04470039
vt -0.84375 -0.03461875
vt 2.71875 -1
vt 2.71875 -0.8125
vt 0.71875 -0.8125
vt 0.71875 -1
vt 0.203125 -0.25
vt 0.078125 0
vt 0.078125 -0.25
vt 0.9375 -2.625
vt 0.9375 -2.25
vt 0.8125 -2.625
vt 0.46875 -3.5
vt 0.46875 -2.75
vt 0 -0.125
vt 0.5 -0.25
vt 0 -0.25
vt 0.625 -1.25
vt 0.625 -2.25
vt -0.59375 -0.5
vt -0.671875 0
vt -0.671875 -0.5243227
vt 0.5 -0.0625
vt 0.1875 -0.0625
vt -0.75 -0.5469879
vt -0.828125 0
vt -0.828125 -0.5619202
vt -0.90625 0
vt -0.90625 -0.5651238
vt -0.90625 -2.221497E-16
vt -0.984375 0
vt -0.984375 -0.5557333
vt 0.015625 -0.5557333
vt 0.015625 0
vt -0.0625 0
vt -0.0625 -0.5362682
vt 1.15625 -3.5
vt 1.15625 -2.75
vt 0.625 -2.75
vt 0.625 -3.5
vt 0.5625 0
vt 0.375 -1
vt 0.5625 -1
vt 0.5625 -1.25
vt 0.375 -1.25
vt 0.375 -2.25
vt 0.5625 -2.25
vt 2 -1
vt 2 1.625
vt 0.75 1.625
vt 0.75 -1
vt 0.5625 -0.125
vt -0.8125 0
vt -0.8125 -0.125
vt -0.1875 0
vt -0.1875 -0.1875
vt 1.1875 -3.125
vt -0.1875 -3
vt -0.1875 -3.125
vt 0.1875 -0.125
vt 0.1875 -0.625
vt 0.1875 -4.49343E-16
vt -0.234375 -0.1207247
vt -0.234375 -0.625
vt -0.65625 0
vt -0.65625 -0.125
vt -0.65625 -0.2451029
vt -0.65625 -0.625
vt 0.34375 -0.125
vt 0.34375 0
vt -0.078125 0
vt -0.078125 -0.125
vt 0.34375 -0.625
vt 0.34375 -0.2451029
vt -0.078125 -0.3719405
vt -0.078125 -0.625
vt -0.5 0
vt -0.5 -0.125
vt -0.5 -0.5
vt -0.5 -0.625
vt -0.1875 -0.125
vt -0.75 -0.125
vt 0.25 -0.125
vt -0.3125 0
vt -0.875 0
vt -0.875 -0.125
vt -0.4375 0
vt -0.4375 -0.125
vt 0.5 -0.5
vt 0.109375 -0.381225
vt 1.109375 -0.381225
vt 0.328125 -0.1482355
vt -0.0625 -0.125
vt -0.0625 -0.03626815
vt -0.0625 -1.25
vt -0.0625 -1.75
vt -0.234375 -1.75
vt 2.71875 -0.1875
vt 2.71875 0
vt 0.5 -0.1875
vt 1.5 -0.1875
vt 1.5 0
vt 1.5 -3
vt 1.5 -2.875
vt -0.1875 -2.875
vt 0.171875 0
vt 0.171875 -1
vt -0.5 -0.1875
vt -0.5 -2.875
vt -0.5 -3
vt 0.09375 0
vt 0.09375 -1
vt 0.015625 -1
vt 1.015625 -1
vt 1.015625 0
vt 0.859375 0
vt 0.859375 -1
vt 0.78125 -1
vt 0.75 -2.625
vt 0.75 -2.25
vt 0.625 -2.625
vt 0.75 -4.43603E-16
vt 0.5625 -4.440892E-16
vt 0.75 -1.25
vt 0.5 -2.75
vt 0.5 -3.5
vt 0 -0.75
vt 1 -0.75
vt 0 -1.75
vt 1 -1.75
vt 0.546875 -0.5243227
vt 0.546875 0
vt 0.46875 -0.5
vt 0.59375 -0.0625
vt 0.59375 0
vt 0.28125 -0.0625
vt 0.625 -0.5469879
vt 0.703125 -0.5619202
vt 0.703125 0
vt 0.78125 -0.5651238
vt 0.78125 -2.216974E-16
vt 0.859375 -0.5557333
vt 0.9375 -0.5362682
vt 0.578125 -1
vt 0.578125 -0.875
vt 0.34375 -0.875
vt 0.34375 -1
vt -0.078125 -0.875
vt -0.078125 -1
vt 0.578125 0
vt 0.578125 -0.125
vt 0.578125 -1.125
vt -0.5 -0.875
vt -0.5 -1
vt 1.34375 -1.125
vt 1.34375 -0.125
vt 0.90625 -1.125
vt 0.90625 -0.125
vt 0.34375 -1.125
vt -0.34375 -1
vt -0.34375 -0.875
vt -0.578125 -0.875
vt -0.578125 -1
vt 0.078125 -1
vt 0.078125 -0.875
vt -0.578125 -0.125
vt -0.578125 0
vt -0.78125 0
vt -0.78125 -0.125
vt -0.578125 -1.125
vt -0.78125 -1.125
vt -0.921875 -0.875
vt -0.921875 -1
vt 0.59375 -1.125
vt 0.59375 -0.125
vt 0.03125 -0.125
vt 0.03125 -1.125
vt 1.03125 -1.125
vt 1.03125 -0.125
vt 0.46875 -0.125
vt 0.46875 -1.125
vt 1.46875 -1.125
vt 1.46875 -0.125
vt 0.1875 -1
vt 0.1875 -1.25
vt 0.1875 -2.25
vt 1.125 -0.1875
vt 1.125 0
vt 0.375 -0.1875
vt 1.125 -0.25
vt 0.375 -0.25
vt 1.125 -0.5
vt 0.375 -0.5
vt 0.875 -0.1875
vt 0.875 0
vt 0.125 -0.1875
vt 0.875 -0.25
vt 0.125 -0.25
vt 0.875 -0.5
vt 0.125 -0.5
vt 1.625 -0.1875
vt 1.625 0
vt 1.625 -0.25
vt 1.625 -0.5
vt 0.65625 -1
vt 0.0625 0
vt 0.0625 -1
vt 1.25 -1
vt 1.25 0
vt 1.375 -0.1875
vt 1.375 0
vt 0.625 -0.1875
vt 1.375 -0.25
vt 0.625 -0.25
vt 1.375 -0.5
vt 0.625 -0.5
vt 1.46875 0
vt 1.96875 -0.1875
vt 1.96875 0
vt 0.59375 -0.1875
vt 1.96875 -3.125
vt 1.96875 -3
vt 0.59375 -3
vt 0.59375 -3.125
vt 1.203125 -0.125
vt 1.203125 0
vt 1.203125 -0.625
vt 1.203125 -0.1207247
vt 0.78125 -0.625
vt 0.625 -0.125
vt 0.203125 -0.125
vt 0.625 -0.625
vt 0.625 -0.2451029
vt 0.203125 -0.1207247
vt 0.203125 -0.625
vt 1.046875 -0.125
vt 1.046875 -0.625
vt 1.046875 -0.3719405
vt 0.046875 -0.125
vt 0.46875 -0.625
vt 0.046875 -0.3719405
vt 0.046875 -0.625
vt 1.53125 0
vt 1.09375 0
vt 0.53125 0
vt 1.140625 -0.125
vt 1.140625 0
vt 0.75 0
vt 0.75 -0.125
vt 1.140625 -1.25
vt 1.140625 -0.381225
vt 0.75 -0.5
vt 0.140625 0
vt 0.140625 -0.125
vt 0.53125 -1.25
vt 0.53125 -0.2635926
vt 0.140625 -0.381225
vt 0.140625 -1.25
vt 0.921875 -0.125
vt 0.921875 0
vt 0.921875 -1.25
vt 0.921875 -0.1482355
vt 1.3125 -0.125
vt 1.3125 0
vt 1.3125 -1.25
vt 1.3125 -0.03626815
vt 1.109375 -1.75
vt 0.9375 -1.75
vt 2.75 -0.1875
vt 2.75 0
vt 0.53125 -0.1875
vt 0.28125 -0.1875
vt 1.96875 -2.875
vt 0.28125 -2.875
vt 0.28125 -3
vt 1.125 -3
vt 1.125 -2.5
vt 0.375 -2.5
vt 0.375 -3
vt 1.375 -3
vt 1.375 -2.5
vt 0.625 -2.5
vt 0.625 -3
vt 1.625 -3
vt 1.625 -2.5
vt 0.875 -2.5
vt 0.875 -3
vt 0.125 -2.5
vt 0.125 -3
vt 0.703125 -1
vt 1.28125 -0.1875
vt 0.96875 -0.1875
vt 1.28125 -3
vt 1.28125 -2.875
vt 0.96875 -3
vt -0.65625 -1.125
vt -0.5 -1.125
vt 0.1875 -1.125
vt 0.109375 -1.125
vt -0.734375 -0.125
vt -0.734375 -1.125
vt 0.265625 -1.125
vt 0.265625 -0.125
vt 0.421875 -1.125
vt 0.421875 -0.125
vt 0.5 -1.125
vt -0.8125 -1.125
vt -0.890625 -0.125
vt -0.890625 -1.125
vt -0.421875 -1.125
vt -0.421875 -0.125
vt -0.421875 0
vt -0.421875 -0.03125
vt -0.8125 -0.03461875
vt -0.203125 0
vt -0.203125 -0.125
vt 0.1875 -0.03461875
vt -0.203125 -0.04470039
vt -0.421875 -0.05432812
vt -0.03125 -0.125
vt -0.03125 0
vt -0.03125 -0.03461875
vt 0.359375 -0.125
vt 0.359375 0
vt 0.359375 -0.04470039
vt -0.640625 0
vt -0.640625 -0.125
vt -0.640625 -0.04470039
vt 2.53125 -1
vt 2.53125 -0.8125
vt 0.53125 -0.8125
vt 0.125 -2.625
vt 0.125 -2.25
vt 0 -2.625
vt 0.28125 -3.5
vt 0.28125 -2.75
vt 0.15625 -2.75
vt 0.15625 -3.5
vt -0.1875 -1
vt -1.387779E-17 -1.25
vt -0.1875 -1.25
vt -0.1875 -2.25
vt -0.171875 -0.5557333
vt -0.171875 0
vt -0.25 0
vt -0.25 -0.5362682
vt -0.78125 -0.5
vt -0.859375 0
vt -0.859375 -0.5243227
vt 0.3125 -0.0625
vt 0.3125 0
vt 0 -0.0625
vt -0.9375 0
vt -0.9375 -0.5469879
vt 0.0625 -0.5469879
vt -0.015625 -0.5619202
vt -0.09375 0
vt -0.09375 -0.5651238
vt -0.09375 -2.221497E-16
vt 0.96875 -3.5
vt 0.96875 -2.75
vt 0.4375 -2.75
vt 0.4375 -3.5
vt 2.1875 -1
vt 2.1875 1.625
vt 1.375 -0.125
vt 1 -0.1875
vt -0.375 0
vt -0.375 -0.1875
vt 1 -3.125
vt 1 -3
vt -0.375 -3
vt -0.375 -3.125
vt 0 -0.625
vt 0 -4.49343E-16
vt -0.421875 -0.1207247
vt -0.421875 -0.625
vt -0.84375 -0.2451029
vt -0.84375 -0.625
vt -0.265625 0
vt -0.265625 -0.125
vt 0.15625 -0.625
vt 0.15625 -0.2451029
vt -0.265625 -0.3719405
vt -0.265625 -0.625
vt -0.6875 0
vt -0.6875 -0.125
vt -0.6875 -0.5
vt -0.6875 -0.625
vt -0.375 -0.125
vt -0.9375 -0.125
vt 0.0625 -0.125
vt 1.3125 -0.5
vt 0.921875 -0.381225
vt 0.140625 -0.1482355
vt -0.25 -0.125
vt -0.25 -0.03626815
vt -0.25 -1.25
vt -0.25 -1.75
vt -0.421875 -1.75
vt 2.53125 -0.1875
vt 2.53125 0
vt 0.3125 -0.1875
vt 1.3125 -0.1875
vt 1.3125 -3
vt 1.3125 -2.875
vt -0.375 -2.875
vt 1.0625 -1
vt 1.0625 0
vt 0.984375 0
vt 0.984375 -1
vt -0.6875 -0.1875
vt -0.6875 -2.875
vt -0.6875 -3
vt 0.90625 0
vt 0.90625 -1
vt 0.828125 0
vt 0.828125 -1
vt 0.671875 0
vt 0.671875 -1
vt 0.59375 -1
vt 0.9375 -4.43603E-16
vt 0.75 -4.440892E-16
vt 0.3125 -2.75
vt 0.3125 -3.5
vt 0.359375 -0.5243227
vt 0.28125 -0.5
vt 0.40625 -0.0625
vt 0.09375 -0.0625
vt 0.4375 -0.5469879
vt 0.515625 -0.5619202
vt 0.515625 0
vt 0.59375 -0.5651238
vt 0.59375 -2.216974E-16
vt 0.671875 -0.5557333
vt 0.75 -0.5362682
vt 0.390625 -1
vt 0.390625 -0.875
vt 0.15625 -0.875
vt 0.15625 -1
vt -0.265625 -0.875
vt -0.265625 -1
vt 0.390625 -1.125
vt -0.6875 -0.875
vt -0.6875 -1
vt 1.15625 -1.125
vt 1.15625 -0.125
vt 0.71875 -1.125
vt 0.15625 -1.125
vt -0.53125 -1
vt -0.53125 -0.875
vt -0.765625 -0.875
vt -0.765625 -1
vt -0.109375 -1
vt -0.109375 -0.875
vt -0.765625 -0.125
vt -0.765625 0
vt -0.96875 0
vt -0.96875 -0.125
vt -0.765625 -1.125
vt -0.96875 -1.125
vt 0.3125 -0.875
vt 1.40625 -1.125
vt 0.84375 -1.125
vt 0.28125 -1.125
vt 1.28125 -1.125
vt 0.5625 -0.1875
vt 1.3125 -0.25
vt 0.5625 -0.25
vt 0.5625 -0.5
vt 1.0625 -0.1875
vt 1.0625 -0.25
vt 0.3125 -0.25
vt 1.0625 -0.5
vt 0.3125 -0.5
vt 0.8125 -0.1875
vt 0.0625 -0.1875
vt 0.8125 -0.25
vt 0.0625 -0.25
vt 0.8125 -0.5
vt 0.0625 -0.5
vt 1.46875 -1
vt 0.875 -1
vt 0.46875 -1
vt 1.5625 -0.1875
vt 1.5625 0
vt 1.5625 -0.25
vt 1.5625 -0.5
vt 2.28125 -0.125
vt 2.28125 0
vt 1.78125 -0.1875
vt 1.78125 0
vt 0.40625 -0.1875
vt 1.78125 -3.125
vt 1.78125 -3
vt 0.40625 -3
vt 0.40625 -3.125
vt 1.015625 -0.125
vt 1.015625 -0.625
vt 1.015625 -0.1207247
vt 0.59375 -0.625
vt 0.4375 -0.125
vt 0.015625 -0.125
vt 0.4375 -0.625
vt 0.4375 -0.2451029
vt 0.015625 -0.1207247
vt 0.015625 -0.625
vt 0.859375 -0.125
vt 0.859375 -0.625
vt 0.859375 -0.3719405
vt 1.28125 -0.625
vt 1.28125 -0.5
vt 1.34375 0
vt 0.953125 -0.125
vt 0.953125 0
vt 0.953125 -1.25
vt 0.953125 -0.381225
vt 1.34375 -1.25
vt 1.34375 -0.2635926
vt 0.734375 -0.125
vt 0.734375 -1.25
vt 0.734375 -0.1482355
vt 0.34375 -0.2635926
vt 0.34375 -1.25
vt 1.125 -0.125
vt 1.125 -1.25
vt 1.125 -0.03626815
vt 0.921875 -1.75
vt 0.75 -1.75
vt 2.5625 -0.1875
vt 2.5625 0
vt 0.34375 -0.1875
vt 0.09375 -0.1875
vt 1.78125 -2.875
vt 0.09375 -2.875
vt 0.09375 -3
vt 1.3125 -2.5
vt 0.5625 -2.5
vt 0.5625 -3
vt 1.5625 -3
vt 1.5625 -2.5
vt 0.8125 -2.5
vt 0.8125 -3
vt 0.0625 -2.5
vt 0.0625 -3
vt 1.0625 -3
vt 1.0625 -2.5
vt 0.3125 -2.5
vt 0.3125 -3
vt 0.515625 -1
vt 1.09375 -0.1875
vt 1.09375 -3
vt 1.09375 -2.875
vt 0.3125 -2.625
vt 0.3125 -2.25
vt 0.1875 -2.625
vt -0.84375 -1.125
vt -0.6875 -1.125
vt 1 -1.125
vt 1 -0.125
vt 0.921875 -1.125
vt -0.921875 -0.125
vt -0.921875 -1.125
vt 0.078125 -1.125
vt 0.078125 -0.125
vt 0 -1.125
vt 0.234375 -1.125
vt 0.3125 -1.125
vt 0.3125 -0.125
vt -1.387779E-17 -0.125
vt -0.078125 -1.125
vt -0.609375 -1.125
vt -0.609375 -0.125
vt 0.390625 -0.03125
vt 0 -0.03461875
vt 2.775558E-17 -0.03461875
vt -0.390625 -0.04470039
vt -0.609375 0
vt -0.609375 -0.05432812
vt -0.21875 -0.125
vt -0.21875 0
vt -0.21875 -0.03461875
vt -0.609375 -0.03125
vt 0.171875 -0.125
vt 0.171875 -0.04470039
vt -0.828125 -0.125
vt -0.828125 -0.04470039
vt 2.34375 -1
vt 2.34375 -0.8125
vt 0.34375 -0.8125
vt 1.09375 -3.5
vt 1.09375 -2.75
vt -0.359375 -0.5557333
vt -0.359375 0
vt -0.4375 -0.5362682
vt 0.03125 -0.5
vt -0.046875 0
vt -0.046875 -0.5243227
vt 1.125 -0.0625
vt 0.8125 -0.0625
vt -0.125 0
vt -0.125 -0.5469879
vt -0.203125 -0.5619202
vt -0.28125 0
vt -0.28125 -0.5651238
vt -0.28125 -2.221497E-16
vt 0.78125 -3.5
vt 0.78125 -2.75
vt 0.25 -2.75
vt 0.25 -3.5
vt 1.375 -1
vt 1.375 1.625
vt 0.125 1.625
vt 1.1875 -0.125
vt -0.5625 0
vt -0.5625 -0.1875
vt 0.8125 -3.125
vt -0.5625 -3
vt -0.5625 -3.125
vt -0.1875 -0.625
vt -0.1875 -4.49343E-16
vt -0.609375 -0.1207247
vt -0.609375 -0.625
vt -0.03125 -0.2451029
vt -0.03125 -0.625
vt -0.453125 -0.3719405
vt -0.453125 -0.625
vt -0.875 -0.5
vt -0.875 -0.625
vt -0.125 -0.125
vt 0.734375 -0.381225
vt -0.046875 -0.125
vt -0.046875 -0.1482355
vt -0.046875 -1.25
vt -0.4375 -0.03626815
vt -0.4375 -1.25
vt -0.4375 -1.75
vt -0.609375 -1.75
vt 2.34375 -0.1875
vt 2.34375 0
vt 1.125 -2.875
vt -0.5625 -2.875
vt 0.796875 0
vt 0.796875 -1
vt -0.875 -0.1875
vt -0.875 -2.875
vt -0.875 -3
vt 0.640625 0
vt 0.640625 -1
vt 0.484375 0
vt 0.484375 -1
vt 1.125 -4.43603E-16
vt 0.9375 -4.440892E-16
vt 1.125 -1
vt 1.125 -2.25
vt 0.125 -2.75
vt 0.125 -3.5
vt 0.171875 -0.5243227
vt 0.09375 -0.5
vt 1.21875 -0.0625
vt 0.90625 -0.0625
vt 0.25 -0.5469879
vt 0.328125 -0.5619202
vt 0.40625 -0.5651238
vt 0.40625 -2.216974E-16
vt 0.484375 -0.5557333
vt 0.5625 -0.5362682
vt 1.203125 -1
vt 1.203125 -0.875
vt 0.96875 -0.875
vt 0.546875 -0.875
vt 0.546875 -1
vt 0.203125 -1.125
vt 0.125 -0.875
vt -0.71875 -1
vt -0.71875 -0.875
vt -0.953125 -0.875
vt -0.953125 -1
vt -0.296875 -1
vt -0.296875 -0.875
vt -0.15625 0
vt -0.15625 -0.125
vt 0.046875 -1.125
vt -0.15625 -1.125
vt 0.75 -0.1875
vt 1.5 -0.25
vt 0.75 -0.25
vt 1.5 -0.5
vt 1.25 -0.1875
vt 1.25 -0.25
vt 1.25 -0.5
vt 0.25 -0.1875
vt 1 -0.25
vt 0.25 -0.25
vt 1 -0.5
vt 0.25 -0.5
vt 1.28125 -1
vt 0.6875 -1
vt 0 -0.1875
vt 0 -0.5
vt 2.09375 -0.125
vt 2.09375 0
vt 1.59375 -0.1875
vt 1.59375 0
vt 0.21875 -0.1875
vt 1.59375 -3.125
vt 1.59375 -3
vt 0.21875 -3
vt 0.21875 -3.125
vt 0.828125 -0.125
vt 0.828125 -0.625
vt 0.828125 -0.1207247
vt 0.40625 -0.625
vt 1.25 -0.125
vt 1.25 -0.625
vt 1.25 -0.2451029
vt 0.671875 -0.125
vt 0.671875 -0.625
vt 0.671875 -0.3719405
vt 0.25 -0.2451029
vt 0.25 -0.625
vt 1.09375 -0.625
vt 1.09375 -0.5
vt 1.15625 0
vt 0.765625 -1.25
vt 0.765625 -0.381225
vt 1.15625 -1.25
vt 1.15625 -0.2635926
vt 0.546875 -0.125
vt 0.546875 -1.25
vt 0.546875 -0.1482355
vt 0.15625 -0.2635926
vt 0.15625 -1.25
vt 0.9375 -0.03626815
vt 0.734375 -1.75
vt 0.5625 -1.75
vt 2.375 -0.1875
vt 2.375 0
vt 2.59375 -0.1875
vt 2.59375 0
vt 0.90625 -0.1875
vt 2.59375 -3
vt 2.59375 -2.875
vt 0.90625 -2.875
vt 0.90625 -3
vt 1.5 -2.5
vt 0.75 -2.5
vt 0.75 -3
vt 0 -2.5
vt 0 -3
vt 1 -2.5
vt 0.25 -2.5
vt 0.25 -3
vt 1.25 -3
vt 1.25 -2.5
vt 0.5 -2.5
vt 0.5 -3
vt 0.328125 -1
vt -0.03125 -1.125
vt -0.875 -1.125
vt -0.953125 -0.125
vt -0.953125 -1.125
vt 0.8125 -1.125
vt 0.734375 -1.125
vt -0.109375 -0.125
vt -0.109375 -1.125
vt 0.890625 -1.125
vt 0.890625 -0.125
vt 1.046875 -1.125
vt 0.125 -1.125
vt -0.1875 -1.125
vt -0.265625 -1.125
vt -0.796875 -1.125
vt -0.796875 -0.125
vt 0.203125 -0.03125
vt -0.1875 -0.03461875
vt -0.578125 -0.04470039
vt -0.796875 0
vt -0.796875 -0.05432812
vt -0.40625 -0.125
vt -0.40625 0
vt -0.40625 -0.03461875
vt -0.796875 -0.03125
vt 0.203125 -0.05432812
vt 2.15625 -1
vt 2.15625 -0.8125
vt 0.15625 -0.8125
vt 0.5 -2.625
vt 0.5 -2.25
vt 0.375 -2.625
vt 0.90625 -3.5
vt 0.90625 -2.75
vt -0.3125 -0.5469879
vt -0.390625 -0.5619202
vt -0.46875 -0.5651238
vt -0.46875 -2.221497E-16
vt -0.546875 0
vt -0.546875 -0.5557333
vt -0.234375 -0.5243227
vt -0.46875 0
vt -0.625 -0.5362682
vt -0.15625 -0.5
vt 0.6875 -0.0625
vt 0.375 -0.0625
vt 0.6875 -2.75
vt 0.6875 -3.5
vt 1.375 -3.125
vt 0 -3.125
vt -0.15625 -0.625
vt -0.15625 -4.49343E-16
vt -0.578125 -0.1207247
vt -0.578125 -0.625
vt 0.421875 0
vt 0.421875 -0.625
vt 0.421875 -0.1207247
vt 0 -0.2451029
vt -0.421875 -0.3719405
vt -0.84375 -0.5
vt 0.546875 -0.381225
vt -0.234375 -0.1482355
vt -0.234375 -1.25
vt -0.625 -0.03626815
vt -0.625 -1.25
vt -0.625 -1.75
vt -0.796875 -1.75
vt 3.15625 -0.1875
vt 3.15625 0
vt 1.6875 -2.875
vt 0 -2.875
vt 0.609375 0
vt 0.609375 -1
vt 0.6875 -2.875
vt 0.453125 0
vt 0.453125 -1
vt 0.296875 -1
vt 0.3125 -4.43603E-16
vt 0.125 -4.440892E-16
vt 0.3125 -1.25
vt 0.125 -1.25
vt -0.234375 -0.25
vt 0.4375 -2.25
vt 0.4375 -2
vt -0.234375 -2
vt -0.234375 -2.25
vt 0.21875 -0.25
vt -0.5625 -0.25
vt 0.21875 -2.25
vt 0.21875 -2
vt -0.5625 -2
vt -0.5625 -2.25
vt -0.78125 -0.25
vt 0 -2
vt -0.78125 -2
vt -0.78125 -2.25
vt 0.78125 -0.25
vt 0.78125 -2.25
vt 0.78125 -2
vt 1.5625 -2.25
vt 1.5625 -2
vt 1.234375 -0.25
vt 1.234375 -2.25
vt 1.234375 -2
vt 0.5625 -2
vt 1.078125 -3.34375
vt 0.703125 -3.34375
vt 0.703125 -3.5
vt -0.84375 -1
vt -0.0625 -1
vt -0.84375 -1.25
vt -0.84375 -2.25
vt -0.0625 -2.25
vt 0.71875 -2.25
vt -0.28125 -1
vt 0.5 -1
vt -0.28125 -1.25
vt -0.28125 -2.25
vt 0.03125 -1.25
vt -0.5 -1.25
vt -0.5 -2.25
vt 0.03125 -2.25
vt 1.578125 -1.5
vt 1.578125 -1.34375
vt -0.796875 -0.9293281
vt -0.796875 -1.5
vt 0.578125 -3.34375
vt 0.578125 -3.5
vt 0.53125 -2.25
vt 1.3125 -1
vt 1.3125 -2.25
vt 1.09375 -1
vt 1.09375 -1.25
vt 1.09375 -2.25
vt 0.875 -1.25
vt 0.09375 -1.25
vt 0.09375 -2.25
vt 0.875 -2.25
vt 1.578125 -0.9293281
vt -0.796875 -1.34375
vt 1.03125 -1.25
vt 1.03125 -2.25
vt 1.5 -1
vt 1.5 -1.25
vt 1.5 -2.25
vt -0.46875 -1
vt -0.46875 -1.25
vt -0.46875 -2.25
vt -0.6875 -1.25
vt -0.6875 -2.25
vt -0.375 -0.75
vt -0.25 -0.75
vt -0.25 -1
vt -0.375 -1
vt -0.375 -1.75
vt 0.25 -0.75
vt 0.25 -1.75
vt -0.5 -0.75
vt -0.5 -1.75
vt 0.125 -0.75
vt 0.5 -0.75
vt 0.625 -0.75
vt 0.5 -1.75
vt 0.625 -1.75
vt 0.75 -0.75
vt -1 0
vt -1 -0.5
vt 0 4.440892E-16
vt 0.3515625 -0.125
vt 0.3515625 0
vt 0.3515625 -0.25
vt 0.3125 -0.75
vt 0.4375 -0.75
vt 0.3125 -1.75
vt 0.4375 -1.75
vt -0.1875 -0.75
vt -0.0625 -0.75
vt -0.1875 -1.75
vt -0.015625 -0.75
vt -0.015625 -1
vt -0.015625 -1.75
vt 0.171875 -0.75
vt 0.171875 -1.75
vt 0.21875 -0.75
vt 0.21875 -1.75
vt 0.265625 -0.75
vt 0.265625 -1.75
vt 0.03125 -0.75
vt 0.03125 -1.75
vt 0.078125 -0.75
vt 0.078125 -1.75
vt 2.25 -0.25
vt 2.25 0
vt 1.09375 -0.25
vt 0.84375 -0.25
vt 4.375 -0.25
vt 4.375 0
vt 3.4375 0
vt 3.4375 -0.25
vt 4.5 -0.25
vt 4.5 0
vt 3.25 0
vt 3.25 -0.25
vt 3.5 -0.25
vt 3.5 0
vt 2 0
vt 2 -0.25
vt 4.125 -0.25
vt 4.125 0
vt 3.03125 -0.25
vt 3.03125 0
vt 1.9375 0
vt 1.9375 -0.25
vt -0.25 -0.25
vt -1.84375 -0.25
vt -1.84375 0
vt -2.5 0
vt -2.5 -0.25
vt -2.9375 -0.25
vt -2.9375 0
vt -3.78125 0
vt -3.78125 -0.25
vt -0.625 -0.25
vt -2.875 0
vt -2.875 -0.25
vt 2.75 -0.25
vt -3.8125 0
vt -3.8125 -0.25
vt -1 -0.25
vt -2.1875 0
vt -2.1875 -0.25
vt 4.25 -0.25
vt 4.25 0
vt 1.525078 7.666891
vt 2.269203 7.480484
vt 2.294078 7.5625
vt -2.294078 7.5625
vt -2.269203 7.480484
vt -1.525078 7.666891
vt -2.214453 7.6875
vt -1.561687 7.851
vt -0.784625 7.966281
vt 0 8.004812
vt 1.561687 7.851
vt 0.784625 7.966281
vt 2.214453 7.6875
vt 0.7662187 7.779453
vt -0.7662187 7.779453
vt 0 7.8125
vt 2.025078 7.666891
vt 2.769203 7.480484
vt 2.794078 7.5625
vt -1.794078 7.5625
vt -1.769203 7.480484
vt -1.025078 7.666891
vt -1.714453 7.6875
vt -1.061687 7.851
vt -0.284625 7.966281
vt 0.5 8.004812
vt 2.061687 7.851
vt 1.284625 7.966281
vt 2.714453 7.6875
vt 1.266219 7.779453
vt -0.2662188 7.779453
vt 0.5 7.8125
vt -2.523494 3.333906
vt -2.325009 3.092031
vt -2.009728 3.325875
vt -2.183556 3.586016
vt -1.820525 3.803625
vt -1.437916 3.984578
vt -1.108181 4.084391
vt -1.039416 4.127156
vt -1.318181 3.695516
vt -0.9485875 3.82775
vt -1.029525 3.825094
vt -1.673041 3.527688
vt -1.146353 4.012969
vt -1.100947 3.863266
vt -1.143697 3.932031
vt -2.736047 3.333906
vt -2.222281 3.325875
vt -2.537563 3.092031
vt -2.396109 3.586016
vt -2.033078 3.803625
vt -1.650469 3.984578
vt -1.320734 4.084391
vt -1.251969 4.127156
vt -1.530734 3.695516
vt -1.242078 3.825094
vt -1.161141 3.82775
vt -1.885594 3.527688
vt -1.358906 4.012969
vt -1.3135 3.863266
vt -1.35625 3.932031
vt 1.993859 5.355187
vt 2.124487 5.355187
vt 2.151594 5.444547
vt 1.585562 5.457453
vt 0.07114062 4.416594
vt -0.3535937 4.353578
vt -0.6680781 4.28125
vt 0.5 4.437656
vt 0.9288594 4.416594
vt 1.353594 4.353578
vt 1.668078 4.28125
vt 1.751969 4.127156
vt 1.329188 4.230828
vt 1.56075 4.172844
vt -0.7519687 4.127156
vt -0.56075 4.172844
vt -0.3291875 4.230828
vt -0.05767187 5.662141
vt -0.6099844 5.580203
vt -1.151594 5.444547
vt 0.5 5.689531
vt 1.057672 5.662141
vt 1.609984 5.580203
vt 1.045406 5.537594
vt 0.5 5.564375
vt 0.9165937 4.292047
vt -0.04540625 5.537594
vt 0.5 4.3125
vt -0.5855625 5.457453
vt 0.08340625 4.292047
vt -0.9938594 5.355187
vt 1.493859 5.355187
vt 1.651594 5.444547
vt 1.624487 5.355187
vt 1.085562 5.457453
vt -0.4288594 4.416594
vt -1.168078 4.28125
vt -0.8535938 4.353578
vt 0 4.437656
vt 0.4288594 4.416594
vt 0.8535938 4.353578
vt 1.168078 4.28125
vt 1.251969 4.127156
vt 0.8291875 4.230828
vt 1.06075 4.172844
vt -0.8291875 4.230828
vt -1.06075 4.172844
vt -0.5576719 5.662141
vt -1.651594 5.444547
vt -1.109984 5.580203
vt 0 5.689531
vt 0.5576719 5.662141
vt 1.109984 5.580203
vt 0.5454062 5.537594
vt 0 5.564375
vt 0.4165938 4.292047
vt -0.5454062 5.537594
vt 0 4.3125
vt -1.085562 5.457453
vt -0.4165938 4.292047
vt -1.493859 5.355187
vt -5.078172 6.187828
vt -4.954156 6.046375
vt -4.342969 6.499656
vt -4.447266 6.65575
vt -3.773453 7.059625
vt -3.063297 7.3955
vt -2.5625 7.574687
vt -2.991453 7.222063
vt -3.684969 6.894063
vt -4.578172 6.187828
vt -4.454156 6.046375
vt -3.842969 6.499656
vt -3.947266 6.65575
vt -3.273453 7.059625
vt -2.563297 7.3955
vt -2.0625 7.574687
vt -2.491453 7.222063
vt -3.184969 6.894063
vt -5.857156 4.9685
vt -4.551125 3.896688
vt -3.896688 4.551125
vt -4.9685 5.857156
vt 2.858297 7.90625
vt 2.892781 8.151546
vt -1.858297 7.90625
vt -1.892781 8.151546
vt -1.832312 8.644094
vt -1.646438 9.104218
vt -1.347813 9.500546
vt -0.9567813 9.806078
vt -0.5 10
vt 1.5 10
vt 1.956781 9.806078
vt 2.347812 9.500546
vt 2.646437 9.104218
vt 2.832313 8.644094
vt 2.392781 8.151546
vt 2.358297 7.90625
vt -2.358297 7.90625
vt -2.392781 8.151546
vt -2.332313 8.644094
vt -2.146437 9.104218
vt -1.847813 9.500546
vt -1.456781 9.806078
vt -1 10
vt 1 10
vt 1.456781 9.806078
vt 1.847813 9.500546
vt 2.146437 9.104218
vt 2.332313 8.644094
vt -0.9278906 3.903719
vt -0.8832344 3.970609
vt -0.8780156 4.050859
vt -1 3.868125
vt -0.9805 4.167625
vt -0.9136094 4.122969
vt -3.807875 4.639937
vt -3.609391 4.398078
vt -3.160938 4.730656
vt -3.334766 4.990812
vt -2.829516 5.293656
vt -2.297016 5.5455
vt -1.811172 5.701188
vt -1.742406 5.743953
vt -2.177281 5.256437
vt -1.732531 5.441906
vt -2.682031 5.017719
vt -1.849344 5.629781
vt -1.803938 5.480078
vt -1.846703 5.548844
vt -2.824859 3.245094
vt -4.309266 3.698203
vt -3.698203 4.309266
vt -3.032541 2.824859
vt -2.791072 2.625969
vt -2.413416 3.003625
vt -2.822431 3.034984
vt -2.612306 3.245094
vt 0.7803594 3.923141
vt 1 3.868125
vt 0.9278906 3.903719
vt -0.7803594 3.923141
vt 0.9805 4.167625
vt 0.8832344 3.970609
vt 0.3920625 3.98075
vt -0.3920625 3.98075
vt 0.9136094 4.122969
vt 0.8780156 4.050859
vt 0 4
vt 1.280359 3.923141
vt 1.5 3.868125
vt 1.427891 3.903719
vt -0.4278906 3.903719
vt -0.5 3.868125
vt -0.2803594 3.923141
vt -0.4805 4.167625
vt 1.4805 4.167625
vt 1.383234 3.970609
vt 0.8920625 3.98075
vt 0.1079375 3.98075
vt -0.3832344 3.970609
vt -0.4136094 4.122969
vt 1.413609 4.122969
vt 1.378016 4.050859
vt 0.5 4
vt -0.3780156 4.050859
vt -4.879687 5.945969
vt -3.245094 2.824859
vt -3.034984 3.034984
vt 9.5 6
vt 10 6
vt 10 6.5
vt 10.5 6.5
vt 10.5 6
vt 9.5 5
vt 10 5
vt 10 5.5
vt 10.5 5.5
vt 10.5 5
vt -3.625969 6.783688
vt -2.943563 7.106438
vt -3.125969 6.783688
vt -2.443563 7.106438
vt -2.232875 7.360719
vt -1.500656 7.544141
vt -1.732875 7.360719
vt -1.000656 7.544141
vt -0.7539531 7.654906
vt -0.2539531 7.654906
vt -4.379687 5.945969
vt -4.273438 6.395594
vt -3.773438 6.395594
vt 0 7.691937
vt 0.5 7.691937
vt 1.803938 5.480078
vt 1.846703 5.548844
vt 1.849344 5.629781
vt 1.732531 5.441906
vt -1.171016 5.887063
vt -0.5883437 5.973516
vt 0 6.002406
vt 0.5883437 5.973516
vt 1.742406 5.743953
vt 1.171016 5.887063
vt 1.811172 5.701188
vt -4.4685 5.857156
vt 1.500656 7.544141
vt 2.000656 7.544141
vt 2.434834 3.325875
vt 2.750116 3.092031
vt 2.9486 3.333906
vt 1.454631 3.825094
vt 1.373694 3.82775
vt 1.743287 3.695516
vt 1.863022 3.984578
vt 1.464522 4.127156
vt 1.533288 4.084391
vt 2.245631 3.803625
vt 2.608662 3.586016
vt 2.098147 3.527688
vt 1.526053 3.863266
vt 1.571459 4.012969
vt 1.568803 3.932031
vt 2.222281 3.325875
vt 2.736047 3.333906
vt 2.537563 3.092031
vt 1.242078 3.825094
vt 1.530734 3.695516
vt 1.161141 3.82775
vt 1.650469 3.984578
vt 1.320734 4.084391
vt 2.033078 3.803625
vt 2.396109 3.586016
vt 1.885594 3.527688
vt 1.3135 3.863266
vt 1.358906 4.012969
vt 1.35625 3.932031
vt 2.232875 7.360719
vt 2.943563 7.106438
vt 2.732875 7.360719
vt 3.443563 7.106438
vt 4.342969 6.499656
vt 4.954156 6.046375
vt 5.078172 6.187828
vt 2.991453 7.222063
vt 2.5625 7.574687
vt 3.063297 7.3955
vt 3.773453 7.059625
vt 4.447266 6.65575
vt 3.684969 6.894063
vt 4.842969 6.499656
vt 5.454156 6.046375
vt 5.578172 6.187828
vt 3.491453 7.222063
vt 3.0625 7.574687
vt 3.563297 7.3955
vt 4.273453 7.059625
vt 4.947266 6.65575
vt 4.184969 6.894063
vt 3.896688 4.551125
vt 4.551125 3.896688
vt 5.857156 4.9685
vt 4.9685 5.857156
vt 0.7539531 7.654906
vt 1.253953 7.654906
vt 4.879687 5.945969
vt 5.379687 5.945969
vt 3.160938 4.730656
vt 3.609391 4.398078
vt 3.807875 4.639937
vt 2.177281 5.256437
vt 2.297016 5.5455
vt 2.829516 5.293656
vt 3.334766 4.990812
vt 2.682031 5.017719
vt 2.824859 3.245094
vt 3.698203 4.309266
vt 4.309266 3.698203
vt 2.838522 3.003625
vt 3.216178 2.625969
vt 3.457647 2.824859
vt 3.037412 3.245094
vt 4.273438 6.395594
vt 4.773438 6.395594
vt 3.625969 6.783688
vt 4.125969 6.783688
vt 3.245094 2.824859
vt 5.4685 5.857156
vt -0.1543281 10.01903
vt -0.25 10
vt 1.25 10
vt 1 10.5
vt 0 10.5
vt 0 10.25
vt 1 10.25
vt 1.154328 10.01903
vt -0.07321875 10.07322
vt -0.01903125 10.15433
vt 1.019031 10.15433
vt 1.073219 10.07322
vt -0.6543281 10.01903
vt 0.75 10
vt -0.75 10
vt 0.5 10.5
vt -0.5 10.25
vt -0.5 10.5
vt 0.5 10.25
vt 0.6543281 10.01903
vt -0.5732188 10.07322
vt -0.5190312 10.15433
vt 0.5190312 10.15433
vt 0.5732188 10.07322
vt 7.851 -1.561687
vt 7.966281 -0.784625
vt 8.004812 0
vt 7.6875 -2.214453
vt 7.5625 -2.294078
vt 7.666891 -1.525078
vt 7.480484 -2.269203
vt 7.5625 2.294078
vt 7.480484 2.269203
vt 7.666891 1.525078
vt 7.6875 2.214453
vt 7.851 1.561687
vt 7.966281 0.784625
vt 7.779453 -0.7662187
vt 7.779453 0.7662187
vt 7.8125 0
vt 8.351 -1.561687
vt 8.466281 -0.784625
vt 8.504812 0
vt 8.1875 -2.214453
vt 8.0625 -2.294078
vt 8.166891 -1.525078
vt 7.980484 -2.269203
vt 8.0625 2.294078
vt 7.980484 2.269203
vt 8.166891 1.525078
vt 8.1875 2.214453
vt 8.351 1.561687
vt 8.466281 0.784625
vt 8.279453 -0.7662187
vt 8.279453 0.7662187
vt 8.3125 0
vt 3.908069 1.530734
vt 4.040303 1.161141
vt 4.037647 1.242078
vt 3.546459 2.736047
vt 3.304584 2.537563
vt 3.538428 2.222281
vt 3.798569 2.396109
vt 4.016178 2.033078
vt 4.197131 1.650469
vt 4.296944 1.320734
vt 4.339709 1.251969
vt 4.075819 1.3135
vt 3.740241 1.885594
vt 4.225522 1.358906
vt 4.144584 1.35625
vt 3.695516 1.530734
vt 3.825094 1.242078
vt 3.82775 1.161141
vt 3.333906 2.736047
vt 3.325875 2.222281
vt 3.092031 2.537563
vt 3.586016 2.396109
vt 3.803625 2.033078
vt 3.984578 1.650469
vt 4.084391 1.320734
vt 4.127156 1.251969
vt 3.863266 1.3135
vt 3.527688 1.885594
vt 4.012969 1.358906
vt 3.932031 1.35625
vt 10.75 -0.5
vt 11 -0.5
vt 11 0.5
vt 10.5 0.75
vt 10.5 -0.75
vt 10.51903 -0.6543281
vt 10.51903 0.6543281
vt 10.75 0.5
vt 10.65433 -0.5190312
vt 10.57322 -0.5732188
vt 10.57322 0.5732188
vt 10.65433 0.5190312
vt 10.25 -0.5
vt 10.5 0.5
vt 10.5 -0.5
vt 10 0.75
vt 10.01903 -0.6543281
vt 10 -0.75
vt 10.01903 0.6543281
vt 10.25 0.5
vt 10.15433 -0.5190312
vt 10.07322 -0.5732188
vt 10.07322 0.5732188
vt 10.15433 0.5190312
vt 6.080203 -1.109984
vt 6.162141 -0.5576719
vt 6.189531 0
vt 5.944547 -1.651594
vt 4.730828 -0.8291875
vt 4.672844 -1.06075
vt 4.627156 -1.251969
vt 4.627156 1.251969
vt 4.672844 1.06075
vt 4.730828 0.8291875
vt 6.162141 0.5576719
vt 6.080203 1.109984
vt 5.944547 1.651594
vt 6.037594 0.5454062
vt 6.064375 0
vt 4.916594 0.4288594
vt 4.853578 0.8535938
vt 4.78125 1.168078
vt 4.937656 0
vt 4.916594 -0.4288594
vt 4.853578 -0.8535938
vt 6.037594 -0.5454062
vt 5.957453 1.085562
vt 5.957453 -1.085562
vt 5.855187 1.493859
vt 5.855187 -1.493859
vt 4.78125 -1.168078
vt 4.792047 0.4165938
vt 4.792047 -0.4165938
vt 4.8125 0
vt 5.580203 -1.109984
vt 5.689531 0
vt 5.662141 -0.5576719
vt 5.444547 -1.651594
vt 4.230828 -0.8291875
vt 4.127156 -1.251969
vt 4.172844 -1.06075
vt 4.230828 0.8291875
vt 4.172844 1.06075
vt 5.662141 0.5576719
vt 5.444547 1.651594
vt 5.580203 1.109984
vt 5.537594 0.5454062
vt 5.564375 0
vt 4.416594 0.4288594
vt 4.28125 1.168078
vt 4.353578 0.8535938
vt 4.437656 0
vt 4.416594 -0.4288594
vt 4.353578 -0.8535938
vt 5.537594 -0.5454062
vt 5.457453 1.085562
vt 5.457453 -1.085562
vt 5.355187 1.493859
vt 5.355187 -1.493859
vt 4.28125 -1.168078
vt 4.292047 0.4165938
vt 4.292047 -0.4165938
vt 4.3125 0
vt 7.574687 2.5625
vt 7.222063 2.991453
vt 6.187828 5.078172
vt 6.046375 4.954156
vt 6.499656 4.342969
vt 6.65575 4.447266
vt 7.059625 3.773453
vt 7.3955 3.063297
vt 6.894063 3.684969
vt 8.074688 2.5625
vt 7.722063 2.991453
vt 6.687828 5.078172
vt 6.546375 4.954156
vt 6.999656 4.342969
vt 7.15575 4.447266
vt 7.559625 3.773453
vt 7.8955 3.063297
vt 7.394063 3.684969
vt 10.00055 -1.847813
vt 10.30608 -1.456781
vt 10.5 -1
vt 9.604218 -2.146437
vt 9.144094 -2.332313
vt 8.651546 -2.392781
vt 8.40625 -2.358297
vt 8.40625 2.358297
vt 8.651546 2.392781
vt 9.144094 2.332313
vt 9.604218 2.146437
vt 10.00055 1.847813
vt 10.30608 1.456781
vt 10.5 1
vt 9.500546 -1.847813
vt 10 -1
vt 9.806078 -1.456781
vt 9.104218 -2.146437
vt 8.644094 -2.332313
vt 8.151546 -2.392781
vt 7.90625 -2.358297
vt 7.90625 2.358297
vt 8.151546 2.392781
vt 8.644094 2.332313
vt 9.104218 2.146437
vt 9.500546 1.847813
vt 9.806078 1.456781
vt 10 1
vt 4.122969 0.9136094
vt 4.167625 0.9805
vt 4.050859 0.8780156
vt 3.970609 0.8832344
vt 3.903719 0.9278906
vt 3.868125 1
vt 5.256437 2.177281
vt 5.441906 1.732531
vt 4.639937 3.807875
vt 4.398078 3.609391
vt 4.730656 3.160938
vt 4.990812 3.334766
vt 5.293656 2.829516
vt 5.5455 2.297016
vt 5.701188 1.811172
vt 5.743953 1.742406
vt 5.480078 1.803938
vt 5.017719 2.682031
vt 5.629781 1.849344
vt 5.548844 1.846703
vt 7.106438 -2.943563
vt 6.783688 -3.625969
vt 7.222063 -2.991453
vt 7.606438 -2.943563
vt 7.283688 -3.625969
vt 7.722063 -2.991453
vt 6.894063 -3.684969
vt 7.394063 -3.684969
vt 4.167625 -0.9805
vt 3.923141 -0.7803594
vt 3.868125 -1
vt 3.903719 -0.9278906
vt 3.923141 0.7803594
vt 4.122969 -0.9136094
vt 3.970609 -0.8832344
vt 3.98075 -0.3920625
vt 3.98075 0.3920625
vt 4.050859 -0.8780156
vt 4 0
vt 4.667625 -0.9805
vt 4.423141 -0.7803594
vt 4.368125 -1
vt 4.403719 -0.9278906
vt 4.403719 0.9278906
vt 4.368125 1
vt 4.423141 0.7803594
vt 4.667625 0.9805
vt 4.622969 -0.9136094
vt 4.470609 -0.8832344
vt 4.48075 -0.3920625
vt 4.48075 0.3920625
vt 4.470609 0.8832344
vt 4.622969 0.9136094
vt 4.550859 -0.8780156
vt 4.550859 0.8780156
vt 5.945969 4.879687
vt 7.544141 -1.500656
vt 7.360719 -2.232875
vt 8.044141 -1.500656
vt 7.860719 -2.232875
vt 6.783688 3.625969
vt 7.106438 2.943563
vt 7.283688 3.625969
vt 7.606438 2.943563
vt 7.360719 2.232875
vt 7.544141 1.500656
vt 7.860719 2.232875
vt 8.044141 1.500656
vt 7.654906 0.7539531
vt 8.154906 0.7539531
vt 6.445969 4.879687
vt 6.395594 4.273438
vt 6.895594 4.273438
vt 7.691937 0
vt 8.191937 0
vt 5.887063 -1.171016
vt 5.973516 -0.5883437
vt 6.002406 0
vt 5.743953 -1.742406
vt 5.701188 -1.811172
vt 5.629781 -1.849344
vt 5.548844 -1.846703
vt 5.480078 -1.803938
vt 5.441906 -1.732531
vt 5.887063 1.171016
vt 5.973516 0.5883437
vt 6.357156 4.9685
vt 4.016178 -2.033078
vt 4.197131 -1.650469
vt 4.339709 -1.251969
vt 3.798569 -2.396109
vt 3.546459 -2.736047
vt 3.538428 -2.222281
vt 3.304584 -2.537563
vt 4.037647 -1.242078
vt 4.040303 -1.161141
vt 3.908069 -1.530734
vt 4.296944 -1.320734
vt 3.740241 -1.885594
vt 4.075819 -1.3135
vt 4.225522 -1.358906
vt 4.144584 -1.35625
vt 3.803625 -2.033078
vt 3.984578 -1.650469
vt 3.586016 -2.396109
vt 3.333906 -2.736047
vt 3.325875 -2.222281
vt 3.092031 -2.537563
vt 3.825094 -1.242078
vt 3.695516 -1.530734
vt 3.82775 -1.161141
vt 4.084391 -1.320734
vt 3.527688 -1.885594
vt 3.863266 -1.3135
vt 4.012969 -1.358906
vt 3.932031 -1.35625
vt 7.059625 -3.773453
vt 7.3955 -3.063297
vt 7.574687 -2.5625
vt 6.65575 -4.447266
vt 6.187828 -5.078172
vt 6.499656 -4.342969
vt 6.046375 -4.954156
vt 7.559625 -3.773453
vt 7.8955 -3.063297
vt 8.074688 -2.5625
vt 7.15575 -4.447266
vt 6.687828 -5.078172
vt 6.999656 -4.342969
vt 6.546375 -4.954156
vt 3.896688 -4.551125
vt 4.9685 -5.857156
vt 5.857156 -4.9685
vt 4.551125 -3.896688
vt 7.654906 -0.7539531
vt 8.154906 -0.7539531
vt 5.945969 -4.879687
vt 6.445969 -4.879687
vt 5.293656 -2.829516
vt 5.5455 -2.297016
vt 4.990812 -3.334766
vt 4.639937 -3.807875
vt 4.730656 -3.160938
vt 4.398078 -3.609391
vt 5.256437 -2.177281
vt 5.017719 -2.682031
vt 3.245094 -2.824859
vt 3.698203 -4.309266
vt 4.309266 -3.698203
vt 2.838522 -3.003625
vt 3.037412 -3.245094
vt 3.457647 -2.824859
vt 3.216178 -2.625969
vt 6.395594 -4.273438
vt 6.895594 -4.273438
vt 2.824859 -3.245094
vt 6.357156 -4.9685
vt 1.561687 -7.851
vt 2.214453 -7.6875
vt 2.294078 -7.5625
vt 0.784625 -7.966281
vt 0 -8.004812
vt -1.561687 -7.851
vt -0.784625 -7.966281
vt -2.214453 -7.6875
vt -2.294078 -7.5625
vt -1.525078 -7.666891
vt -2.269203 -7.480484
vt 2.269203 -7.480484
vt 1.525078 -7.666891
vt -0.7662187 -7.779453
vt 0.7662187 -7.779453
vt 0 -7.8125
vt 2.061687 -7.851
vt 2.714453 -7.6875
vt 2.794078 -7.5625
vt 1.284625 -7.966281
vt 0.5 -8.004812
vt -1.061687 -7.851
vt -0.284625 -7.966281
vt -1.714453 -7.6875
vt -1.794078 -7.5625
vt -1.025078 -7.666891
vt -1.769203 -7.480484
vt 2.769203 -7.480484
vt 2.025078 -7.666891
vt -0.2662188 -7.779453
vt 1.266219 -7.779453
vt 0.5 -7.8125
vt 2.245631 -3.803625
vt 2.608662 -3.586016
vt 2.9486 -3.333906
vt 1.863022 -3.984578
vt 1.464522 -4.127156
vt 1.533288 -4.084391
vt 1.743287 -3.695516
vt 1.373694 -3.82775
vt 1.454631 -3.825094
vt 2.750116 -3.092031
vt 2.434834 -3.325875
vt 1.571459 -4.012969
vt 1.526053 -3.863266
vt 2.098147 -3.527688
vt 1.568803 -3.932031
vt 2.033078 -3.803625
vt 2.736047 -3.333906
vt 2.396109 -3.586016
vt 1.650469 -3.984578
vt 1.251969 -4.127156
vt 1.320734 -4.084391
vt 1.530734 -3.695516
vt 1.242078 -3.825094
vt 1.161141 -3.82775
vt 2.222281 -3.325875
vt 2.537563 -3.092031
vt 1.358906 -4.012969
vt 1.3135 -3.863266
vt 1.885594 -3.527688
vt 1.35625 -3.932031
vt -4.639937 3.807875
vt -4.398078 3.609391
vt 1.057672 -5.662141
vt 1.609984 -5.580203
vt 2.151594 -5.444547
vt 0.5 -5.689531
vt -0.05767187 -5.662141
vt -1.151594 -5.444547
vt -0.6099844 -5.580203
vt -0.3291875 -4.230828
vt -0.56075 -4.172844
vt -0.7519687 -4.127156
vt 1.751969 -4.127156
vt 1.56075 -4.172844
vt 1.329188 -4.230828
vt 1.993859 -5.355187
vt 2.124487 -5.355187
vt 1.668078 -4.28125
vt 0.9288594 -4.416594
vt 1.353594 -4.353578
vt 0.5 -4.437656
vt 0.07114062 -4.416594
vt -0.3535937 -4.353578
vt 1.585562 -5.457453
vt 1.045406 -5.537594
vt 0.9165937 -4.292047
vt 0.5 -4.3125
vt 0.5 -5.564375
vt -0.04540625 -5.537594
vt 0.08340625 -4.292047
vt -0.6680781 -4.28125
vt -0.5855625 -5.457453
vt -0.9938594 -5.355187
vt 0.5576719 -5.662141
vt 1.651594 -5.444547
vt 1.109984 -5.580203
vt 0 -5.689531
vt -0.5576719 -5.662141
vt -1.651594 -5.444547
vt -1.109984 -5.580203
vt -0.8291875 -4.230828
vt -1.251969 -4.127156
vt -1.06075 -4.172844
vt 0.8291875 -4.230828
vt 1.06075 -4.172844
vt 1.493859 -5.355187
vt 1.624487 -5.355187
vt 1.168078 -4.28125
vt 0.4288594 -4.416594
vt 0.8535938 -4.353578
vt 0 -4.437656
vt -0.4288594 -4.416594
vt -0.8535938 -4.353578
vt 1.085562 -5.457453
vt 0.5454062 -5.537594
vt 0.4165938 -4.292047
vt 0 -4.3125
vt 0 -5.564375
vt -0.5454062 -5.537594
vt -0.4165938 -4.292047
vt -1.168078 -4.28125
vt -1.085562 -5.457453
vt -1.493859 -5.355187
vt 3.773453 -7.059625
vt 4.447266 -6.65575
vt 5.078172 -6.187828
vt 3.063297 -7.3955
vt 2.5625 -7.574687
vt 2.991453 -7.222063
vt 4.954156 -6.046375
vt 4.342969 -6.499656
vt 3.684969 -6.894063
vt 4.273453 -7.059625
vt 4.947266 -6.65575
vt 5.578172 -6.187828
vt 3.563297 -7.3955
vt 3.0625 -7.574687
vt 3.491453 -7.222063
vt 5.454156 -6.046375
vt 4.842969 -6.499656
vt 4.184969 -6.894063
vt 2.646437 -9.104218
vt 2.832313 -8.644094
vt 2.892781 -8.151546
vt 2.347812 -9.500546
vt 1.956781 -9.806078
vt 1.5 -10
vt -0.5 -10
vt -0.9567813 -9.806078
vt -1.347813 -9.500546
vt -1.646438 -9.104218
vt -1.832312 -8.644094
vt -1.892781 -8.151546
vt -1.858297 -7.90625
vt 2.858297 -7.90625
vt 2.146437 -9.104218
vt 2.392781 -8.151546
vt 2.332313 -8.644094
vt 1.847813 -9.500546
vt 1.456781 -9.806078
vt 1 -10
vt -1 -10
vt -1.456781 -9.806078
vt -1.847813 -9.500546
vt -2.146437 -9.104218
vt -2.332313 -8.644094
vt -2.392781 -8.151546
vt -2.358297 -7.90625
vt 2.358297 -7.90625
vt 0.9805 -4.167625
vt 0.9136094 -4.122969
vt 0.8780156 -4.050859
vt 0.8832344 -3.970609
vt 0.9278906 -3.903719
vt 1 -3.868125
vt 2.829516 -5.293656
vt 3.334766 -4.990812
vt 3.807875 -4.639937
vt 2.297016 -5.5455
vt 1.742406 -5.743953
vt 1.811172 -5.701188
vt 2.177281 -5.256437
vt 1.732531 -5.441906
vt 3.609391 -4.398078
vt 3.160938 -4.730656
vt 1.849344 -5.629781
vt 1.803938 -5.480078
vt 2.682031 -5.017719
vt 1.846703 -5.548844
vt -5.945969 4.879687
vt -7.222063 2.991453
vt -7.480484 2.269203
vt -7.106438 2.943563
vt -6.722063 2.991453
vt -6.980484 2.269203
vt -6.606438 2.943563
vt -0.9805 -4.167625
vt -0.7803594 -3.923141
vt -1 -3.868125
vt -0.9278906 -3.903719
vt 0.7803594 -3.923141
vt -0.9136094 -4.122969
vt -0.8832344 -3.970609
vt -0.3920625 -3.98075
vt 0.3920625 -3.98075
vt -0.8780156 -4.050859
vt 0 -4
vt -0.4805 -4.167625
vt -0.2803594 -3.923141
vt -0.5 -3.868125
vt -0.4278906 -3.903719
vt 1.427891 -3.903719
vt 1.5 -3.868125
vt 1.280359 -3.923141
vt 1.4805 -4.167625
vt -0.4136094 -4.122969
vt -0.3832344 -3.970609
vt 0.1079375 -3.98075
vt 0.8920625 -3.98075
vt 1.383234 -3.970609
vt 1.413609 -4.122969
vt -0.3780156 -4.050859
vt 0.5 -4
vt 1.378016 -4.050859
vt 4.879687 -5.945969
vt -3.121353 2.736047
vt -2.879478 2.537563
vt 2.943563 -7.106438
vt 3.625969 -6.783688
vt 3.443563 -7.106438
vt 4.125969 -6.783688
vt 1.500656 -7.544141
vt 2.232875 -7.360719
vt 2.000656 -7.544141
vt 2.732875 -7.360719
vt 0.7539531 -7.654906
vt 1.253953 -7.654906
vt 5.379687 -5.945969
vt 4.273438 -6.395594
vt 4.773438 -6.395594
vt 0 -7.691937
vt 0.5 -7.691937
vt 1.171016 -5.887063
vt 0.5883437 -5.973516
vt 0 -6.002406
vt -0.5883437 -5.973516
vt -1.171016 -5.887063
vt -1.811172 -5.701188
vt -1.742406 -5.743953
vt -1.849344 -5.629781
vt -1.846703 -5.548844
vt -1.803938 -5.480078
vt -1.732531 -5.441906
vt 5.4685 -5.857156
vt -1.500656 -7.544141
vt -1.000656 -7.544141
vt -1.437916 -3.984578
vt -1.039416 -4.127156
vt -1.108181 -4.084391
vt -1.820525 -3.803625
vt -2.183556 -3.586016
vt -2.523494 -3.333906
vt -2.325009 -3.092031
vt -2.009728 -3.325875
vt -1.029525 -3.825094
vt -0.9485875 -3.82775
vt -1.318181 -3.695516
vt -1.146353 -4.012969
vt -1.673041 -3.527688
vt -1.100947 -3.863266
vt -1.143697 -3.932031
vt -1.650469 -3.984578
vt -1.320734 -4.084391
vt -2.033078 -3.803625
vt -2.396109 -3.586016
vt -2.736047 -3.333906
vt -2.537563 -3.092031
vt -2.222281 -3.325875
vt -1.242078 -3.825094
vt -1.530734 -3.695516
vt -1.161141 -3.82775
vt -1.358906 -4.012969
vt -1.885594 -3.527688
vt -1.3135 -3.863266
vt -1.35625 -3.932031
vt -2.943563 -7.106438
vt -2.232875 -7.360719
vt -2.443563 -7.106438
vt -1.732875 -7.360719
vt -2.5625 -7.574687
vt -3.063297 -7.3955
vt -3.773453 -7.059625
vt -5.078172 -6.187828
vt -4.447266 -6.65575
vt -4.954156 -6.046375
vt -4.342969 -6.499656
vt -2.991453 -7.222063
vt -3.684969 -6.894063
vt -2.0625 -7.574687
vt -2.563297 -7.3955
vt -3.273453 -7.059625
vt -4.578172 -6.187828
vt -3.947266 -6.65575
vt -4.454156 -6.046375
vt -3.842969 -6.499656
vt -2.491453 -7.222063
vt -3.184969 -6.894063
vt -5.857156 -4.9685
vt -4.9685 -5.857156
vt -3.896688 -4.551125
vt -4.551125 -3.896688
vt -0.7539531 -7.654906
vt -0.2539531 -7.654906
vt -4.879687 -5.945969
vt -4.379687 -5.945969
vt -2.297016 -5.5455
vt -2.829516 -5.293656
vt -3.334766 -4.990812
vt -3.807875 -4.639937
vt -3.160938 -4.730656
vt -3.609391 -4.398078
vt -2.177281 -5.256437
vt -2.682031 -5.017719
vt -2.824859 -3.245094
vt -3.698203 -4.309266
vt -4.309266 -3.698203
vt -3.032541 -2.824859
vt -2.612306 -3.245094
vt -2.413416 -3.003625
vt -2.791072 -2.625969
vt -4.273438 -6.395594
vt -3.773438 -6.395594
vt -3.625969 -6.783688
vt -3.125969 -6.783688
vt -3.245094 -2.824859
vt -4.4685 -5.857156
vt 0 -10.5
vt 1 -10.5
vt 1 -10.25
vt 0 -10.25
vt 1.25 -10
vt -0.25 -10
vt -0.1543281 -10.01903
vt 1.154328 -10.01903
vt 1.019031 -10.15433
vt -0.01903125 -10.15433
vt -0.07321875 -10.07322
vt 1.073219 -10.07322
vt -0.5 -10.5
vt 0.5 -10.25
vt 0.5 -10.5
vt -0.5 -10.25
vt 0.75 -10
vt -0.6543281 -10.01903
vt -0.75 -10
vt 0.6543281 -10.01903
vt 0.5190312 -10.15433
vt -0.5190312 -10.15433
vt -0.5732188 -10.07322
vt 0.5732188 -10.07322
vt -7.6875 -2.214453
vt -7.5625 -2.294078
vt -7.480484 -2.269203
vt -7.851 -1.561687
vt -7.966281 -0.784625
vt -7.966281 0.784625
vt -8.004812 0
vt -7.851 1.561687
vt -7.6875 2.214453
vt -7.5625 2.294078
vt -7.666891 1.525078
vt -7.666891 -1.525078
vt -7.779453 0.7662187
vt -7.779453 -0.7662187
vt -7.8125 0
vt -7.1875 -2.214453
vt -7.0625 -2.294078
vt -6.980484 -2.269203
vt -7.351 -1.561687
vt -7.466281 -0.784625
vt -7.466281 0.784625
vt -7.504813 0
vt -7.351 1.561687
vt -7.1875 2.214453
vt -7.0625 2.294078
vt -7.166891 1.525078
vt -7.166891 -1.525078
vt -7.279453 0.7662187
vt -7.279453 -0.7662187
vt -7.3125 0
vt -3.373462 -2.396109
vt -3.121353 -2.736047
vt -2.879478 -2.537563
vt -3.591072 -2.033078
vt -3.772025 -1.650469
vt -3.871838 -1.320734
vt -3.914603 -1.251969
vt -3.482963 -1.530734
vt -3.615197 -1.161141
vt -3.612541 -1.242078
vt -3.113322 -2.222281
vt -3.800416 -1.358906
vt -3.650712 -1.3135
vt -3.315135 -1.885594
vt -3.719478 -1.35625
vt -3.586016 -2.396109
vt -3.092031 -2.537563
vt -3.333906 -2.736047
vt -3.803625 -2.033078
vt -3.984578 -1.650469
vt -4.084391 -1.320734
vt -4.127156 -1.251969
vt -3.695516 -1.530734
vt -3.825094 -1.242078
vt -3.82775 -1.161141
vt -3.325875 -2.222281
vt -4.012969 -1.358906
vt -3.863266 -1.3135
vt -3.527688 -1.885594
vt -3.932031 -1.35625
vt -9.519032 -0.6543281
vt -9.5 -0.75
vt -9.5 0.75
vt -10 0.5
vt -10 -0.5
vt -9.75 -0.5
vt -9.75 0.5
vt -9.519032 0.6543281
vt -9.573218 -0.5732188
vt -9.654328 -0.5190312
vt -9.654328 0.5190312
vt -9.573218 0.5732188
vt -10.01903 -0.6543281
vt -10 0.75
vt -10 -0.75
vt -10.5 0.5
vt -10.25 -0.5
vt -10.5 -0.5
vt -10.25 0.5
vt -10.01903 0.6543281
vt -10.07322 -0.5732188
vt -10.15433 -0.5190312
vt -10.15433 0.5190312
vt -10.07322 0.5732188
vt -5.162141 -0.5576719
vt -5.080203 -1.109984
vt -4.944547 -1.651594
vt -5.189531 0
vt -5.162141 0.5576719
vt -4.944547 1.651594
vt -5.080203 1.109984
vt -3.6472 1.168078
vt -3.627156 1.251969
vt -3.78125 1.168078
vt -4.855187 1.493859
vt -3.916594 -0.4288594
vt -3.853578 -0.8535938
vt -3.78125 -1.168078
vt -3.937656 0
vt -3.916594 0.4288594
vt -3.853578 0.8535938
vt -3.672844 1.06075
vt -3.730828 0.8291875
vt -3.627156 -1.251969
vt -3.672844 -1.06075
vt -3.730828 -0.8291875
vt -4.957453 1.085562
vt -3.792047 0.4165938
vt -5.037594 0.5454062
vt -5.064375 0
vt -5.037594 -0.5454062
vt -3.792047 -0.4165938
vt -4.957453 -1.085562
vt -4.855187 -1.493859
vt -5.662141 -0.5576719
vt -5.444547 -1.651594
vt -5.580203 -1.109984
vt -5.689531 0
vt -5.662141 0.5576719
vt -5.444547 1.651594
vt -5.580203 1.109984
vt -4.1472 1.168078
vt -4.127156 1.251969
vt -4.28125 1.168078
vt -5.355187 1.493859
vt -4.416594 -0.4288594
vt -4.28125 -1.168078
vt -4.353578 -0.8535938
vt -4.437656 0
vt -4.416594 0.4288594
vt -4.353578 0.8535938
vt -4.172844 1.06075
vt -4.230828 0.8291875
vt -4.230828 -0.8291875
vt -4.172844 -1.06075
vt -5.457453 1.085562
vt -4.292047 0.4165938
vt -5.537594 0.5454062
vt -4.3125 0
vt -5.564375 0
vt -5.537594 -0.5454062
vt -4.292047 -0.4165938
vt -5.457453 -1.085562
vt -5.355187 -1.493859
vt -6.65575 -4.447266
vt -6.187828 -5.078172
vt -6.046375 -4.954156
vt -7.059625 -3.773453
vt -7.574687 -2.5625
vt -7.3955 -3.063297
vt -7.222063 -2.991453
vt -6.499656 -4.342969
vt -6.894063 -3.684969
vt -6.15575 -4.447266
vt -5.687828 -5.078172
vt -5.546375 -4.954156
vt -6.559625 -3.773453
vt -7.074687 -2.5625
vt -6.8955 -3.063297
vt -6.722063 -2.991453
vt -5.999656 -4.342969
vt -6.394063 -3.684969
vt -7.40625 -2.358297
vt -7.651547 -2.392781
vt -8.144094 -2.332313
vt -8.604218 -2.146437
vt -9.000546 -1.847813
vt -9.306078 -1.456781
vt -9.5 -1
vt -9.5 1
vt -9.306078 1.456781
vt -9.000546 1.847813
vt -8.604218 2.146437
vt -8.144094 2.332313
vt -7.40625 2.358297
vt -7.651547 2.392781
vt -7.90625 -2.358297
vt -8.151546 -2.392781
vt -8.644094 -2.332313
vt -9.104218 -2.146437
vt -9.500546 -1.847813
vt -9.806078 -1.456781
vt -10 -1
vt -10 1
vt -9.806078 1.456781
vt -9.500546 1.847813
vt -9.104218 2.146437
vt -8.644094 2.332313
vt -7.90625 2.358297
vt -8.151546 2.392781
vt -4.167625 -0.9805
vt -4.122969 -0.9136094
vt -4.050859 -0.8780156
vt -3.970609 -0.8832344
vt -3.903719 -0.9278906
vt -3.868125 -1
vt -4.990812 -3.334766
vt -4.639937 -3.807875
vt -4.398078 -3.609391
vt -5.293656 -2.829516
vt -5.5455 -2.297016
vt -5.701188 -1.811172
vt -5.743953 -1.742406
vt -5.256437 -2.177281
vt -5.441906 -1.732531
vt -4.730656 -3.160938
vt -5.629781 -1.849344
vt -5.480078 -1.803938
vt -5.017719 -2.682031
vt -5.548844 -1.846703
vt -6.783688 3.625969
vt -6.283688 3.625969
vt -6.894063 3.684969
vt -6.394063 3.684969
vt -4.167625 0.9805
vt -3.923141 0.7803594
vt -3.868125 1
vt -3.903719 0.9278906
vt -3.923141 -0.7803594
vt -4.122969 0.9136094
vt -3.970609 0.8832344
vt -3.98075 0.3920625
vt -3.98075 -0.3920625
vt -4.050859 0.8780156
vt -4 0
vt -3.667625 -0.9805
vt -3.667625 0.9805
vt -3.423141 0.7803594
vt -3.368125 1
vt -3.403719 0.9278906
vt -3.403719 -0.9278906
vt -3.368125 -1
vt -3.423141 -0.7803594
vt -3.622969 -0.9136094
vt -3.622969 0.9136094
vt -3.470609 0.8832344
vt -3.48075 0.3920625
vt -3.48075 -0.3920625
vt -3.470609 -0.8832344
vt -3.550859 -0.8780156
vt -3.550859 0.8780156
vt -3.5 0
vt -5.945969 -4.879687
vt -7.544141 1.500656
vt -7.360719 2.232875
vt -7.044141 1.500656
vt -6.860719 2.232875
vt -7.106438 -2.943563
vt -6.783688 -3.625969
vt -6.606438 -2.943563
vt -6.283688 -3.625969
vt -7.544141 -1.500656
vt -7.360719 -2.232875
vt -7.044141 -1.500656
vt -6.860719 -2.232875
vt -7.654906 -0.7539531
vt -7.154906 -0.7539531
vt -5.445969 -4.879687
vt -6.395594 -4.273438
vt -5.895594 -4.273438
vt -7.691937 0
vt -7.191937 0
vt -5.887063 -1.171016
vt -5.973516 -0.5883437
vt -6.002406 0
vt -5.973516 0.5883437
vt -5.743953 1.742406
vt -5.887063 1.171016
vt -5.701188 1.811172
vt -5.629781 1.849344
vt -5.548844 1.846703
vt -5.480078 1.803938
vt -5.441906 1.732531
vt -5.357156 -4.9685
vt -3.612541 1.242078
vt -3.615197 1.161141
vt -3.482963 1.530734
vt -3.772025 1.650469
vt -3.914603 1.251969
vt -3.871838 1.320734
vt -3.591072 2.033078
vt -3.373462 2.396109
vt -3.113322 2.222281
vt -3.650712 1.3135
vt -3.800416 1.358906
vt -3.315135 1.885594
vt -3.719478 1.35625
vt -3.825094 1.242078
vt -3.695516 1.530734
vt -3.82775 1.161141
vt -3.984578 1.650469
vt -4.084391 1.320734
vt -3.803625 2.033078
vt -3.586016 2.396109
vt -3.333906 2.736047
vt -3.092031 2.537563
vt -3.325875 2.222281
vt -3.863266 1.3135
vt -4.012969 1.358906
vt -3.527688 1.885594
vt -3.932031 1.35625
vt -6.499656 4.342969
vt -6.395594 4.273438
vt -5.999656 4.342969
vt -5.895594 4.273438
vt -7.574687 2.5625
vt -7.3955 3.063297
vt -7.059625 3.773453
vt -6.65575 4.447266
vt -6.046375 4.954156
vt -6.187828 5.078172
vt -7.074687 2.5625
vt -6.8955 3.063297
vt -6.559625 3.773453
vt -6.15575 4.447266
vt -5.546375 4.954156
vt -5.687828 5.078172
vt -7.654906 0.7539531
vt -7.154906 0.7539531
vt -5.445969 4.879687
vt -5.256437 2.177281
vt -5.5455 2.297016
vt -5.293656 2.829516
vt -4.990812 3.334766
vt -4.730656 3.160938
vt -5.017719 2.682031
vt -5.357156 4.9685
vt 1.525078 3.833445
vt 2.294078 3.78125
vt 2.269203 3.740242
vt -2.294078 3.78125
vt -1.525078 3.833445
vt -2.269203 3.740242
vt -2.214453 3.84375
vt -1.561687 3.9255
vt -0.784625 3.983141
vt 0 4.002406
vt 1.561687 3.9255
vt 0.784625 3.983141
vt 2.214453 3.84375
vt 0.7662187 3.889727
vt -0.7662187 3.889727
vt 0 3.90625
vt -3.003625 1.312984
vt -1 0.5
vt -1.375 0.5
vt -2.625969 1.501812
vt -1 0.6875
vt -5.078172 3.093914
vt -4.342969 3.249828
vt -4.954156 3.023187
vt -4.447266 3.327875
vt -3.773453 3.529813
vt -3.063297 3.69775
vt -2.5625 3.787344
vt -2.991453 3.611031
vt -3.684969 3.447031
vt -5.857156 2.48425
vt -3.896688 2.275563
vt -4.551125 1.948344
vt -4.9685 2.928578
vt -3.609391 2.199039
vt -2.736047 1.666953
vt -2.824859 1.622547
vt -3.698203 2.154633
vt -4.309266 1.849102
vt -3.245094 1.41243
vt -3.034984 1.517492
vt -4.879687 2.972984
vt -3.807875 2.319969
vt 1 0.75
vt 1 0.6875
vt -1 0.75
vt 1 0.5
vt -2.537563 1.546016
vt -2.943563 3.553219
vt -3.625969 3.391844
vt -1.500656 3.77207
vt -2.232875 3.680359
vt -0.7539531 3.827453
vt -4.273438 3.197797
vt 0 3.845969
vt 1.500656 3.77207
vt 3.003625 1.312984
vt 1.375 0.5
vt 2.625969 1.501812
vt 2.943563 3.553219
vt 2.232875 3.680359
vt 4.342969 3.249828
vt 5.078172 3.093914
vt 4.954156 3.023187
vt 2.991453 3.611031
vt 2.5625 3.787344
vt 3.063297 3.69775
vt 3.773453 3.529813
vt 4.447266 3.327875
vt 3.684969 3.447031
vt 3.896688 2.275563
vt 5.857156 2.48425
vt 4.551125 1.948344
vt 4.9685 2.928578
vt 0.7539531 3.827453
vt 4.879687 2.972984
vt 2.736047 1.666953
vt 3.609391 2.199039
vt 2.824859 1.622547
vt 3.698203 2.154633
vt 4.309266 1.849102
vt 3.245094 1.41243
vt 4.273438 3.197797
vt 3.625969 3.391844
vt 3.807875 2.319969
vt 2.537563 1.546016
vt 7.851 -0.7808437
vt 7.966281 -0.3923125
vt 7.6875 -1.107227
vt 7.5625 -1.147039
vt 7.666891 -0.7625391
vt 7.480484 -1.134602
vt 7.5625 1.147039
vt 7.666891 0.7625391
vt 7.480484 1.134602
vt 7.6875 1.107227
vt 7.851 0.7808437
vt 7.966281 0.3923125
vt 7.779453 -0.3831094
vt 7.779453 0.3831094
vt 7.574687 1.28125
vt 7.222063 1.495727
vt 6.187828 2.539086
vt 6.499656 2.171484
vt 6.046375 2.477078
vt 6.65575 2.223633
vt 7.059625 1.886727
vt 7.3955 1.531648
vt 6.894063 1.842484
vt 3.092031 -1.268781
vt 4.398078 1.804695
vt 3.333906 1.368023
vt 7.106438 -1.471781
vt 7.222063 -1.495727
vt 6.783688 -1.812984
vt 6.894063 -1.842484
vt 5.945969 2.439844
vt 4.639937 1.903937
vt 1.5 0.5
vt 7.544141 -0.7503281
vt 7.360719 -1.116438
vt 3.092031 1.268781
vt 6.783688 1.812984
vt 7.106438 1.471781
vt 7.360719 1.116438
vt 7.544141 0.7503281
vt 7.654906 0.3769765
vt 6.395594 2.136719
vt 1 -0.6875
vt 3.003625 -1.312984
vt 2.625969 -1.501812
vt 7.059625 -1.886727
vt 7.574687 -1.28125
vt 7.3955 -1.531648
vt 6.65575 -2.223633
vt 6.187828 -2.539086
vt 6.499656 -2.171484
vt 6.046375 -2.477078
vt 3.896688 -2.275563
vt 5.857156 -2.48425
vt 4.9685 -2.928578
vt 4.551125 -1.948344
vt 7.654906 -0.3769765
vt 5.945969 -2.439844
vt 3.333906 -1.368023
vt 4.398078 -1.804695
vt 3.245094 -1.41243
vt 3.698203 -2.154633
vt 4.309266 -1.849102
vt 2.824859 -1.622547
vt 6.395594 -2.136719
vt 4.639937 -1.903937
vt 1.561687 -3.9255
vt 2.294078 -3.78125
vt 2.214453 -3.84375
vt 0.784625 -3.983141
vt 0 -4.002406
vt -1.561687 -3.9255
vt -0.784625 -3.983141
vt -2.214453 -3.84375
vt -2.294078 -3.78125
vt -1.525078 -3.833445
vt -2.269203 -3.740242
vt 1.525078 -3.833445
vt 2.269203 -3.740242
vt -0.7662187 -3.889727
vt 0.7662187 -3.889727
vt 0 -3.90625
vt -4.639937 1.903937
vt -4.398078 1.804695
vt 3.773453 -3.529813
vt 5.078172 -3.093914
vt 4.447266 -3.327875
vt 3.063297 -3.69775
vt 2.5625 -3.787344
vt 2.991453 -3.611031
vt 4.342969 -3.249828
vt 4.954156 -3.023187
vt 3.684969 -3.447031
vt 3.609391 -2.199039
vt 2.736047 -1.666953
vt -5.945969 2.439844
vt -7.222063 1.495727
vt -7.106438 1.471781
vt -7.480484 1.134602
vt 4.879687 -2.972984
vt 3.807875 -2.319969
vt -1 -0.75
vt -1 -0.6875
vt -3.333906 1.368023
vt -3.092031 1.268781
vt 2.537563 -1.546016
vt 2.943563 -3.553219
vt 3.625969 -3.391844
vt 1.500656 -3.77207
vt 2.232875 -3.680359
vt 0.7539531 -3.827453
vt 4.273438 -3.197797
vt 0 -3.845969
vt -1.500656 -3.77207
vt -3.003625 -1.312984
vt -2.625969 -1.501812
vt -1.375 -0.5
vt -2.943563 -3.553219
vt -2.232875 -3.680359
vt -2.5625 -3.787344
vt -3.063297 -3.69775
vt -3.773453 -3.529813
vt -5.078172 -3.093914
vt -4.447266 -3.327875
vt -4.954156 -3.023187
vt -4.342969 -3.249828
vt -2.991453 -3.611031
vt -3.684969 -3.447031
vt -5.857156 -2.48425
vt -3.896688 -2.275563
vt -4.9685 -2.928578
vt -4.551125 -1.948344
vt -0.7539531 -3.827453
vt -4.879687 -2.972984
vt -2.824859 -1.622547
vt -2.736047 -1.666953
vt -3.609391 -2.199039
vt -3.698203 -2.154633
vt -4.309266 -1.849102
vt -3.245094 -1.41243
vt -4.273438 -3.197797
vt -3.625969 -3.391844
vt -3.807875 -2.319969
vt -2.537563 -1.546016
vt -7.6875 -1.107227
vt -7.480484 -1.134602
vt -7.5625 -1.147039
vt -7.851 -0.7808437
vt -7.966281 -0.3923125
vt -7.966281 0.3923125
vt -7.851 0.7808437
vt -7.6875 1.107227
vt -7.5625 1.147039
vt -7.666891 0.7625391
vt -7.666891 -0.7625391
vt -7.779453 0.3831094
vt -7.779453 -0.3831094
vt -6.65575 -2.223633
vt -6.046375 -2.477078
vt -6.187828 -2.539086
vt -7.059625 -1.886727
vt -7.574687 -1.28125
vt -7.3955 -1.531648
vt -7.222063 -1.495727
vt -6.499656 -2.171484
vt -6.894063 -1.842484
vt -1.5 0.5
vt -3.333906 -1.368023
vt -4.398078 -1.804695
vt -6.783688 1.812984
vt -6.894063 1.842484
vt -4.639937 -1.903937
vt -5.945969 -2.439844
vt -1.5 -0.5
vt -7.360719 1.116438
vt -7.544141 0.7503281
vt -3.092031 -1.268781
vt -7.106438 -1.471781
vt -6.783688 -1.812984
vt -7.544141 -0.7503281
vt -7.360719 -1.116438
vt -7.654906 -0.3769765
vt -6.395594 -2.136719
vt -6.499656 2.171484
vt -6.395594 2.136719
vt -7.574687 1.28125
vt -7.3955 1.531648
vt -7.059625 1.886727
vt -6.65575 2.223633
vt -6.046375 2.477078
vt -6.187828 2.539086
vt -7.654906 0.3769765
vt -3.003625 2.625969
vt -1.375 1
vt -1 1
vt -2.625969 3.003625
vt -1 1.375
vt 2.075141 7.271375
vt 2.205771 7.271375
vt 1.476234 7.421391
vt -0.6006094 6.098063
vt -1.657344 5.894125
vt -1.195438 6.009812
vt 0 6.127563
vt 0.6006094 6.098063
vt 1.657344 5.894125
vt 1.195438 6.009812
vt 0.7416875 7.530359
vt 0 7.566781
vt -0.7416875 7.530359
vt -1.476234 7.421391
vt -2.075141 7.271375
vt -3.429469 4.375891
vt -2.465641 3.690078
vt -2.714922 3.505203
vt -3.091406 4.626594
vt -2.623031 4.907344
vt -2.129391 5.140812
vt -1.733094 5.282625
vt -1.698359 4.100203
vt -1.406141 4.204766
vt -2.092078 3.914
vt -1.275511 4.204766
vt -1 1.5
vt -1.896578 5.821547
vt -1.765945 5.821547
vt -2.314375 7.198797
vt -2.888516 5.404031
vt -3.78675 4.811234
vt -3.404297 5.094875
vt -2.344906 5.661125
vt -2.895672 6.990812
vt -3.566969 6.673313
vt -4.203906 6.291531
vt -4.699766 5.923781
vt 1 1.5
vt 1 1
vt 1.375 1
vt 3.003625 2.625969
vt 1 1.375
vt 2.625969 3.003625
vt 2.465641 3.690078
vt 3.429469 4.375891
vt 2.714922 3.505203
vt 1.733094 5.282625
vt 1.698359 4.100203
vt 1.406141 4.204766
vt 2.129391 5.140812
vt 2.623031 4.907344
vt 3.091406 4.626594
vt 2.092078 3.914
vt 3.591182 4.375891
vt 4.699766 5.923781
vt 4.861479 5.923781
vt 4.203906 6.291531
vt 2.888516 5.404031
vt 1.896578 5.821547
vt 2.344906 5.661125
vt 3.404297 5.094875
vt 3.78675 4.811234
vt 3.566969 6.673313
vt 2.895672 6.990812
vt 2.314375 7.198797
vt 7.530359 0.7416875
vt 7.566781 0
vt 6.098063 0.6006094
vt 5.894125 1.657344
vt 6.009812 1.195438
vt 6.127563 0
vt 6.098063 -0.6006094
vt 5.894125 -1.657344
vt 6.009812 -1.195438
vt 7.530359 -0.7416875
vt 7.421391 1.476234
vt 7.421391 -1.476234
vt 7.271375 2.075141
vt 7.271375 -2.075141
vt 4.100203 1.698359
vt 5.282625 1.733094
vt 4.204766 1.406141
vt 4.375891 3.429469
vt 3.690078 2.465641
vt 3.505203 2.714922
vt 4.626594 3.091406
vt 4.907344 2.623031
vt 5.140812 2.129391
vt 3.914 2.092078
vt 5.415383 1.733094
vt 1.5 1
vt 7.198797 2.314375
vt 7.331558 2.314375
vt 6.990812 2.895672
vt 5.404031 2.888516
vt 4.811234 3.78675
vt 5.094875 3.404297
vt 5.661125 2.344906
vt 5.821547 1.896578
vt 6.673313 3.566969
vt 6.291531 4.203906
vt 5.923781 4.699766
vt 1 -1.375
vt 2.625969 -3.003625
vt 3.003625 -2.625969
vt 4.907344 -2.623031
vt 5.282625 -1.733094
vt 5.140812 -2.129391
vt 4.626594 -3.091406
vt 4.375891 -3.429469
vt 3.505203 -2.714922
vt 3.690078 -2.465641
vt 4.100203 -1.698359
vt 4.204766 -1.406141
vt 3.914 -2.092078
vt 5.415383 -1.733094
vt 7.198797 -2.314375
vt 7.331558 -2.314375
vt 5.821547 -1.896578
vt 5.404031 -2.888516
vt 5.661125 -2.344906
vt 5.094875 -3.404297
vt 4.811234 -3.78675
vt 6.990812 -2.895672
vt 6.673313 -3.566969
vt 6.291531 -4.203906
vt 5.923781 -4.699766
vt 2.075141 -7.271375
vt 2.205771 -7.271375
vt 1.657344 -5.894125
vt 0.6006094 -6.098063
vt 1.195438 -6.009812
vt 0 -6.127563
vt -0.6006094 -6.098063
vt -1.657344 -5.894125
vt -1.195438 -6.009812
vt 1.476234 -7.421391
vt 0.7416875 -7.530359
vt 0 -7.566781
vt -0.7416875 -7.530359
vt -1.476234 -7.421391
vt -2.075141 -7.271375
vt 2.623031 -4.907344
vt 3.429469 -4.375891
vt 3.091406 -4.626594
vt 2.129391 -5.140812
vt 1.733094 -5.282625
vt 1.406141 -4.204766
vt 1.698359 -4.100203
vt 2.465641 -3.690078
vt 2.714922 -3.505203
vt 2.092078 -3.914
vt 3.591182 -4.375891
vt 1 -1.5
vt 4.699766 -5.923781
vt 4.861479 -5.923781
vt 3.78675 -4.811234
vt 2.888516 -5.404031
vt 3.404297 -5.094875
vt 2.344906 -5.661125
vt 1.896578 -5.821547
vt 4.203906 -6.291531
vt 3.566969 -6.673313
vt 2.895672 -6.990812
vt 2.314375 -7.198797
vt -1 -1.5
vt -3.003625 -2.625969
vt -2.625969 -3.003625
vt -1 -1.375
vt -1.375 -1
vt -1 -1
vt -2.129391 -5.140812
vt -1.406141 -4.204766
vt -1.733094 -5.282625
vt -2.623031 -4.907344
vt -3.091406 -4.626594
vt -3.429469 -4.375891
vt -2.465641 -3.690078
vt -2.714922 -3.505203
vt -1.698359 -4.100203
vt -2.092078 -3.914
vt -1.275511 -4.204766
vt -1.896578 -5.821547
vt -1.765945 -5.821547
vt -2.344906 -5.661125
vt -2.888516 -5.404031
vt -3.78675 -4.811234
vt -3.404297 -5.094875
vt -2.314375 -7.198797
vt -2.895672 -6.990812
vt -3.566969 -6.673313
vt -4.203906 -6.291531
vt -4.699766 -5.923781
vt -1.5 1
vt -5.894125 -1.657344
vt -5.765258 -1.657344
vt -6.009812 -1.195438
vt -6.098063 -0.6006094
vt -6.127563 0
vt -6.009812 1.195438
vt -6.098063 0.6006094
vt -5.894125 1.657344
vt -7.271375 -2.075141
vt -7.421391 -1.476234
vt -7.530359 -0.7416875
vt -7.566781 0
vt -7.530359 0.7416875
vt -7.421391 1.476234
vt -7.271375 2.075141
vt -4.626594 -3.091406
vt -3.505203 -2.714922
vt -4.375891 -3.429469
vt -4.907344 -2.623031
vt -5.140812 -2.129391
vt -5.282625 -1.733094
vt -4.100203 -1.698359
vt -4.204766 -1.406141
vt -3.690078 -2.465641
vt -3.914 -2.092078
vt -3.349573 -2.714922
vt -1.5 -1
vt -4.811234 -3.78675
vt -4.655604 -3.78675
vt -5.094875 -3.404297
vt -5.404031 -2.888516
vt -5.661125 -2.344906
vt -5.923781 -4.699766
vt -6.291531 -4.203906
vt -5.821547 -1.896578
vt -6.673313 -3.566969
vt -6.990812 -2.895672
vt -7.198797 -2.314375
vt -5.282625 1.733094
vt -4.100203 1.698359
vt -4.204766 1.406141
vt -5.140812 2.129391
vt -4.907344 2.623031
vt -4.626594 3.091406
vt -4.375891 3.429469
vt -3.690078 2.465641
vt -3.505203 2.714922
vt -3.914 2.092078
vt -3.349573 2.714922
vt -4.811234 3.78675
vt -4.655604 3.78675
vt -5.923781 4.699766
vt -5.404031 2.888516
vt -5.821547 1.896578
vt -5.661125 2.344906
vt -5.094875 3.404297
vt -6.291531 4.203906
vt -6.673313 3.566969
vt -6.990812 2.895672
vt -7.198797 2.314375
vt 1 1.934062
vt -1 1.934062
vt -0.7803594 1.96157
vt -0.3920625 1.990375
vt 0 2
vt 0.3920625 1.990375
vt 0.7803594 1.96157
vt 3.923141 -0.3901797
vt 3.98075 -0.1960312
vt 3.868125 -0.5
vt 3.868125 0.5
vt 3.923141 0.3901797
vt 3.98075 0.1960312
vt 0.3920625 -1.990375
vt 0.7803594 -1.96157
vt 1 -1.934062
vt -0.3920625 -1.990375
vt -0.7803594 -1.96157
vt -1 -1.934062
vt -3.923141 -0.3901797
vt -3.868125 -0.5
vt -3.98075 -0.1960312
vt -3.98075 0.1960312
vt -3.923141 0.3901797
vt -3.868125 0.5
vt -5.551115E-17 -1.570092E-16
vt -1 7.850462E-17
vt -0.5 0.7071068
vt 0.5 0.7071068
vt 1 -1.570092E-16
vt -1.110223E-16 1.570092E-16
vt -5.551115E-17 0
mtllib Dragonfly_BarrelBattle.mtl
usemtl Default
usemtl METAL
f 1/1/1 2/2/1 3/3/1
f 4/4/1 1/1/1 3/3/1
f 5/5/1 6/6/1 7/7/1
f 8/8/1 5/5/1 7/7/1
f 9/1/2 10/2/2 11/3/2
f 12/4/2 9/1/2 11/3/2
f 13/5/2 14/6/2 15/7/2
f 16/8/2 13/5/2 15/7/2
f 17/9/3 18/10/3 19/11/3 20/12/3
f 21/13/4 22/14/4 23/15/4 24/16/4
f 25/17/5 26/18/5 22/14/5 21/13/5
f 27/19/6 28/20/6 26/18/6 25/17/6
f 29/21/7 30/22/7 28/20/7 27/19/7
f 31/23/8 32/24/8 30/25/8 29/21/8
f 33/26/9 34/27/9 32/28/9 31/29/9
f 35/30/10 36/31/10 37/32/10 38/33/10
f 38/34/11 37/35/11 39/36/11 40/37/11
f 41/38/12 42/39/12 43/40/12 44/41/12
f 44/41/13 43/40/13 45/42/13 46/43/13
f 47/40/14 48/25/14 49/44/14 50/45/14
f 51/41/14 52/40/14 53/45/14 54/46/14
f 50/47/15 49/48/15 55/49/15 56/50/15
f 56/50/16 55/49/16 57/51/16 58/52/16
f 58/52/17 57/51/17 59/53/17 60/54/17
f 61/55/18 62/56/18 42/57/18 41/58/18
f 63/59/19 64/60/19 65/61/19 66/62/19
f 67/3/20 68/63/20 64/60/20 63/59/20
f 66/64/21 65/65/21 69/66/21 70/67/21
f 71/68/21 72/64/21 73/67/21 74/69/21
f 60/54/22 59/53/22 68/70/22 67/71/22
f 75/72/23 76/73/23 77/74/23 78/75/23
f 78/76/24 77/77/24 79/78/24 80/79/24
f 80/79/25 79/78/25 62/80/25 61/81/25
f 2/2/26 81/82/26 82/83/26
f 3/3/26 2/2/26 82/83/26
f 6/6/26 83/84/26 84/85/26
f 7/7/26 6/6/26 84/85/26
f 85/86/27 86/18/27 87/87/27
f 88/88/27 85/86/27 87/87/27
f 89/89/27 90/90/27 91/91/27
f 92/92/27 89/89/27 91/91/27
f 93/93/28 94/94/28 95/95/28 96/83/28
f 96/96/29 95/97/29 97/98/29 98/99/29
f 99/100/30 100/101/30 4/102/30
f 101/103/30 99/100/30 4/102/30
f 102/104/30 5/105/30 103/106/30
f 104/107/30 102/104/30 103/106/30
f 105/100/31 106/101/31 107/102/31
f 11/103/31 105/100/31 107/102/31
f 14/104/31 108/105/31 109/106/31
f 110/107/31 14/104/31 109/106/31
f 111/108/32 112/109/32 113/110/32 114/111/32
f 115/112/33 116/109/33 117/110/33 118/113/33
f 119/114/33 120/109/33 121/110/33 122/115/33
f 123/116/34 124/117/34 112/109/34 111/108/34
f 125/118/35 126/117/35 116/109/35 115/112/35
f 127/119/35 128/117/35 120/109/35 119/114/35
f 129/120/36 130/121/36 124/122/36 123/123/36
f 131/124/37 132/121/37 126/122/37 125/125/37
f 133/126/37 134/121/37 128/122/37 127/127/37
f 135/128/38 136/129/38 137/130/38 138/131/38
f 139/132/39 140/121/39 136/129/39 135/128/39
f 141/133/40 142/134/40 140/135/40 139/136/40
f 143/93/41 144/137/41 142/138/41 141/139/41
f 145/140/42 146/141/42 144/137/42 143/93/42
f 147/87/43 148/18/43 146/142/43 145/143/43
f 149/116/44 150/117/44 151/109/44 152/108/44
f 153/118/45 154/117/45 155/109/45 156/112/45
f 157/119/45 158/117/45 159/109/45 160/114/45
f 161/120/46 162/121/46 150/122/46 149/123/46
f 163/124/47 164/121/47 154/122/47 153/125/47
f 165/126/47 166/121/47 158/122/47 157/127/47
f 114/144/48 113/145/48 162/135/48 161/146/48
f 118/147/49 117/145/49 164/135/49 163/148/49
f 122/149/49 121/145/49 166/135/49 165/150/49
f 52/151/50 23/152/50 167/153/50 45/154/50
f 168/155/51 169/156/51 170/10/51 17/157/51
f 171/158/51 172/159/51 173/160/51 174/161/51
f 175/162/52 176/163/52 48/25/52 47/40/52
f 177/164/53 178/165/53 24/25/53 51/166/53
f 179/167/54 180/18/54 176/168/54 175/169/54
f 181/170/55 182/171/55 178/172/55 177/173/55
f 183/174/56 184/175/56 180/18/56 179/167/56
f 185/176/57 186/177/57 182/171/57 181/170/57
f 18/78/58 170/15/58 184/178/58 183/179/58
f 174/180/58 173/16/58 186/181/58 185/182/58
f 187/183/59 188/184/59 172/185/59 171/186/59
f 189/187/60 190/188/60 188/184/60 187/183/60
f 191/189/61 192/129/61 190/153/61 189/154/61
f 46/190/62 193/191/62 192/129/62 191/189/62
f 194/192/63 195/193/63 196/109/63 19/194/63
f 197/195/64 198/196/64 199/114/64 200/197/64
f 201/183/65 202/184/65 195/198/65 194/199/65
f 203/200/66 204/201/66 198/202/66 197/203/66
f 205/204/67 206/205/67 202/184/67 201/183/67
f 207/206/68 208/207/68 204/201/68 203/200/68
f 209/208/69 210/209/69 206/210/69 205/211/69
f 211/212/70 33/213/70 208/214/70 207/215/70
f 212/216/71 213/217/71 210/27/71 209/218/71
f 214/219/72 215/217/72 34/27/72 211/220/72
f 20/221/73 196/222/73 216/184/73 217/223/73
f 218/155/74 219/156/74 220/11/74 221/224/74
f 222/159/75 223/225/75 224/226/75 225/227/75
f 152/108/76 151/109/76 226/110/76 227/111/76
f 156/112/76 155/109/76 228/110/76 229/113/76
f 160/228/76 159/229/76 230/230/76 231/231/76
f 232/116/77 233/117/77 219/109/77 218/108/77
f 234/118/78 235/117/78 236/109/78 237/112/78
f 238/232/78 239/233/78 240/229/78 222/228/78
f 241/120/79 242/121/79 233/122/79 232/123/79
f 243/124/79 244/121/79 235/122/79 234/125/79
f 245/234/79 246/235/79 239/236/79 238/237/79
f 227/144/80 226/145/80 242/135/80 241/146/80
f 229/147/81 228/145/81 244/135/81 243/148/81
f 231/238/81 230/239/81 246/240/81 245/241/81
f 221/224/82 220/11/82 169/185/82 168/242/82
f 225/227/83 224/226/83 172/243/83
f 247/244/84 248/20/84 148/18/84 147/87/84
f 249/245/85 250/25/85 248/20/85 247/244/85
f 251/246/86 252/24/86 250/25/86 249/245/86
f 253/247/87 254/27/87 252/28/87 251/248/87
f 255/249/88 256/250/88 254/27/88 253/247/88
f 193/251/89 167/153/89 256/250/89 255/249/89
f 257/252/90 258/253/90 259/216/90 260/254/90
f 261/255/91 262/256/91 258/253/91 257/252/91
f 263/58/92 264/57/92 262/256/92 261/255/92
f 265/257/93 266/258/93 264/57/93 263/58/93
f 267/259/94 268/260/94 266/258/94 265/257/94
f 54/46/95 53/45/95 268/260/95 267/259/95
f 269/261/96 270/262/96 271/263/96 272/264/96
f 272/264/97 271/263/97 273/64/97 274/68/97
f 274/68/98 273/64/98 275/265/98 276/266/98
f 276/266/99 275/265/99 277/267/99 278/268/99
f 278/268/100 277/267/100 279/269/100 280/270/100
f 280/270/101 279/269/101 72/271/101 71/272/101
f 281/262/102 282/273/102 283/274/102 284/269/102
f 285/262/102 286/273/102 287/274/102 288/269/102
f 289/275/102 290/273/102 291/274/102 292/276/102
f 284/253/103 283/277/103 293/278/103 294/279/103
f 288/253/103 287/277/103 295/278/103 296/279/103
f 292/280/104 291/277/104 297/278/104 298/281/104
f 294/279/105 293/278/105 213/273/105 212/262/105
f 296/279/105 295/278/105 215/273/105 259/262/105
f 298/281/106 297/278/106 260/273/106 299/282/106
f 300/186/107 301/185/107 282/273/107 281/262/107
f 302/186/107 303/185/107 286/273/107 285/262/107
f 304/283/108 305/185/108 290/273/108 289/275/108
f 306/284/109 307/285/109 301/286/109 300/287/109
f 308/284/109 309/285/109 303/286/109 302/287/109
f 310/288/110 311/285/110 305/286/110 304/289/110
f 312/262/111 313/273/111 307/285/111 306/284/111
f 270/262/111 314/273/111 309/285/111 308/284/111
f 315/282/112 269/273/112 311/285/112 310/288/112
f 217/290/113 216/291/113 316/292/113 317/293/113
f 237/294/114 236/250/114 318/295/114 319/296/114
f 223/297/115 240/298/115 320/91/115 93/299/115
f 200/300/116 199/301/116 36/31/116 35/30/116
f 321/208/117 322/209/117 323/82/117 324/302/117
f 325/303/117 326/209/117 327/82/117 328/304/117
f 86/18/118 94/137/118 318/93/118
f 87/87/118 86/18/118 318/93/118
f 90/90/118 319/305/118 320/306/118
f 91/91/118 90/90/118 320/306/118
f 329/307/119 330/66/119 331/308/119 332/309/119
f 333/310/120 334/209/120 335/110/120 336/311/120
f 332/309/121 331/308/121 337/100/121 338/312/121
f 338/312/122 337/100/122 339/313/122 340/314/122
f 340/314/123 339/313/123 341/315/123 342/316/123
f 342/316/124 341/317/124 343/318/124 344/319/124
f 344/320/125 343/321/125 345/322/125 346/323/125
f 347/324/126 348/325/126 349/326/126 350/327/126
f 351/328/127 352/277/127 353/329/127
f 354/330/127 351/328/127 353/329/127
f 355/331/127 356/332/127 357/333/127
f 358/334/127 355/331/127 357/333/127
f 359/2/128 9/82/128 12/83/128
f 360/3/128 359/2/128 12/83/128
f 361/6/128 13/84/128 16/85/128
f 362/7/128 361/6/128 16/85/128
f 363/335/129 364/336/129 365/337/129 366/338/129
f 76/339/130 367/328/130 330/340/130 73/341/130
f 336/144/131 368/145/131 369/342/131 370/343/131
f 371/344/131 372/238/131 373/345/131 374/346/131
f 70/347/132 69/110/132 375/273/132 376/262/132
f 74/348/132 329/349/132 377/350/132 378/351/132
f 376/262/133 375/273/133 379/352/133 380/353/133
f 378/351/134 377/350/134 381/354/134 382/355/134
f 380/356/135 379/357/135 383/358/135 384/359/135
f 382/360/136 381/361/136 385/362/136 386/363/136
f 384/359/137 383/358/137 368/364/137 335/365/137
f 386/363/138 385/362/138 372/366/138 371/367/138
f 374/368/139 373/342/139 387/100/139 388/369/139
f 388/370/140 387/130/140 389/371/140 390/263/140
f 390/263/141 389/371/141 391/372/141 392/373/141
f 392/218/142 391/27/142 393/374/142 75/375/142
f 334/208/143 394/209/143 395/210/143 396/211/143
f 397/212/144 398/376/144 399/377/144 400/215/144
f 396/204/145 395/205/145 401/184/145 402/183/145
f 400/206/146 399/378/146 403/201/146 404/200/146
f 402/183/147 401/184/147 405/198/147 406/199/147
f 404/200/148 403/201/148 407/379/148 408/203/148
f 406/199/149 405/198/149 409/322/149 410/380/149
f 408/203/150 407/379/150 346/381/150 411/382/150
f 410/380/151 409/322/151 313/273/151 312/262/151
f 411/383/152 345/322/152 314/273/152 412/384/152
f 317/385/153 316/386/153 394/209/153 333/387/153
f 413/388/154 414/389/154 415/342/154 416/343/154
f 417/390/155 418/391/155 419/392/155 420/345/155
f 421/144/156 422/145/156 130/135/156 129/146/156
f 423/147/156 424/145/156 132/135/156 131/148/156
f 425/238/156 426/239/156 134/240/156 133/241/156
f 427/108/157 428/109/157 422/110/157 421/111/157
f 429/112/158 430/109/158 424/110/158 423/113/158
f 431/228/158 432/229/158 426/230/158 425/231/158
f 433/116/159 434/117/159 428/109/159 427/108/159
f 435/118/159 436/117/159 430/109/159 429/112/159
f 437/232/159 438/233/159 432/229/159 431/228/159
f 416/120/160 415/121/160 434/122/160 433/123/160
f 439/124/161 440/121/161 436/122/161 435/125/161
f 420/234/161 441/235/161 438/236/161 437/237/161
f 138/131/119 137/130/119 442/393/119 443/394/119
f 370/343/162 369/342/162 414/364/162 413/395/162
f 373/345/163 418/396/163 417/397/163
f 443/394/164 442/393/164 444/398/164 445/399/164
f 445/399/165 444/398/165 446/321/165 447/400/165
f 447/401/166 446/402/166 448/109/166 449/96/166
f 449/96/167 448/109/167 450/403/167 451/404/167
f 451/404/168 450/403/168 367/10/168 393/405/168
f 452/294/169 453/250/169 440/295/169 439/296/169
f 366/406/170 454/407/170 441/306/170 419/408/170
f 365/409/171 351/410/171 354/330/171
f 453/338/171 365/409/171 354/330/171
f 452/411/171 355/331/171 358/334/171
f 454/407/171 452/411/171 358/334/171
f 350/327/172 349/326/172 398/412/172 397/413/172
f 455/86/173 456/82/173 457/414/173
f 458/415/173 455/86/173 457/414/173
f 459/88/173 460/83/173 461/416/173
f 462/417/173 459/88/173 461/416/173
f 463/1/174 464/2/174 465/3/174
f 466/4/174 463/1/174 465/3/174
f 467/5/174 468/6/174 469/7/174
f 470/8/174 467/5/174 469/7/174
f 471/1/175 472/2/175 473/3/175
f 474/4/175 471/1/175 473/3/175
f 475/5/175 476/6/175 477/7/175
f 478/8/175 475/5/175 477/7/175
f 479/418/176 480/419/176 481/11/176 482/420/176
f 483/421/177 484/422/177 485/153/177 486/423/177
f 487/424/178 488/137/178 480/419/178 479/418/178
f 489/425/179 490/426/179 488/137/179 487/424/179
f 491/427/180 492/428/180 490/426/180 489/425/180
f 493/429/181 494/403/181 492/10/181 491/427/181
f 495/430/182 496/109/182 494/403/182 493/429/182
f 497/86/117 498/82/117 499/414/117
f 500/415/117 497/86/117 499/414/117
f 501/88/117 502/83/117 503/416/117
f 504/417/117 501/88/117 503/416/117
f 505/431/183 506/432/183 507/433/183 508/434/183
f 508/434/184 507/433/184 509/435/184 510/436/184
f 511/73/185 512/10/185 506/437/185 505/438/185
f 513/72/185 514/73/185 515/438/185 516/439/185
f 510/436/186 509/435/186 517/440/186 518/441/186
f 519/72/187 520/73/187 521/74/187 522/75/187
f 523/442/188 524/443/188 520/73/188 519/72/188
f 525/444/189 526/445/189 524/356/189 523/446/189
f 527/447/190 528/448/190 529/449/190 530/450/190
f 531/451/191 532/452/191 528/448/191 527/447/191
f 530/453/192 529/454/192 533/455/192 534/456/192
f 535/457/192 536/453/192 537/456/192 538/458/192
f 518/441/193 517/440/193 532/459/193 531/460/193
f 539/461/194 540/462/194 541/463/194 542/464/194
f 542/465/195 541/466/195 543/467/195 544/468/195
f 544/469/196 543/470/196 526/445/196 525/444/196
f 545/110/197 546/82/197 547/83/197
f 548/471/197 545/110/197 547/83/197
f 549/472/197 550/84/197 551/85/197
f 552/473/197 549/472/197 551/85/197
f 464/2/198 553/82/198 554/83/198
f 465/3/198 464/2/198 554/83/198
f 468/6/198 555/84/198 556/85/198
f 469/7/198 468/6/198 556/85/198
f 557/100/199 558/101/199 559/102/199
f 473/103/199 557/100/199 559/102/199
f 476/104/199 560/105/199 561/106/199
f 562/107/199 476/104/199 561/106/199
f 563/100/200 564/101/200 466/102/200
f 565/103/200 563/100/200 466/102/200
f 566/104/200 467/105/200 567/106/200
f 568/107/200 566/104/200 567/106/200
f 569/474/201 570/475/201 571/277/201 572/476/201
f 573/477/202 574/475/202 575/277/202 576/478/202
f 577/479/202 578/475/202 579/277/202 580/480/202
f 581/481/203 582/482/203 570/27/203 569/483/203
f 583/484/204 584/482/204 574/27/204 573/485/204
f 585/486/204 586/482/204 578/27/204 577/487/204
f 587/488/205 588/489/205 582/482/205 581/481/205
f 589/490/206 590/489/206 584/482/206 583/484/206
f 591/491/206 592/489/206 586/482/206 585/486/206
f 593/492/207 594/15/207 595/493/207 596/494/207
f 597/495/208 598/496/208 594/15/208 593/492/208
f 599/128/209 600/129/209 598/130/209 597/131/209
f 601/132/210 602/121/210 600/129/210 599/128/210
f 603/133/211 604/134/211 602/135/211 601/136/211
f 605/93/212 606/137/212 604/138/212 603/139/212
f 607/481/213 608/482/213 609/27/213 610/483/213
f 611/484/214 612/482/214 613/27/214 614/485/214
f 615/486/214 616/482/214 617/27/214 618/487/214
f 619/488/215 620/489/215 608/482/215 607/481/215
f 621/490/216 622/489/216 612/482/216 611/484/216
f 623/491/216 624/489/216 616/482/216 615/486/216
f 572/497/217 571/498/217 620/137/217 619/499/217
f 576/500/218 575/498/218 622/137/218 621/501/218
f 580/502/218 579/498/218 624/137/218 623/503/218
f 514/470/219 481/504/219 625/398/219 521/80/219
f 626/505/220 627/506/220 628/422/220 483/507/220
f 629/508/220 630/509/220 631/510/220 632/511/220
f 633/512/221 634/513/221 512/10/221 511/73/221
f 635/514/222 636/515/222 482/10/222 513/516/222
f 637/517/223 638/137/223 634/250/223 633/518/223
f 639/519/224 640/520/224 636/521/224 635/522/224
f 641/523/225 642/24/225 638/137/225 637/517/225
f 643/524/226 644/525/226 640/520/226 639/519/226
f 484/467/227 628/11/227 642/28/227 641/526/227
f 632/527/227 631/420/227 644/528/227 643/529/227
f 645/39/228 646/530/228 630/25/228 629/40/228
f 647/56/229 648/531/229 646/532/229 645/57/229
f 649/78/230 650/15/230 648/398/230 647/80/230
f 522/77/231 651/141/231 650/15/231 649/78/231
f 652/533/232 653/534/232 654/535/232 485/536/232
f 655/537/233 656/538/233 657/539/233 658/411/233
f 659/57/234 660/532/234 653/540/234 652/541/234
f 661/542/235 662/543/235 656/544/235 655/545/235
f 663/546/236 664/547/236 660/532/236 659/57/236
f 665/548/237 666/549/237 662/543/237 661/542/237
f 667/550/238 668/551/238 664/547/238 663/546/238
f 669/552/239 495/553/239 666/549/239 665/548/239
f 670/204/240 671/205/240 668/109/240 667/194/240
f 672/554/241 673/205/241 496/109/241 669/555/241
f 486/556/242 654/557/242 674/532/242 675/558/242
f 676/505/243 677/506/243 678/153/243 679/559/243
f 680/509/244 681/560/244 682/561/244 683/562/244
f 610/474/245 609/475/245 684/277/245 685/476/245
f 614/477/245 613/475/245 686/277/245 687/478/245
f 618/563/245 617/564/245 688/565/245 689/566/245
f 685/497/246 684/498/246 690/137/246 691/499/246
f 687/500/247 686/498/247 692/137/247 693/501/247
f 689/567/247 688/568/247 694/569/247 695/570/247
f 691/488/248 690/489/248 696/482/248 697/481/248
f 693/490/248 692/489/248 698/482/248 699/484/248
f 695/571/248 694/572/248 700/573/248 701/574/248
f 697/481/249 696/482/249 677/27/249 676/483/249
f 699/484/250 698/482/250 702/27/250 703/485/250
f 701/574/250 700/573/250 704/575/250 680/576/250
f 705/577/251 706/426/251 606/137/251 605/93/251
f 679/578/252 678/188/252 627/25/252 626/579/252
f 683/580/253 682/581/253 630/582/253
f 707/405/254 708/10/254 706/426/254 705/577/254
f 709/404/255 710/403/255 708/10/255 707/405/255
f 711/96/84 712/109/84 710/403/84 709/404/84
f 713/401/256 714/402/256 712/109/256 711/96/256
f 651/399/257 625/398/257 714/321/257 713/400/257
f 715/457/258 716/453/258 717/353/258 718/583/258
f 719/584/259 720/365/259 716/453/259 715/457/259
f 721/585/260 722/347/260 723/211/260 724/586/260
f 718/583/261 717/353/261 725/587/261 726/588/261
f 727/589/262 728/590/262 722/347/262 721/585/262
f 729/446/263 730/356/263 728/590/263 727/589/263
f 731/591/264 732/592/264 730/356/264 729/446/264
f 733/593/265 734/208/265 732/592/265 731/591/265
f 516/439/266 515/438/266 734/208/266 733/593/266
f 735/594/267 736/341/267 536/595/267 535/596/267
f 726/588/268 725/587/268 736/341/268 735/594/268
f 737/597/269 738/598/269 720/365/269 719/584/269
f 739/598/270 740/599/270 741/340/270 742/341/270
f 743/598/270 744/599/270 745/340/270 746/341/270
f 747/600/270 748/599/270 749/340/270 750/601/270
f 742/347/271 741/110/271 751/602/271 752/603/271
f 746/347/271 745/110/271 753/602/271 754/603/271
f 750/604/272 749/110/272 755/602/272 756/605/272
f 752/603/273 751/602/273 671/599/273 670/598/273
f 754/603/273 753/602/273 673/599/273 723/598/273
f 756/605/274 755/602/274 724/599/274 757/606/274
f 758/607/275 759/608/275 740/599/275 739/598/275
f 760/607/275 761/608/275 744/599/275 743/598/275
f 762/609/276 763/608/276 748/599/276 747/600/276
f 764/610/277 765/611/277 759/608/277 758/607/277
f 766/610/277 767/611/277 761/608/277 760/607/277
f 768/612/278 769/611/278 763/608/278 762/609/278
f 770/598/279 771/599/279 765/613/279 764/614/279
f 738/598/279 772/599/279 767/613/279 766/614/279
f 773/606/280 737/599/280 769/613/280 768/615/280
f 675/616/281 674/617/281 774/618/281 775/50/281
f 703/294/282 702/250/282 776/295/282 777/296/282
f 681/619/283 704/620/283 778/85/283 363/621/283
f 658/622/284 657/623/284 348/624/284 347/625/284
f 546/82/285 364/342/285 776/626/285
f 547/83/285 546/82/285 776/626/285
f 550/627/285 777/628/285 778/629/285
f 551/85/285 550/627/285 778/629/285
f 779/630/286 780/631/286 781/632/286 782/633/286
f 783/634/166 784/455/166 785/635/166 786/636/166
f 787/637/287 788/638/287 789/82/287 790/639/287
f 786/636/288 785/635/288 791/640/288 792/641/288
f 792/642/289 791/493/289 793/278/289 794/643/289
f 794/643/290 793/278/290 795/644/290 796/645/290
f 796/645/291 795/646/291 780/631/291 779/630/291
f 797/647/292 798/648/292 799/649/292 800/650/292
f 801/2/293 471/82/293 474/83/293
f 802/3/293 801/2/293 474/83/293
f 803/6/293 475/84/293 478/85/293
f 804/7/293 803/6/293 478/85/293
f 805/535/294 806/328/294 807/330/294
f 808/338/294 805/535/294 807/330/294
f 809/411/294 810/331/294 811/334/294
f 812/407/294 809/411/294 811/334/294
f 813/651/295 814/652/295 815/97/295 816/96/295
f 540/653/296 817/498/296 784/82/296 537/302/296
f 790/654/297 818/86/297 819/655/297 820/656/297
f 821/657/297 822/658/297 823/659/297 824/660/297
f 534/302/298 533/82/298 825/599/298 826/598/298
f 538/661/298 783/662/298 827/663/298 828/664/298
f 826/598/299 825/599/299 829/286/299 830/287/299
f 828/664/300 827/663/300 831/665/300 832/666/300
f 830/186/301 829/185/301 833/667/301 834/668/301
f 832/669/302 831/670/302 835/671/302 836/672/302
f 834/668/303 833/667/303 818/673/303 789/674/303
f 836/672/304 835/671/304 822/675/304 821/676/304
f 824/677/305 823/655/305 837/640/305 838/678/305
f 838/679/306 837/493/306 839/364/306 840/365/306
f 840/208/307 839/209/307 841/322/307 842/380/307
f 842/380/308 841/322/308 843/274/308 539/269/308
f 788/550/309 844/551/309 845/547/309 846/546/309
f 847/552/310 848/680/310 849/681/310 850/548/310
f 846/546/311 845/547/311 851/532/311 852/57/311
f 850/548/312 849/681/312 853/543/312 854/542/312
f 852/57/313 851/532/313 855/540/313 856/541/313
f 854/542/314 853/543/314 857/682/314 858/545/314
f 856/541/315 855/540/315 859/632/315 860/683/315
f 858/545/316 857/682/316 782/684/316 861/685/316
f 860/683/317 859/632/317 771/599/317 770/598/317
f 861/686/318 781/632/318 772/599/318 862/687/318
f 775/688/319 774/689/319 844/638/319 787/690/319
f 863/497/320 864/498/320 588/137/320 587/499/320
f 865/500/320 866/498/320 590/137/320 589/501/320
f 867/567/320 868/568/320 592/569/320 591/570/320
f 869/691/321 870/551/321 871/655/321 872/656/321
f 873/692/322 874/693/322 875/694/322 876/659/322
f 872/488/323 871/489/323 877/482/323 878/481/323
f 879/490/324 880/489/324 881/482/324 882/484/324
f 876/571/324 883/572/324 884/573/324 885/574/324
f 886/474/325 887/475/325 864/277/325 863/476/325
f 888/477/326 889/475/326 866/277/326 865/478/326
f 890/563/326 891/564/326 868/565/326 867/566/326
f 878/481/327 877/482/327 887/27/327 886/483/327
f 882/484/327 881/482/327 889/27/327 888/485/327
f 885/574/327 884/573/327 891/575/327 890/576/327
f 596/695/166 595/696/166 892/697/166 893/698/166
f 820/656/328 819/655/328 870/673/328 869/699/328
f 823/659/329 874/700/329 873/701/329
f 893/698/330 892/697/330 894/702/330 895/703/330
f 895/703/331 894/702/331 896/704/331 897/705/331
f 897/705/332 896/704/332 898/535/332 899/338/332
f 899/338/333 898/535/333 900/706/333 901/707/333
f 901/707/334 900/706/334 817/422/334 843/708/334
f 902/294/335 903/250/335 880/295/335 879/296/335
f 816/297/336 904/298/336 883/91/336 875/299/336
f 815/709/337 805/710/337 808/338/337
f 903/96/337 815/709/337 808/338/337
f 902/197/337 809/411/337 812/407/337
f 904/298/337 902/197/337 812/407/337
f 800/650/338 799/649/338 848/711/338 847/712/338
f 905/1/339 906/2/339 907/3/339
f 908/4/339 905/1/339 907/3/339
f 909/5/339 910/6/339 911/7/339
f 912/8/339 909/5/339 911/7/339
f 913/1/340 914/2/340 915/3/340
f 916/4/340 913/1/340 915/3/340
f 917/5/340 918/6/340 919/7/340
f 920/8/340 917/5/340 919/7/340
f 921/713/341 922/611/341 923/153/341 924/714/341
f 925/715/342 926/1/342 927/398/342 928/716/342
f 929/717/343 930/135/343 922/611/343 921/713/343
f 931/718/344 932/719/344 930/135/344 929/717/344
f 933/720/345 934/721/345 932/719/345 931/718/345
f 935/722/346 936/706/346 934/422/346 933/720/346
f 937/723/347 938/535/347 936/706/347 935/722/347
f 939/724/348 940/725/348 941/726/348 942/727/348
f 942/727/349 941/726/349 943/728/349 944/729/349
f 945/462/350 946/422/350 940/168/350 939/169/350
f 947/461/350 948/462/350 949/169/350 950/730/350
f 944/729/351 943/728/351 951/731/351 952/732/351
f 953/461/352 954/462/352 955/463/352 956/464/352
f 957/733/353 958/734/353 954/462/353 953/461/353
f 959/735/354 960/183/354 958/186/354 957/736/354
f 961/737/355 962/738/355 963/739/355 964/740/355
f 965/741/356 966/742/356 962/738/356 961/737/356
f 964/743/357 963/744/357 967/745/357 968/746/357
f 969/747/357 970/743/357 971/746/357 972/748/357
f 952/99/358 951/749/358 966/742/358 965/741/358
f 973/750/359 974/190/359 975/189/359 976/751/359
f 976/751/360 975/189/360 977/154/360 978/752/360
f 978/753/361 977/187/361 960/183/361 959/735/361
f 979/277/362 980/110/362 981/471/362
f 982/329/362 979/277/362 981/471/362
f 983/332/362 984/472/362 985/473/362
f 986/333/362 983/332/362 985/473/362
f 906/2/363 987/82/363 988/83/363
f 907/3/363 906/2/363 988/83/363
f 910/6/363 989/84/363 990/85/363
f 911/7/363 910/6/363 990/85/363
f 991/100/364 992/101/364 993/102/364
f 915/103/364 991/100/364 993/102/364
f 918/104/364 994/105/364 995/106/364
f 996/107/364 918/104/364 995/106/364
f 997/100/365 998/101/365 908/102/365
f 999/103/365 997/100/365 908/102/365
f 1000/104/365 909/105/365 1001/106/365
f 1002/107/365 1000/104/365 1001/106/365
f 1003/691/366 1004/551/366 1005/328/366 1006/754/366
f 1007/755/367 1008/551/367 1009/328/367 1010/756/367
f 1011/680/367 1012/551/367 1013/328/367 1014/757/367
f 1015/758/368 1016/696/368 1004/638/368 1003/690/368
f 1017/759/369 1018/696/369 1008/638/369 1007/760/369
f 1019/761/369 1020/696/369 1012/638/369 1011/762/369
f 1021/763/370 1022/18/370 1016/493/370 1015/764/370
f 1023/765/371 1024/18/371 1018/493/371 1017/766/371
f 1025/767/371 1026/18/371 1020/493/371 1019/768/371
f 1027/769/372 1028/504/372 1029/482/372 1030/770/372
f 1031/695/373 1032/696/373 1028/11/373 1027/771/373
f 1033/492/374 1034/15/374 1032/493/374 1031/494/374
f 1035/495/375 1036/496/375 1034/15/375 1033/492/375
f 1037/128/376 1038/129/376 1036/130/376 1035/131/376
f 1039/132/377 1040/121/377 1038/129/377 1037/128/377
f 1041/758/378 1042/696/378 1043/638/378 1044/690/378
f 1045/759/379 1046/696/379 1047/638/379 1048/760/379
f 1049/761/379 1050/696/379 1051/638/379 1052/762/379
f 1053/763/380 1054/18/380 1042/493/380 1041/764/380
f 1055/765/381 1056/18/381 1046/493/381 1045/766/381
f 1057/767/381 1058/18/381 1050/493/381 1049/768/381
f 1006/772/382 1005/773/382 1054/18/382 1053/763/382
f 1010/774/383 1009/773/383 1056/18/383 1055/765/383
f 1014/775/383 1013/773/383 1058/18/383 1057/767/383
f 948/776/384 923/777/384 1059/702/384 955/445/384
f 1060/778/385 1061/779/385 1062/1/385 925/780/385
f 1063/781/385 1064/782/385 1065/783/385 1066/784/385
f 1067/785/386 1068/402/386 946/422/386 945/462/386
f 1069/786/387 1070/787/387 924/422/387 947/788/387
f 1071/789/388 1072/135/388 1068/321/388 1067/790/388
f 1073/791/389 1074/792/389 1070/793/389 1069/794/389
f 1075/795/390 1076/403/390 1072/135/390 1071/789/390
f 1077/796/391 1078/797/391 1074/792/391 1073/791/391
f 926/187/392 1062/188/392 1076/403/392 1075/795/392
f 1066/798/392 1065/799/392 1078/797/392 1077/796/392
f 1079/443/393 1080/800/393 1064/10/393 1063/73/393
f 1081/445/394 1082/702/394 1080/357/394 1079/356/394
f 1083/470/395 1084/504/395 1082/702/395 1081/445/395
f 956/466/396 1085/134/396 1084/11/396 1083/467/396
f 1086/801/397 1087/802/397 1088/328/397 927/339/397
f 1089/803/398 1090/804/398 1091/757/398 1092/331/398
f 1093/443/399 1094/800/399 1087/802/399 1086/801/399
f 1095/805/400 1096/806/400 1090/804/400 1089/803/400
f 1097/807/401 1098/14/401 1094/357/401 1093/356/401
f 1099/808/402 1100/809/402 1096/810/402 1095/811/402
f 1101/812/403 1102/475/403 1098/14/403 1097/807/403
f 1103/813/404 937/814/404 1100/809/404 1099/808/404
f 1104/546/405 1105/547/405 1102/535/405 1101/536/405
f 1106/815/406 1107/547/406 938/535/406 1103/816/406
f 928/817/407 1088/818/407 1108/357/407 1109/819/407
f 1110/778/408 1111/779/408 1112/398/408 1113/820/408
f 1114/782/409 1115/821/409 1116/822/409 1117/823/409
f 1044/691/410 1043/551/410 1118/328/410 1119/754/410
f 1048/755/410 1047/551/410 1120/328/410 1121/756/410
f 1052/692/410 1051/824/410 1122/825/410 1123/826/410
f 1119/772/411 1118/773/411 1124/18/411 1125/763/411
f 1121/774/412 1120/773/412 1126/18/412 1127/765/412
f 1123/827/412 1122/828/412 1128/829/412 1129/830/412
f 1125/763/413 1124/18/413 1130/493/413 1131/764/413
f 1127/765/413 1126/18/413 1132/493/413 1133/766/413
f 1129/830/413 1128/829/413 1134/831/413 1135/832/413
f 1131/758/414 1130/696/414 1111/638/414 1110/690/414
f 1133/759/415 1132/696/415 1136/638/415 1137/760/415
f 1135/833/415 1134/834/415 1138/835/415 1114/836/415
f 1139/837/416 1140/719/416 1040/135/416 1039/136/416
f 1113/838/417 1112/531/417 1061/10/417 1060/157/417
f 1117/839/418 1116/840/418 1064/160/418
f 1141/708/419 1142/422/419 1140/719/419 1139/837/419
f 1143/707/420 1144/706/420 1142/422/420 1141/708/420
f 1145/338/251 1146/535/251 1144/706/251 1143/707/251
f 1147/705/421 1148/704/421 1146/535/421 1145/338/421
f 1085/703/422 1059/702/422 1148/704/422 1147/705/422
f 1149/294/423 1150/250/423 1151/295/423 1152/296/423
f 98/841/424 1153/842/424 1154/473/424 1155/843/424
f 1156/747/425 1157/743/425 1158/287/425 1159/844/425
f 1160/845/426 1161/674/426 1157/743/426 1156/747/426
f 1162/846/427 1163/847/427 1164/546/427 1165/848/427
f 1159/844/428 1158/287/428 1166/849/428 1167/850/428
f 1168/851/429 1169/852/429 1163/302/429 1162/853/429
f 1170/736/430 1171/186/430 1169/852/430 1168/851/430
f 1172/854/431 1173/179/431 1171/186/431 1170/736/431
f 1174/855/432 1175/856/432 1173/179/432 1172/854/432
f 950/730/433 949/169/433 1175/856/433 1174/855/433
f 1176/853/434 1177/857/434 970/359/434 969/858/434
f 1167/851/435 1166/852/435 1177/302/435 1176/853/435
f 1178/859/436 1179/860/436 1161/674/436 1160/845/436
f 1180/169/437 1181/168/437 1182/82/437 1183/302/437
f 1184/169/437 1185/168/437 1186/82/437 1187/302/437
f 1188/861/437 1189/168/437 1190/82/437 1191/862/437
f 1183/302/438 1182/82/438 1192/65/438 1193/64/438
f 1187/302/438 1186/82/438 1194/65/438 1195/64/438
f 1191/863/439 1190/82/439 1196/65/439 1197/864/439
f 1193/64/440 1192/65/440 1105/865/440 1104/860/440
f 1195/64/440 1194/65/440 1107/865/440 1164/860/440
f 1197/864/441 1196/65/441 1165/865/441 1198/866/441
f 1199/867/442 1200/868/442 1181/865/442 1180/860/442
f 1201/867/442 1202/868/442 1185/865/442 1184/860/442
f 1203/869/443 1204/868/443 1189/865/443 1188/870/443
f 1205/871/444 1206/393/444 1200/868/444 1199/867/444
f 1207/871/444 1208/393/444 1202/868/444 1201/867/444
f 1209/872/445 1210/393/445 1204/868/445 1203/869/445
f 1211/860/446 1212/865/446 1206/313/446 1205/873/446
f 1179/860/446 1213/865/446 1208/313/446 1207/873/446
f 1214/866/447 1178/865/447 1210/313/447 1209/874/447
f 1109/875/173 1108/876/173 1215/877/173 1216/434/173
f 1137/294/448 1136/250/448 1217/295/448 1218/296/448
f 1115/841/449 1138/842/449 1219/473/449 813/843/449
f 1092/878/450 1091/879/450 798/648/450 797/647/450
f 980/110/451 814/82/451 1217/83/451
f 981/471/451 980/110/451 1217/83/451
f 984/472/451 1218/84/451 1219/85/451
f 985/473/451 984/472/451 1219/85/451
f 1220/880/452 1221/881/452 1222/374/452 1223/882/452
f 1224/883/332 1225/138/332 1226/884/332 1227/885/332
f 1228/886/453 1229/475/453 1230/18/453 1231/887/453
f 1227/885/454 1226/884/454 1232/888/454 1233/889/454
f 1233/889/455 1232/888/455 1234/602/455 1235/890/455
f 1235/890/456 1234/602/456 1236/891/456 1237/892/456
f 1237/892/457 1236/893/457 1221/881/457 1220/880/457
f 1238/894/458 1239/895/458 1240/896/458 1241/897/458
f 1242/2/459 913/82/459 916/83/459
f 1243/3/459 1242/2/459 916/83/459
f 1244/6/459 917/84/459 920/85/459
f 1245/7/459 1244/6/459 920/85/459
f 1246/109/460 1247/535/460 1248/338/460
f 1249/96/460 1246/109/460 1248/338/460
f 1250/197/460 1251/411/460 1252/407/460
f 1253/298/460 1250/197/460 1252/407/460
f 1254/898/461 1255/899/461 1256/900/461 1257/247/461
f 974/901/462 1258/145/462 1225/342/462 971/368/462
f 1231/763/463 1259/18/463 1260/902/463 1261/903/463
f 1262/904/463 1263/830/463 1264/905/463 1265/906/463
f 968/368/464 967/342/464 1266/865/464 1267/860/464
f 972/907/464 1224/908/464 1268/909/464 1269/910/464
f 1267/169/465 1266/168/465 1270/608/465 1271/607/465
f 1269/173/466 1268/172/466 1272/911/466 1273/912/466
f 1271/607/467 1270/608/467 1274/285/467 1275/284/467
f 1273/912/468 1272/911/468 1276/913/468 1277/914/468
f 1275/284/469 1274/285/469 1259/372/469 1230/373/469
f 1277/914/470 1276/913/470 1263/915/470 1262/916/470
f 1265/789/471 1264/135/471 1278/888/471 1279/917/471
f 1279/917/472 1278/888/472 1280/673/472 1281/674/472
f 1281/856/473 1280/638/473 1282/632/473 1283/683/473
f 1283/683/474 1282/632/474 1284/340/474 973/341/474
f 1229/812/475 1285/475/475 1286/14/475 1287/807/475
f 1288/813/476 1289/479/476 1290/918/476 1291/808/476
f 1287/807/477 1286/14/477 1292/357/477 1293/356/477
f 1291/808/478 1290/918/478 1294/810/478 1295/811/478
f 1293/356/479 1292/357/479 1296/884/479 1297/919/479
f 1295/811/480 1294/810/480 1298/920/480 1299/921/480
f 1297/919/481 1296/884/481 1300/374/481 1301/375/481
f 1299/921/482 1298/920/482 1223/922/482 1302/923/482
f 1301/375/483 1300/374/483 1212/865/483 1211/860/483
f 1302/924/484 1222/374/484 1213/865/484 1303/925/484
f 1216/926/485 1215/927/485 1285/27/485 1228/483/485
f 1304/772/486 1305/773/486 1022/18/486 1021/763/486
f 1306/774/486 1307/773/486 1024/18/486 1023/765/486
f 1308/827/486 1309/828/486 1026/829/486 1025/830/486
f 1310/474/487 1311/475/487 1312/902/487 1313/903/487
f 1314/563/488 1315/928/488 1316/929/488 1317/905/488
f 1313/763/489 1312/18/489 1318/493/489 1319/764/489
f 1320/765/490 1321/18/490 1322/493/490 1323/766/490
f 1317/830/490 1324/829/490 1325/831/490 1326/832/490
f 1327/691/491 1328/551/491 1305/328/491 1304/754/491
f 1329/755/492 1330/551/492 1307/328/492 1306/756/492
f 1331/692/492 1332/824/492 1309/825/492 1308/826/492
f 1319/758/493 1318/696/493 1328/638/493 1327/690/493
f 1323/759/493 1322/696/493 1330/638/493 1329/760/493
f 1326/833/493 1325/834/493 1332/835/493 1331/836/493
f 1030/770/332 1029/482/332 1333/930/332 1334/931/332
f 1261/903/494 1260/902/494 1311/372/494 1310/932/494
f 1264/905/495 1315/933/495 1314/934/495
f 1334/931/496 1333/930/496 1335/184/496 1336/293/496
f 1336/293/497 1335/184/497 1337/935/497 1338/936/497
f 1338/936/498 1337/935/498 1339/328/498 1340/330/498
f 1340/330/499 1339/328/499 1341/937/499 1342/938/499
f 1342/938/500 1341/937/500 1258/1/500 1284/4/500
f 1343/294/501 1344/250/501 1321/295/501 1320/296/501
f 1257/619/502 1345/620/502 1324/85/502 1316/621/502
f 1256/939/503 1246/940/503 1249/96/503
f 1344/941/503 1256/939/503 1249/96/503
f 1343/813/503 1250/197/503 1253/298/503
f 1345/942/503 1343/813/503 1253/298/503
f 1241/897/504 1240/896/504 1289/943/504 1288/944/504
f 1346/86/113 1347/82/113 1348/414/113
f 1349/415/113 1346/86/113 1348/414/113
f 1350/88/113 1351/83/113 1352/416/113
f 1353/417/113 1350/88/113 1352/416/113
f 1354/1/505 1355/2/505 1356/3/505
f 1357/4/505 1354/1/505 1356/3/505
f 1358/5/505 1359/6/505 1360/7/505
f 1361/8/505 1358/5/505 1360/7/505
f 1362/1/506 1363/2/506 1364/3/506
f 1365/4/506 1362/1/506 1364/3/506
f 1366/5/506 1367/6/506 1368/7/506
f 1369/8/506 1366/5/506 1368/7/506
f 1370/945/507 1371/393/507 1372/398/507 1373/946/507
f 1374/947/508 1375/141/508 1376/702/508 1377/948/508
f 1378/949/509 1379/130/509 1371/393/509 1370/945/509
f 1380/950/510 1381/198/510 1379/130/510 1378/949/510
f 1382/951/511 1383/952/511 1381/198/511 1380/950/511
f 1384/953/512 1385/937/512 1383/1/512 1382/951/512
f 1386/954/513 1387/328/513 1385/937/513 1384/953/513
f 1388/86/281 1389/82/281 1390/414/281
f 1391/415/281 1388/86/281 1390/414/281
f 1392/88/281 1393/83/281 1394/416/281
f 1395/417/281 1392/88/281 1394/416/281
f 1396/955/514 1397/956/514 1398/957/514 1399/245/514
f 1399/245/515 1398/957/515 1400/958/515 1401/959/515
f 1402/42/516 1403/1/516 1397/250/516 1396/518/516
f 1404/43/516 1405/42/516 1406/518/516 1407/960/516
f 1401/959/517 1400/958/517 1408/961/517 1409/247/517
f 1410/750/518 1411/190/518 1412/189/518 1413/751/518
f 1414/41/519 1415/40/519 1411/42/519 1410/43/519
f 1416/38/520 1417/39/520 1415/40/520 1414/41/520
f 1418/962/521 1419/963/521 1420/964/521 1421/965/521
f 1422/966/522 1423/967/522 1419/963/522 1418/962/522
f 1421/526/523 1420/28/523 1424/968/523 1425/969/523
f 1426/970/523 1427/526/523 1428/969/523 1429/971/523
f 1409/247/524 1408/961/524 1423/967/524 1422/966/524
f 1430/76/525 1431/77/525 1432/78/525 1433/79/525
f 1433/79/526 1432/78/526 1434/80/526 1435/81/526
f 1435/55/527 1434/56/527 1417/57/527 1416/58/527
f 1436/328/528 1437/277/528 1438/329/528
f 1439/330/528 1436/328/528 1438/329/528
f 1440/331/528 1441/332/528 1442/333/528
f 1443/334/528 1440/331/528 1442/333/528
f 1355/2/529 1444/82/529 1445/83/529
f 1356/3/529 1355/2/529 1445/83/529
f 1359/6/529 1446/84/529 1447/85/529
f 1360/7/529 1359/6/529 1447/85/529
f 1448/100/530 1449/101/530 1450/102/530
f 1364/103/530 1448/100/530 1450/102/530
f 1367/104/530 1451/105/530 1452/106/530
f 1453/107/530 1367/104/530 1452/106/530
f 1454/100/531 1455/101/531 1357/102/531
f 1456/103/531 1454/100/531 1357/102/531
f 1457/104/531 1358/105/531 1458/106/531
f 1459/107/531 1457/104/531 1458/106/531
f 1460/388/532 1461/389/532 1462/535/532 1463/972/532
f 1464/973/533 1465/389/533 1466/535/533 1467/974/533
f 1468/975/533 1469/389/533 1470/535/533 1471/539/533
f 1472/976/534 1473/496/534 1461/209/534 1460/387/534
f 1474/977/535 1475/496/535 1465/209/535 1464/303/535
f 1476/978/535 1477/496/535 1469/209/535 1468/376/535
f 1478/654/536 1479/86/536 1473/130/536 1472/979/536
f 1480/980/537 1481/86/537 1475/130/537 1474/981/537
f 1482/982/537 1483/86/537 1477/130/537 1476/983/537
f 1484/984/538 1485/188/538 1486/122/538 1487/985/538
f 1488/770/539 1489/482/539 1485/153/539 1484/251/539
f 1490/769/540 1491/504/540 1489/482/540 1488/770/540
f 1492/695/541 1493/696/541 1491/11/541 1490/771/541
f 1494/492/542 1495/15/542 1493/493/542 1492/494/542
f 1496/495/543 1497/496/543 1495/15/543 1494/492/543
f 1498/976/544 1499/496/544 1500/209/544 1501/387/544
f 1502/977/545 1503/496/545 1504/209/545 1505/303/545
f 1506/978/545 1507/496/545 1508/209/545 1509/376/545
f 1510/654/546 1511/86/546 1499/130/546 1498/979/546
f 1512/980/547 1513/86/547 1503/130/547 1502/981/547
f 1514/982/547 1515/86/547 1507/130/547 1506/983/547
f 1463/972/548 1462/535/548 1511/82/548 1510/986/548
f 1467/974/549 1466/535/549 1513/82/549 1512/304/549
f 1471/539/549 1470/535/549 1515/82/549 1514/987/549
f 1405/988/550 1372/989/550 1516/184/550 1412/183/550
f 1517/990/551 1518/991/551 1519/142/551 1374/992/551
f 1520/993/551 1521/994/551 1522/995/551 1523/996/551
f 1524/997/552 1525/704/552 1403/1/552 1402/42/552
f 1526/998/553 1527/999/553 1373/1/553 1404/1000/553
f 1528/1001/554 1529/496/554 1525/704/554 1524/997/554
f 1530/1002/555 1531/1003/555 1527/999/555 1526/998/555
f 1532/1004/556 1533/706/556 1529/130/556 1528/370/556
f 1534/1005/557 1535/1006/557 1531/1007/557 1530/1008/557
f 1375/56/558 1519/531/558 1533/706/558 1532/1004/558
f 1523/1009/558 1522/1010/558 1535/1006/558 1534/1005/558
f 1536/734/559 1537/1011/559 1521/422/559 1520/462/559
f 1538/183/560 1539/184/560 1537/185/560 1536/186/560
f 1540/187/561 1541/188/561 1539/184/561 1538/183/561
f 1413/189/562 1542/129/562 1541/153/562 1540/154/562
f 1543/45/563 1544/44/563 1545/277/563 1376/253/563
f 1546/1012/564 1547/1013/564 1548/480/564 1549/332/564
f 1550/734/565 1551/1011/565 1544/44/565 1543/45/565
f 1552/1014/566 1553/1015/566 1547/1013/566 1546/1012/566
f 1554/1016/567 1555/419/567 1551/185/567 1550/186/567
f 1556/1017/568 1557/1018/568 1553/1019/568 1552/1020/568
f 1558/194/569 1559/109/569 1555/419/569 1554/1016/569
f 1560/197/570 1386/1021/570 1557/1018/570 1556/1017/570
f 1561/807/571 1562/14/571 1559/328/571 1558/339/571
f 1563/1022/572 1564/14/572 1387/328/572 1560/1023/572
f 1377/1024/573 1545/1025/573 1565/185/573 1566/242/573
f 1567/1026/574 1568/1027/574 1569/702/574 1570/1028/574
f 1571/1029/575 1572/1030/575 1573/1031/575 1574/1032/575
f 1501/388/576 1500/389/576 1575/535/576 1576/972/576
f 1505/973/576 1504/389/576 1577/535/576 1578/974/576
f 1509/390/576 1508/1033/576 1579/1034/576 1580/1035/576
f 1576/972/577 1575/535/577 1581/82/577 1582/986/577
f 1578/974/578 1577/535/578 1583/82/578 1584/304/578
f 1580/1035/578 1579/1034/578 1585/1036/578 1586/1037/578
f 1582/654/579 1581/86/579 1587/130/579 1588/979/579
f 1584/980/579 1583/86/579 1589/130/579 1590/981/579
f 1586/658/579 1585/1038/579 1591/1039/579 1592/1040/579
f 1588/976/580 1587/496/580 1568/209/580 1567/387/580
f 1590/977/581 1589/496/581 1593/209/581 1594/303/581
f 1592/1041/581 1591/1042/581 1595/1043/581 1571/1044/581
f 1596/1045/87 1597/198/87 1497/130/87 1496/131/87
f 1570/1028/582 1569/702/582 1518/422/582 1517/507/582
f 1574/1032/583 1573/1031/583 1521/510/583
f 1598/4/584 1599/1/584 1597/198/584 1596/1045/584
f 1600/938/585 1601/937/585 1599/1/585 1598/4/585
f 1602/330/416 1603/328/416 1601/937/416 1600/938/416
f 1604/936/586 1605/935/586 1603/328/586 1602/330/586
f 1542/293/587 1516/184/587 1605/935/587 1604/936/587
f 1606/970/588 1607/526/588 1608/607/588 1609/1046/588
f 1610/1047/589 1611/373/589 1607/1048/589 1606/1049/589
f 1612/1050/590 1613/167/590 1614/807/590 1615/1051/590
f 1609/1046/591 1608/607/591 1616/1052/591 1617/1053/591
f 1618/1054/592 1619/1055/592 1613/167/592 1612/1050/592
f 1620/41/593 1621/40/593 1619/1055/593 1618/1054/593
f 1622/1056/594 1623/523/594 1621/40/594 1620/41/594
f 1624/1057/595 1625/218/595 1623/526/595 1622/970/595
f 1407/960/596 1406/518/596 1625/218/596 1624/1057/596
f 1626/1058/597 1627/368/597 1427/668/597 1426/1059/597
f 1617/1053/598 1616/1052/598 1627/368/598 1626/1058/598
f 1628/1060/599 1629/1061/599 1611/373/599 1610/1047/599
f 1630/518/600 1631/250/600 1632/342/600 1633/368/600
f 1634/518/600 1635/250/600 1636/342/600 1637/368/600
f 1638/1062/600 1639/250/600 1640/342/600 1641/1063/600
f 1633/368/601 1632/342/601 1642/454/601 1643/453/601
f 1637/368/601 1636/342/601 1644/454/601 1645/453/601
f 1641/1063/602 1640/342/602 1646/454/602 1647/1064/602
f 1643/453/603 1642/454/603 1562/1065/603 1561/1061/603
f 1645/453/603 1644/454/603 1564/1065/603 1614/1061/603
f 1647/1064/604 1646/454/604 1615/1065/604 1648/1066/604
f 1649/1067/605 1650/1068/605 1631/1065/605 1630/1061/605
f 1651/1067/605 1652/1068/605 1635/1065/605 1634/1061/605
f 1653/1069/606 1654/1068/606 1639/1065/606 1638/1070/606
f 1655/279/607 1656/278/607 1650/1068/607 1649/1067/607
f 1657/279/607 1658/278/607 1652/1068/607 1651/1067/607
f 1659/281/608 1660/278/608 1654/1068/608 1653/1069/608
f 1661/518/609 1662/250/609 1656/278/609 1655/279/609
f 1629/518/609 1663/250/609 1658/278/609 1657/279/609
f 1664/1071/610 1628/250/610 1660/278/610 1659/281/610
f 1566/1072/117 1565/1073/117 1665/1074/117 1666/727/117
f 1594/294/611 1593/250/611 1667/295/611 1668/296/611
f 1572/1075/612 1595/1076/612 1669/333/612 1254/1077/612
f 1549/1078/613 1548/1079/613 1239/895/613 1238/894/613
f 1437/277/614 1255/110/614 1667/471/614
f 1438/329/614 1437/277/614 1667/471/614
f 1441/332/614 1668/472/614 1669/473/614
f 1442/333/614 1441/332/614 1669/473/614
f 1670/1080/615 1671/371/615 1672/65/615 1673/1081/615
f 1674/1082/616 1675/1083/616 1676/1084/616 1677/1085/616
f 1678/1086/617 1679/273/617 1671/371/617 1670/1080/617
f 1673/1081/618 1672/65/618 1675/1087/618 1674/1082/618
f 1677/1085/619 1676/1084/619 1680/274/619 1681/1088/619
f 1682/1089/498 1683/968/498 1679/273/498 1678/1086/498
f 1684/1090/620 1685/122/620 1686/277/620 1687/1091/620
f 1688/2/621 1362/82/621 1365/83/621
f 1689/3/621 1688/2/621 1365/83/621
f 1690/6/621 1366/84/621 1369/85/621
f 1691/7/621 1690/6/621 1369/85/621
f 1692/475/622 1693/109/622 1694/96/622
f 1695/941/622 1692/475/622 1694/96/622
f 1696/813/622 1697/197/622 1698/298/622
f 1699/942/622 1696/813/622 1698/298/622
f 40/37/623 39/36/623 1700/1092/623 1701/1093/623
f 1431/77/624 1702/141/624 1683/968/624 1428/969/624
f 1687/497/625 1703/498/625 1704/82/625 1705/986/625
f 1706/1094/625 1707/567/625 1708/1037/625 1709/1095/625
f 1425/969/626 1424/968/626 1710/454/626 1711/453/626
f 1429/1096/626 1682/1097/626 1712/1098/626 1713/1099/626
f 1711/592/627 1710/1100/627 1714/82/627 1715/302/627
f 1713/1101/628 1712/1102/628 1716/1103/628 1717/661/628
f 1715/302/629 1714/82/629 1718/599/629 1719/598/629
f 1717/661/630 1716/1103/630 1720/1104/630 1721/664/630
f 1719/598/631 1718/599/631 1703/286/631 1686/287/631
f 1721/664/632 1720/1104/632 1707/1105/632 1706/666/632
f 1709/470/633 1708/504/633 1722/702/633 1723/445/633
f 1723/445/634 1722/702/634 1724/357/634 1725/356/634
f 1725/443/635 1724/800/635 1726/10/635 1727/73/635
f 1727/73/636 1726/10/636 1728/142/636 1430/74/636
f 1685/194/637 1729/109/637 1730/419/637 1731/1016/637
f 1701/197/638 1700/114/638 1732/1106/638 1733/1017/638
f 1731/1016/639 1730/419/639 1734/185/639 1735/186/639
f 1733/1017/640 1732/1106/640 1736/1019/640 1737/1020/640
f 1735/186/641 1734/185/641 1738/273/641 1739/262/641
f 1737/1020/642 1736/1019/642 1740/1107/642 1741/1108/642
f 1739/262/643 1738/273/643 1742/274/643 1743/269/643
f 1741/1108/644 1740/1107/644 1681/1109/644 1744/1110/644
f 1743/269/645 1742/274/645 1662/1065/645 1661/1061/645
f 1744/1111/646 1680/274/646 1663/1065/646 1745/1112/646
f 1666/1113/647 1665/1114/647 1729/109/647 1684/108/647
f 1746/972/648 1747/535/648 1479/82/648 1478/986/648
f 1748/974/648 1749/535/648 1481/82/648 1480/304/648
f 1750/1035/648 1751/1034/648 1483/1036/648 1482/1037/648
f 1752/116/649 1753/117/649 1754/82/649 1755/986/649
f 1756/232/650 1757/1115/650 1155/1116/650 1758/1037/650
f 1755/654/651 1754/86/651 1759/130/651 1760/979/651
f 1152/980/652 1151/86/652 1761/130/652 1762/981/652
f 1758/658/652 1154/1038/652 1763/1039/652 1764/1040/652
f 1765/388/653 1766/389/653 1747/535/653 1746/972/653
f 1767/973/654 1768/389/654 1749/535/654 1748/974/654
f 1769/390/654 1770/1033/654 1751/1034/654 1750/1035/654
f 1760/976/655 1759/496/655 1766/209/655 1765/387/655
f 1762/977/655 1761/496/655 1768/209/655 1767/303/655
f 1764/1041/655 1763/1042/655 1770/1043/655 1769/1044/655
f 1487/985/498 1486/122/498 1771/1117/498 1772/1118/498
f 1705/654/656 1704/86/656 1753/122/656 1752/123/656
f 1708/658/657 1757/1119/657 1756/237/657
f 1772/1118/658 1771/1117/658 1773/532/658 1774/50/658
f 1774/50/659 1773/532/659 1775/1120/659 1776/1121/659
f 1776/1121/119 1775/1120/119 1777/277/119 1778/329/119
f 1778/329/660 1777/277/660 1779/217/660 1780/1122/660
f 1780/1122/661 1779/217/661 1702/142/661 1728/143/661
f 97/1123/662 1692/1124/662 1695/247/662
f 1150/99/662 97/1123/662 1695/247/662
f 1149/1125/662 1696/1126/662 1699/620/662
f 1153/842/662 1149/1125/662 1699/620/662
usemtl BIGBRIK2
f 1781/148/663 1782/135/663 1/273/663 100/1127/663
f 1783/1128/663 1784/1129/663 103/1130/663 8/1131/663
f 1785/1132/664 1786/142/664 1782/902/664 1781/1133/664
f 1787/1134/664 1788/1135/664 1784/1136/664 1783/1137/664
f 1789/304/665 1790/82/665 1786/455/665 1785/1138/665
f 1791/85/665 1792/1139/665 1788/1140/665 1787/1141/665
f 1793/1142/666 1794/10/666 1790/82/666 1789/304/666
f 1795/1143/666 1796/1144/666 1792/1139/666 1791/85/666
f 1797/774/667 1798/773/667 1794/10/667 1793/1142/667
f 1799/1145/667 1800/1146/667 1796/1144/667 1795/1143/667
f 105/1147/668 10/175/668 1798/328/668 1797/756/668
f 15/1148/668 110/1149/668 1800/1150/668 1799/334/668
f 1801/34/117 1802/1151/117 1803/1152/117 1804/1153/117
f 1805/34/113 1806/1151/113 1802/1152/113 1801/1153/113
f 1807/322/669 85/286/669 88/1154/669
f 1808/1155/669 1807/322/669 88/1154/669
f 1809/382/669 89/1156/669 92/1157/669
f 1810/1158/669 1809/382/669 92/1157/669
f 1811/184/670 1807/322/670 1808/1155/670
f 1812/293/670 1811/184/670 1808/1155/670
f 1813/200/670 1809/382/670 1810/1158/670
f 1814/1159/670 1813/200/670 1810/1158/670
f 1815/209/671 1811/891/671 1812/1160/671
f 1816/1161/671 1815/209/671 1812/1160/671
f 1817/212/671 1813/1162/671 1814/1163/671
f 1818/1076/671 1817/212/671 1814/1163/671
f 81/138/672 1815/364/672 1816/441/672
f 82/139/672 81/138/672 1816/441/672
f 83/1164/672 1817/1165/672 1818/1166/672
f 84/1167/672 83/1164/672 1818/1166/672
f 1819/1168/117 1820/1169/117 299/1170/117 214/1171/117
f 1804/1153/117 1803/1152/117 1820/1172/117 1819/1173/117
f 1821/34/281 1822/1151/281 1823/1152/281 1824/1153/281
f 1824/34/113 1823/1151/113 1825/1152/113 1826/1153/113
f 1827/532/673 359/82/673 360/83/673
f 1828/50/673 1827/532/673 360/83/673
f 1829/542/673 361/84/673 362/85/673
f 1830/1174/673 1829/542/673 362/85/673
f 1831/551/674 1827/532/674 1828/50/674
f 1832/1175/674 1831/551/674 1828/50/674
f 1833/552/674 1829/542/674 1830/1174/674
f 1834/1176/674 1833/552/674 1830/1174/674
f 1835/531/675 1831/638/675 1832/99/675
f 1836/1177/675 1835/531/675 1832/99/675
f 1837/1178/675 1833/1125/675 1834/842/675
f 1838/1179/675 1837/1178/675 1834/842/675
f 352/482/676 1835/398/676 1836/399/676
f 353/770/676 352/482/676 1836/399/676
f 356/1180/676 1837/1181/676 1838/1182/676
f 357/1183/676 356/1180/676 1838/1182/676
f 412/1168/677 315/1184/677 1839/1185/677 1840/1171/677
f 1840/1153/281 1839/1152/281 1822/1172/281 1821/1173/281
f 557/1147/678 472/175/678 1841/328/678 1842/756/678
f 477/1148/678 562/1149/678 1843/1150/678 1844/334/678
f 1845/304/679 1846/82/679 1847/455/679 1848/1138/679
f 1849/85/679 1850/1139/679 1851/1140/679 1852/1141/679
f 1848/1132/680 1847/142/680 1853/902/680 1854/1133/680
f 1852/1134/680 1851/1135/680 1855/1136/680 1856/1137/680
f 1854/148/681 1853/135/681 463/273/681 564/1127/681
f 1856/1128/681 1855/1129/681 567/1130/681 470/1131/681
f 1857/1142/682 1858/10/682 1846/82/682 1845/304/682
f 1859/1143/682 1860/1144/682 1850/1139/682 1849/85/682
f 1842/774/683 1841/773/683 1858/10/683 1857/1142/683
f 1844/1145/683 1843/1146/683 1860/1144/683 1859/1143/683
f 553/138/684 1861/364/684 1862/441/684
f 554/139/684 553/138/684 1862/441/684
f 555/1164/684 1863/1165/684 1864/1166/684
f 556/1167/684 555/1164/684 1864/1166/684
f 1861/209/685 1865/891/685 1866/1160/685
f 1862/1161/685 1861/209/685 1866/1160/685
f 1863/212/685 1867/1162/685 1868/1163/685
f 1864/1076/685 1863/212/685 1868/1163/685
f 1865/184/686 1869/322/686 1870/1155/686
f 1866/293/686 1865/184/686 1870/1155/686
f 1867/200/686 1871/382/686 1872/1158/686
f 1868/1159/686 1867/200/686 1872/1158/686
f 1869/322/687 545/286/687 548/1154/687
f 1870/1155/687 1869/322/687 548/1154/687
f 1871/382/687 549/1156/687 552/1157/687
f 1872/1158/687 1871/382/687 552/1157/687
f 1873/1153/173 1874/1152/173 1875/1172/173 1876/1173/173
f 1877/1168/113 1878/1169/113 757/1170/113 672/1171/113
f 1826/1153/113 1825/1152/113 1878/1172/113 1877/1173/113
f 1876/34/173 1875/1151/173 1879/1152/173 1880/1153/173
f 1880/34/281 1879/1151/281 1881/1152/281 1882/1153/281
f 1883/532/688 801/82/688 802/83/688
f 1884/50/688 1883/532/688 802/83/688
f 1885/542/688 803/84/688 804/85/688
f 1886/1174/688 1885/542/688 804/85/688
f 1887/551/689 1883/532/689 1884/50/689
f 1888/1175/689 1887/551/689 1884/50/689
f 1889/552/689 1885/542/689 1886/1174/689
f 1890/1176/689 1889/552/689 1886/1174/689
f 1891/531/690 1887/638/690 1888/99/690
f 1892/1177/690 1891/531/690 1888/99/690
f 1893/1178/690 1889/1125/690 1890/842/690
f 1894/1179/690 1893/1178/690 1890/842/690
f 806/482/691 1891/398/691 1892/399/691
f 807/770/691 806/482/691 1892/399/691
f 810/1180/691 1893/1181/691 1894/1182/691
f 811/1183/691 810/1180/691 1894/1182/691
f 862/1168/692 773/1184/692 1874/1185/692 1873/1171/692
f 991/1147/693 914/175/693 1895/328/693 1896/756/693
f 919/1148/693 996/1149/693 1897/1150/693 1898/334/693
f 1899/304/694 1900/82/694 1901/455/694 1902/1138/694
f 1903/85/694 1904/1139/694 1905/1140/694 1906/1141/694
f 1902/1132/695 1901/142/695 1907/902/695 1908/1133/695
f 1906/1134/695 1905/1135/695 1909/1136/695 1910/1137/695
f 1908/148/696 1907/135/696 905/273/696 998/1127/696
f 1910/1128/696 1909/1129/696 1001/1130/696 912/1131/696
f 1911/1142/697 1912/10/697 1900/82/697 1899/304/697
f 1913/1143/697 1914/1144/697 1904/1139/697 1903/85/697
f 1896/774/698 1895/773/698 1912/10/698 1911/1142/698
f 1898/1145/698 1897/1146/698 1914/1144/698 1913/1143/698
f 987/134/699 1915/209/699 1916/1161/699
f 988/133/699 987/134/699 1916/1161/699
f 989/1186/699 1917/212/699 1918/1076/699
f 990/1187/699 989/1186/699 1918/1076/699
f 1915/389/700 1919/184/700 1920/293/700
f 1916/1188/700 1915/389/700 1920/293/700
f 1917/1189/700 1921/200/700 1922/1159/700
f 1918/1190/700 1917/1189/700 1922/1159/700
f 1919/184/701 1923/322/701 1924/1155/701
f 1920/293/701 1919/184/701 1924/1155/701
f 1921/200/701 1925/382/701 1926/1158/701
f 1922/1159/701 1921/200/701 1926/1158/701
f 1923/322/702 979/286/702 982/1154/702
f 1924/1155/702 1923/322/702 982/1154/702
f 1925/382/702 983/1156/702 986/1157/702
f 1926/1158/702 1925/382/702 986/1157/702
f 1927/1168/281 1928/1169/281 1198/1170/281 1106/1171/281
f 1882/1153/281 1881/1152/281 1928/1172/281 1927/1173/281
f 1929/34/117 1930/1151/117 1931/1152/117 1932/1153/117
f 1932/34/173 1931/1151/173 1933/1152/173 1934/1153/173
f 1935/532/703 1242/82/703 1243/83/703
f 1936/50/703 1935/532/703 1243/83/703
f 1937/542/703 1244/84/703 1245/85/703
f 1938/1174/703 1937/542/703 1245/85/703
f 1939/638/704 1935/1087/704 1936/1191/704
f 1940/99/704 1939/638/704 1936/1191/704
f 1941/1125/704 1937/1192/704 1938/1193/704
f 1942/842/704 1941/1125/704 1938/1193/704
f 1943/398/705 1939/673/705 1940/732/705
f 1944/399/705 1943/398/705 1940/732/705
f 1945/1181/705 1941/1194/705 1942/1195/705
f 1946/1182/705 1945/1181/705 1942/1195/705
f 1247/482/706 1943/398/706 1944/399/706
f 1248/770/706 1247/482/706 1944/399/706
f 1251/1180/706 1945/1181/706 1946/1182/706
f 1252/1183/706 1251/1180/706 1946/1182/706
f 1303/1168/707 1214/1184/707 1947/1185/707 1948/1171/707
f 1948/1153/117 1947/1152/117 1930/1172/117 1929/1173/117
f 1448/1147/708 1363/175/708 1949/328/708 1950/756/708
f 1368/1148/708 1453/1149/708 1951/1150/708 1952/334/708
f 1953/304/709 1954/82/709 1955/455/709 1956/1138/709
f 1957/85/709 1958/1139/709 1959/1140/709 1960/1141/709
f 1956/1132/710 1955/142/710 1961/902/710 1962/1133/710
f 1960/1134/710 1959/1135/710 1963/1136/710 1964/1137/710
f 1962/148/711 1961/135/711 1354/273/711 1455/1127/711
f 1964/1128/711 1963/1129/711 1458/1130/711 1361/1131/711
f 1965/1142/712 1966/10/712 1954/82/712 1953/304/712
f 1967/1143/712 1968/1144/712 1958/1139/712 1957/85/712
f 1950/774/713 1949/773/713 1966/10/713 1965/1142/713
f 1952/1145/713 1951/1146/713 1968/1144/713 1967/1143/713
f 1444/134/714 1969/209/714 1970/1161/714
f 1445/133/714 1444/134/714 1970/1161/714
f 1446/1186/714 1971/212/714 1972/1076/714
f 1447/1187/714 1446/1186/714 1972/1076/714
f 1969/389/715 1973/184/715 1974/293/715
f 1970/1188/715 1969/389/715 1974/293/715
f 1971/1189/715 1975/200/715 1976/1159/715
f 1972/1190/715 1971/1189/715 1976/1159/715
f 1973/184/716 1977/322/716 1978/1155/716
f 1974/293/716 1973/184/716 1978/1155/716
f 1975/200/716 1979/382/716 1980/1158/716
f 1976/1159/716 1975/200/716 1980/1158/716
f 1977/322/717 1436/286/717 1439/1154/717
f 1978/1155/717 1977/322/717 1439/1154/717
f 1979/382/717 1440/1156/717 1443/1157/717
f 1980/1158/717 1979/382/717 1443/1157/717
f 1981/1153/113 1982/1152/113 1806/1172/113 1805/1173/113
f 1983/1168/173 1984/1169/173 1648/1170/173 1563/1171/173
f 1934/1153/173 1933/1152/173 1984/1172/173 1983/1173/173
f 1985/532/718 1688/82/718 1689/83/718
f 1986/50/718 1985/532/718 1689/83/718
f 1987/542/718 1690/84/718 1691/85/718
f 1988/1174/718 1987/542/718 1691/85/718
f 1989/638/719 1985/1087/719 1986/1191/719
f 1990/99/719 1989/638/719 1986/1191/719
f 1991/1125/719 1987/1192/719 1988/1193/719
f 1992/842/719 1991/1125/719 1988/1193/719
f 1993/531/720 1989/638/720 1990/99/720
f 1994/1177/720 1993/531/720 1990/99/720
f 1995/1178/720 1991/1125/720 1992/842/720
f 1996/1179/720 1995/1178/720 1992/842/720
f 1693/482/721 1993/398/721 1994/399/721
f 1694/770/721 1693/482/721 1994/399/721
f 1697/1180/721 1995/1181/721 1996/1182/721
f 1698/1183/721 1697/1180/721 1996/1182/721
f 1745/1168/722 1664/1184/722 1982/1185/722 1981/1171/722
usemtl STARTAN2
f 1997/632/723 99/655/723 101/1196/723
f 1998/1197/723 1997/632/723 101/1196/723
f 1999/1198/723 102/1199/723 104/1200/723
f 2000/686/723 1999/1198/723 104/1200/723
f 2001/82/724 1997/632/724 1998/1197/724
f 2002/414/724 2001/82/724 1998/1197/724
f 2003/83/724 1999/1198/724 2000/686/724
f 2004/416/724 2003/83/724 2000/686/724
f 2005/130/725 2001/82/725 2002/414/725
f 2006/1201/725 2005/130/725 2002/414/725
f 2007/131/725 2003/83/725 2004/416/725
f 2008/1202/725 2007/131/725 2004/416/725
f 2009/364/726 2005/100/726 2006/103/726
f 2010/1203/726 2009/364/726 2006/103/726
f 2011/441/726 2007/104/726 2008/107/726
f 2012/1204/726 2011/441/726 2008/107/726
f 2013/632/727 2009/364/727 2010/1203/727
f 2014/1197/727 2013/632/727 2010/1203/727
f 2015/1198/727 2011/441/727 2012/1204/727
f 2016/686/727 2015/1198/727 2012/1204/727
f 2017/82/728 2013/632/728 2014/1197/728
f 2018/414/728 2017/82/728 2014/1197/728
f 2019/83/728 2015/1198/728 2016/686/728
f 2020/416/728 2019/83/728 2016/686/728
f 2021/27/173 2017/82/173 2018/414/173
f 2022/1205/173 2021/27/173 2018/414/173
f 2023/247/173 2019/83/173 2020/416/173
f 2024/220/173 2023/247/173 2020/416/173
f 106/137/729 2025/209/729 2026/1206/729
f 107/1207/729 106/137/729 2026/1206/729
f 108/93/729 2027/1161/729 2028/1208/729
f 109/1209/729 108/93/729 2028/1208/729
f 2025/209/730 2029/130/730 2030/1201/730
f 2026/1206/730 2025/209/730 2030/1201/730
f 2027/1161/730 2031/131/730 2032/1202/730
f 2028/1208/730 2027/1161/730 2032/1202/730
f 2029/130/731 2033/82/731 2034/414/731
f 2030/1201/731 2029/130/731 2034/414/731
f 2031/131/731 2035/83/731 2036/416/731
f 2032/1202/731 2031/131/731 2036/416/731
f 2033/86/732 2037/535/732 2038/1210/732
f 2034/415/732 2033/86/732 2038/1210/732
f 2035/88/732 2039/338/732 2040/816/732
f 2036/417/732 2035/88/732 2040/816/732
f 2037/535/733 2041/209/733 2042/1206/733
f 2038/1210/733 2037/535/733 2042/1206/733
f 2039/338/733 2043/1161/733 2044/1208/733
f 2040/816/733 2039/338/733 2044/1208/733
f 2041/209/734 2045/130/734 2046/1201/734
f 2042/1206/734 2041/209/734 2046/1201/734
f 2043/1161/734 2047/131/734 2048/1202/734
f 2044/1208/734 2043/1161/734 2048/1202/734
f 2045/130/173 2049/27/173 2050/1205/173
f 2046/1201/173 2045/130/173 2050/1205/173
f 2047/131/173 2051/247/173 2052/220/173
f 2048/1202/173 2047/131/173 2052/220/173
f 2053/1211/113 2054/1212/113 2055/987/113 2056/1213/113
f 324/1214/735 323/1215/735 2057/82/735 2058/302/735
f 2058/370/113 2057/130/113 322/82/113 321/302/113
f 328/1216/735 327/1215/735 2059/82/735 2060/304/735
f 2060/981/113 2059/130/113 326/82/113 325/304/113
f 456/135/281 2061/638/281 2062/1217/281
f 457/1218/281 456/135/281 2062/1217/281
f 460/136/281 2063/99/281 2064/1219/281
f 461/1220/281 460/136/281 2064/1219/281
f 2065/322/117 455/342/117 458/1221/117
f 2066/1222/117 2065/322/117 458/1221/117
f 2067/1155/117 459/626/117 462/1223/117
f 2068/383/117 2067/1155/117 462/1223/117
f 2069/278/736 2065/322/736 2066/1222/736
f 2070/1224/736 2069/278/736 2066/1222/736
f 2071/1225/736 2067/1155/736 2068/383/736
f 2072/1226/736 2071/1225/736 2068/383/736
f 2073/393/737 2021/27/737 2022/1205/737
f 2074/1227/737 2073/393/737 2022/1205/737
f 2075/394/737 2023/247/737 2024/220/737
f 2076/1228/737 2075/394/737 2024/220/737
f 2077/142/738 2073/393/738 2074/1227/738
f 2078/1229/738 2077/142/738 2074/1227/738
f 2079/143/738 2075/394/738 2076/1228/738
f 2080/1230/738 2079/143/738 2076/1228/738
f 2081/2/739 2077/142/739 2078/1229/739
f 2082/1231/739 2081/2/739 2078/1229/739
f 2083/3/739 2079/143/739 2080/1230/739
f 2084/1232/739 2083/3/739 2080/1230/739
f 2061/638/740 2081/2/740 2082/1231/740
f 2062/1217/740 2061/638/740 2082/1231/740
f 2063/99/740 2083/3/740 2084/1232/740
f 2064/1219/740 2063/99/740 2084/1232/740
f 2085/138/741 2069/278/741 2070/1224/741
f 2086/1233/741 2085/138/741 2070/1224/741
f 2087/139/741 2071/1225/741 2072/1226/741
f 2088/1234/741 2087/139/741 2072/1226/741
f 2089/295/742 2085/138/742 2086/1233/742
f 2090/1235/742 2089/295/742 2086/1233/742
f 2091/451/742 2087/139/742 2088/1234/742
f 2092/1236/742 2091/451/742 2088/1234/742
f 2049/27/743 2089/295/743 2090/1235/743
f 2050/1205/743 2049/27/743 2090/1235/743
f 2051/247/743 2091/451/743 2092/1236/743
f 2052/220/743 2051/247/743 2092/1236/743
f 498/135/173 2093/638/173 2094/1217/173
f 499/1218/173 498/135/173 2094/1217/173
f 502/136/173 2095/99/173 2096/1219/173
f 503/1220/173 502/136/173 2096/1219/173
f 2097/393/744 2098/27/744 2099/1205/744
f 2100/1227/744 2097/393/744 2099/1205/744
f 2101/394/744 2102/247/744 2103/220/744
f 2104/1228/744 2101/394/744 2103/220/744
f 2105/278/745 2106/322/745 2107/1222/745
f 2108/1224/745 2105/278/745 2107/1222/745
f 2109/1225/745 2110/1155/745 2111/383/745
f 2112/1226/745 2109/1225/745 2111/383/745
f 2106/322/113 497/342/113 500/1221/113
f 2107/1222/113 2106/322/113 500/1221/113
f 2110/1155/113 501/626/113 504/1223/113
f 2111/383/113 2110/1155/113 504/1223/113
f 2113/142/746 2097/393/746 2100/1227/746
f 2114/1229/746 2113/142/746 2100/1227/746
f 2115/143/746 2101/394/746 2104/1228/746
f 2116/1230/746 2115/143/746 2104/1228/746
f 2117/2/747 2113/142/747 2114/1229/747
f 2118/1231/747 2117/2/747 2114/1229/747
f 2119/3/747 2115/143/747 2116/1230/747
f 2120/1232/747 2119/3/747 2116/1230/747
f 2093/638/748 2117/2/748 2118/1231/748
f 2094/1217/748 2093/638/748 2118/1231/748
f 2095/99/748 2119/3/748 2120/1232/748
f 2096/1219/748 2095/99/748 2120/1232/748
f 2121/138/749 2105/278/749 2108/1224/749
f 2122/1233/749 2121/138/749 2108/1224/749
f 2123/139/749 2109/1225/749 2112/1226/749
f 2124/1234/749 2123/139/749 2112/1226/749
f 2125/295/750 2121/138/750 2122/1233/750
f 2126/1235/750 2125/295/750 2122/1233/750
f 2127/451/750 2123/139/750 2124/1234/750
f 2128/1236/750 2127/451/750 2124/1234/750
f 2129/27/751 2125/295/751 2126/1235/751
f 2130/1205/751 2129/27/751 2126/1235/751
f 2131/247/751 2127/451/751 2128/1236/751
f 2132/220/751 2131/247/751 2128/1236/751
f 2133/209/752 2134/130/752 2135/1201/752
f 2136/1206/752 2133/209/752 2135/1201/752
f 2137/1161/752 2138/131/752 2139/1202/752
f 2140/1208/752 2137/1161/752 2139/1202/752
f 2098/27/117 2141/82/117 2142/414/117
f 2099/1205/117 2098/27/117 2142/414/117
f 2102/247/117 2143/83/117 2144/416/117
f 2103/220/117 2102/247/117 2144/416/117
f 2145/632/753 563/655/753 565/1196/753
f 2146/1197/753 2145/632/753 565/1196/753
f 2147/1198/753 566/1199/753 568/1200/753
f 2148/686/753 2147/1198/753 568/1200/753
f 2149/535/754 2133/209/754 2136/1206/754
f 2150/1210/754 2149/535/754 2136/1206/754
f 2151/338/754 2137/1161/754 2140/1208/754
f 2152/816/754 2151/338/754 2140/1208/754
f 2153/86/755 2149/535/755 2150/1210/755
f 2154/415/755 2153/86/755 2150/1210/755
f 2155/88/755 2151/338/755 2152/816/755
f 2156/417/755 2155/88/755 2152/816/755
f 2157/130/756 2153/82/756 2154/414/756
f 2158/1201/756 2157/130/756 2154/414/756
f 2159/131/756 2155/83/756 2156/416/756
f 2160/1202/756 2159/131/756 2156/416/756
f 2161/209/757 2157/130/757 2158/1201/757
f 2162/1206/757 2161/209/757 2158/1201/757
f 2163/1161/757 2159/131/757 2160/1202/757
f 2164/1208/757 2163/1161/757 2160/1202/757
f 2165/82/758 2145/632/758 2146/1197/758
f 2166/414/758 2165/82/758 2146/1197/758
f 2167/83/758 2147/1198/758 2148/686/758
f 2168/416/758 2167/83/758 2148/686/758
f 2169/130/759 2165/82/759 2166/414/759
f 2170/1201/759 2169/130/759 2166/414/759
f 2171/131/759 2167/83/759 2168/416/759
f 2172/1202/759 2171/131/759 2168/416/759
f 2173/364/760 2169/100/760 2170/103/760
f 2174/1203/760 2173/364/760 2170/103/760
f 2175/441/760 2171/104/760 2172/107/760
f 2176/1204/760 2175/441/760 2172/107/760
f 2177/632/761 2173/364/761 2174/1203/761
f 2178/1197/761 2177/632/761 2174/1203/761
f 2179/1198/761 2175/441/761 2176/1204/761
f 2180/686/761 2179/1198/761 2176/1204/761
f 2141/82/762 2177/632/762 2178/1197/762
f 2142/414/762 2141/82/762 2178/1197/762
f 2143/83/762 2179/1198/762 2180/686/762
f 2144/416/762 2143/83/762 2180/686/762
f 2134/130/117 2129/27/117 2130/1205/117
f 2135/1201/117 2134/130/117 2130/1205/117
f 2138/131/117 2131/247/117 2132/220/117
f 2139/1202/117 2138/131/117 2132/220/117
f 558/137/763 2161/209/763 2162/1206/763
f 559/1207/763 558/137/763 2162/1206/763
f 560/93/763 2163/1161/763 2164/1208/763
f 561/1209/763 560/93/763 2164/1208/763
f 2056/1211/281 2055/1212/281 2181/987/281 2182/1213/281
f 2183/209/764 2184/130/764 2185/1201/764
f 2186/1206/764 2183/209/764 2185/1201/764
f 2187/1161/764 2188/131/764 2189/1202/764
f 2190/1208/764 2187/1161/764 2189/1202/764
f 2191/27/113 2192/82/113 2193/414/113
f 2194/1205/113 2191/27/113 2193/414/113
f 2195/247/113 2196/83/113 2197/416/113
f 2198/220/113 2195/247/113 2197/416/113
f 2199/632/765 997/655/765 999/1196/765
f 2200/1197/765 2199/632/765 999/1196/765
f 2201/1198/765 1000/1199/765 1002/1200/765
f 2202/686/765 2201/1198/765 1002/1200/765
f 2203/535/766 2183/209/766 2186/1206/766
f 2204/1210/766 2203/535/766 2186/1206/766
f 2205/338/766 2187/1161/766 2190/1208/766
f 2206/816/766 2205/338/766 2190/1208/766
f 2207/86/767 2203/535/767 2204/1210/767
f 2208/415/767 2207/86/767 2204/1210/767
f 2209/88/767 2205/338/767 2206/816/767
f 2210/417/767 2209/88/767 2206/816/767
f 2211/130/768 2207/82/768 2208/414/768
f 2212/1201/768 2211/130/768 2208/414/768
f 2213/131/768 2209/83/768 2210/416/768
f 2214/1202/768 2213/131/768 2210/416/768
f 2215/209/769 2211/130/769 2212/1201/769
f 2216/1206/769 2215/209/769 2212/1201/769
f 2217/1161/769 2213/131/769 2214/1202/769
f 2218/1208/769 2217/1161/769 2214/1202/769
f 2219/82/770 2199/632/770 2200/1197/770
f 2220/414/770 2219/82/770 2200/1197/770
f 2221/83/770 2201/1198/770 2202/686/770
f 2222/416/770 2221/83/770 2202/686/770
f 2223/130/771 2219/82/771 2220/414/771
f 2224/1201/771 2223/130/771 2220/414/771
f 2225/131/771 2221/83/771 2222/416/771
f 2226/1202/771 2225/131/771 2222/416/771
f 2227/364/772 2223/100/772 2224/103/772
f 2228/1203/772 2227/364/772 2224/103/772
f 2229/441/772 2225/104/772 2226/107/772
f 2230/1204/772 2229/441/772 2226/107/772
f 2231/632/773 2227/364/773 2228/1203/773
f 2232/1197/773 2231/632/773 2228/1203/773
f 2233/1198/773 2229/441/773 2230/1204/773
f 2234/686/773 2233/1198/773 2230/1204/773
f 2192/82/774 2231/632/774 2232/1197/774
f 2193/414/774 2192/82/774 2232/1197/774
f 2196/83/774 2233/1198/774 2234/686/774
f 2197/416/774 2196/83/774 2234/686/774
f 2184/130/113 2235/27/113 2236/1205/113
f 2185/1201/113 2184/130/113 2236/1205/113
f 2188/131/113 2237/247/113 2238/220/113
f 2189/1202/113 2188/131/113 2238/220/113
f 992/137/775 2215/209/775 2216/1206/775
f 993/1207/775 992/137/775 2216/1206/775
f 994/93/775 2217/1161/775 2218/1208/775
f 995/1209/775 994/93/775 2218/1208/775
f 2182/1211/173 2181/1212/173 2239/987/173 2240/1213/173
f 1347/135/117 2241/638/117 2242/1217/117
f 1348/1218/117 1347/135/117 2242/1217/117
f 1351/136/117 2243/99/117 2244/1219/117
f 1352/1220/117 1351/136/117 2244/1219/117
f 2245/393/776 2191/27/776 2194/1205/776
f 2246/1227/776 2245/393/776 2194/1205/776
f 2247/394/776 2195/247/776 2198/220/776
f 2248/1228/776 2247/394/776 2198/220/776
f 2249/278/777 2250/322/777 2251/1222/777
f 2252/1224/777 2249/278/777 2251/1222/777
f 2253/1225/777 2254/1155/777 2255/383/777
f 2256/1226/777 2253/1225/777 2255/383/777
f 2250/322/281 1346/342/281 1349/1221/281
f 2251/1222/281 2250/322/281 1349/1221/281
f 2254/1155/281 1350/626/281 1353/1223/281
f 2255/383/281 2254/1155/281 1353/1223/281
f 2257/142/778 2245/393/778 2246/1227/778
f 2258/1229/778 2257/142/778 2246/1227/778
f 2259/143/778 2247/394/778 2248/1228/778
f 2260/1230/778 2259/143/778 2248/1228/778
f 2261/2/779 2257/142/779 2258/1229/779
f 2262/1231/779 2261/2/779 2258/1229/779
f 2263/3/779 2259/143/779 2260/1230/779
f 2264/1232/779 2263/3/779 2260/1230/779
f 2241/638/780 2261/2/780 2262/1231/780
f 2242/1217/780 2241/638/780 2262/1231/780
f 2243/99/780 2263/3/780 2264/1232/780
f 2244/1219/780 2243/99/780 2264/1232/780
f 2265/138/781 2249/278/781 2252/1224/781
f 2266/1233/781 2265/138/781 2252/1224/781
f 2267/139/781 2253/1225/781 2256/1226/781
f 2268/1234/781 2267/139/781 2256/1226/781
f 2269/295/782 2265/138/782 2266/1233/782
f 2270/1235/782 2269/295/782 2266/1233/782
f 2271/451/782 2267/139/782 2268/1234/782
f 2272/1236/782 2271/451/782 2268/1234/782
f 2235/27/783 2269/295/783 2270/1235/783
f 2236/1205/783 2235/27/783 2270/1235/783
f 2237/247/783 2271/451/783 2272/1236/783
f 2238/220/783 2237/247/783 2272/1236/783
f 2273/27/784 2274/295/784 2275/1235/784
f 2276/1205/784 2273/27/784 2275/1235/784
f 2277/247/784 2278/451/784 2279/1236/784
f 2280/220/784 2277/247/784 2279/1236/784
f 1389/135/113 2281/638/113 2282/1217/113
f 1390/1218/113 1389/135/113 2282/1217/113
f 1393/136/113 2283/99/113 2284/1219/113
f 1394/1220/113 1393/136/113 2284/1219/113
f 2274/295/785 2285/138/785 2286/1233/785
f 2275/1235/785 2274/295/785 2286/1233/785
f 2278/451/785 2287/139/785 2288/1234/785
f 2279/1236/785 2278/451/785 2288/1234/785
f 2285/138/786 2289/278/786 2290/1224/786
f 2286/1233/786 2285/138/786 2290/1224/786
f 2287/139/786 2291/1225/786 2292/1226/786
f 2288/1234/786 2287/139/786 2292/1226/786
f 2281/638/787 2293/2/787 2294/1231/787
f 2282/1217/787 2281/638/787 2294/1231/787
f 2283/99/787 2295/3/787 2296/1232/787
f 2284/1219/787 2283/99/787 2296/1232/787
f 2293/2/788 2297/142/788 2298/1229/788
f 2294/1231/788 2293/2/788 2298/1229/788
f 2295/3/788 2299/143/788 2300/1230/788
f 2296/1232/788 2295/3/788 2300/1230/788
f 2297/142/789 2301/393/789 2302/1227/789
f 2298/1229/789 2297/142/789 2302/1227/789
f 2299/143/789 2303/394/789 2304/1228/789
f 2300/1230/789 2299/143/789 2304/1228/789
f 2301/393/790 2305/27/790 2306/1205/790
f 2302/1227/790 2301/393/790 2306/1205/790
f 2303/394/790 2307/247/790 2308/220/790
f 2304/1228/790 2303/394/790 2308/220/790
f 2289/278/791 2309/322/791 2310/1222/791
f 2290/1224/791 2289/278/791 2310/1222/791
f 2291/1225/791 2311/1155/791 2312/383/791
f 2292/1226/791 2291/1225/791 2312/383/791
f 2309/322/173 1388/342/173 1391/1221/173
f 2310/1222/173 2309/322/173 1391/1221/173
f 2311/1155/173 1392/626/173 1395/1223/173
f 2312/383/173 2311/1155/173 1395/1223/173
f 2313/209/792 2314/130/792 2315/1201/792
f 2316/1206/792 2313/209/792 2315/1201/792
f 2317/1161/792 2318/131/792 2319/1202/792
f 2320/1208/792 2317/1161/792 2319/1202/792
f 2305/27/281 2321/82/281 2322/414/281
f 2306/1205/281 2305/27/281 2322/414/281
f 2307/247/281 2323/83/281 2324/416/281
f 2308/220/281 2307/247/281 2324/416/281
f 2325/632/793 1454/655/793 1456/1196/793
f 2326/1197/793 2325/632/793 1456/1196/793
f 2327/1198/793 1457/1199/793 1459/1200/793
f 2328/686/793 2327/1198/793 1459/1200/793
f 2329/535/794 2313/209/794 2316/1206/794
f 2330/1210/794 2329/535/794 2316/1206/794
f 2331/338/794 2317/1161/794 2320/1208/794
f 2332/816/794 2331/338/794 2320/1208/794
f 2333/86/795 2329/535/795 2330/1210/795
f 2334/415/795 2333/86/795 2330/1210/795
f 2335/88/795 2331/338/795 2332/816/795
f 2336/417/795 2335/88/795 2332/816/795
f 2337/130/796 2333/82/796 2334/414/796
f 2338/1201/796 2337/130/796 2334/414/796
f 2339/131/796 2335/83/796 2336/416/796
f 2340/1202/796 2339/131/796 2336/416/796
f 2341/209/797 2337/130/797 2338/1201/797
f 2342/1206/797 2341/209/797 2338/1201/797
f 2343/1161/797 2339/131/797 2340/1202/797
f 2344/1208/797 2343/1161/797 2340/1202/797
f 2345/82/798 2325/632/798 2326/1197/798
f 2346/414/798 2345/82/798 2326/1197/798
f 2347/83/798 2327/1198/798 2328/686/798
f 2348/416/798 2347/83/798 2328/686/798
f 2349/130/799 2345/82/799 2346/414/799
f 2350/1201/799 2349/130/799 2346/414/799
f 2351/131/799 2347/83/799 2348/416/799
f 2352/1202/799 2351/131/799 2348/416/799
f 2353/364/800 2349/100/800 2350/103/800
f 2354/1203/800 2353/364/800 2350/103/800
f 2355/441/800 2351/104/800 2352/107/800
f 2356/1204/800 2355/441/800 2352/107/800
f 2357/632/801 2353/364/801 2354/1203/801
f 2358/1197/801 2357/632/801 2354/1203/801
f 2359/1198/801 2355/441/801 2356/1204/801
f 2360/686/801 2359/1198/801 2356/1204/801
f 2321/82/802 2357/632/802 2358/1197/802
f 2322/414/802 2321/82/802 2358/1197/802
f 2323/83/802 2359/1198/802 2360/686/802
f 2324/416/802 2323/83/802 2360/686/802
f 2314/130/281 2273/27/281 2276/1205/281
f 2315/1201/281 2314/130/281 2276/1205/281
f 2318/131/281 2277/247/281 2280/220/281
f 2319/1202/281 2318/131/281 2280/220/281
f 1449/137/803 2341/209/803 2342/1206/803
f 1450/1207/803 1449/137/803 2342/1206/803
f 1451/93/803 2343/1161/803 2344/1208/803
f 1452/1209/803 1451/93/803 2344/1208/803
f 2240/1211/117 2239/1212/117 2054/987/117 2053/1213/117
usemtl STEP2
f 2361/1237/804 2362/1238/804 2363/82/804 2364/304/804
f 2365/1239/805 2366/531/805 2367/82/805 2368/304/805
f 2369/484/806 2370/482/806 2371/82/806 2372/304/806
f 2372/484/807 2371/482/807 2373/82/807 2374/304/807
f 2374/501/808 2373/137/808 2375/82/808 2376/304/808
f 2376/1237/809 2375/1238/809 2377/82/809 2378/304/809
f 2368/1240/810 2367/129/810 2362/82/810 2361/304/810
f 2379/1239/811 2380/531/811 2366/82/811 2365/304/811
f 2378/1240/812 2377/129/812 2380/82/812 2379/304/812
f 2364/501/813 2363/137/813 2370/82/813 2369/304/813
f 2381/977/814 2382/496/814 2383/82/814 2384/304/814
f 2385/1241/815 2386/1242/815 2387/1243/815 2388/1244/815
f 2389/1245/816 2390/1246/816 2391/1247/816 2392/1248/816
f 2384/1249/817 2383/1250/817 2393/1251/817 2394/1252/817
f 2388/1244/818 2387/1243/818 2395/1238/818 2396/1237/818
f 2396/1237/819 2395/1238/819 2397/696/819 2398/759/819
f 2399/1253/820 2400/1254/820 2382/496/820 2381/977/820
f 2398/759/821 2397/696/821 2400/27/821 2399/485/821
f 2392/1248/822 2391/1247/822 2386/277/822 2385/478/822
f 2394/1252/823 2393/1251/823 2390/209/823 2389/303/823
f 2401/1255/824 2402/1256/824 2403/1257/824 2404/1258/824
f 2404/1258/825 2403/1257/825 2405/129/825 2406/1240/825
f 2406/1240/826 2405/129/826 2407/82/826 2408/304/826
f 2408/1252/827 2407/1251/827 2409/632/827 2410/1259/827
f 2410/1260/828 2409/1261/828 2411/1262/828 2412/1263/828
f 2412/1264/829 2411/1265/829 2413/1266/829 2414/1267/829
f 2414/1132/830 2413/142/830 2415/274/830 2416/1268/830
f 2417/1264/831 2418/1265/831 2419/1266/831 2420/1267/831
f 2421/1255/832 2422/1256/832 2402/1257/832 2401/1258/832
f 2423/1252/833 2424/1251/833 2425/632/833 2426/1259/833
f 2416/1132/834 2415/142/834 2418/274/834 2417/1268/834
f 2420/1260/835 2419/1261/835 2424/1262/835 2423/1263/835
f 2427/1258/836 2428/1257/836 2422/129/836 2421/1240/836
f 2426/1240/837 2425/129/837 2428/82/837 2427/304/837
f 2429/304/838 2430/82/838 2431/1269/838 2432/1270/838
f 2433/977/839 2434/496/839 2430/82/839 2429/304/839
f 2435/1271/840 2436/557/840 2434/496/840 2433/977/840
f 2432/1270/841 2431/1269/841 2437/1272/841 2438/1273/841
f 2439/1274/842 2440/1211/842 2441/1275/842 2442/1276/842
f 2443/1277/843 2444/1278/843 2436/557/843 2435/1271/843
f 2438/113/844 2437/110/844 2440/1211/844 2439/1274/844
f 2445/304/845 2446/82/845 2447/1269/845 2448/1270/845
f 2448/977/846 2447/496/846 2449/82/846 2450/304/846
f 2450/1271/847 2449/557/847 2451/496/847 2452/977/847
f 2453/1270/848 2454/1269/848 2446/1272/848 2445/1273/848
f 2442/1274/849 2441/1211/849 2455/1275/849 2456/1276/849
f 2452/1277/850 2451/1278/850 2444/557/850 2443/1271/850
f 2456/113/851 2455/110/851 2454/1211/851 2453/1274/851
f 2457/1237/852 2458/1238/852 2459/82/852 2460/304/852
f 2461/1239/853 2462/531/853 2463/82/853 2464/304/853
f 2465/484/854 2466/482/854 2467/82/854 2468/304/854
f 2469/484/855 2470/482/855 2466/82/855 2465/304/855
f 2471/501/856 2472/137/856 2470/82/856 2469/304/856
f 2473/1237/857 2474/1238/857 2472/82/857 2471/304/857
f 2460/1240/858 2459/129/858 2462/82/858 2461/304/858
f 2464/1239/859 2463/531/859 2475/82/859 2476/304/859
f 2476/1240/860 2475/129/860 2474/82/860 2473/304/860
f 2468/501/861 2467/137/861 2458/82/861 2457/304/861
f 2477/977/862 2478/496/862 2479/82/862 2480/304/862
f 2481/1241/863 2482/1242/863 2483/1243/863 2484/1244/863
f 2485/1245/864 2486/1246/864 2487/1247/864 2488/1248/864
f 2489/1249/865 2490/1250/865 2478/1251/865 2477/1252/865
f 2491/1244/866 2492/1243/866 2482/1238/866 2481/1237/866
f 2493/1237/867 2494/1238/867 2492/696/867 2491/759/867
f 2480/1253/868 2479/1254/868 2495/496/868 2496/977/868
f 2496/759/869 2495/696/869 2494/27/869 2493/485/869
f 2484/1248/870 2483/1247/870 2486/277/870 2485/478/870
f 2488/1252/871 2487/1251/871 2490/209/871 2489/303/871
f 2497/1237/872 2498/1238/872 2499/82/872 2500/304/872
f 2501/1239/873 2502/531/873 2503/82/873 2504/304/873
f 2505/484/874 2506/482/874 2507/82/874 2508/304/874
f 2508/484/875 2507/482/875 2509/82/875 2510/304/875
f 2510/501/876 2509/137/876 2511/82/876 2512/304/876
f 2512/1237/877 2511/1238/877 2513/82/877 2514/304/877
f 2504/1240/878 2503/129/878 2498/82/878 2497/304/878
f 2515/1239/879 2516/531/879 2502/82/879 2501/304/879
f 2514/1240/880 2513/129/880 2516/82/880 2515/304/880
f 2500/501/881 2499/137/881 2506/82/881 2505/304/881
f 2517/977/882 2518/496/882 2519/82/882 2520/304/882
f 2521/1241/883 2522/1242/883 2523/1243/883 2524/1244/883
f 2525/1245/884 2526/1246/884 2527/1247/884 2528/1248/884
f 2520/1249/885 2519/1250/885 2529/1251/885 2530/1252/885
f 2524/1244/886 2523/1243/886 2531/1238/886 2532/1237/886
f 2532/1237/887 2531/1238/887 2533/696/887 2534/759/887
f 2535/1253/888 2536/1254/888 2518/496/888 2517/977/888
f 2534/759/889 2533/696/889 2536/27/889 2535/485/889
f 2528/1248/890 2527/1247/890 2522/277/890 2521/478/890
f 2530/1252/891 2529/1251/891 2526/209/891 2525/303/891
f 2537/1264/892 2538/1265/892 2539/1266/892 2540/1267/892
f 2541/1255/893 2542/1256/893 2543/1257/893 2544/1258/893
f 2545/1252/894 2546/1251/894 2547/632/894 2548/1259/894
f 2540/1132/895 2539/142/895 2549/274/895 2550/1268/895
f 2548/1260/896 2547/1261/896 2538/1262/896 2537/1263/896
f 2544/1258/897 2543/1257/897 2551/129/897 2552/1240/897
f 2552/1240/898 2551/129/898 2546/82/898 2545/304/898
f 2553/1264/899 2554/1265/899 2555/1266/899 2556/1267/899
f 2557/1255/900 2558/1256/900 2542/1257/900 2541/1258/900
f 2559/1252/901 2560/1251/901 2561/632/901 2562/1259/901
f 2550/1132/902 2549/142/902 2554/274/902 2553/1268/902
f 2556/1260/903 2555/1261/903 2560/1262/903 2559/1263/903
f 2563/1258/904 2564/1257/904 2558/129/904 2557/1240/904
f 2562/1240/905 2561/129/905 2564/82/905 2563/304/905
f 2565/304/906 2566/82/906 2567/1269/906 2568/1270/906
f 2569/977/907 2570/496/907 2566/82/907 2565/304/907
f 2571/1271/908 2572/557/908 2570/496/908 2569/977/908
f 2568/1270/909 2567/1269/909 2573/1272/909 2574/1273/909
f 2575/1274/910 2576/1211/910 2577/1275/910 2578/1276/910
f 2579/1277/911 2580/1278/911 2572/557/911 2571/1271/911
f 2574/113/912 2573/110/912 2576/1211/912 2575/1274/912
f 2581/304/913 2582/82/913 2583/1269/913 2584/1270/913
f 2584/977/914 2583/496/914 2585/82/914 2586/304/914
f 2586/1271/915 2585/557/915 2587/496/915 2588/977/915
f 2589/1270/916 2590/1269/916 2582/1272/916 2581/1273/916
f 2578/1274/917 2577/1211/917 2591/1275/917 2592/1276/917
f 2588/1277/918 2587/1278/918 2580/557/918 2579/1271/918
f 2592/113/919 2591/110/919 2590/1211/919 2589/1274/919
f 2593/1237/920 2594/1238/920 2595/82/920 2596/304/920
f 2597/1239/921 2598/531/921 2599/82/921 2600/304/921
f 2601/484/922 2602/482/922 2603/82/922 2604/304/922
f 2605/484/923 2606/482/923 2602/82/923 2601/304/923
f 2607/501/924 2608/137/924 2606/82/924 2605/304/924
f 2609/1237/925 2610/1238/925 2608/82/925 2607/304/925
f 2596/1240/926 2595/129/926 2598/82/926 2597/304/926
f 2600/1239/927 2599/531/927 2611/82/927 2612/304/927
f 2612/1240/928 2611/129/928 2610/82/928 2609/304/928
f 2604/501/929 2603/137/929 2594/82/929 2593/304/929
f 2613/977/930 2614/496/930 2615/82/930 2616/304/930
f 2617/1241/931 2618/1242/931 2619/1243/931 2620/1244/931
f 2621/1245/932 2622/1246/932 2623/1247/932 2624/1248/932
f 2625/1249/933 2626/1250/933 2614/1251/933 2613/1252/933
f 2627/1244/934 2628/1243/934 2618/1238/934 2617/1237/934
f 2629/1237/935 2630/1238/935 2628/696/935 2627/759/935
f 2616/1253/936 2615/1254/936 2631/496/936 2632/977/936
f 2632/759/937 2631/696/937 2630/27/937 2629/485/937
f 2620/1248/938 2619/1247/938 2622/277/938 2621/478/938
f 2624/1252/939 2623/1251/939 2626/209/939 2625/303/939
f 2633/1237/940 2634/1238/940 2635/82/940 2636/304/940
f 2637/1239/941 2638/531/941 2639/82/941 2640/304/941
f 2641/484/942 2642/482/942 2643/82/942 2644/304/942
f 2644/484/943 2643/482/943 2645/82/943 2646/304/943
f 2646/501/944 2645/137/944 2647/82/944 2648/304/944
f 2648/1237/945 2647/1238/945 2649/82/945 2650/304/945
f 2640/1240/946 2639/129/946 2634/82/946 2633/304/946
f 2651/1239/947 2652/531/947 2638/82/947 2637/304/947
f 2650/1240/948 2649/129/948 2652/82/948 2651/304/948
f 2636/501/949 2635/137/949 2642/82/949 2641/304/949
f 2653/977/950 2654/496/950 2655/82/950 2656/304/950
f 2657/1241/951 2658/1242/951 2659/1243/951 2660/1244/951
f 2661/1245/952 2662/1246/952 2663/1247/952 2664/1248/952
f 2656/1249/953 2655/1250/953 2665/1251/953 2666/1252/953
f 2660/1244/954 2659/1243/954 2667/1238/954 2668/1237/954
f 2668/1237/955 2667/1238/955 2669/696/955 2670/759/955
f 2671/1253/956 2672/1254/956 2654/496/956 2653/977/956
f 2670/759/957 2669/696/957 2672/27/957 2671/485/957
f 2664/1248/958 2663/1247/958 2658/277/958 2657/478/958
f 2666/1252/959 2665/1251/959 2662/209/959 2661/303/959
f 2673/1264/960 2674/1265/960 2675/1266/960 2676/1267/960
f 2677/1255/961 2678/1256/961 2679/1257/961 2680/1258/961
f 2681/1252/962 2682/1251/962 2683/632/962 2684/1259/962
f 2676/1132/963 2675/142/963 2685/274/963 2686/1268/963
f 2684/1260/964 2683/1261/964 2674/1262/964 2673/1263/964
f 2680/1258/965 2679/1257/965 2687/129/965 2688/1240/965
f 2688/1240/966 2687/129/966 2682/82/966 2681/304/966
f 2689/1264/967 2690/1265/967 2691/1266/967 2692/1267/967
f 2693/1255/968 2694/1256/968 2678/1257/968 2677/1258/968
f 2695/1252/969 2696/1251/969 2697/632/969 2698/1259/969
f 2686/1132/970 2685/142/970 2690/274/970 2689/1268/970
f 2692/1260/971 2691/1261/971 2696/1262/971 2695/1263/971
f 2699/1258/972 2700/1257/972 2694/129/972 2693/1240/972
f 2698/1240/973 2697/129/973 2700/82/973 2699/304/973
f 2701/304/974 2702/82/974 2703/1269/974 2704/1270/974
f 2705/977/975 2706/496/975 2702/82/975 2701/304/975
f 2707/1271/976 2708/557/976 2706/496/976 2705/977/976
f 2704/1270/977 2703/1269/977 2709/1272/977 2710/1273/977
f 2711/1274/978 2712/1211/978 2713/1275/978 2714/1276/978
f 2715/1277/979 2716/1278/979 2708/557/979 2707/1271/979
f 2710/113/980 2709/110/980 2712/1211/980 2711/1274/980
f 2717/304/981 2718/82/981 2719/1269/981 2720/1270/981
f 2720/977/982 2719/496/982 2721/82/982 2722/304/982
f 2722/1271/983 2721/557/983 2723/496/983 2724/977/983
f 2725/1270/984 2726/1269/984 2718/1272/984 2717/1273/984
f 2714/1274/985 2713/1211/985 2727/1275/985 2728/1276/985
f 2724/1277/986 2723/1278/986 2716/557/986 2715/1271/986
f 2728/113/987 2727/110/987 2726/1211/987 2725/1274/987
f 2729/1237/988 2730/1238/988 2731/82/988 2732/304/988
f 2733/1239/989 2734/531/989 2735/82/989 2736/304/989
f 2737/484/990 2738/482/990 2739/82/990 2740/304/990
f 2741/484/991 2742/482/991 2738/82/991 2737/304/991
f 2743/501/992 2744/137/992 2742/82/992 2741/304/992
f 2745/1237/993 2746/1238/993 2744/82/993 2743/304/993
f 2732/1240/994 2731/129/994 2734/82/994 2733/304/994
f 2736/1239/995 2735/531/995 2747/82/995 2748/304/995
f 2748/1240/996 2747/129/996 2746/82/996 2745/304/996
f 2740/501/997 2739/137/997 2730/82/997 2729/304/997
f 2749/977/998 2750/496/998 2751/82/998 2752/304/998
f 2753/1241/999 2754/1242/999 2755/1243/999 2756/1244/999
f 2757/1245/1000 2758/1246/1000 2759/1247/1000 2760/1248/1000
f 2761/1249/1001 2762/1250/1001 2750/1251/1001 2749/1252/1001
f 2763/1244/1002 2764/1243/1002 2754/1238/1002 2753/1237/1002
f 2765/1237/1003 2766/1238/1003 2764/696/1003 2763/759/1003
f 2752/1253/1004 2751/1254/1004 2767/496/1004 2768/977/1004
f 2768/759/1005 2767/696/1005 2766/27/1005 2765/485/1005
f 2756/1248/1006 2755/1247/1006 2758/277/1006 2757/478/1006
f 2760/1252/1007 2759/1251/1007 2762/209/1007 2761/303/1007
f 2769/1237/1008 2770/1238/1008 2771/82/1008 2772/304/1008
f 2773/1239/1009 2774/531/1009 2775/82/1009 2776/304/1009
f 2777/484/1010 2778/482/1010 2779/82/1010 2780/304/1010
f 2780/484/1011 2779/482/1011 2781/82/1011 2782/304/1011
f 2782/501/1012 2781/137/1012 2783/82/1012 2784/304/1012
f 2784/1237/1013 2783/1238/1013 2785/82/1013 2786/304/1013
f 2776/1240/1014 2775/129/1014 2770/82/1014 2769/304/1014
f 2787/1239/1015 2788/531/1015 2774/82/1015 2773/304/1015
f 2786/1240/1016 2785/129/1016 2788/82/1016 2787/304/1016
f 2772/501/1017 2771/137/1017 2778/82/1017 2777/304/1017
f 2789/977/1018 2790/496/1018 2791/82/1018 2792/304/1018
f 2793/1241/1019 2794/1242/1019 2795/1243/1019 2796/1244/1019
f 2797/1245/1020 2798/1246/1020 2799/1247/1020 2800/1248/1020
f 2792/1249/1021 2791/1250/1021 2801/1251/1021 2802/1252/1021
f 2796/1244/1022 2795/1243/1022 2803/1238/1022 2804/1237/1022
f 2804/1237/1023 2803/1238/1023 2805/696/1023 2806/759/1023
f 2807/1253/1024 2808/1254/1024 2790/496/1024 2789/977/1024
f 2806/759/1025 2805/696/1025 2808/27/1025 2807/485/1025
f 2800/1248/1026 2799/1247/1026 2794/277/1026 2793/478/1026
f 2802/1252/1027 2801/1251/1027 2798/209/1027 2797/303/1027
f 2809/1264/1028 2810/1265/1028 2811/1266/1028 2812/1267/1028
f 2813/1255/1029 2814/1256/1029 2815/1257/1029 2816/1258/1029
f 2817/1252/1030 2818/1251/1030 2819/632/1030 2820/1259/1030
f 2812/1132/1031 2811/142/1031 2821/274/1031 2822/1268/1031
f 2820/1260/1032 2819/1261/1032 2810/1262/1032 2809/1263/1032
f 2816/1258/1033 2815/1257/1033 2823/129/1033 2824/1240/1033
f 2824/1240/1034 2823/129/1034 2818/82/1034 2817/304/1034
f 2825/1264/1035 2826/1265/1035 2827/1266/1035 2828/1267/1035
f 2829/1255/1036 2830/1256/1036 2814/1257/1036 2813/1258/1036
f 2831/1252/1037 2832/1251/1037 2833/632/1037 2834/1259/1037
f 2822/1132/1038 2821/142/1038 2826/274/1038 2825/1268/1038
f 2828/1260/1039 2827/1261/1039 2832/1262/1039 2831/1263/1039
f 2835/1258/1040 2836/1257/1040 2830/129/1040 2829/1240/1040
f 2834/1240/1041 2833/129/1041 2836/82/1041 2835/304/1041
f 2837/304/1042 2838/82/1042 2839/1269/1042 2840/1270/1042
f 2841/977/1043 2842/496/1043 2838/82/1043 2837/304/1043
f 2843/1271/1044 2844/557/1044 2842/496/1044 2841/977/1044
f 2840/1270/1045 2839/1269/1045 2845/1272/1045 2846/1273/1045
f 2847/1274/1046 2848/1211/1046 2849/1275/1046 2850/1276/1046
f 2851/1277/1047 2852/1278/1047 2844/557/1047 2843/1271/1047
f 2846/113/1048 2845/110/1048 2848/1211/1048 2847/1274/1048
f 2853/304/1049 2854/82/1049 2855/1269/1049 2856/1270/1049
f 2856/977/1050 2855/496/1050 2857/82/1050 2858/304/1050
f 2858/1271/1051 2857/557/1051 2859/496/1051 2860/977/1051
f 2861/1270/1052 2862/1269/1052 2854/1272/1052 2853/1273/1052
f 2850/1274/1053 2849/1211/1053 2863/1275/1053 2864/1276/1053
f 2860/1277/1054 2859/1278/1054 2852/557/1054 2851/1271/1054
f 2864/113/1055 2863/110/1055 2862/1211/1055 2861/1274/1055
f 2865/1237/1056 2866/1238/1056 2867/82/1056 2868/304/1056
f 2869/1239/1057 2870/531/1057 2871/82/1057 2872/304/1057
f 2873/484/1058 2874/482/1058 2875/82/1058 2876/304/1058
f 2877/484/1059 2878/482/1059 2874/82/1059 2873/304/1059
f 2879/501/1060 2880/137/1060 2878/82/1060 2877/304/1060
f 2881/1237/1061 2882/1238/1061 2880/82/1061 2879/304/1061
f 2868/1240/1062 2867/129/1062 2870/82/1062 2869/304/1062
f 2872/1239/1063 2871/531/1063 2883/82/1063 2884/304/1063
f 2884/1240/1064 2883/129/1064 2882/82/1064 2881/304/1064
f 2876/501/1065 2875/137/1065 2866/82/1065 2865/304/1065
f 2885/977/1066 2886/496/1066 2887/82/1066 2888/304/1066
f 2889/1241/1067 2890/1242/1067 2891/1243/1067 2892/1244/1067
f 2893/1245/1068 2894/1246/1068 2895/1247/1068 2896/1248/1068
f 2897/1249/1069 2898/1250/1069 2886/1251/1069 2885/1252/1069
f 2899/1244/1070 2900/1243/1070 2890/1238/1070 2889/1237/1070
f 2901/1237/1071 2902/1238/1071 2900/696/1071 2899/759/1071
f 2888/1253/1072 2887/1254/1072 2903/496/1072 2904/977/1072
f 2904/759/1073 2903/696/1073 2902/27/1073 2901/485/1073
f 2892/1248/1074 2891/1247/1074 2894/277/1074 2893/478/1074
f 2896/1252/1075 2895/1251/1075 2898/209/1075 2897/303/1075
usemtl Default
usemtl CEIL5_2
f 2905/1279/1076 2906/1280/1076 16/1281/1076
f 7/1282/1076 2907/1283/1076 2908/1284/1076
f 8/1285/1076 7/1282/1076 2908/1284/1076
f 1783/1286/1076 8/1285/1076 2908/1284/1076
f 1787/1287/1076 1783/1286/1076 2908/1284/1076
f 1791/1288/1076 1787/1287/1076 2908/1284/1076
f 1799/1289/1076 1795/1290/1076 1791/1288/1076
f 15/1291/1076 1799/1289/1076 1791/1288/1076
f 16/1281/1076 15/1291/1076 1791/1288/1076
f 2905/1279/1077 16/1281/1077 1791/1288/1077
f 2909/1292/1076 2905/1279/1076 1791/1288/1076
f 1791/1288/1076 2908/1284/1076 2910/1293/1076
f 2911/1294/1076 2909/1292/1076 1791/1288/1076
f 1791/1288/1076 2910/1293/1076 2911/1294/1076
f 2912/1295/1076 2913/1296/1076 12/1297/1076
f 3/1298/1076 2914/1299/1076 2915/1300/1076
f 4/1301/1076 3/1298/1076 2915/1300/1076
f 2916/1302/1076 4/1301/1076 2915/1300/1076
f 2917/1303/1076 2916/1302/1076 2915/1300/1076
f 2918/1304/1076 2917/1303/1076 2915/1300/1076
f 2919/1305/1076 2920/1306/1076 2918/1304/1076
f 11/1307/1076 2919/1305/1076 2918/1304/1076
f 12/1297/1076 11/1307/1076 2918/1304/1076
f 2912/1295/1077 12/1297/1077 2918/1304/1077
f 2921/1308/1076 2912/1295/1076 2918/1304/1076
f 2918/1304/1076 2915/1300/1076 2922/1309/1076
f 2923/1310/1076 2921/1308/1076 2918/1304/1076
f 2918/1304/1076 2922/1309/1076 2923/1310/1076
f 2924/1279/1078 13/1281/1078 2925/1280/1078
f 6/1282/1078 2926/1284/1078 2927/1283/1078
f 5/1285/1078 2926/1284/1078 6/1282/1078
f 2928/1286/1078 2926/1284/1078 5/1285/1078
f 2929/1287/1078 2926/1284/1078 2928/1286/1078
f 2930/1288/1078 2926/1284/1078 2929/1287/1078
f 2931/1289/1078 2930/1288/1078 2932/1290/1078
f 14/1291/1078 2930/1288/1078 2931/1289/1078
f 13/1281/1078 2930/1288/1078 14/1291/1078
f 2924/1279/1078 2930/1288/1078 13/1281/1078
f 2933/1292/1078 2930/1288/1078 2924/1279/1078
f 2930/1288/1078 2934/1293/1078 2926/1284/1078
f 2935/1294/1078 2930/1288/1078 2933/1292/1078
f 2930/1288/1078 2935/1294/1078 2934/1293/1078
f 173/1311/1079 199/1312/1079 198/1313/1079
f 186/1314/1080 173/1311/1080 198/1313/1080
f 182/1315/1081 186/1314/1081 198/1313/1081
f 178/1316/1082 182/1315/1082 198/1313/1082
f 21/1317/1083 24/1318/1083 178/1316/1083
f 208/1319/1084 33/1320/1084 31/1321/1084
f 178/1316/1085 198/1313/1085 204/1322/1085
f 21/1317/1086 178/1316/1086 204/1322/1086
f 25/1323/1087 21/1317/1087 204/1322/1087
f 208/1319/1088 31/1321/1088 29/1324/1088
f 25/1323/1089 204/1322/1089 208/1319/1089
f 27/1325/1090 25/1323/1090 208/1319/1090
f 208/1319/1091 29/1324/1091 27/1325/1091
f 18/1326/1092 194/1327/1092 19/1328/1092
f 183/1329/1078 194/1327/1078 18/1326/1078
f 179/1330/1078 194/1327/1078 183/1329/1078
f 175/1331/1078 194/1327/1078 179/1330/1078
f 2936/1332/1078 175/1331/1078 47/1333/1078
f 205/1334/1078 2937/1335/1078 209/1336/1078
f 175/1331/1078 201/1337/1078 194/1327/1078
f 2936/1332/1078 201/1337/1078 175/1331/1078
f 2938/1338/1078 201/1337/1078 2936/1332/1078
f 205/1334/1078 2939/1339/1078 2937/1335/1078
f 2938/1338/1078 205/1334/1078 201/1337/1078
f 2940/1340/1078 205/1334/1078 2938/1338/1078
f 205/1334/1078 2940/1340/1078 2939/1339/1078
f 2941/1341/1076 2942/1342/1076 367/1343/1076
f 2943/1344/1077 2941/1341/1077 367/1343/1077
f 2944/1345/1076 2945/1346/1076 2946/1347/1076
f 2947/1348/1076 2944/1345/1076 2946/1347/1076
f 2948/1349/1076 2947/1348/1076 2946/1347/1076
f 2949/1350/1076 2948/1349/1076 2946/1347/1076
f 2942/1342/1076 2941/1341/1076 2950/1351/1076
f 330/1352/1076 2942/1342/1076 2950/1351/1076
f 2951/1353/1076 2952/1354/1076 330/1352/1076
f 23/1355/1076 2953/1356/1076 2954/1357/1076
f 2955/1358/1076 2956/1359/1076 167/1360/1076
f 2957/1361/1077 2955/1358/1077 167/1360/1077
f 2958/1362/1077 2957/1361/1077 167/1360/1077
f 367/1343/1076 2959/1363/1076 2958/1362/1076
f 2943/1344/1076 367/1343/1076 2958/1362/1076
f 2960/1364/1076 2943/1344/1076 2958/1362/1076
f 330/1352/1076 2950/1351/1076 2949/1350/1076
f 2951/1353/1076 330/1352/1076 2949/1350/1076
f 2961/1365/1077 2960/1364/1077 2958/1362/1077
f 2962/1366/1076 2951/1353/1076 2949/1350/1076
f 2963/1367/1076 2961/1365/1076 2958/1362/1076
f 2964/1368/1076 2962/1366/1076 2949/1350/1076
f 2963/1367/1076 2958/1362/1076 167/1360/1076
f 2964/1368/1076 2949/1350/1076 2946/1347/1076
f 2965/1369/1076 2963/1367/1076 167/1360/1076
f 2966/1370/1076 2964/1368/1076 2946/1347/1076
f 2967/1371/1077 2965/1369/1077 167/1360/1077
f 2954/1357/1076 2966/1370/1076 2946/1347/1076
f 2967/1371/1076 167/1360/1076 23/1355/1076
f 2946/1347/1076 2967/1371/1076 23/1355/1076
f 23/1355/1076 2954/1357/1076 2946/1347/1076
f 2968/1372/1078 76/1373/1078 2969/1374/1078
f 2970/1375/1092 76/1373/1092 2968/1372/1092
f 2971/1376/1078 2972/1377/1078 2973/1378/1078
f 2974/1379/1092 2972/1377/1092 2971/1376/1092
f 2975/1380/1078 2972/1377/1078 2974/1379/1078
f 2976/1381/1078 2972/1377/1078 2975/1380/1078
f 2969/1374/1078 2977/1382/1078 2968/1372/1078
f 73/1383/1078 2977/1382/1078 2969/1374/1078
f 2978/1384/1078 73/1383/1078 72/1385/1078
f 52/1333/1078 2979/1386/1078 53/1387/1078
f 42/1388/1078 45/1389/1078 43/1390/1078
f 62/1391/1092 45/1389/1092 42/1388/1092
f 79/1392/1078 45/1389/1078 62/1391/1078
f 76/1373/1078 79/1392/1078 77/1393/1078
f 2970/1375/1078 79/1392/1078 76/1373/1078
f 2980/1394/1078 79/1392/1078 2970/1375/1078
f 73/1383/1078 2976/1381/1078 2977/1382/1078
f 2978/1384/1078 2976/1381/1078 73/1383/1078
f 2981/1395/1078 79/1392/1078 2980/1394/1078
f 2982/1396/1078 2976/1381/1078 2978/1384/1078
f 2983/1397/1078 79/1392/1078 2981/1395/1078
f 2984/1398/1078 2976/1381/1078 2982/1396/1078
f 2983/1397/1078 45/1389/1078 79/1392/1078
f 2984/1398/1078 2972/1377/1078 2976/1381/1078
f 2985/1399/1078 45/1389/1078 2983/1397/1078
f 2986/1400/1078 2972/1377/1078 2984/1398/1078
f 2987/1401/1078 45/1389/1078 2985/1399/1078
f 2979/1386/1078 2972/1377/1078 2986/1400/1078
f 2987/1401/1078 52/1333/1078 45/1389/1078
f 2972/1377/1078 52/1333/1078 2987/1401/1078
f 52/1333/1078 2972/1377/1078 2979/1386/1078
f 92/1402/1076 91/1403/1076 2988/1404/1076
f 1810/1405/1076 92/1402/1076 2988/1404/1076
f 1814/1406/1076 1810/1405/1076 2988/1404/1076
f 1818/1407/1076 1814/1406/1076 2988/1404/1076
f 84/1408/1076 1818/1407/1076 2988/1404/1076
f 2907/1283/1077 7/1282/1077 84/1408/1077
f 2989/1409/1076 2907/1283/1076 84/1408/1076
f 84/1408/1076 2988/1404/1076 2990/1410/1076
f 2990/1410/1076 2989/1409/1076 84/1408/1076
f 88/1411/1076 87/1412/1076 2991/1413/1076
f 1808/1414/1076 88/1411/1076 2991/1413/1076
f 1812/1415/1076 1808/1414/1076 2991/1413/1076
f 1816/1416/1076 1812/1415/1076 2991/1413/1076
f 82/1417/1076 1816/1416/1076 2991/1413/1076
f 2914/1299/1077 3/1298/1077 82/1417/1077
f 2992/1418/1076 2914/1299/1076 82/1417/1076
f 82/1417/1076 2991/1413/1076 2993/1419/1076
f 2993/1419/1076 2992/1418/1076 82/1417/1076
f 89/1402/1078 2994/1404/1078 90/1403/1078
f 1809/1405/1078 2994/1404/1078 89/1402/1078
f 1813/1406/1078 2994/1404/1078 1809/1405/1078
f 1817/1407/1078 2994/1404/1078 1813/1406/1078
f 83/1408/1078 2994/1404/1078 1817/1407/1078
f 2927/1283/1078 83/1408/1078 6/1282/1078
f 2995/1409/1078 83/1408/1078 2927/1283/1078
f 83/1408/1078 2996/1410/1078 2994/1404/1078
f 2996/1410/1078 83/1408/1078 2995/1409/1078
f 98/1420/1076 2997/1421/1076 2998/1422/1076
f 93/1423/1077 98/1420/1077 2998/1422/1077
f 11/1307/1077 107/1424/1077 2026/1425/1077
f 2919/1305/1076 11/1307/1076 2026/1425/1076
f 101/1426/1076 4/1301/1076 2916/1302/1076
f 1998/1427/1076 101/1426/1076 2916/1302/1076
f 2002/1428/1076 1998/1427/1076 2916/1302/1076
f 2006/1429/1076 2002/1428/1076 2916/1302/1076
f 2010/1430/1076 2006/1429/1076 2916/1302/1076
f 2014/1431/1076 2010/1430/1076 2916/1302/1076
f 2018/1432/1076 2014/1431/1076 2916/1302/1076
f 2046/1433/1076 2018/1432/1076 2916/1302/1076
f 2042/1434/1076 2046/1433/1076 2916/1302/1076
f 2038/1435/1077 2042/1434/1077 2916/1302/1077
f 2034/1436/1077 2038/1435/1077 2916/1302/1077
f 2030/1437/1076 2034/1436/1076 2916/1302/1076
f 2919/1305/1076 2026/1425/1076 2030/1437/1076
f 2920/1306/1076 2919/1305/1076 2030/1437/1076
f 2030/1437/1076 2916/1302/1076 2917/1303/1076
f 2918/1304/1076 2920/1306/1076 2030/1437/1076
f 2030/1437/1076 2917/1303/1076 2918/1304/1076
f 14/1291/1078 2027/1438/1078 108/1439/1078
f 2931/1289/1078 2027/1438/1078 14/1291/1078
f 102/1440/1078 2928/1286/1078 5/1285/1078
f 1999/1441/1078 2928/1286/1078 102/1440/1078
f 2003/1442/1078 2928/1286/1078 1999/1441/1078
f 2007/1443/1078 2928/1286/1078 2003/1442/1078
f 2011/1444/1078 2928/1286/1078 2007/1443/1078
f 2015/1445/1078 2928/1286/1078 2011/1444/1078
f 2019/1446/1078 2928/1286/1078 2015/1445/1078
f 2047/1447/1078 2928/1286/1078 2019/1446/1078
f 2043/1448/1078 2928/1286/1078 2047/1447/1078
f 2039/1449/1078 2928/1286/1078 2043/1448/1078
f 2035/1450/1092 2928/1286/1092 2039/1449/1092
f 2031/1451/1092 2928/1286/1092 2035/1450/1092
f 2931/1289/1078 2031/1451/1078 2027/1438/1078
f 2932/1290/1078 2031/1451/1078 2931/1289/1078
f 2031/1451/1078 2929/1287/1078 2928/1286/1078
f 2930/1288/1078 2031/1451/1078 2932/1290/1078
f 2031/1451/1078 2930/1288/1078 2929/1287/1078
f 2999/1452/1076 3000/1453/1076 3001/1454/1076
f 215/1455/1076 2999/1452/1076 3001/1454/1076
f 34/1336/1076 215/1455/1076 3001/1454/1076
f 32/1335/1076 34/1336/1076 3001/1454/1076
f 30/1339/1077 32/1335/1077 3001/1454/1077
f 28/1340/1076 30/1339/1076 3001/1454/1076
f 26/1338/1076 28/1340/1076 3001/1454/1076
f 22/1332/1076 26/1338/1076 3001/1454/1076
f 23/1333/1076 22/1332/1076 3001/1454/1076
f 2953/1387/1076 23/1333/1076 3001/1454/1076
f 3002/1456/1076 2953/1387/1076 3001/1454/1076
f 3003/1457/1076 3002/1456/1076 3001/1454/1076
f 3004/1452/1078 3005/1454/1078 3006/1453/1078
f 212/1455/1078 3005/1454/1078 3004/1452/1078
f 209/1336/1078 3005/1454/1078 212/1455/1078
f 2937/1335/1078 3005/1454/1078 209/1336/1078
f 2939/1339/1092 3005/1454/1092 2937/1335/1092
f 2940/1340/1078 3005/1454/1078 2939/1339/1078
f 2938/1338/1078 3005/1454/1078 2940/1340/1078
f 2936/1332/1078 3005/1454/1078 2938/1338/1078
f 47/1333/1078 3005/1454/1078 2936/1332/1078
f 50/1387/1078 3005/1454/1078 47/1333/1078
f 3007/1456/1078 3005/1454/1078 50/1387/1078
f 3008/1457/1078 3005/1454/1078 3007/1456/1078
f 225/1458/1076 172/1459/1076 188/1460/1076
f 3009/1461/1076 225/1458/1076 188/1460/1076
f 3010/1462/1076 3009/1461/1076 188/1460/1076
f 3011/1463/1076 3010/1462/1076 188/1460/1076
f 247/1464/1076 147/1465/1076 3011/1463/1076
f 192/1466/1076 193/1389/1076 255/1467/1076
f 3011/1463/1076 188/1460/1076 190/1468/1076
f 247/1464/1076 3011/1463/1076 190/1468/1076
f 249/1469/1076 247/1464/1076 190/1468/1076
f 192/1466/1076 255/1467/1076 253/1470/1076
f 249/1469/1076 190/1468/1076 192/1466/1076
f 251/1471/1076 249/1469/1076 192/1466/1076
f 192/1466/1076 253/1470/1076 251/1471/1076
f 172/1459/1077 3012/1472/1077 173/1326/1077
f 2997/1421/1093 3013/1473/1093 3014/1474/1093
f 2998/1422/1094 2997/1421/1094 3014/1474/1094
f 3015/1475/1076 39/1476/1076 36/1477/1076
f 3016/1478/1076 3015/1475/1076 36/1477/1076
f 3012/1479/1076 3016/1478/1076 36/1477/1076
f 311/1480/1076 269/1481/1076 272/1482/1076
f 257/1452/1077 260/1455/1077 297/1483/1077
f 3017/1386/1076 54/1387/1076 267/1456/1076
f 3018/1400/1076 3017/1386/1076 267/1456/1076
f 3019/1398/1076 3018/1400/1076 267/1456/1076
f 3020/1396/1076 3019/1398/1076 267/1456/1076
f 3021/1384/1076 3020/1396/1076 267/1456/1076
f 71/1385/1077 3021/1384/1077 267/1456/1077
f 280/1484/1076 71/1385/1076 267/1456/1076
f 311/1480/1076 272/1482/1076 274/1485/1076
f 305/1486/1076 311/1480/1076 274/1485/1076
f 257/1452/1076 297/1483/1076 291/1487/1076
f 261/1453/1076 257/1452/1076 291/1487/1076
f 280/1484/1076 267/1456/1076 265/1457/1076
f 278/1488/1076 280/1484/1076 265/1457/1076
f 305/1486/1076 274/1485/1076 276/1489/1076
f 290/1490/1076 305/1486/1076 276/1489/1076
f 261/1453/1076 291/1487/1076 290/1490/1076
f 263/1454/1076 261/1453/1076 290/1490/1076
f 278/1488/1076 265/1457/1076 263/1454/1076
f 276/1489/1076 278/1488/1076 263/1454/1076
f 290/1490/1076 276/1489/1076 263/1454/1076
f 306/1480/1078 3022/1482/1078 312/1481/1078
f 3004/1452/1078 294/1483/1078 212/1455/1078
f 56/1386/1078 3007/1456/1078 50/1387/1078
f 58/1400/1078 3007/1456/1078 56/1386/1078
f 60/1398/1078 3007/1456/1078 58/1400/1078
f 67/1396/1078 3007/1456/1078 60/1398/1078
f 63/1384/1078 3007/1456/1078 67/1396/1078
f 66/1385/1092 3007/1456/1092 63/1384/1092
f 3023/1484/1078 3007/1456/1078 66/1385/1078
f 306/1480/1078 3024/1485/1078 3022/1482/1078
f 300/1486/1078 3024/1485/1078 306/1480/1078
f 3004/1452/1078 284/1487/1078 294/1483/1078
f 3006/1453/1078 284/1487/1078 3004/1452/1078
f 3023/1484/1078 3008/1457/1078 3007/1456/1078
f 3025/1488/1078 3008/1457/1078 3023/1484/1078
f 300/1486/1078 3026/1489/1078 3024/1485/1078
f 281/1490/1078 3026/1489/1078 300/1486/1078
f 3006/1453/1078 281/1490/1078 284/1487/1078
f 3005/1454/1078 281/1490/1078 3006/1453/1078
f 3025/1488/1078 3005/1454/1078 3008/1457/1078
f 3026/1489/1078 3005/1454/1078 3025/1488/1078
f 281/1490/1078 3005/1454/1078 3026/1489/1078
f 309/1491/1076 314/1492/1076 3027/1493/1076
f 2999/1494/1077 215/1495/1077 295/1496/1077
f 2954/1357/1076 2953/1356/1076 3002/1497/1076
f 2966/1370/1076 2954/1357/1076 3002/1497/1076
f 2964/1368/1076 2966/1370/1076 3002/1497/1076
f 2962/1366/1076 2964/1368/1076 3002/1497/1076
f 2951/1353/1076 2962/1366/1076 3002/1497/1076
f 2952/1354/1077 2951/1353/1077 3002/1497/1077
f 3028/1498/1076 2952/1354/1076 3002/1497/1076
f 309/1491/1076 3027/1493/1076 3029/1499/1076
f 303/1500/1076 309/1491/1076 3029/1499/1076
f 2999/1494/1076 295/1496/1076 287/1501/1076
f 3000/1502/1076 2999/1494/1076 287/1501/1076
f 3028/1498/1076 3002/1497/1076 3003/1503/1076
f 3030/1504/1076 3028/1498/1076 3003/1503/1076
f 303/1500/1076 3029/1499/1076 3031/1505/1076
f 286/1506/1076 303/1500/1076 3031/1505/1076
f 3000/1502/1076 287/1501/1076 286/1506/1076
f 3001/1507/1076 3000/1502/1076 286/1506/1076
f 3030/1504/1076 3003/1503/1076 3001/1507/1076
f 3031/1505/1076 3030/1504/1076 3001/1507/1076
f 286/1506/1076 3031/1505/1076 3001/1507/1076
f 308/1480/1078 271/1482/1078 270/1481/1078
f 258/1452/1078 296/1483/1078 259/1455/1078
f 2979/1386/1078 268/1456/1078 53/1387/1078
f 2986/1400/1078 268/1456/1078 2979/1386/1078
f 2984/1398/1078 268/1456/1078 2986/1400/1078
f 2982/1396/1078 268/1456/1078 2984/1398/1078
f 2978/1384/1078 268/1456/1078 2982/1396/1078
f 72/1385/1092 268/1456/1092 2978/1384/1092
f 279/1484/1078 268/1456/1078 72/1385/1078
f 308/1480/1078 273/1485/1078 271/1482/1078
f 302/1486/1078 273/1485/1078 308/1480/1078
f 258/1452/1078 288/1487/1078 296/1483/1078
f 262/1453/1078 288/1487/1078 258/1452/1078
f 279/1484/1078 266/1457/1078 268/1456/1078
f 277/1488/1078 266/1457/1078 279/1484/1078
f 302/1486/1078 275/1489/1078 273/1485/1078
f 285/1490/1078 275/1489/1078 302/1486/1078
f 262/1453/1078 285/1490/1078 288/1487/1078
f 264/1454/1078 285/1490/1078 262/1453/1078
f 277/1488/1078 264/1454/1078 266/1457/1078
f 275/1489/1078 264/1454/1078 277/1488/1078
f 285/1490/1078 264/1454/1078 275/1489/1078
f 172/1459/1076 3014/1474/1076 3012/1472/1076
f 2949/1350/1076 2950/1351/1076 2941/1341/1076
f 2967/1371/1077 2946/1347/1077 2945/1346/1077
f 2965/1369/1076 2967/1371/1076 2945/1346/1076
f 2963/1367/1077 2965/1369/1077 2945/1346/1077
f 2961/1365/1076 2963/1367/1076 2945/1346/1076
f 2960/1364/1076 2961/1365/1076 2945/1346/1076
f 2943/1344/1076 2960/1364/1076 2945/1346/1076
f 2941/1341/1076 2943/1344/1076 2945/1346/1076
f 2948/1349/1076 2949/1350/1076 2941/1341/1076
f 2941/1341/1076 2945/1346/1076 2944/1345/1076
f 2947/1348/1076 2948/1349/1076 2941/1341/1076
f 2941/1341/1076 2944/1345/1076 2947/1348/1076
f 2976/1381/1092 2968/1372/1092 2977/1382/1092
f 2987/1401/1092 2973/1378/1092 2972/1377/1092
f 2985/1399/1078 2973/1378/1078 2987/1401/1078
f 2983/1397/1092 2973/1378/1092 2985/1399/1092
f 2981/1395/1078 2973/1378/1078 2983/1397/1078
f 2980/1394/1092 2973/1378/1092 2981/1395/1092
f 2970/1375/1092 2973/1378/1092 2980/1394/1092
f 2968/1372/1078 2973/1378/1078 2970/1375/1078
f 2975/1380/1078 2968/1372/1078 2976/1381/1078
f 2968/1372/1078 2971/1376/1078 2973/1378/1078
f 2974/1379/1092 2968/1372/1092 2975/1380/1092
f 2968/1372/1078 2974/1379/1078 2971/1376/1078
f 223/1508/1077 2998/1422/1077 224/1458/1077
f 223/1508/1077 93/1423/1077 2998/1422/1077
f 224/1458/1095 2998/1422/1095 3014/1474/1095
f 3013/1473/1077 3015/1509/1077 3016/1510/1077
f 3014/1474/1076 3013/1473/1076 3016/1510/1076
f 3012/1472/1077 3014/1474/1077 3016/1510/1077
f 224/1458/1096 3014/1474/1096 172/1459/1096
f 173/1311/1076 3012/1479/1076 36/1477/1076
f 173/1311/1076 36/1477/1076 199/1312/1076
f 2058/1511/1076 321/1512/1076 324/1513/1076
f 2057/1512/1078 323/1514/1078 322/1515/1078
f 2060/1516/1076 325/1517/1076 328/1518/1076
f 2059/1517/1078 327/1519/1078 326/1520/1078
f 2989/1409/1076 246/1521/1076 230/1522/1076
f 2992/1418/1076 244/1523/1076 228/1524/1076
f 2995/1409/1092 229/1522/1092 243/1521/1092
f 2908/1284/1076 159/1525/1076 158/1526/1076
f 2915/1300/1076 155/1527/1076 154/1528/1076
f 2926/1284/1078 153/1526/1078 156/1525/1078
f 2990/1410/1076 246/1521/1076 2989/1409/1076
f 2993/1419/1076 244/1523/1076 2992/1418/1076
f 2996/1410/1092 2995/1409/1092 243/1521/1092
f 2910/1293/1076 166/1529/1076 2911/1294/1076
f 2922/1309/1076 164/1530/1076 2923/1310/1076
f 2934/1293/1092 2935/1294/1092 163/1529/1092
f 2908/1284/1076 158/1526/1076 2910/1293/1076
f 2915/1300/1076 154/1528/1076 2922/1309/1076
f 2926/1284/1078 2934/1293/1078 153/1526/1078
f 2907/1283/1076 159/1525/1076 2908/1284/1076
f 2914/1299/1076 155/1527/1076 2915/1300/1076
f 2927/1283/1078 2926/1284/1078 156/1525/1078
f 2989/1409/1076 230/1522/1076 2907/1283/1076
f 2992/1418/1076 228/1524/1076 2914/1299/1076
f 2995/1409/1092 2927/1283/1092 229/1522/1092
f 91/1403/1076 240/1508/1076 2988/1404/1076
f 87/1412/1076 236/1531/1076 2991/1413/1076
f 90/1403/1078 2994/1404/1078 237/1508/1078
f 2988/1404/1076 239/1532/1076 2990/1410/1076
f 2991/1413/1076 235/1533/1076 2993/1419/1076
f 2994/1404/1078 2996/1410/1078 234/1532/1078
f 2990/1410/1076 239/1532/1076 246/1521/1076
f 2993/1419/1076 235/1533/1076 244/1523/1076
f 2996/1410/1078 243/1521/1078 234/1532/1078
f 2907/1283/1076 230/1522/1076 159/1525/1076
f 2914/1299/1076 228/1524/1076 155/1527/1076
f 2927/1283/1078 156/1525/1078 229/1522/1078
f 2988/1404/1077 240/1508/1077 239/1532/1077
f 2991/1413/1077 236/1531/1077 235/1533/1077
f 2994/1404/1078 234/1532/1078 237/1508/1078
f 166/1529/1076 121/1534/1076 2911/1294/1076
f 164/1530/1076 117/1535/1076 2923/1310/1076
f 163/1529/1078 2935/1294/1078 118/1534/1078
f 2910/1293/1076 158/1526/1076 166/1529/1076
f 2922/1309/1076 154/1528/1076 164/1530/1076
f 2934/1293/1078 163/1529/1078 153/1526/1078
f 448/1536/1076 446/1537/1076 444/1538/1076
f 450/1539/1076 448/1536/1076 444/1538/1076
f 367/1373/1076 450/1539/1076 444/1538/1076
f 2959/1393/1076 367/1373/1076 444/1538/1076
f 256/1467/1076 167/1389/1076 2956/1390/1076
f 254/1470/1076 256/1467/1076 2956/1390/1076
f 252/1471/1076 254/1470/1076 2956/1390/1076
f 250/1469/1076 252/1471/1076 2956/1390/1076
f 248/1464/1076 250/1469/1076 2956/1390/1076
f 148/1465/1076 248/1464/1076 2956/1390/1076
f 146/1540/1077 148/1465/1077 2956/1390/1077
f 144/1541/1076 146/1540/1076 2956/1390/1076
f 142/1542/1077 144/1541/1077 2956/1390/1077
f 140/1543/1076 142/1542/1076 2956/1390/1076
f 137/1544/1076 136/1545/1076 140/1543/1076
f 442/1546/1076 137/1544/1076 140/1543/1076
f 444/1538/1076 442/1546/1076 140/1543/1076
f 2959/1393/1076 444/1538/1076 140/1543/1076
f 2958/1392/1076 2959/1393/1076 140/1543/1076
f 140/1543/1076 2956/1390/1076 2955/1388/1076
f 2957/1391/1076 2958/1392/1076 140/1543/1076
f 140/1543/1076 2955/1388/1076 2957/1391/1076
f 91/1403/1076 320/1423/1076 240/1508/1076
f 87/1412/1076 318/1547/1076 236/1531/1076
f 90/1403/1078 237/1508/1078 319/1423/1078
f 2909/1292/1076 128/1548/1076 2905/1279/1076
f 2921/1308/1076 126/1549/1076 2912/1295/1076
f 2933/1292/1078 2924/1279/1078 125/1548/1078
f 399/1550/1097 398/1551/1097 372/1552/1097
f 344/1553/1098 346/1554/1098 407/1555/1098
f 377/1556/1099 329/1557/1099 332/1558/1099
f 381/1559/1100 377/1556/1100 332/1558/1100
f 385/1560/1101 381/1559/1101 332/1558/1101
f 372/1552/1102 385/1560/1102 332/1558/1102
f 399/1550/1103 372/1552/1103 332/1558/1103
f 403/1561/1104 399/1550/1104 332/1558/1104
f 342/1562/1105 344/1553/1105 407/1555/1105
f 403/1561/1106 332/1558/1106 338/1563/1106
f 407/1555/1107 403/1561/1107 338/1563/1107
f 340/1564/1108 342/1562/1108 407/1555/1108
f 407/1555/1109 338/1563/1109 340/1564/1109
f 396/1565/1092 335/1566/1092 334/1567/1092
f 3032/1568/1078 406/1569/1078 410/1570/1078
f 376/1571/1078 3033/1572/1078 70/1383/1078
f 380/1573/1078 3033/1572/1078 376/1571/1078
f 384/1574/1078 3033/1572/1078 380/1573/1078
f 335/1566/1092 3033/1572/1092 384/1574/1092
f 396/1565/1078 3033/1572/1078 335/1566/1078
f 402/1575/1078 3033/1572/1078 396/1565/1078
f 3034/1576/1078 406/1569/1078 3032/1568/1078
f 402/1575/1078 3035/1577/1078 3033/1572/1078
f 406/1569/1078 3035/1577/1078 402/1575/1078
f 3036/1578/1078 406/1569/1078 3034/1576/1078
f 406/1569/1078 3036/1578/1078 3035/1577/1078
f 2906/1280/1076 134/1579/1076 426/1580/1076
f 2913/1296/1076 132/1581/1076 424/1582/1076
f 2925/1280/1078 423/1580/1078 131/1579/1078
f 3037/1583/1076 358/1584/1076 357/1585/1076
f 16/1281/1076 2906/1280/1076 3038/1586/1076
f 362/1587/1076 16/1281/1076 3038/1586/1076
f 1830/1588/1076 362/1587/1076 3038/1586/1076
f 1834/1589/1076 1830/1588/1076 3038/1586/1076
f 1838/1590/1076 1834/1589/1076 3038/1586/1076
f 3037/1583/1076 357/1585/1076 1838/1590/1076
f 3039/1591/1076 3037/1583/1076 1838/1590/1076
f 1838/1590/1076 3038/1586/1076 3039/1591/1076
f 3040/1592/1076 354/1593/1076 353/1594/1076
f 12/1297/1076 2913/1296/1076 3041/1595/1076
f 360/1596/1076 12/1297/1076 3041/1595/1076
f 1828/1597/1076 360/1596/1076 3041/1595/1076
f 1832/1598/1076 1828/1597/1076 3041/1595/1076
f 1836/1599/1076 1832/1598/1076 3041/1595/1076
f 3040/1592/1076 353/1594/1076 1836/1599/1076
f 3042/1600/1076 3040/1592/1076 1836/1599/1076
f 1836/1599/1076 3041/1595/1076 3042/1600/1076
f 3043/1583/1078 356/1585/1078 355/1584/1078
f 13/1281/1078 3044/1586/1078 2925/1280/1078
f 361/1587/1078 3044/1586/1078 13/1281/1078
f 1829/1588/1078 3044/1586/1078 361/1587/1078
f 1833/1589/1078 3044/1586/1078 1829/1588/1078
f 1837/1590/1078 3044/1586/1078 1833/1589/1078
f 3043/1583/1078 1837/1590/1078 356/1585/1078
f 3045/1591/1078 1837/1590/1078 3043/1583/1078
f 1837/1590/1078 3045/1591/1078 3044/1586/1078
f 3046/1601/1076 3047/1602/1076 363/1603/1076
f 366/1604/1077 3046/1601/1077 363/1603/1077
f 2911/1294/1077 120/1605/1077 2909/1292/1077
f 2923/1310/1077 116/1606/1077 2921/1308/1077
f 2935/1294/1092 2933/1292/1092 115/1605/1092
f 3037/1583/1076 441/1607/1076 358/1584/1076
f 3040/1592/1076 440/1608/1076 354/1593/1076
f 3043/1583/1078 355/1584/1078 439/1607/1078
f 341/1576/1077 339/1578/1077 337/1577/1077
f 343/1568/1076 341/1576/1076 337/1577/1076
f 345/1570/1076 343/1568/1076 337/1577/1076
f 314/1481/1076 345/1570/1076 337/1577/1076
f 3027/1482/1076 314/1481/1076 337/1577/1076
f 3029/1485/1076 3027/1482/1076 337/1577/1076
f 3031/1489/1076 3029/1485/1076 337/1577/1076
f 3030/1488/1076 3031/1489/1076 337/1577/1076
f 3028/1484/1077 3030/1488/1077 337/1577/1077
f 2952/1385/1076 3028/1484/1076 337/1577/1076
f 330/1383/1076 2952/1385/1076 337/1577/1076
f 331/1572/1076 330/1383/1076 337/1577/1076
f 3034/1576/1092 3035/1577/1092 3036/1578/1092
f 3032/1568/1078 3035/1577/1078 3034/1576/1078
f 410/1570/1078 3035/1577/1078 3032/1568/1078
f 312/1481/1078 3035/1577/1078 410/1570/1078
f 3022/1482/1078 3035/1577/1078 312/1481/1078
f 3024/1485/1078 3035/1577/1078 3022/1482/1078
f 3026/1489/1078 3035/1577/1078 3024/1485/1078
f 3025/1488/1078 3035/1577/1078 3026/1489/1078
f 3023/1484/1092 3035/1577/1092 3025/1488/1092
f 66/1385/1078 3035/1577/1078 3023/1484/1078
f 70/1383/1078 3035/1577/1078 66/1385/1078
f 3033/1572/1078 3035/1577/1078 70/1383/1078
f 387/1609/1076 373/1610/1076 417/1611/1076
f 451/1539/1076 393/1373/1076 391/1612/1076
f 3048/1613/1076 138/1544/1076 443/1546/1076
f 3049/1614/1076 3048/1613/1076 443/1546/1076
f 3050/1615/1076 3049/1614/1076 443/1546/1076
f 417/1611/1076 3050/1615/1076 443/1546/1076
f 387/1609/1076 417/1611/1076 443/1546/1076
f 389/1616/1077 387/1609/1077 443/1546/1077
f 449/1536/1076 451/1539/1076 391/1612/1076
f 389/1616/1076 443/1546/1076 445/1538/1076
f 391/1612/1077 389/1616/1077 445/1538/1077
f 447/1537/1076 449/1536/1076 391/1612/1076
f 391/1612/1076 445/1538/1076 447/1537/1076
f 372/1566/1076 3051/1617/1076 373/1610/1076
f 3052/1618/1110 3053/1619/1110 3047/1602/1110
f 3046/1601/1111 3052/1618/1111 3047/1602/1111
f 349/1620/1076 348/1621/1076 3054/1622/1076
f 3051/1623/1076 349/1620/1076 3054/1622/1076
f 3037/1583/1076 438/1624/1076 441/1607/1076
f 3040/1592/1076 436/1625/1076 440/1608/1076
f 3043/1583/1092 439/1607/1092 435/1624/1092
f 2905/1279/1076 134/1579/1076 2906/1280/1076
f 2912/1295/1076 132/1581/1076 2913/1296/1076
f 2924/1279/1078 2925/1280/1078 131/1579/1078
f 373/1610/1077 3051/1617/1077 3052/1618/1077
f 3039/1591/1076 432/1626/1076 438/1624/1076
f 3042/1600/1076 430/1627/1076 436/1625/1076
f 3045/1591/1078 435/1624/1078 429/1626/1078
f 418/1611/1076 3046/1601/1076 419/1607/1076
f 2909/1292/1076 120/1605/1076 128/1548/1076
f 2921/1308/1076 116/1606/1076 126/1549/1076
f 2933/1292/1078 125/1548/1078 115/1605/1078
f 2906/1280/1077 426/1580/1077 3038/1586/1077
f 2913/1296/1077 424/1582/1077 3041/1595/1077
f 2925/1280/1092 3044/1586/1092 423/1580/1092
f 419/1607/1077 3046/1601/1077 366/1604/1077
f 418/1611/1112 3052/1618/1112 3046/1601/1112
f 3051/1617/1076 3054/1628/1076 3053/1619/1076
f 3052/1618/1076 3051/1617/1076 3053/1619/1076
f 373/1610/1113 3052/1618/1113 418/1611/1113
f 3039/1591/1076 438/1624/1076 3037/1583/1076
f 3042/1600/1076 436/1625/1076 3040/1592/1076
f 3045/1591/1078 3043/1583/1078 435/1624/1078
f 372/1552/1076 349/1620/1076 3051/1623/1076
f 398/1551/1076 349/1620/1076 372/1552/1076
f 358/1584/1076 441/1607/1076 454/1604/1076
f 354/1593/1076 440/1608/1076 453/1629/1076
f 355/1584/1078 452/1604/1078 439/1607/1078
f 3038/1586/1077 426/1580/1077 432/1626/1077
f 3041/1595/1077 424/1582/1077 430/1627/1077
f 3044/1586/1078 429/1626/1078 423/1580/1078
f 2905/1279/1076 128/1548/1076 134/1579/1076
f 2912/1295/1076 126/1549/1076 132/1581/1076
f 2924/1279/1078 131/1579/1078 125/1548/1078
f 3038/1586/1077 432/1626/1077 3039/1591/1077
f 3041/1595/1077 430/1627/1077 3042/1600/1077
f 3044/1586/1092 3045/1591/1092 429/1626/1092
f 2074/1630/1076 2022/1631/1076 2050/1632/1076
f 458/1633/1076 457/1634/1076 2062/1635/1076
f 2066/1636/1076 458/1633/1076 2062/1635/1076
f 2074/1630/1076 2050/1632/1076 2090/1637/1076
f 2078/1638/1076 2074/1630/1076 2090/1637/1076
f 2066/1636/1076 2062/1635/1076 2082/1639/1076
f 2070/1640/1076 2066/1636/1076 2082/1639/1076
f 2078/1638/1076 2090/1637/1076 2086/1641/1076
f 2082/1639/1076 2078/1638/1076 2086/1641/1076
f 2070/1640/1076 2082/1639/1076 2086/1641/1076
f 2075/1642/1078 2051/1643/1078 2023/1644/1078
f 459/1645/1078 2063/1646/1078 460/1647/1078
f 2067/1648/1078 2063/1646/1078 459/1645/1078
f 2075/1642/1078 2091/1649/1078 2051/1643/1078
f 2079/1650/1078 2091/1649/1078 2075/1642/1078
f 2067/1648/1078 2083/1651/1078 2063/1646/1078
f 2071/1652/1078 2083/1651/1078 2067/1648/1078
f 2079/1650/1078 2087/1653/1078 2091/1649/1078
f 2083/1651/1078 2087/1653/1078 2079/1650/1078
f 2071/1652/1078 2087/1653/1078 2083/1651/1078
f 1844/1654/1076 1859/1655/1076 1849/1656/1076
f 477/1657/1076 1844/1654/1076 1849/1656/1076
f 478/1658/1076 477/1657/1076 1849/1656/1076
f 3055/1659/1076 3056/1660/1076 478/1658/1076
f 469/1661/1076 3057/1662/1076 3058/1663/1076
f 470/1664/1076 469/1661/1076 3058/1663/1076
f 1856/1665/1076 470/1664/1076 3058/1663/1076
f 1852/1666/1076 1856/1665/1076 3058/1663/1076
f 1849/1656/1076 1852/1666/1076 3058/1663/1076
f 3055/1659/1077 478/1658/1077 1849/1656/1077
f 3059/1667/1076 3055/1659/1076 1849/1656/1076
f 1849/1656/1076 3058/1663/1076 3060/1668/1076
f 3061/1669/1076 3059/1667/1076 1849/1656/1076
f 1849/1656/1076 3060/1668/1076 3061/1669/1076
f 3062/1670/1076 3063/1671/1076 3064/1672/1076
f 473/1673/1076 3062/1670/1076 3064/1672/1076
f 474/1674/1076 473/1673/1076 3064/1672/1076
f 3065/1675/1076 3066/1676/1076 474/1674/1076
f 465/1677/1076 3067/1678/1076 3068/1679/1076
f 466/1680/1076 465/1677/1076 3068/1679/1076
f 3069/1681/1076 466/1680/1076 3068/1679/1076
f 3070/1682/1076 3069/1681/1076 3068/1679/1076
f 3064/1672/1076 3070/1682/1076 3068/1679/1076
f 3065/1675/1077 474/1674/1077 3064/1672/1077
f 3071/1683/1076 3065/1675/1076 3064/1672/1076
f 3064/1672/1076 3068/1679/1076 3072/1684/1076
f 3073/1685/1076 3071/1683/1076 3064/1672/1076
f 3064/1672/1076 3072/1684/1076 3073/1685/1076
f 3074/1654/1078 3075/1656/1078 3076/1655/1078
f 476/1657/1078 3075/1656/1078 3074/1654/1078
f 475/1658/1078 3075/1656/1078 476/1657/1078
f 3077/1659/1078 475/1658/1078 3078/1660/1078
f 468/1661/1078 3079/1663/1078 3080/1662/1078
f 467/1664/1078 3079/1663/1078 468/1661/1078
f 3081/1665/1078 3079/1663/1078 467/1664/1078
f 3082/1666/1078 3079/1663/1078 3081/1665/1078
f 3075/1656/1078 3079/1663/1078 3082/1666/1078
f 3077/1659/1078 3075/1656/1078 475/1658/1078
f 3083/1667/1078 3075/1656/1078 3077/1659/1078
f 3075/1656/1078 3084/1668/1078 3079/1663/1078
f 3085/1669/1078 3075/1656/1078 3083/1667/1078
f 3075/1656/1078 3085/1669/1078 3084/1668/1078
f 666/1686/1114 495/1687/1114 493/1688/1114
f 631/1689/1115 657/1690/1115 656/1691/1115
f 644/1692/1116 631/1689/1116 656/1691/1116
f 640/1693/1117 644/1692/1117 656/1691/1117
f 636/1694/1118 640/1693/1118 656/1691/1118
f 479/1695/1119 482/1696/1119 636/1694/1119
f 666/1686/1120 493/1688/1120 491/1697/1120
f 636/1694/1121 656/1691/1121 662/1698/1121
f 479/1695/1122 636/1694/1122 662/1698/1122
f 487/1699/1123 479/1695/1123 662/1698/1123
f 666/1686/1124 491/1697/1124 489/1700/1124
f 662/1698/1125 666/1686/1125 489/1700/1125
f 487/1699/1126 662/1698/1126 489/1700/1126
f 663/1701/1078 3086/1702/1078 667/1703/1078
f 484/1704/1092 652/1705/1092 485/1706/1092
f 641/1707/1078 652/1705/1078 484/1704/1078
f 637/1708/1078 652/1705/1078 641/1707/1078
f 633/1709/1078 652/1705/1078 637/1708/1078
f 3087/1710/1078 633/1709/1078 511/1711/1078
f 663/1701/1078 3088/1712/1078 3086/1702/1078
f 633/1709/1078 659/1713/1078 652/1705/1078
f 3087/1710/1078 659/1713/1078 633/1709/1078
f 3089/1714/1078 659/1713/1078 3087/1710/1078
f 663/1701/1078 3090/1715/1078 3088/1712/1078
f 659/1713/1092 3090/1715/1092 663/1701/1092
f 3089/1714/1078 3090/1715/1078 659/1713/1078
f 2107/1716/1076 500/1717/1076 499/1718/1076
f 2099/1719/1076 2130/1720/1076 2126/1721/1076
f 2100/1722/1076 2099/1719/1076 2126/1721/1076
f 2107/1716/1076 499/1718/1076 2094/1723/1076
f 2108/1724/1076 2107/1716/1076 2094/1723/1076
f 2100/1722/1076 2126/1721/1076 2122/1725/1076
f 2114/1726/1076 2100/1722/1076 2122/1725/1076
f 2108/1724/1076 2094/1723/1076 2118/1727/1076
f 2122/1725/1076 2108/1724/1076 2118/1727/1076
f 2114/1726/1076 2122/1725/1076 2118/1727/1076
f 2110/1728/1078 502/1729/1078 501/1730/1078
f 2102/1731/1078 2127/1732/1078 2131/1733/1078
f 2101/1734/1078 2127/1732/1078 2102/1731/1078
f 2110/1728/1078 2095/1735/1078 502/1729/1078
f 2109/1736/1078 2095/1735/1078 2110/1728/1078
f 2101/1734/1078 2123/1737/1078 2127/1732/1078
f 2115/1738/1078 2123/1737/1078 2101/1734/1078
f 2109/1736/1078 2119/1739/1078 2095/1735/1078
f 2123/1737/1078 2119/1739/1078 2109/1736/1078
f 2115/1738/1078 2119/1739/1078 2123/1737/1078
f 3091/1740/1076 3092/1741/1076 3093/1742/1076
f 817/1743/1076 3091/1740/1076 3093/1742/1076
f 3094/1744/1076 3095/1745/1076 784/1746/1076
f 481/1747/1076 3096/1748/1076 3097/1749/1076
f 3098/1750/1076 3099/1751/1076 625/1752/1076
f 3093/1742/1077 3098/1750/1077 625/1752/1077
f 3100/1753/1076 3101/1754/1076 3093/1742/1076
f 3102/1755/1076 3103/1756/1076 3104/1757/1076
f 3105/1758/1076 3102/1755/1076 3104/1757/1076
f 3106/1759/1076 3105/1758/1076 3104/1757/1076
f 3107/1760/1076 3106/1759/1076 3104/1757/1076
f 3093/1742/1077 3101/1754/1077 3108/1761/1077
f 3100/1753/1076 3093/1742/1076 625/1752/1076
f 3109/1762/1076 3100/1753/1076 625/1752/1076
f 3093/1742/1076 3108/1761/1076 3110/1763/1076
f 817/1743/1077 3093/1742/1077 3110/1763/1077
f 3111/1764/1077 3109/1762/1077 625/1752/1077
f 817/1743/1077 3110/1763/1077 3112/1765/1077
f 3111/1764/1076 625/1752/1076 481/1747/1076
f 3104/1757/1076 3111/1764/1076 481/1747/1076
f 817/1743/1076 3112/1765/1076 3113/1766/1076
f 784/1746/1076 817/1743/1076 3113/1766/1076
f 3104/1757/1076 481/1747/1076 3097/1749/1076
f 784/1746/1076 3113/1766/1076 3107/1760/1076
f 3094/1744/1076 784/1746/1076 3107/1760/1076
f 3104/1757/1076 3097/1749/1076 3114/1767/1076
f 3115/1768/1076 3094/1744/1076 3107/1760/1076
f 3104/1757/1076 3114/1767/1076 3116/1769/1076
f 3116/1769/1076 3115/1768/1076 3107/1760/1076
f 3107/1760/1076 3104/1757/1076 3116/1769/1076
f 541/1770/1078 526/1771/1078 543/1772/1078
f 540/1773/1078 526/1771/1078 541/1770/1078
f 3117/1774/1078 537/1775/1078 536/1776/1078
f 514/1711/1078 3118/1777/1078 515/1778/1078
f 524/1779/1078 521/1780/1078 520/1781/1078
f 526/1771/1092 521/1780/1092 524/1779/1092
f 3119/1782/1078 526/1771/1078 3120/1783/1078
f 3121/1784/1078 3122/1785/1078 3123/1786/1078
f 3124/1787/1092 3122/1785/1092 3121/1784/1092
f 3125/1788/1078 3122/1785/1078 3124/1787/1078
f 3126/1789/1078 3122/1785/1078 3125/1788/1078
f 526/1771/1078 3127/1790/1078 3120/1783/1078
f 3119/1782/1078 521/1780/1078 526/1771/1078
f 3128/1791/1078 521/1780/1078 3119/1782/1078
f 526/1771/1078 3129/1792/1078 3127/1790/1078
f 540/1773/1078 3129/1792/1078 526/1771/1078
f 3130/1793/1078 521/1780/1078 3128/1791/1078
f 540/1773/1078 3131/1794/1078 3129/1792/1078
f 3130/1793/1078 514/1711/1078 521/1780/1078
f 3122/1785/1078 514/1711/1078 3130/1793/1078
f 540/1773/1078 3132/1795/1078 3131/1794/1078
f 537/1775/1078 3132/1795/1078 540/1773/1078
f 3122/1785/1078 3118/1777/1078 514/1711/1078
f 537/1775/1078 3126/1789/1078 3132/1795/1078
f 3117/1774/1078 3126/1789/1078 537/1775/1078
f 3122/1785/1078 3133/1796/1078 3118/1777/1078
f 3134/1797/1078 3126/1789/1078 3117/1774/1078
f 3122/1785/1078 3135/1798/1078 3133/1796/1078
f 3135/1798/1078 3126/1789/1078 3134/1797/1078
f 3126/1789/1078 3135/1798/1078 3122/1785/1078
f 3057/1662/1077 469/1661/1077 556/1799/1077
f 3136/1800/1076 3057/1662/1076 556/1799/1076
f 552/1801/1076 551/1802/1076 3137/1803/1076
f 1872/1804/1076 552/1801/1076 3137/1803/1076
f 1868/1805/1076 1872/1804/1076 3137/1803/1076
f 1864/1806/1076 1868/1805/1076 3137/1803/1076
f 556/1799/1076 1864/1806/1076 3137/1803/1076
f 3138/1807/1076 3136/1800/1076 556/1799/1076
f 556/1799/1076 3137/1803/1076 3138/1807/1076
f 3067/1678/1077 465/1677/1077 554/1808/1077
f 3139/1809/1076 3067/1678/1076 554/1808/1076
f 548/1810/1076 547/1811/1076 3140/1812/1076
f 1870/1813/1076 548/1810/1076 3140/1812/1076
f 1866/1814/1076 1870/1813/1076 3140/1812/1076
f 1862/1815/1076 1866/1814/1076 3140/1812/1076
f 554/1808/1076 1862/1815/1076 3140/1812/1076
f 3141/1816/1076 3139/1809/1076 554/1808/1076
f 554/1808/1076 3140/1812/1076 3141/1816/1076
f 3080/1662/1078 555/1799/1078 468/1661/1078
f 3142/1800/1078 555/1799/1078 3080/1662/1078
f 549/1801/1078 3143/1803/1078 550/1802/1078
f 1871/1804/1078 3143/1803/1078 549/1801/1078
f 1867/1805/1078 3143/1803/1078 1871/1804/1078
f 1863/1806/1078 3143/1803/1078 1867/1805/1078
f 555/1799/1078 3143/1803/1078 1863/1806/1078
f 3144/1807/1078 555/1799/1078 3142/1800/1078
f 555/1799/1078 3144/1807/1078 3143/1803/1078
f 2150/1817/1076 2136/1818/1076 2135/1819/1076
f 2154/1820/1077 2150/1817/1077 2135/1819/1077
f 2158/1821/1076 2154/1820/1076 2135/1819/1076
f 2162/1822/1076 2158/1821/1076 2135/1819/1076
f 559/1823/1076 2162/1822/1076 2135/1819/1076
f 473/1673/1077 559/1823/1077 2135/1819/1077
f 3062/1670/1076 473/1673/1076 2135/1819/1076
f 565/1824/1076 466/1680/1076 3069/1681/1076
f 2146/1825/1076 565/1824/1076 3069/1681/1076
f 2166/1826/1076 2146/1825/1076 3069/1681/1076
f 2170/1827/1076 2166/1826/1076 3069/1681/1076
f 2174/1828/1076 2170/1827/1076 3069/1681/1076
f 2178/1829/1076 2174/1828/1076 3069/1681/1076
f 2142/1830/1076 2178/1829/1076 3069/1681/1076
f 2135/1819/1076 2142/1830/1076 3069/1681/1076
f 3063/1671/1076 3062/1670/1076 2135/1819/1076
f 2135/1819/1076 3069/1681/1076 3070/1682/1076
f 3064/1672/1076 3063/1671/1076 2135/1819/1076
f 2135/1819/1076 3070/1682/1076 3064/1672/1076
f 2151/1831/1078 2138/1832/1078 2137/1833/1078
f 2155/1834/1078 2138/1832/1078 2151/1831/1078
f 2159/1835/1078 2138/1832/1078 2155/1834/1078
f 2163/1836/1078 2138/1832/1078 2159/1835/1078
f 560/1837/1078 2138/1832/1078 2163/1836/1078
f 476/1657/1078 2138/1832/1078 560/1837/1078
f 3074/1654/1078 2138/1832/1078 476/1657/1078
f 566/1838/1078 3081/1665/1078 467/1664/1078
f 2147/1839/1078 3081/1665/1078 566/1838/1078
f 2167/1840/1078 3081/1665/1078 2147/1839/1078
f 2171/1841/1078 3081/1665/1078 2167/1840/1078
f 2175/1842/1078 3081/1665/1078 2171/1841/1078
f 2179/1843/1078 3081/1665/1078 2175/1842/1078
f 2143/1844/1078 3081/1665/1078 2179/1843/1078
f 2138/1832/1078 3081/1665/1078 2143/1844/1078
f 3076/1655/1078 2138/1832/1078 3074/1654/1078
f 2138/1832/1092 3082/1666/1092 3081/1665/1092
f 3075/1656/1092 2138/1832/1092 3076/1655/1092
f 2138/1832/1078 3075/1656/1078 3082/1666/1078
f 3145/1845/1076 3146/1846/1076 3096/1778/1076
f 3147/1847/1076 3145/1845/1076 3096/1778/1076
f 3148/1848/1076 3147/1847/1076 3096/1778/1076
f 3149/1849/1076 3148/1848/1076 3096/1778/1076
f 673/1850/1076 3149/1849/1076 3096/1778/1076
f 496/1703/1077 673/1850/1077 3096/1778/1077
f 494/1702/1076 496/1703/1076 3096/1778/1076
f 492/1712/1076 494/1702/1076 3096/1778/1076
f 490/1715/1076 492/1712/1076 3096/1778/1076
f 488/1714/1076 490/1715/1076 3096/1778/1076
f 480/1710/1077 488/1714/1077 3096/1778/1077
f 481/1711/1076 480/1710/1076 3096/1778/1076
f 3150/1845/1092 505/1778/1092 3151/1846/1092
f 3152/1847/1078 505/1778/1078 3150/1845/1078
f 3153/1848/1092 505/1778/1092 3152/1847/1092
f 3154/1849/1078 505/1778/1078 3153/1848/1078
f 670/1850/1078 505/1778/1078 3154/1849/1078
f 667/1703/1092 505/1778/1092 670/1850/1092
f 3086/1702/1078 505/1778/1078 667/1703/1078
f 3088/1712/1078 505/1778/1078 3086/1702/1078
f 3090/1715/1078 505/1778/1078 3088/1712/1078
f 3089/1714/1078 505/1778/1078 3090/1715/1078
f 3087/1710/1078 505/1778/1078 3089/1714/1078
f 511/1711/1078 505/1778/1078 3087/1710/1078
f 650/1851/1076 651/1780/1076 713/1852/1076
f 683/1853/1076 630/1854/1076 646/1855/1076
f 3155/1856/1076 683/1853/1076 646/1855/1076
f 3156/1857/1076 3155/1856/1076 646/1855/1076
f 3157/1858/1076 3156/1857/1076 646/1855/1076
f 705/1859/1076 605/1860/1076 3157/1858/1076
f 650/1851/1076 713/1852/1076 711/1861/1076
f 3157/1858/1076 646/1855/1076 648/1862/1076
f 705/1859/1076 3157/1858/1076 648/1862/1076
f 707/1863/1076 705/1859/1076 648/1862/1076
f 650/1851/1076 711/1861/1076 709/1864/1076
f 648/1862/1076 650/1851/1076 709/1864/1076
f 707/1863/1076 648/1862/1076 709/1864/1076
f 3054/1628/1076 631/1704/1076 630/1854/1076
f 868/1865/1076 891/1866/1076 3158/1867/1076
f 866/1868/1076 889/1869/1076 3159/1870/1076
f 865/1865/1092 3160/1867/1092 888/1866/1092
f 891/1866/1076 3161/1871/1076 3158/1867/1076
f 889/1869/1076 3162/1872/1076 3159/1870/1076
f 888/1866/1092 3160/1867/1092 3163/1871/1092
f 3164/1774/1076 3165/1797/1076 3166/1798/1076
f 535/1776/1077 3164/1774/1077 3166/1798/1077
f 735/1873/1076 535/1776/1076 3166/1798/1076
f 769/1874/1076 737/1875/1076 719/1876/1076
f 721/1849/1077 724/1850/1077 755/1877/1077
f 3167/1777/1076 516/1778/1076 733/1846/1076
f 3168/1796/1076 3167/1777/1076 733/1846/1076
f 3166/1798/1076 3168/1796/1076 733/1846/1076
f 735/1873/1077 3166/1798/1077 733/1846/1077
f 726/1878/1076 735/1873/1076 733/1846/1076
f 769/1874/1076 719/1876/1076 715/1879/1076
f 763/1880/1076 769/1874/1076 715/1879/1076
f 721/1849/1076 755/1877/1076 749/1881/1076
f 727/1848/1076 721/1849/1076 749/1881/1076
f 726/1878/1076 733/1846/1076 731/1845/1076
f 718/1882/1076 726/1878/1076 731/1845/1076
f 763/1880/1076 715/1879/1076 718/1882/1076
f 748/1883/1076 763/1880/1076 718/1882/1076
f 727/1848/1076 749/1881/1076 748/1883/1076
f 729/1847/1076 727/1848/1076 748/1883/1076
f 718/1882/1076 731/1845/1076 729/1847/1076
f 748/1883/1076 718/1882/1076 729/1847/1076
f 527/1774/1078 518/1798/1078 531/1797/1078
f 530/1776/1092 518/1798/1092 527/1774/1092
f 3169/1873/1078 518/1798/1078 530/1776/1078
f 764/1874/1078 3170/1876/1078 770/1875/1078
f 3154/1849/1078 752/1877/1078 670/1850/1078
f 508/1777/1078 3151/1846/1078 505/1778/1078
f 510/1796/1078 3151/1846/1078 508/1777/1078
f 518/1798/1078 3151/1846/1078 510/1796/1078
f 3169/1873/1092 3151/1846/1092 518/1798/1092
f 3171/1878/1078 3151/1846/1078 3169/1873/1078
f 764/1874/1078 3172/1879/1078 3170/1876/1078
f 758/1880/1078 3172/1879/1078 764/1874/1078
f 3154/1849/1078 742/1881/1078 752/1877/1078
f 3153/1848/1078 742/1881/1078 3154/1849/1078
f 3171/1878/1078 3150/1845/1078 3151/1846/1078
f 3173/1882/1078 3150/1845/1078 3171/1878/1078
f 758/1880/1078 3173/1882/1078 3172/1879/1078
f 739/1883/1078 3173/1882/1078 758/1880/1078
f 3153/1848/1078 739/1883/1078 742/1881/1078
f 3152/1847/1078 739/1883/1078 3153/1848/1078
f 3173/1882/1078 3152/1847/1078 3150/1845/1078
f 739/1883/1078 3152/1847/1078 3173/1882/1078
f 3094/1744/1076 3115/1768/1076 3116/1769/1076
f 3095/1745/1077 3094/1744/1077 3116/1769/1077
f 3174/1884/1076 3095/1745/1076 3116/1769/1076
f 767/1885/1076 772/1886/1076 3175/1887/1076
f 3149/1888/1077 673/1889/1077 753/1890/1077
f 3097/1749/1076 3096/1748/1076 3146/1891/1076
f 3114/1767/1076 3097/1749/1076 3146/1891/1076
f 3116/1769/1076 3114/1767/1076 3146/1891/1076
f 3174/1884/1077 3116/1769/1077 3146/1891/1077
f 3176/1892/1076 3174/1884/1076 3146/1891/1076
f 767/1885/1076 3175/1887/1076 3177/1893/1076
f 761/1894/1076 767/1885/1076 3177/1893/1076
f 3149/1888/1076 753/1890/1076 745/1895/1076
f 3148/1896/1076 3149/1888/1076 745/1895/1076
f 3176/1892/1076 3146/1891/1076 3145/1897/1076
f 3178/1898/1076 3176/1892/1076 3145/1897/1076
f 761/1894/1076 3177/1893/1076 3178/1898/1076
f 744/1246/1076 761/1894/1076 3178/1898/1076
f 3148/1896/1076 745/1895/1076 744/1246/1076
f 3147/1899/1076 3148/1896/1076 744/1246/1076
f 3178/1898/1076 3145/1897/1076 3147/1899/1076
f 744/1246/1076 3178/1898/1076 3147/1899/1076
f 3117/1774/1078 3135/1798/1078 3134/1797/1078
f 536/1776/1092 3135/1798/1092 3117/1774/1092
f 736/1873/1078 3135/1798/1078 536/1776/1078
f 766/1874/1078 720/1876/1078 738/1875/1078
f 722/1849/1078 754/1877/1078 723/1850/1078
f 3118/1777/1078 734/1846/1078 515/1778/1078
f 3133/1796/1078 734/1846/1078 3118/1777/1078
f 3135/1798/1078 734/1846/1078 3133/1796/1078
f 736/1873/1092 734/1846/1092 3135/1798/1092
f 725/1878/1078 734/1846/1078 736/1873/1078
f 766/1874/1078 716/1879/1078 720/1876/1078
f 760/1880/1078 716/1879/1078 766/1874/1078
f 722/1849/1078 746/1881/1078 754/1877/1078
f 728/1848/1078 746/1881/1078 722/1849/1078
f 725/1878/1078 732/1845/1078 734/1846/1078
f 717/1882/1078 732/1845/1078 725/1878/1078
f 760/1880/1078 717/1882/1078 716/1879/1078
f 743/1883/1078 717/1882/1078 760/1880/1078
f 728/1848/1078 743/1883/1078 746/1881/1078
f 730/1847/1078 743/1883/1078 728/1848/1078
f 717/1882/1078 730/1847/1078 732/1845/1078
f 743/1883/1078 730/1847/1078 717/1882/1078
f 3053/1619/1077 3054/1628/1077 630/1854/1077
f 3110/1763/1076 3108/1761/1076 3101/1754/1076
f 3112/1765/1076 3110/1763/1076 3101/1754/1076
f 3113/1766/1076 3112/1765/1076 3101/1754/1076
f 3107/1760/1076 3113/1766/1076 3101/1754/1076
f 3111/1764/1077 3104/1757/1077 3103/1756/1077
f 3109/1762/1076 3111/1764/1076 3103/1756/1076
f 3100/1753/1077 3109/1762/1077 3103/1756/1077
f 3101/1754/1076 3100/1753/1076 3103/1756/1076
f 3106/1759/1076 3107/1760/1076 3101/1754/1076
f 3101/1754/1076 3103/1756/1076 3102/1755/1076
f 3105/1758/1076 3106/1759/1076 3101/1754/1076
f 3101/1754/1076 3102/1755/1076 3105/1758/1076
f 3129/1792/1078 3120/1783/1078 3127/1790/1078
f 3131/1794/1078 3120/1783/1078 3129/1792/1078
f 3132/1795/1078 3120/1783/1078 3131/1794/1078
f 3126/1789/1078 3120/1783/1078 3132/1795/1078
f 3130/1793/1092 3123/1786/1092 3122/1785/1092
f 3128/1791/1078 3123/1786/1078 3130/1793/1078
f 3119/1782/1092 3123/1786/1092 3128/1791/1092
f 3120/1783/1078 3123/1786/1078 3119/1782/1078
f 3125/1788/1078 3120/1783/1078 3126/1789/1078
f 3120/1783/1078 3121/1784/1078 3123/1786/1078
f 3124/1787/1078 3120/1783/1078 3125/1788/1078
f 3120/1783/1078 3124/1787/1078 3121/1784/1078
f 3047/1602/1076 682/1853/1076 681/1900/1076
f 363/1603/1077 3047/1602/1077 681/1900/1077
f 3047/1602/1127 3053/1619/1127 682/1853/1127
f 586/1901/1076 592/1902/1076 3055/1659/1076
f 584/1903/1076 590/1904/1076 3065/1675/1076
f 583/1901/1078 3077/1659/1078 589/1902/1078
f 3053/1619/1113 630/1854/1113 682/1853/1113
f 3054/1622/1076 348/1621/1076 631/1689/1076
f 348/1621/1076 657/1690/1076 631/1689/1076
f 694/1905/1076 688/1906/1076 3136/1800/1076
f 692/1907/1076 686/1908/1076 3139/1809/1076
f 693/1905/1078 3142/1800/1078 687/1906/1078
f 617/1909/1076 616/1910/1076 3058/1663/1076
f 613/1911/1076 612/1912/1076 3068/1679/1076
f 614/1909/1078 3079/1663/1078 611/1910/1078
f 3138/1807/1076 694/1905/1076 3136/1800/1076
f 3141/1816/1076 692/1907/1076 3139/1809/1076
f 3144/1807/1092 3142/1800/1092 693/1905/1092
f 3060/1668/1076 624/1913/1076 3061/1669/1076
f 3072/1684/1076 622/1914/1076 3073/1685/1076
f 3084/1668/1092 3085/1669/1092 621/1913/1092
f 3058/1663/1076 616/1910/1076 3060/1668/1076
f 3068/1679/1076 612/1912/1076 3072/1684/1076
f 3079/1663/1078 3084/1668/1078 611/1910/1078
f 3057/1662/1076 617/1909/1076 3058/1663/1076
f 3067/1678/1076 613/1911/1076 3068/1679/1076
f 3080/1662/1078 3079/1663/1078 614/1909/1078
f 3136/1800/1076 688/1906/1076 3057/1662/1076
f 3139/1809/1076 686/1908/1076 3067/1678/1076
f 3142/1800/1092 3080/1662/1092 687/1906/1092
f 551/1802/1076 704/1900/1076 3137/1803/1076
f 547/1811/1076 702/1915/1076 3140/1812/1076
f 550/1802/1078 3143/1803/1078 703/1900/1078
f 3137/1803/1076 700/1916/1076 3138/1807/1076
f 3140/1812/1076 698/1917/1076 3141/1816/1076
f 3143/1803/1078 3144/1807/1078 699/1916/1078
f 700/1916/1076 694/1905/1076 3138/1807/1076
f 698/1917/1076 692/1907/1076 3141/1816/1076
f 699/1916/1078 3144/1807/1078 693/1905/1078
f 688/1906/1076 617/1909/1076 3057/1662/1076
f 686/1908/1076 613/1911/1076 3067/1678/1076
f 687/1906/1078 3080/1662/1078 614/1909/1078
f 704/1900/1077 700/1916/1077 3137/1803/1077
f 702/1915/1077 698/1917/1077 3140/1812/1077
f 703/1900/1092 3143/1803/1092 699/1916/1092
f 624/1913/1076 579/1918/1076 3061/1669/1076
f 622/1914/1076 575/1919/1076 3073/1685/1076
f 621/1913/1078 3085/1669/1078 576/1918/1078
f 616/1910/1076 624/1913/1076 3060/1668/1076
f 612/1912/1076 622/1914/1076 3072/1684/1076
f 611/1910/1078 3084/1668/1078 621/1913/1078
f 594/1920/1077 598/1921/1077 600/1922/1077
f 595/1923/1076 594/1920/1076 600/1922/1076
f 892/1924/1077 595/1923/1077 600/1922/1077
f 894/1925/1076 892/1924/1076 600/1922/1076
f 896/1926/1076 894/1925/1076 600/1922/1076
f 898/1927/1076 896/1926/1076 600/1922/1076
f 900/1928/1076 898/1927/1076 600/1922/1076
f 817/1773/1076 900/1928/1076 600/1922/1076
f 3091/1770/1076 817/1773/1076 600/1922/1076
f 714/1852/1076 625/1780/1076 3099/1781/1076
f 712/1861/1076 714/1852/1076 3099/1781/1076
f 710/1864/1076 712/1861/1076 3099/1781/1076
f 708/1863/1076 710/1864/1076 3099/1781/1076
f 706/1859/1076 708/1863/1076 3099/1781/1076
f 606/1860/1076 706/1859/1076 3099/1781/1076
f 604/1929/1077 606/1860/1077 3099/1781/1077
f 602/1930/1076 604/1929/1076 3099/1781/1076
f 600/1922/1077 602/1930/1077 3099/1781/1077
f 3092/1772/1076 3091/1770/1076 600/1922/1076
f 600/1922/1076 3099/1781/1076 3098/1779/1076
f 3093/1771/1076 3092/1772/1076 600/1922/1076
f 600/1922/1076 3098/1779/1076 3093/1771/1076
f 778/1603/1076 704/1900/1076 551/1802/1076
f 776/1931/1076 702/1915/1076 547/1811/1076
f 777/1603/1078 550/1802/1078 703/1900/1078
f 586/1901/1076 3055/1659/1076 3059/1667/1076
f 584/1903/1076 3065/1675/1076 3071/1683/1076
f 583/1901/1078 3083/1667/1078 3077/1659/1078
f 831/1932/1128 827/1933/1128 783/1934/1128
f 835/1935/1129 831/1932/1129 783/1934/1129
f 822/1936/1130 835/1935/1130 783/1934/1130
f 849/1937/1131 848/1938/1131 822/1936/1131
f 779/1939/1132 782/1940/1132 857/1941/1132
f 822/1936/1133 783/1934/1133 786/1942/1133
f 853/1943/1134 849/1937/1134 822/1936/1134
f 796/1944/1135 779/1939/1135 857/1941/1135
f 822/1936/1136 786/1942/1136 792/1945/1136
f 853/1943/1137 822/1936/1137 792/1945/1137
f 857/1941/1138 853/1943/1138 792/1945/1138
f 794/1946/1139 796/1944/1139 857/1941/1139
f 857/1941/1140 792/1945/1140 794/1946/1140
f 830/1947/1078 534/1775/1078 826/1948/1078
f 834/1949/1078 534/1775/1078 830/1947/1078
f 789/1950/1092 534/1775/1092 834/1949/1092
f 846/1951/1092 789/1950/1092 788/1952/1092
f 3179/1953/1078 856/1954/1078 860/1955/1078
f 789/1950/1078 3180/1956/1078 534/1775/1078
f 852/1957/1092 789/1950/1092 846/1951/1092
f 3181/1958/1078 856/1954/1078 3179/1953/1078
f 789/1950/1078 3182/1959/1078 3180/1956/1078
f 852/1957/1078 3182/1959/1078 789/1950/1078
f 856/1954/1078 3182/1959/1078 852/1957/1078
f 3183/1960/1078 856/1954/1078 3181/1958/1078
f 856/1954/1078 3183/1960/1078 3182/1959/1078
f 592/1902/1076 868/1865/1076 3056/1660/1076
f 590/1904/1076 866/1868/1076 3066/1676/1076
f 589/1902/1078 3078/1660/1078 865/1865/1078
f 1890/1961/1076 1886/1962/1076 804/1963/1076
f 1894/1964/1076 1890/1961/1076 804/1963/1076
f 811/1965/1076 1894/1964/1076 804/1963/1076
f 3184/1966/1076 812/1967/1076 811/1965/1076
f 478/1658/1076 3056/1660/1076 3158/1867/1076
f 804/1963/1076 478/1658/1076 3158/1867/1076
f 3184/1966/1076 811/1965/1076 804/1963/1076
f 3161/1871/1076 3184/1966/1076 804/1963/1076
f 804/1963/1076 3158/1867/1076 3161/1871/1076
f 1888/1968/1076 1884/1969/1076 802/1970/1076
f 1892/1971/1076 1888/1968/1076 802/1970/1076
f 807/1972/1076 1892/1971/1076 802/1970/1076
f 3185/1973/1076 808/1974/1076 807/1972/1076
f 474/1674/1076 3066/1676/1076 3159/1870/1076
f 802/1970/1076 474/1674/1076 3159/1870/1076
f 3185/1973/1076 807/1972/1076 802/1970/1076
f 3162/1872/1076 3185/1973/1076 802/1970/1076
f 802/1970/1076 3159/1870/1076 3162/1872/1076
f 1889/1961/1078 803/1963/1078 1885/1962/1078
f 1893/1964/1078 803/1963/1078 1889/1961/1078
f 810/1965/1078 803/1963/1078 1893/1964/1078
f 3186/1966/1078 810/1965/1078 809/1967/1078
f 475/1658/1078 3160/1867/1078 3078/1660/1078
f 803/1963/1078 3160/1867/1078 475/1658/1078
f 3186/1966/1078 803/1963/1078 810/1965/1078
f 3163/1871/1078 803/1963/1078 3186/1966/1078
f 803/1963/1078 3163/1871/1078 3160/1867/1078
f 3187/1975/1077 813/1976/1077 816/1977/1077
f 3188/1978/1076 3187/1975/1076 816/1977/1076
f 578/1979/1076 3059/1667/1076 3061/1669/1076
f 574/1980/1076 3071/1683/1076 3073/1685/1076
f 573/1979/1092 3085/1669/1092 3083/1667/1092
f 883/1981/1076 812/1967/1076 3184/1966/1076
f 880/1982/1076 808/1974/1076 3185/1973/1076
f 879/1981/1078 3186/1966/1078 809/1967/1078
f 785/1956/1076 784/1775/1076 3095/1776/1076
f 791/1959/1077 785/1956/1077 3095/1776/1077
f 793/1960/1076 791/1959/1076 3095/1776/1076
f 795/1958/1076 793/1960/1076 3095/1776/1076
f 780/1953/1076 795/1958/1076 3095/1776/1076
f 781/1955/1076 780/1953/1076 3095/1776/1076
f 772/1875/1077 781/1955/1077 3095/1776/1077
f 3175/1876/1076 772/1875/1076 3095/1776/1076
f 3177/1879/1076 3175/1876/1076 3095/1776/1076
f 3178/1882/1076 3177/1879/1076 3095/1776/1076
f 3176/1878/1076 3178/1882/1076 3095/1776/1076
f 3174/1873/1076 3176/1878/1076 3095/1776/1076
f 3180/1956/1078 530/1776/1078 534/1775/1078
f 3182/1959/1078 530/1776/1078 3180/1956/1078
f 3183/1960/1078 530/1776/1078 3182/1959/1078
f 3181/1958/1078 530/1776/1078 3183/1960/1078
f 3179/1953/1078 530/1776/1078 3181/1958/1078
f 860/1955/1078 530/1776/1078 3179/1953/1078
f 770/1875/1092 530/1776/1092 860/1955/1092
f 3170/1876/1078 530/1776/1078 770/1875/1078
f 3172/1879/1078 530/1776/1078 3170/1876/1078
f 3173/1882/1092 530/1776/1092 3172/1879/1092
f 3171/1878/1078 530/1776/1078 3173/1882/1078
f 3169/1873/1092 530/1776/1092 3171/1878/1092
f 3189/1983/1076 3190/1984/1076 596/1923/1076
f 3191/1985/1076 3189/1983/1076 596/1923/1076
f 873/1986/1076 3191/1985/1076 596/1923/1076
f 837/1987/1076 823/1988/1076 873/1986/1076
f 901/1928/1076 843/1773/1076 841/1989/1076
f 873/1986/1076 596/1923/1076 893/1924/1076
f 839/1990/1076 837/1987/1076 873/1986/1076
f 899/1927/1076 901/1928/1076 841/1989/1076
f 873/1986/1076 893/1924/1076 895/1925/1076
f 839/1990/1076 873/1986/1076 895/1925/1076
f 841/1989/1077 839/1990/1077 895/1925/1077
f 897/1926/1076 899/1927/1076 841/1989/1076
f 841/1989/1076 895/1925/1076 897/1926/1076
f 822/1950/1076 3192/1991/1076 823/1988/1076
f 3193/1992/1141 3187/1975/1141 3188/1978/1141
f 3194/1993/1142 3193/1992/1142 3188/1978/1142
f 798/1994/1076 3195/1995/1076 3192/1996/1076
f 799/1997/1076 798/1994/1076 3192/1996/1076
f 884/1998/1077 883/1981/1077 3184/1966/1077
f 881/1999/1077 880/1982/1077 3185/1973/1077
f 882/1998/1078 3186/1966/1078 879/1981/1078
f 592/1902/1076 3056/1660/1076 3055/1659/1076
f 590/1904/1076 3066/1676/1076 3065/1675/1076
f 589/1902/1078 3077/1659/1078 3078/1660/1078
f 3192/1991/1077 3194/1993/1077 823/1988/1077
f 891/1866/1076 884/1998/1076 3161/1871/1076
f 889/1869/1076 881/1999/1076 3162/1872/1076
f 888/1866/1078 3163/1871/1078 882/1998/1078
f 874/1986/1076 3188/1978/1076 875/1981/1076
f 578/1979/1076 586/1901/1076 3059/1667/1076
f 574/1980/1076 584/1903/1076 3071/1683/1076
f 573/1979/1078 3083/1667/1078 583/1901/1078
f 868/1865/1076 3158/1867/1076 3056/1660/1076
f 866/1868/1076 3159/1870/1076 3066/1676/1076
f 865/1865/1092 3078/1660/1092 3160/1867/1092
f 3188/1978/1077 816/1977/1077 875/1981/1077
f 3194/1993/1143 3188/1978/1143 874/1986/1143
f 3195/2000/1076 3193/1992/1076 3194/1993/1076
f 3192/1991/1076 3195/2000/1076 3194/1993/1076
f 823/1988/1144 3194/1993/1144 874/1986/1144
f 884/1998/1076 3184/1966/1076 3161/1871/1076
f 881/1999/1076 3185/1973/1076 3162/1872/1076
f 882/1998/1078 3163/1871/1078 3186/1966/1078
f 799/1997/1076 3192/1996/1076 822/1936/1076
f 848/1938/1076 799/1997/1076 822/1936/1076
f 883/1981/1076 904/1977/1076 812/1967/1076
f 880/1982/1076 903/2001/1076 808/1974/1076
f 879/1981/1078 809/1967/1078 902/1977/1078
f 1910/2002/1076 912/2003/1076 911/2004/1076
f 1906/2005/1076 1910/2002/1076 911/2004/1076
f 1903/2006/1076 1906/2005/1076 911/2004/1076
f 1898/2007/1076 1913/2008/1076 1903/2006/1076
f 919/2009/1076 1898/2007/1076 1903/2006/1076
f 920/2010/1076 919/2009/1076 1903/2006/1076
f 3196/2011/1076 3197/2012/1076 920/2010/1076
f 911/2004/1076 3198/2013/1076 3199/2014/1076
f 3196/2011/1077 920/2010/1077 1903/2006/1077
f 3200/2015/1076 3196/2011/1076 1903/2006/1076
f 911/2004/1076 3199/2014/1076 3201/2016/1076
f 1903/2006/1076 911/2004/1076 3201/2016/1076
f 3202/2017/1076 3200/2015/1076 1903/2006/1076
f 1903/2006/1076 3201/2016/1076 3202/2017/1076
f 3203/2018/1076 908/2019/1076 907/2020/1076
f 3204/2021/1076 3203/2018/1076 907/2020/1076
f 3205/2022/1076 3204/2021/1076 907/2020/1076
f 3206/2023/1076 3207/2024/1076 3205/2022/1076
f 915/2025/1076 3206/2023/1076 3205/2022/1076
f 916/2026/1076 915/2025/1076 3205/2022/1076
f 3208/2027/1076 3209/2028/1076 916/2026/1076
f 907/2020/1076 3210/2029/1076 3211/2030/1076
f 3208/2027/1077 916/2026/1077 3205/2022/1077
f 3212/2031/1076 3208/2027/1076 3205/2022/1076
f 907/2020/1076 3211/2030/1076 3213/2032/1076
f 3205/2022/1076 907/2020/1076 3213/2032/1076
f 3214/2033/1076 3212/2031/1076 3205/2022/1076
f 3205/2022/1076 3213/2032/1076 3214/2033/1076
f 3215/2002/1078 910/2004/1078 909/2003/1078
f 3216/2005/1078 910/2004/1078 3215/2002/1078
f 3217/2006/1078 910/2004/1078 3216/2005/1078
f 3218/2007/1078 3217/2006/1078 3219/2008/1078
f 918/2009/1078 3217/2006/1078 3218/2007/1078
f 917/2010/1078 3217/2006/1078 918/2009/1078
f 3220/2011/1078 917/2010/1078 3221/2012/1078
f 910/2004/1078 3222/2014/1078 3223/2013/1078
f 3220/2011/1078 3217/2006/1078 917/2010/1078
f 3224/2015/1078 3217/2006/1078 3220/2011/1078
f 910/2004/1078 3225/2016/1078 3222/2014/1078
f 3217/2006/1078 3225/2016/1078 910/2004/1078
f 3226/2017/1078 3217/2006/1078 3224/2015/1078
f 3217/2006/1078 3226/2017/1078 3225/2016/1078
f 1074/2034/1145 1078/2035/1145 1065/2036/1145
f 1070/2037/1146 1074/2034/1146 1065/2036/1146
f 924/2038/1147 1070/2037/1147 1065/2036/1147
f 921/2039/1148 924/2038/1148 1065/2036/1148
f 1100/2040/1149 937/2041/1149 935/2042/1149
f 1065/2036/1150 1091/2043/1150 1090/2044/1150
f 921/2039/1151 1065/2036/1151 1090/2044/1151
f 929/2045/1152 921/2039/1152 1090/2044/1152
f 1100/2040/1153 935/2042/1153 933/2046/1153
f 929/2045/1154 1090/2044/1154 1096/2047/1154
f 931/2048/1155 929/2045/1155 1096/2047/1155
f 1100/2040/1156 933/2046/1156 931/2048/1156
f 1096/2047/1157 1100/2040/1157 931/2048/1157
f 1071/2049/1078 926/2050/1078 1075/2051/1078
f 1067/2052/1078 926/2050/1078 1071/2049/1078
f 945/2053/1078 926/2050/1078 1067/2052/1078
f 3227/2054/1078 926/2050/1078 945/2053/1078
f 1097/2055/1078 3228/2056/1078 1101/2057/1078
f 926/2050/1092 1086/2058/1092 927/2059/1092
f 3227/2054/1078 1086/2058/1078 926/2050/1078
f 3229/2060/1078 1086/2058/1078 3227/2054/1078
f 1097/2055/1078 3230/2061/1078 3228/2056/1078
f 3229/2060/1092 1093/2062/1092 1086/2058/1092
f 3231/2063/1078 1093/2062/1078 3229/2060/1078
f 1097/2055/1078 3231/2063/1078 3230/2061/1078
f 1093/2062/1092 3231/2063/1092 1097/2055/1092
f 1757/2064/1096 1708/2065/1096 3013/1473/1096
f 3232/2066/1076 3233/2067/1076 1059/2068/1076
f 3234/2069/1077 3232/2066/1077 1059/2068/1077
f 3235/2070/1077 3234/2069/1077 1059/2068/1077
f 1258/2071/1076 3236/2072/1076 3235/2070/1076
f 3237/2073/1076 3238/2074/1076 1225/2075/1076
f 923/2076/1076 3239/2077/1076 3240/2078/1076
f 3241/2079/1076 3242/2080/1076 923/2076/1076
f 3243/2081/1076 3241/2079/1076 923/2076/1076
f 3244/2082/1076 3245/2083/1076 3243/2081/1076
f 3246/2084/1076 3244/2082/1076 3243/2081/1076
f 3247/2085/1076 3246/2084/1076 3243/2081/1076
f 3248/2086/1076 3247/2085/1076 3243/2081/1076
f 3242/2080/1076 3241/2079/1076 3249/2087/1076
f 1059/2068/1076 3242/2080/1076 3249/2087/1076
f 3243/2081/1076 923/2076/1076 3240/2078/1076
f 1059/2068/1076 3249/2087/1076 3250/2088/1076
f 3243/2081/1076 3240/2078/1076 3251/2089/1076
f 3235/2070/1076 1059/2068/1076 3250/2088/1076
f 3243/2081/1076 3251/2089/1076 3252/2090/1076
f 3235/2070/1076 3250/2088/1076 3253/2091/1076
f 3248/2086/1076 3243/2081/1076 3252/2090/1076
f 3235/2070/1076 3253/2091/1076 3254/2092/1076
f 3248/2086/1076 3252/2090/1076 3255/2093/1076
f 3256/2094/1077 3248/2086/1077 3255/2093/1077
f 3235/2070/1076 3254/2092/1076 3257/2095/1076
f 1258/2071/1076 3235/2070/1076 3257/2095/1076
f 3256/2094/1076 3255/2093/1076 3237/2073/1076
f 1258/2071/1077 3257/2095/1077 3258/2096/1077
f 3256/2094/1076 3237/2073/1076 1225/2075/1076
f 1258/2071/1076 3258/2096/1076 3256/2094/1076
f 1225/2075/1076 1258/2071/1076 3256/2094/1076
f 958/2097/1078 955/2098/1078 954/2099/1078
f 960/2100/1092 955/2098/1092 958/2097/1092
f 977/2101/1078 955/2098/1078 960/2100/1078
f 974/2102/1078 977/2101/1078 975/2103/1078
f 3259/2104/1078 971/2105/1078 970/2106/1078
f 948/2053/1078 3260/2107/1078 949/2108/1078
f 3261/2109/1078 948/2053/1078 3262/2110/1078
f 3263/2111/1078 948/2053/1078 3261/2109/1078
f 3264/2112/1078 3263/2111/1078 3265/2113/1078
f 3266/2114/1092 3263/2111/1092 3264/2112/1092
f 3267/2115/1078 3263/2111/1078 3266/2114/1078
f 3268/2116/1078 3263/2111/1078 3267/2115/1078
f 3262/2110/1078 3269/2117/1078 3261/2109/1078
f 955/2098/1078 3269/2117/1078 3262/2110/1078
f 3263/2111/1078 3260/2107/1078 948/2053/1078
f 955/2098/1078 3270/2118/1078 3269/2117/1078
f 3263/2111/1078 3271/2119/1078 3260/2107/1078
f 977/2101/1078 3270/2118/1078 955/2098/1078
f 3263/2111/1078 3272/2120/1078 3271/2119/1078
f 977/2101/1078 3273/2121/1078 3270/2118/1078
f 3268/2116/1078 3272/2120/1078 3263/2111/1078
f 977/2101/1078 3274/2122/1078 3273/2121/1078
f 3268/2116/1078 3275/2123/1078 3272/2120/1078
f 3276/2124/1092 3275/2123/1092 3268/2116/1092
f 977/2101/1078 3277/2125/1078 3274/2122/1078
f 974/2102/1078 3277/2125/1078 977/2101/1078
f 3276/2124/1078 3259/2104/1078 3275/2123/1078
f 974/2102/1078 3278/2126/1078 3277/2125/1078
f 3276/2124/1078 971/2105/1078 3259/2104/1078
f 974/2102/1078 3276/2124/1078 3278/2126/1078
f 971/2105/1078 3276/2124/1078 974/2102/1078
f 1922/2127/1076 1926/2128/1076 986/2129/1076
f 1918/2130/1076 1922/2127/1076 986/2129/1076
f 990/2131/1076 1918/2130/1076 986/2129/1076
f 3198/2013/1077 911/2004/1077 990/2131/1077
f 3279/2132/1076 3198/2013/1076 990/2131/1076
f 986/2129/1076 985/2133/1076 3280/2134/1076
f 3281/2135/1076 3279/2132/1076 990/2131/1076
f 986/2129/1076 3280/2134/1076 3281/2135/1076
f 990/2131/1076 986/2129/1076 3281/2135/1076
f 1920/2136/1076 1924/2137/1076 982/2138/1076
f 1916/2139/1076 1920/2136/1076 982/2138/1076
f 988/2140/1076 1916/2139/1076 982/2138/1076
f 3210/2029/1077 907/2020/1077 988/2140/1077
f 3282/2141/1076 3210/2029/1076 988/2140/1076
f 982/2138/1076 981/2142/1076 3283/2143/1076
f 3284/2144/1076 3282/2141/1076 988/2140/1076
f 982/2138/1076 3283/2143/1076 3284/2144/1076
f 988/2140/1076 982/2138/1076 3284/2144/1076
f 1921/2127/1078 983/2129/1078 1925/2128/1078
f 1917/2130/1078 983/2129/1078 1921/2127/1078
f 989/2131/1078 983/2129/1078 1917/2130/1078
f 3223/2013/1078 989/2131/1078 910/2004/1078
f 3285/2132/1078 989/2131/1078 3223/2013/1078
f 983/2129/1078 3286/2134/1078 984/2133/1078
f 3287/2135/1078 989/2131/1078 3285/2132/1078
f 983/2129/1092 3287/2135/1092 3286/2134/1092
f 989/2131/1078 3287/2135/1078 983/2129/1078
f 2997/1421/1158 1757/2064/1158 3013/1473/1158
f 2224/2145/1076 2220/2146/1076 2200/2147/1076
f 2228/2148/1076 2224/2145/1076 2200/2147/1076
f 2232/2149/1076 2228/2148/1076 2200/2147/1076
f 2193/2150/1076 2232/2149/1076 2200/2147/1076
f 2185/2151/1076 2193/2150/1076 2200/2147/1076
f 2186/2152/1076 2185/2151/1076 2200/2147/1076
f 2204/2153/1076 2186/2152/1076 2200/2147/1076
f 2208/2154/1076 2204/2153/1076 2200/2147/1076
f 2212/2155/1076 2208/2154/1076 2200/2147/1076
f 2216/2156/1076 2212/2155/1076 2200/2147/1076
f 993/2157/1076 2216/2156/1076 2200/2147/1076
f 3206/2023/1076 915/2025/1076 993/2157/1076
f 999/2158/1076 908/2019/1076 3203/2018/1076
f 2200/2147/1076 999/2158/1076 3203/2018/1076
f 3207/2024/1076 3206/2023/1076 993/2157/1076
f 2200/2147/1076 3203/2018/1076 3204/2021/1076
f 3207/2024/1076 993/2157/1076 2200/2147/1076
f 3205/2022/1076 3207/2024/1076 2200/2147/1076
f 2200/2147/1076 3204/2021/1076 3205/2022/1076
f 2225/2159/1078 2201/2160/1078 2221/2161/1078
f 2229/2162/1078 2201/2160/1078 2225/2159/1078
f 2233/2163/1078 2201/2160/1078 2229/2162/1078
f 2196/2164/1078 2201/2160/1078 2233/2163/1078
f 2188/2165/1078 2201/2160/1078 2196/2164/1078
f 2187/2166/1078 2201/2160/1078 2188/2165/1078
f 2205/2167/1078 2201/2160/1078 2187/2166/1078
f 2209/2168/1078 2201/2160/1078 2205/2167/1078
f 2213/2169/1078 2201/2160/1078 2209/2168/1078
f 2217/2170/1078 2201/2160/1078 2213/2169/1078
f 994/2171/1078 2201/2160/1078 2217/2170/1078
f 3218/2007/1078 994/2171/1078 918/2009/1078
f 1000/2172/1078 3215/2002/1078 909/2003/1078
f 2201/2160/1078 3215/2002/1078 1000/2172/1078
f 3219/2008/1078 994/2171/1078 3218/2007/1078
f 2201/2160/1078 3216/2005/1078 3215/2002/1078
f 3219/2008/1078 2201/2160/1078 994/2171/1078
f 3217/2006/1078 2201/2160/1078 3219/2008/1078
f 2201/2160/1078 3217/2006/1078 3216/2005/1078
f 923/2053/1076 922/2054/1076 930/2060/1076
f 3239/2108/1076 923/2053/1076 930/2060/1076
f 3288/2173/1076 3239/2108/1076 930/2060/1076
f 3289/2174/1077 3288/2173/1077 930/2060/1077
f 3290/2175/1076 3289/2174/1076 930/2060/1076
f 3291/2176/1076 3290/2175/1076 930/2060/1076
f 3292/2177/1076 3291/2176/1076 930/2060/1076
f 1107/2178/1076 3292/2177/1076 930/2060/1076
f 938/2057/1076 1107/2178/1076 930/2060/1076
f 936/2056/1076 938/2057/1076 930/2060/1076
f 934/2061/1076 936/2056/1076 930/2060/1076
f 932/2063/1077 934/2061/1077 930/2060/1077
f 945/2053/1078 3229/2060/1078 3227/2054/1078
f 939/2108/1078 3229/2060/1078 945/2053/1078
f 3293/2173/1078 3229/2060/1078 939/2108/1078
f 3294/2174/1092 3229/2060/1092 3293/2173/1092
f 3295/2175/1078 3229/2060/1078 3294/2174/1078
f 3296/2176/1078 3229/2060/1078 3295/2175/1078
f 3297/2177/1078 3229/2060/1078 3296/2176/1078
f 1104/2178/1078 3229/2060/1078 3297/2177/1078
f 1101/2057/1078 3229/2060/1078 1104/2178/1078
f 3228/2056/1078 3229/2060/1078 1101/2057/1078
f 3230/2061/1078 3229/2060/1078 3228/2056/1078
f 3231/2063/1078 3229/2060/1078 3230/2061/1078
f 3298/2179/1076 3299/2180/1076 1117/2181/1076
f 3300/2182/1076 3298/2179/1076 1117/2181/1076
f 1039/2183/1076 3300/2182/1076 1117/2181/1076
f 1139/2184/1077 1039/2183/1077 1117/2181/1077
f 1084/2185/1076 1085/2098/1076 1147/2186/1076
f 1117/2181/1076 1064/2187/1076 1080/2188/1076
f 1141/2189/1076 1139/2184/1076 1117/2181/1076
f 1084/2185/1076 1147/2186/1076 1145/2190/1076
f 1117/2181/1076 1080/2188/1076 1082/2191/1076
f 1141/2189/1076 1117/2181/1076 1082/2191/1076
f 1143/2192/1076 1141/2189/1076 1082/2191/1076
f 1084/2185/1076 1145/2190/1076 1143/2192/1076
f 1082/2191/1076 1084/2185/1076 1143/2192/1076
f 3195/2000/1076 1065/2050/1076 1064/2187/1076
f 98/1420/1077 1155/2193/1077 2997/1421/1077
f 3301/2194/1077 3302/2195/1077 1751/2196/1077
f 3303/2197/1077 3304/2198/1077 1749/2199/1077
f 3305/2194/1078 1748/2196/1078 3306/2195/1078
f 3307/2119/1076 3308/2107/1076 950/2108/1076
f 3309/2120/1076 3307/2119/1076 950/2108/1076
f 3310/2123/1076 3309/2120/1076 950/2108/1076
f 3311/2104/1076 3310/2123/1076 950/2108/1076
f 969/2106/1077 3311/2104/1077 950/2108/1077
f 1176/2200/1076 969/2106/1076 950/2108/1076
f 1210/2201/1076 1178/2202/1076 1160/2203/1076
f 1162/2177/1077 1165/2178/1077 1196/2204/1077
f 1176/2200/1076 950/2108/1076 1174/2173/1076
f 1167/2205/1076 1176/2200/1076 1174/2173/1076
f 1210/2201/1076 1160/2203/1076 1156/2206/1076
f 1204/2207/1076 1210/2201/1076 1156/2206/1076
f 1162/2177/1076 1196/2204/1076 1190/2208/1076
f 1168/2176/1076 1162/2177/1076 1190/2208/1076
f 1167/2205/1076 1174/2173/1076 1172/2174/1076
f 1159/2209/1076 1167/2205/1076 1172/2174/1076
f 1204/2207/1076 1156/2206/1076 1159/2209/1076
f 1189/2210/1076 1204/2207/1076 1159/2209/1076
f 1168/2176/1076 1190/2208/1076 1189/2210/1076
f 1170/2175/1076 1168/2176/1076 1189/2210/1076
f 1159/2209/1076 1172/2174/1076 1170/2175/1076
f 1189/2210/1076 1159/2209/1076 1170/2175/1076
f 944/2119/1078 939/2108/1078 942/2107/1078
f 952/2120/1078 939/2108/1078 944/2119/1078
f 965/2123/1078 939/2108/1078 952/2120/1078
f 961/2104/1078 939/2108/1078 965/2123/1078
f 964/2106/1092 939/2108/1092 961/2104/1092
f 3312/2200/1078 939/2108/1078 964/2106/1078
f 1205/2201/1078 3313/2203/1078 1211/2202/1078
f 3297/2177/1078 1193/2204/1078 1104/2178/1078
f 3312/2200/1078 3293/2173/1078 939/2108/1078
f 3314/2205/1078 3293/2173/1078 3312/2200/1078
f 1205/2201/1078 3315/2206/1078 3313/2203/1078
f 1199/2207/1078 3315/2206/1078 1205/2201/1078
f 3297/2177/1078 1183/2208/1078 1193/2204/1078
f 3296/2176/1078 1183/2208/1078 3297/2177/1078
f 3314/2205/1078 3294/2174/1078 3293/2173/1078
f 3316/2209/1078 3294/2174/1078 3314/2205/1078
f 1199/2207/1078 3316/2209/1078 3315/2206/1078
f 1180/2210/1078 3316/2209/1078 1199/2207/1078
f 3296/2176/1078 1180/2210/1078 1183/2208/1078
f 3295/2175/1078 1180/2210/1078 3296/2176/1078
f 3316/2209/1078 3295/2175/1078 3294/2174/1078
f 1180/2210/1078 3295/2175/1078 3316/2209/1078
f 3251/2089/1076 3240/2078/1076 3239/2077/1076
f 3252/2090/1076 3251/2089/1076 3239/2077/1076
f 3255/2093/1076 3252/2090/1076 3239/2077/1076
f 3237/2073/1076 3255/2093/1076 3239/2077/1076
f 3238/2074/1077 3237/2073/1077 3239/2077/1077
f 3317/2211/1076 3238/2074/1076 3239/2077/1076
f 1208/2212/1076 1213/2213/1076 3318/2214/1076
f 3292/2215/1077 1107/2216/1077 1194/2217/1077
f 3317/2211/1076 3239/2077/1076 3288/2218/1076
f 3319/2219/1076 3317/2211/1076 3288/2218/1076
f 1208/2212/1076 3318/2214/1076 3320/2220/1076
f 1202/2221/1076 1208/2212/1076 3320/2220/1076
f 3292/2215/1076 1194/2217/1076 1186/2222/1076
f 3291/2223/1076 3292/2215/1076 1186/2222/1076
f 3319/2219/1076 3288/2218/1076 3289/2224/1076
f 3321/2225/1076 3319/2219/1076 3289/2224/1076
f 1202/2221/1076 3320/2220/1076 3321/2225/1076
f 1185/2226/1076 1202/2221/1076 3321/2225/1076
f 3291/2223/1076 1186/2222/1076 1185/2226/1076
f 3290/2227/1076 3291/2223/1076 1185/2226/1076
f 3321/2225/1076 3289/2224/1076 3290/2227/1076
f 1185/2226/1076 3321/2225/1076 3290/2227/1076
f 3271/2119/1078 949/2108/1078 3260/2107/1078
f 3272/2120/1078 949/2108/1078 3271/2119/1078
f 3275/2123/1078 949/2108/1078 3272/2120/1078
f 3259/2104/1078 949/2108/1078 3275/2123/1078
f 970/2106/1092 949/2108/1092 3259/2104/1092
f 1177/2200/1078 949/2108/1078 970/2106/1078
f 1207/2201/1078 1161/2203/1078 1179/2202/1078
f 1163/2177/1078 1195/2204/1078 1164/2178/1078
f 1177/2200/1078 1175/2173/1078 949/2108/1078
f 1166/2205/1078 1175/2173/1078 1177/2200/1078
f 1207/2201/1078 1157/2206/1078 1161/2203/1078
f 1201/2207/1078 1157/2206/1078 1207/2201/1078
f 1163/2177/1078 1187/2208/1078 1195/2204/1078
f 1169/2176/1078 1187/2208/1078 1163/2177/1078
f 1166/2205/1078 1173/2174/1078 1175/2173/1078
f 1158/2209/1078 1173/2174/1078 1166/2205/1078
f 1201/2207/1078 1158/2209/1078 1157/2206/1078
f 1184/2210/1078 1158/2209/1078 1201/2207/1078
f 1169/2176/1078 1184/2210/1078 1187/2208/1078
f 1171/2175/1078 1184/2210/1078 1169/2176/1078
f 1158/2209/1078 1171/2175/1078 1173/2174/1078
f 1184/2210/1078 1171/2175/1078 1158/2209/1078
f 3195/2000/1077 1064/2187/1077 3193/1992/1077
f 3250/2088/1076 3249/2087/1076 3241/2079/1076
f 3253/2091/1076 3250/2088/1076 3241/2079/1076
f 3254/2092/1076 3253/2091/1076 3241/2079/1076
f 3257/2095/1076 3254/2092/1076 3241/2079/1076
f 3258/2096/1076 3257/2095/1076 3241/2079/1076
f 3256/2094/1076 3258/2096/1076 3241/2079/1076
f 3248/2086/1076 3256/2094/1076 3241/2079/1076
f 3241/2079/1077 3243/2081/1077 3245/2083/1077
f 3247/2085/1076 3248/2086/1076 3241/2079/1076
f 3241/2079/1076 3245/2083/1076 3244/2082/1076
f 3246/2084/1077 3247/2085/1077 3241/2079/1077
f 3241/2079/1077 3244/2082/1077 3246/2084/1077
f 3270/2118/1078 3261/2109/1078 3269/2117/1078
f 3273/2121/1078 3261/2109/1078 3270/2118/1078
f 3274/2122/1078 3261/2109/1078 3273/2121/1078
f 3277/2125/1078 3261/2109/1078 3274/2122/1078
f 3278/2126/1092 3261/2109/1092 3277/2125/1092
f 3276/2124/1078 3261/2109/1078 3278/2126/1078
f 3268/2116/1092 3261/2109/1092 3276/2124/1092
f 3261/2109/1092 3265/2113/1092 3263/2111/1092
f 3267/2115/1078 3261/2109/1078 3268/2116/1078
f 3261/2109/1078 3264/2112/1078 3265/2113/1078
f 3266/2114/1078 3261/2109/1078 3267/2115/1078
f 3261/2109/1092 3266/2114/1092 3264/2112/1092
f 3187/1975/1076 1116/2181/1076 1115/2228/1076
f 3187/1975/1077 1115/2228/1077 813/1976/1077
f 3193/1992/1159 1116/2181/1159 3187/1975/1159
f 1707/2229/1076 1700/2230/1076 39/1476/1076
f 3193/1992/1144 1064/2187/1144 1116/2181/1144
f 798/1994/1076 1065/2036/1076 3195/1995/1076
f 798/1994/1076 1091/2043/1076 1065/2036/1076
f 1122/2231/1077 3279/2132/1077 1128/2232/1077
f 1120/2233/1077 3282/2141/1077 1126/2234/1077
f 1121/2231/1078 1127/2232/1078 3285/2132/1078
f 1050/2235/1076 3199/2014/1076 1051/2236/1076
f 1046/2237/1076 3211/2030/1076 1047/2238/1076
f 1045/2235/1078 1048/2236/1078 3222/2014/1078
f 1128/2232/1077 3279/2132/1077 3281/2135/1077
f 1126/2234/1077 3282/2141/1077 3284/2144/1077
f 1127/2232/1078 3287/2135/1078 3285/2132/1078
f 1058/2239/1077 3202/2017/1077 3201/2016/1077
f 1056/2240/1077 3214/2033/1077 3213/2032/1077
f 1055/2239/1078 3225/2016/1078 3226/2017/1078
f 1050/2235/1076 3201/2016/1076 3199/2014/1076
f 1046/2237/1076 3213/2032/1076 3211/2030/1076
f 1045/2235/1078 3222/2014/1078 3225/2016/1078
f 1051/2236/1076 3199/2014/1076 3198/2013/1076
f 1047/2238/1076 3211/2030/1076 3210/2029/1076
f 1048/2236/1078 3223/2013/1078 3222/2014/1078
f 1122/2231/1077 3198/2013/1077 3279/2132/1077
f 1120/2233/1077 3210/2029/1077 3282/2141/1077
f 1121/2231/1078 3285/2132/1078 3223/2013/1078
f 1138/2228/1076 3280/2134/1076 985/2133/1076
f 1136/2241/1076 3283/2143/1076 981/2142/1076
f 1137/2228/1078 984/2133/1078 3286/2134/1078
f 1134/2242/1076 3281/2135/1076 3280/2134/1076
f 1132/2243/1076 3284/2144/1076 3283/2143/1076
f 1133/2242/1078 3286/2134/1078 3287/2135/1078
f 1128/2232/1076 3281/2135/1076 1134/2242/1076
f 1126/2234/1076 3284/2144/1076 1132/2243/1076
f 1127/2232/1078 1133/2242/1078 3287/2135/1078
f 1051/2236/1076 3198/2013/1076 1122/2231/1076
f 1047/2238/1076 3210/2029/1076 1120/2233/1076
f 1048/2236/1078 1121/2231/1078 3223/2013/1078
f 1134/2242/1076 3280/2134/1076 1138/2228/1076
f 1132/2243/1076 3283/2143/1076 1136/2241/1076
f 1133/2242/1092 1137/2228/1092 3286/2134/1092
f 1013/2244/1077 3202/2017/1077 1058/2239/1077
f 1009/2245/1077 3214/2033/1077 1056/2240/1077
f 1010/2244/1078 1055/2239/1078 3226/2017/1078
f 1058/2239/1076 3201/2016/1076 1050/2235/1076
f 1056/2240/1076 3213/2032/1076 1046/2237/1076
f 1055/2239/1078 1045/2235/1078 3225/2016/1078
f 1040/2183/1076 1140/2184/1076 1142/2189/1076
f 1038/2246/1076 1040/2183/1076 1142/2189/1076
f 1036/2247/1077 1038/2246/1077 1142/2189/1077
f 1034/2248/1076 1036/2247/1076 1142/2189/1076
f 1032/2249/1076 1034/2248/1076 1142/2189/1076
f 1028/2250/1076 1032/2249/1076 1142/2189/1076
f 1333/2251/1076 1029/2252/1076 1028/2250/1076
f 1335/2253/1076 1333/2251/1076 1028/2250/1076
f 1337/2254/1076 1335/2253/1076 1028/2250/1076
f 1339/2255/1076 1337/2254/1076 1028/2250/1076
f 1341/2256/1076 1339/2255/1076 1028/2250/1076
f 1258/2102/1076 1341/2256/1076 1028/2250/1076
f 3236/2103/1077 1258/2102/1077 1028/2250/1077
f 1148/2186/1076 1059/2098/1076 3233/2099/1076
f 1146/2190/1076 1148/2186/1076 3233/2099/1076
f 1144/2192/1076 1146/2190/1076 3233/2099/1076
f 1142/2189/1076 1144/2192/1076 3233/2099/1076
f 3235/2101/1076 3236/2103/1076 1028/2250/1076
f 1142/2189/1076 3233/2099/1076 3232/2097/1076
f 3234/2100/1076 3235/2101/1076 1028/2250/1076
f 1142/2189/1076 3232/2097/1076 3234/2100/1076
f 1028/2250/1076 1142/2189/1076 3234/2100/1076
f 1138/2228/1076 985/2133/1076 1219/1976/1076
f 1136/2241/1076 981/2142/1076 1217/2257/1076
f 1137/2228/1078 1218/1976/1078 984/2133/1078
f 1020/2258/1076 3196/2011/1076 3200/2015/1076
f 1018/2259/1076 3208/2027/1076 3212/2031/1076
f 1017/2258/1078 3224/2015/1078 3220/2011/1078
f 1268/2260/1160 1224/2261/1160 1227/2262/1160
f 1272/2263/1161 1268/2260/1161 1227/2262/1161
f 1276/2264/1162 1272/2263/1162 1227/2262/1162
f 1263/2265/1163 1276/2264/1163 1227/2262/1163
f 1289/2266/1164 1263/2265/1164 1227/2262/1164
f 1290/2267/1165 1289/2266/1165 1227/2262/1165
f 1220/2268/1166 1223/2269/1166 1298/2270/1166
f 1290/2267/1167 1227/2262/1167 1233/2271/1167
f 1294/2272/1168 1290/2267/1168 1233/2271/1168
f 1237/2273/1169 1220/2268/1169 1298/2270/1169
f 1294/2272/1170 1233/2271/1170 1235/2274/1170
f 1298/2270/1171 1294/2272/1171 1235/2274/1171
f 1237/2273/1172 1298/2270/1172 1235/2274/1172
f 1267/2275/1078 3322/2276/1078 968/2105/1078
f 1271/2277/1078 3322/2276/1078 1267/2275/1078
f 1275/2278/1078 3322/2276/1078 1271/2277/1078
f 1230/2279/1092 3322/2276/1092 1275/2278/1092
f 1229/2280/1078 3322/2276/1078 1230/2279/1078
f 1287/2281/1092 3322/2276/1092 1229/2280/1092
f 3323/2282/1078 1297/2283/1078 1301/2284/1078
f 1287/2281/1078 3324/2285/1078 3322/2276/1078
f 1293/2286/1092 3324/2285/1092 1287/2281/1092
f 3325/2287/1078 1297/2283/1078 3323/2282/1078
f 1293/2286/1078 3326/2288/1078 3324/2285/1078
f 1297/2283/1078 3326/2288/1078 1293/2286/1078
f 3325/2287/1078 3326/2288/1078 1297/2283/1078
f 1309/2289/1076 3197/2012/1076 1026/2290/1076
f 1307/2291/1076 3209/2028/1076 1024/2292/1076
f 1306/2289/1078 1023/2290/1078 3221/2012/1078
f 1245/2293/1077 920/2010/1077 3197/2012/1077
f 1938/2294/1076 1245/2293/1076 3197/2012/1076
f 1942/2295/1076 1938/2294/1076 3197/2012/1076
f 1252/2296/1076 1946/2297/1076 1942/2295/1076
f 1253/2298/1076 1252/2296/1076 1942/2295/1076
f 3327/2299/1076 1253/2298/1076 1942/2295/1076
f 1942/2295/1077 3197/2012/1077 3328/2300/1077
f 3329/2301/1076 3327/2299/1076 1942/2295/1076
f 1942/2295/1076 3328/2300/1076 3329/2301/1076
f 1243/2302/1077 916/2026/1077 3209/2028/1077
f 1936/2303/1076 1243/2302/1076 3209/2028/1076
f 1940/2304/1076 1936/2303/1076 3209/2028/1076
f 1248/2305/1076 1944/2306/1076 1940/2304/1076
f 1249/2307/1076 1248/2305/1076 1940/2304/1076
f 3330/2308/1076 1249/2307/1076 1940/2304/1076
f 1940/2304/1077 3209/2028/1077 3331/2309/1077
f 3332/2310/1076 3330/2308/1076 1940/2304/1076
f 1940/2304/1076 3331/2309/1076 3332/2310/1076
f 1244/2293/1078 3221/2012/1078 917/2010/1078
f 1937/2294/1078 3221/2012/1078 1244/2293/1078
f 1941/2295/1092 3221/2012/1092 1937/2294/1092
f 1251/2296/1078 1941/2295/1078 1945/2297/1078
f 1250/2298/1078 1941/2295/1078 1251/2296/1078
f 3333/2299/1078 1941/2295/1078 1250/2298/1078
f 1941/2295/1078 3334/2300/1078 3221/2012/1078
f 3335/2301/1078 1941/2295/1078 3333/2299/1078
f 1941/2295/1078 3335/2301/1078 3334/2300/1078
f 1254/2311/1077 1257/2312/1077 3336/2313/1077
f 3337/2314/1076 1254/2311/1076 3336/2313/1076
f 1012/2315/1076 3200/2015/1076 3202/2017/1076
f 1008/2316/1076 3212/2031/1076 3214/2033/1076
f 1007/2315/1092 3226/2017/1092 3224/2015/1092
f 1324/2317/1076 1253/2298/1076 3327/2299/1076
f 1321/2318/1076 1249/2307/1076 3330/2308/1076
f 1320/2317/1078 3333/2299/1078 1250/2298/1078
f 3317/2200/1076 3319/2205/1076 3321/2209/1076
f 3238/2106/1076 3317/2200/1076 3321/2209/1076
f 1225/2105/1076 3238/2106/1076 3321/2209/1076
f 1226/2276/1076 1225/2105/1076 3321/2209/1076
f 1232/2285/1076 1226/2276/1076 3321/2209/1076
f 1234/2288/1076 1232/2285/1076 3321/2209/1076
f 1236/2287/1076 1234/2288/1076 3321/2209/1076
f 1221/2282/1077 1236/2287/1077 3321/2209/1077
f 1222/2284/1076 1221/2282/1076 3321/2209/1076
f 1213/2202/1076 1222/2284/1076 3321/2209/1076
f 3318/2203/1076 1213/2202/1076 3321/2209/1076
f 3320/2206/1076 3318/2203/1076 3321/2209/1076
f 3312/2200/1078 3316/2209/1078 3314/2205/1078
f 964/2106/1078 3316/2209/1078 3312/2200/1078
f 968/2105/1078 3316/2209/1078 964/2106/1078
f 3322/2276/1078 3316/2209/1078 968/2105/1078
f 3324/2285/1078 3316/2209/1078 3322/2276/1078
f 3326/2288/1078 3316/2209/1078 3324/2285/1078
f 3325/2287/1078 3316/2209/1078 3326/2288/1078
f 3323/2282/1092 3316/2209/1092 3325/2287/1092
f 1301/2284/1078 3316/2209/1078 3323/2282/1078
f 1211/2202/1078 3316/2209/1078 1301/2284/1078
f 3313/2203/1078 3316/2209/1078 1211/2202/1078
f 3315/2206/1078 3316/2209/1078 3313/2203/1078
f 3338/2319/1076 1030/2252/1076 1334/2251/1076
f 3339/2320/1076 3338/2319/1076 1334/2251/1076
f 3340/2321/1076 3339/2320/1076 1334/2251/1076
f 1314/2322/1076 3340/2321/1076 1334/2251/1076
f 1278/2323/1076 1264/2324/1076 1314/2322/1076
f 1342/2256/1076 1284/2102/1076 1282/2325/1076
f 1314/2322/1076 1334/2251/1076 1336/2253/1076
f 1278/2323/1076 1314/2322/1076 1336/2253/1076
f 1280/2326/1076 1278/2323/1076 1336/2253/1076
f 1340/2255/1076 1342/2256/1076 1282/2325/1076
f 1280/2326/1076 1336/2253/1076 1338/2254/1076
f 1282/2325/1076 1280/2326/1076 1338/2254/1076
f 1340/2255/1076 1282/2325/1076 1338/2254/1076
f 3341/2327/1077 1264/2324/1077 1263/2279/1077
f 3337/2314/1173 3336/2313/1173 3342/2328/1173
f 3343/2329/1174 3337/2314/1174 3342/2328/1174
f 3344/2330/1076 3341/2331/1076 1240/2332/1076
f 1239/2333/1076 3344/2330/1076 1240/2332/1076
f 1324/2317/1077 3327/2299/1077 1325/2334/1077
f 1321/2318/1077 3330/2308/1077 1322/2335/1077
f 1320/2317/1092 1323/2334/1092 3333/2299/1092
f 1026/2290/1076 3197/2012/1076 3196/2011/1076
f 1024/2292/1076 3209/2028/1076 3208/2027/1076
f 1023/2290/1078 3220/2011/1078 3221/2012/1078
f 3342/2328/1076 1264/2324/1076 3341/2327/1076
f 1325/2334/1076 3329/2301/1076 1332/2336/1076
f 1322/2335/1076 3332/2310/1076 1330/2337/1076
f 1323/2334/1078 1329/2336/1078 3335/2301/1078
f 3336/2313/1077 1316/2317/1077 1315/2322/1077
f 1020/2258/1076 3200/2015/1076 1012/2315/1076
f 1018/2259/1076 3212/2031/1076 1008/2316/1076
f 1017/2258/1078 1007/2315/1078 3224/2015/1078
f 1309/2289/1076 3328/2300/1076 3197/2012/1076
f 1307/2291/1076 3331/2309/1076 3209/2028/1076
f 1306/2289/1092 3221/2012/1092 3334/2300/1092
f 1257/2312/1077 1316/2317/1077 3336/2313/1077
f 3336/2313/1175 1315/2322/1175 3342/2328/1175
f 3343/2329/1076 3342/2328/1076 3341/2327/1076
f 3344/2338/1076 3343/2329/1076 3341/2327/1076
f 3342/2328/1176 1315/2322/1176 1264/2324/1176
f 1325/2334/1076 3327/2299/1076 3329/2301/1076
f 1322/2335/1076 3330/2308/1076 3332/2310/1076
f 1323/2334/1078 3335/2301/1078 3333/2299/1078
f 3341/2331/1076 1263/2265/1076 1240/2332/1076
f 1240/2332/1076 1263/2265/1076 1289/2266/1076
f 1345/2312/1076 1253/2298/1076 1324/2317/1076
f 1344/2339/1076 1249/2307/1076 1321/2318/1076
f 1343/2312/1078 1320/2317/1078 1250/2298/1078
f 1332/2336/1076 3328/2300/1076 1309/2289/1076
f 1330/2337/1076 3331/2309/1076 1307/2291/1076
f 1329/2336/1078 1306/2289/1078 3334/2300/1078
f 1026/2290/1076 3196/2011/1076 1020/2258/1076
f 1024/2292/1076 3208/2027/1076 1018/2259/1076
f 1023/2290/1078 1017/2258/1078 3220/2011/1078
f 1332/2336/1076 3329/2301/1076 3328/2300/1076
f 1330/2337/1076 3332/2310/1076 3331/2309/1076
f 1329/2336/1092 3334/2300/1092 3335/2301/1092
f 1349/2340/1076 1348/2341/1076 2242/2342/1076
f 2251/2343/1076 1349/2340/1076 2242/2342/1076
f 2194/2344/1076 2236/2345/1076 2270/2346/1076
f 2246/2347/1076 2194/2344/1076 2270/2346/1076
f 2251/2343/1076 2242/2342/1076 2262/2348/1076
f 2252/2349/1076 2251/2343/1076 2262/2348/1076
f 2246/2347/1076 2270/2346/1076 2266/2350/1076
f 2258/2351/1076 2246/2347/1076 2266/2350/1076
f 2252/2349/1076 2262/2348/1076 2258/2351/1076
f 2266/2350/1076 2252/2349/1076 2258/2351/1076
f 1350/2352/1078 2243/2353/1078 1351/2354/1078
f 2254/2355/1078 2243/2353/1078 1350/2352/1078
f 2195/2356/1078 2271/2357/1078 2237/2358/1078
f 2247/2359/1078 2271/2357/1078 2195/2356/1078
f 2254/2355/1078 2263/2360/1078 2243/2353/1078
f 2253/2361/1078 2263/2360/1078 2254/2355/1078
f 2247/2359/1078 2267/2362/1078 2271/2357/1078
f 2259/2363/1078 2267/2362/1078 2247/2359/1078
f 2253/2361/1078 2259/2363/1078 2263/2360/1078
f 2267/2362/1078 2259/2363/1078 2253/2361/1078
f 1361/2364/1076 1360/2365/1076 3345/2366/1076
f 1964/2367/1076 1361/2364/1076 3345/2366/1076
f 1960/2368/1076 1964/2367/1076 3345/2366/1076
f 1967/2369/1077 1957/2370/1077 1960/2368/1077
f 1952/2371/1076 1967/2369/1076 1960/2368/1076
f 1368/2372/1076 1952/2371/1076 1960/2368/1076
f 3302/2195/1076 1369/2373/1076 1368/2372/1076
f 3346/2374/1076 3302/2195/1076 1368/2372/1076
f 1960/2368/1076 3345/2366/1076 3347/2375/1076
f 3348/2376/1076 3346/2374/1076 1368/2372/1076
f 1960/2368/1076 3347/2375/1076 3349/2377/1076
f 3348/2376/1076 1368/2372/1076 1960/2368/1076
f 1960/2368/1076 3349/2377/1076 3350/2378/1076
f 3350/2378/1076 3348/2376/1076 1960/2368/1076
f 1357/2379/1076 1356/2380/1076 3351/2381/1076
f 3352/2382/1076 1357/2379/1076 3351/2381/1076
f 3353/2383/1076 3352/2382/1076 3351/2381/1076
f 3354/2384/1077 3355/2385/1077 3353/2383/1077
f 3356/2386/1076 3354/2384/1076 3353/2383/1076
f 1364/2387/1076 3356/2386/1076 3353/2383/1076
f 3304/2198/1076 1365/2388/1076 1364/2387/1076
f 3357/2389/1076 3304/2198/1076 1364/2387/1076
f 3353/2383/1076 3351/2381/1076 3358/2390/1076
f 3359/2391/1076 3357/2389/1076 1364/2387/1076
f 3353/2383/1076 3358/2390/1076 3360/2392/1076
f 3359/2391/1076 1364/2387/1076 3353/2383/1076
f 3353/2383/1076 3360/2392/1076 3361/2393/1076
f 3361/2393/1076 3359/2391/1076 3353/2383/1076
f 1358/2364/1078 3362/2366/1078 1359/2365/1078
f 3363/2367/1078 3362/2366/1078 1358/2364/1078
f 3364/2368/1078 3362/2366/1078 3363/2367/1078
f 3365/2369/1092 3364/2368/1092 3366/2370/1092
f 3367/2371/1078 3364/2368/1078 3365/2369/1078
f 1367/2372/1078 3364/2368/1078 3367/2371/1078
f 3306/2195/1078 1367/2372/1078 1366/2373/1078
f 3368/2374/1078 1367/2372/1078 3306/2195/1078
f 3364/2368/1078 3369/2375/1078 3362/2366/1078
f 3370/2376/1078 1367/2372/1078 3368/2374/1078
f 3364/2368/1078 3371/2377/1078 3369/2375/1078
f 3370/2376/1078 3364/2368/1078 1367/2372/1078
f 3364/2368/1078 3372/2378/1078 3371/2377/1078
f 3372/2378/1078 3364/2368/1078 3370/2376/1078
f 1535/2394/1177 1522/2395/1177 1548/2396/1177
f 1531/2397/1178 1535/2394/1178 1548/2396/1178
f 1527/2398/1179 1531/2397/1179 1548/2396/1179
f 1370/2399/1180 1373/2400/1180 1527/2398/1180
f 1557/2401/1181 1386/2402/1181 1384/2403/1181
f 1527/2398/1182 1548/2396/1182 1547/2404/1182
f 1370/2399/1183 1527/2398/1183 1547/2404/1183
f 1378/2405/1184 1370/2399/1184 1547/2404/1184
f 1557/2401/1185 1384/2403/1185 1382/2406/1185
f 1378/2405/1186 1547/2404/1186 1553/2407/1186
f 1380/2408/1187 1378/2405/1187 1553/2407/1187
f 1557/2401/1188 1382/2406/1188 1380/2408/1188
f 1553/2407/1189 1557/2401/1189 1380/2408/1189
f 1532/2409/1078 1376/2410/1078 1375/2411/1078
f 1528/2412/1078 1376/2410/1078 1532/2409/1078
f 1524/2413/1092 1376/2410/1092 1528/2412/1092
f 3373/2414/1078 1524/2413/1078 1402/2415/1078
f 1554/2416/1078 3374/2417/1078 1558/2418/1078
f 1524/2413/1078 1543/2419/1078 1376/2410/1078
f 3373/2414/1078 1543/2419/1078 1524/2413/1078
f 3375/2420/1078 1543/2419/1078 3373/2414/1078
f 1554/2416/1078 3376/2421/1078 3374/2417/1078
f 3375/2420/1092 1550/2422/1092 1543/2419/1092
f 3377/2423/1078 1550/2422/1078 3375/2420/1078
f 1554/2416/1078 3377/2423/1078 3376/2421/1078
f 1550/2422/1092 3377/2423/1092 1554/2416/1092
f 2302/2424/1076 2306/2425/1076 2276/2426/1076
f 1391/2427/1076 1390/2428/1076 2282/2429/1076
f 2310/2430/1076 1391/2427/1076 2282/2429/1076
f 2302/2424/1076 2276/2426/1076 2275/2431/1076
f 2298/2432/1076 2302/2424/1076 2275/2431/1076
f 2310/2430/1076 2282/2429/1076 2294/2433/1076
f 2290/2434/1076 2310/2430/1076 2294/2433/1076
f 2298/2432/1076 2275/2431/1076 2286/2435/1076
f 2294/2433/1076 2298/2432/1076 2286/2435/1076
f 2290/2434/1076 2294/2433/1076 2286/2435/1076
f 2303/2436/1078 2277/2437/1078 2307/2438/1078
f 1392/2439/1078 2283/2440/1078 1393/2441/1078
f 2311/2442/1078 2283/2440/1078 1392/2439/1078
f 2303/2436/1078 2278/2443/1078 2277/2437/1078
f 2299/2444/1078 2278/2443/1078 2303/2436/1078
f 2311/2442/1078 2295/2445/1078 2283/2440/1078
f 2291/2446/1078 2295/2445/1078 2311/2442/1078
f 2299/2444/1078 2287/2447/1078 2278/2443/1078
f 2295/2445/1078 2287/2447/1078 2299/2444/1078
f 2291/2446/1078 2287/2447/1078 2295/2445/1078
f 3378/2448/1076 3379/2449/1076 1516/2450/1076
f 3380/2451/1077 3378/2448/1077 1516/2450/1077
f 3381/2452/1077 3380/2451/1077 1516/2450/1077
f 1702/2453/1076 3382/2454/1076 3381/2452/1076
f 3383/2455/1076 1683/2456/1076 1702/2453/1076
f 3384/2457/1076 3383/2455/1076 1702/2453/1076
f 3385/2458/1076 3384/2457/1076 1702/2453/1076
f 3386/2459/1076 3387/2460/1076 3388/2461/1076
f 3389/2462/1076 3386/2459/1076 3388/2461/1076
f 3390/2463/1076 3389/2462/1076 3388/2461/1076
f 3391/2464/1076 3390/2463/1076 3388/2461/1076
f 3383/2455/1077 3384/2457/1077 3391/2464/1077
f 3392/2465/1077 3383/2455/1077 3391/2464/1077
f 3393/2466/1077 3392/2465/1077 3391/2464/1077
f 1372/2467/1076 3394/2468/1076 3395/2469/1076
f 3385/2458/1076 1702/2453/1076 3381/2452/1076
f 3396/2470/1076 3385/2458/1076 3381/2452/1076
f 3397/2471/1076 3393/2466/1076 3391/2464/1076
f 3398/2472/1076 3396/2470/1076 3381/2452/1076
f 3399/1272/1076 3397/2471/1076 3391/2464/1076
f 3400/2473/1077 3398/2472/1077 3381/2452/1077
f 3399/1272/1076 3391/2464/1076 3388/2461/1076
f 3401/2474/1076 3400/2473/1076 3381/2452/1076
f 3402/2475/1076 3399/1272/1076 3388/2461/1076
f 3401/2474/1076 3381/2452/1076 1516/2450/1076
f 3395/2469/1076 3402/2475/1076 3388/2461/1076
f 3403/2476/1076 3401/2474/1076 1516/2450/1076
f 1372/2467/1076 3395/2469/1076 3388/2461/1076
f 3404/2477/1077 3403/2476/1077 1516/2450/1077
f 1372/2467/1076 3388/2461/1076 3404/2477/1076
f 1516/2450/1076 1372/2467/1076 3404/2477/1076
f 1415/2478/1078 1412/2479/1078 1411/2480/1078
f 1417/2481/1092 1412/2479/1092 1415/2478/1092
f 1434/2482/1078 1412/2479/1078 1417/2481/1078
f 1431/2483/1078 1434/2482/1078 1432/2484/1078
f 3405/2485/1078 1431/2483/1078 1428/2486/1078
f 3406/2487/1092 1431/2483/1092 3405/2485/1092
f 3407/2488/1078 1431/2483/1078 3406/2487/1078
f 3408/2489/1078 3409/2490/1078 3410/2491/1078
f 3411/2492/1092 3409/2490/1092 3408/2489/1092
f 3412/2493/1078 3409/2490/1078 3411/2492/1078
f 3413/2494/1078 3409/2490/1078 3412/2493/1078
f 3405/2485/1078 3413/2494/1078 3406/2487/1078
f 1427/2495/1078 3413/2494/1078 3405/2485/1078
f 3414/2496/1092 3413/2494/1092 1427/2495/1092
f 1405/2415/1078 3415/2497/1078 1406/2498/1078
f 3407/2488/1078 1434/2482/1078 1431/2483/1078
f 3416/2499/1092 1434/2482/1092 3407/2488/1092
f 3417/2500/1078 3413/2494/1078 3414/2496/1078
f 3418/2501/1078 1434/2482/1078 3416/2499/1078
f 3419/2502/1078 3413/2494/1078 3417/2500/1078
f 3420/2503/1078 1434/2482/1078 3418/2501/1078
f 3419/2502/1078 3409/2490/1078 3413/2494/1078
f 3421/2504/1078 1434/2482/1078 3420/2503/1078
f 3422/2505/1078 3409/2490/1078 3419/2502/1078
f 3421/2504/1078 1412/2479/1078 1434/2482/1078
f 3415/2497/1078 3409/2490/1078 3422/2505/1078
f 3423/2506/1078 1412/2479/1078 3421/2504/1078
f 1405/2415/1078 3409/2490/1078 3415/2497/1078
f 3424/2507/1078 1412/2479/1078 3423/2506/1078
f 1405/2415/1078 3424/2507/1078 3409/2490/1078
f 1412/2479/1078 3424/2507/1078 1405/2415/1078
f 1980/2508/1076 1443/2509/1076 1442/2510/1076
f 1976/2511/1076 1980/2508/1076 1442/2510/1076
f 1447/2512/1076 1972/2513/1076 1976/2511/1076
f 1360/2365/1076 1447/2512/1076 1976/2511/1076
f 3345/2366/1076 1360/2365/1076 1976/2511/1076
f 3425/2514/1076 3345/2366/1076 1976/2511/1076
f 1976/2511/1076 1442/2510/1076 3426/2515/1076
f 3427/2516/1076 3425/2514/1076 1976/2511/1076
f 1976/2511/1076 3426/2515/1076 3427/2516/1076
f 1978/2517/1076 1439/2518/1076 1438/2519/1076
f 1974/2520/1076 1978/2517/1076 1438/2519/1076
f 1445/2521/1076 1970/2522/1076 1974/2520/1076
f 1356/2380/1076 1445/2521/1076 1974/2520/1076
f 3351/2381/1076 1356/2380/1076 1974/2520/1076
f 3428/2523/1076 3351/2381/1076 1974/2520/1076
f 1974/2520/1076 1438/2519/1076 3429/2524/1076
f 3430/2525/1076 3428/2523/1076 1974/2520/1076
f 1974/2520/1076 3429/2524/1076 3430/2525/1076
f 1979/2508/1078 1441/2510/1078 1440/2509/1078
f 1975/2511/1078 1441/2510/1078 1979/2508/1078
f 1446/2512/1078 1975/2511/1078 1971/2513/1078
f 1359/2365/1078 1975/2511/1078 1446/2512/1078
f 3362/2366/1078 1975/2511/1078 1359/2365/1078
f 3431/2514/1078 1975/2511/1078 3362/2366/1078
f 1975/2511/1078 3432/2515/1078 1441/2510/1078
f 3433/2516/1078 1975/2511/1078 3431/2514/1078
f 1975/2511/1078 3433/2516/1078 3432/2515/1078
f 1456/2526/1076 1357/2379/1076 3352/2382/1076
f 2326/2527/1076 1456/2526/1076 3352/2382/1076
f 2346/2528/1076 2326/2527/1076 3352/2382/1076
f 2350/2529/1076 2346/2528/1076 3352/2382/1076
f 2354/2530/1076 2350/2529/1076 3352/2382/1076
f 2358/2531/1076 2354/2530/1076 3352/2382/1076
f 2322/2532/1076 2358/2531/1076 3352/2382/1076
f 2315/2533/1076 2322/2532/1076 3352/2382/1076
f 2316/2534/1076 2315/2533/1076 3352/2382/1076
f 2330/2535/1077 2316/2534/1077 3352/2382/1077
f 2334/2536/1077 2330/2535/1077 3352/2382/1077
f 2338/2537/1076 2334/2536/1076 3352/2382/1076
f 1450/2538/1076 2342/2539/1076 2338/2537/1076
f 1364/2387/1076 1450/2538/1076 2338/2537/1076
f 3356/2386/1076 1364/2387/1076 2338/2537/1076
f 2338/2537/1076 3352/2382/1076 3353/2383/1076
f 3354/2384/1076 3356/2386/1076 2338/2537/1076
f 2338/2537/1076 3353/2383/1076 3355/2385/1076
f 3355/2385/1076 3354/2384/1076 2338/2537/1076
f 1457/2540/1078 3363/2367/1078 1358/2364/1078
f 2327/2541/1078 3363/2367/1078 1457/2540/1078
f 2347/2542/1078 3363/2367/1078 2327/2541/1078
f 2351/2543/1078 3363/2367/1078 2347/2542/1078
f 2355/2544/1078 3363/2367/1078 2351/2543/1078
f 2359/2545/1078 3363/2367/1078 2355/2544/1078
f 2323/2546/1078 3363/2367/1078 2359/2545/1078
f 2318/2547/1078 3363/2367/1078 2323/2546/1078
f 2317/2548/1078 3363/2367/1078 2318/2547/1078
f 2331/2549/1078 3363/2367/1078 2317/2548/1078
f 2335/2550/1092 3363/2367/1092 2331/2549/1092
f 2339/2551/1092 3363/2367/1092 2335/2550/1092
f 1451/2552/1078 2339/2551/1078 2343/2553/1078
f 1367/2372/1078 2339/2551/1078 1451/2552/1078
f 3367/2371/1078 2339/2551/1078 1367/2372/1078
f 2339/2551/1078 3364/2368/1078 3363/2367/1078
f 3365/2369/1078 2339/2551/1078 3367/2371/1078
f 2339/2551/1078 3366/2370/1078 3364/2368/1078
f 3366/2370/1078 2339/2551/1078 3365/2369/1078
f 1381/2423/1076 1383/2421/1076 1385/2417/1076
f 1379/2420/1076 1381/2423/1076 1385/2417/1076
f 1371/2414/1076 1379/2420/1076 1385/2417/1076
f 1372/2415/1076 1371/2414/1076 1385/2417/1076
f 3394/2498/1076 1372/2415/1076 1385/2417/1076
f 3434/2554/1076 3394/2498/1076 1385/2417/1076
f 3435/2555/1076 3434/2554/1076 1385/2417/1076
f 3436/2556/1076 3435/2555/1076 1385/2417/1076
f 3437/2557/1076 3436/2556/1076 1385/2417/1076
f 3438/2558/1076 3437/2557/1076 1385/2417/1076
f 1564/2559/1076 3438/2558/1076 1385/2417/1076
f 1387/2418/1076 1564/2559/1076 1385/2417/1076
f 3377/2423/1078 3374/2417/1078 3376/2421/1078
f 3375/2420/1078 3374/2417/1078 3377/2423/1078
f 3373/2414/1078 3374/2417/1078 3375/2420/1078
f 1402/2415/1078 3374/2417/1078 3373/2414/1078
f 1396/2498/1078 3374/2417/1078 1402/2415/1078
f 3439/2554/1078 3374/2417/1078 1396/2498/1078
f 3440/2555/1078 3374/2417/1078 3439/2554/1078
f 3441/2556/1078 3374/2417/1078 3440/2555/1078
f 3442/2557/1078 3374/2417/1078 3441/2556/1078
f 3443/2558/1078 3374/2417/1078 3442/2557/1078
f 1561/2559/1092 3374/2417/1092 3443/2558/1092
f 1558/2418/1078 3374/2417/1078 1561/2559/1078
f 3444/2560/1076 1574/2561/1076 1521/2562/1076
f 3445/2563/1076 3444/2560/1076 1521/2562/1076
f 3446/2564/1076 3445/2563/1076 1521/2562/1076
f 1596/2565/1076 1496/2566/1076 3446/2564/1076
f 1541/2567/1076 1542/2479/1076 1604/2568/1076
f 3446/2564/1076 1521/2562/1076 1537/2569/1076
f 1598/2570/1076 1596/2565/1076 3446/2564/1076
f 1541/2567/1076 1604/2568/1076 1602/2571/1076
f 3446/2564/1076 1537/2569/1076 1539/2572/1076
f 1598/2570/1076 3446/2564/1076 1539/2572/1076
f 1600/2573/1076 1598/2570/1076 1539/2572/1076
f 1541/2567/1076 1602/2571/1076 1600/2573/1076
f 1539/2572/1076 1541/2567/1076 1600/2573/1076
f 1522/2411/1076 1521/2562/1076 3344/2338/1076
f 3301/2194/1077 1751/2196/1077 1770/2574/1077
f 3303/2197/1077 1749/2199/1077 1768/2575/1077
f 3305/2194/1078 1767/2574/1078 1748/2196/1078
f 3447/2576/1077 3301/2194/1077 1770/2574/1077
f 3448/2577/1077 3303/2197/1077 1768/2575/1077
f 3449/2576/1078 1767/2574/1078 3305/2194/1078
f 3450/2497/1076 1407/2498/1076 1624/2554/1076
f 3451/2505/1076 3450/2497/1076 1624/2554/1076
f 3452/2502/1076 3451/2505/1076 1624/2554/1076
f 3453/2500/1076 3452/2502/1076 1624/2554/1076
f 3454/2496/1076 3453/2500/1076 1624/2554/1076
f 1426/2495/1077 3454/2496/1077 1624/2554/1077
f 1626/2578/1076 1426/2495/1076 1624/2554/1076
f 1660/2579/1076 1628/2580/1076 1610/2581/1076
f 1612/2558/1077 1615/2559/1077 1646/2582/1077
f 1626/2578/1076 1624/2554/1076 1622/2555/1076
f 1617/2583/1076 1626/2578/1076 1622/2555/1076
f 1660/2579/1076 1610/2581/1076 1606/2584/1076
f 1654/2585/1076 1660/2579/1076 1606/2584/1076
f 1612/2558/1076 1646/2582/1076 1640/2586/1076
f 1618/2557/1076 1612/2558/1076 1640/2586/1076
f 1617/2583/1076 1622/2555/1076 1620/2556/1076
f 1609/2587/1076 1617/2583/1076 1620/2556/1076
f 1654/2585/1076 1606/2584/1076 1609/2587/1076
f 1639/2588/1076 1654/2585/1076 1609/2587/1076
f 1618/2557/1076 1640/2586/1076 1639/2588/1076
f 1620/2556/1076 1618/2557/1076 1639/2588/1076
f 1609/2587/1076 1620/2556/1076 1639/2588/1076
f 1399/2497/1078 3439/2554/1078 1396/2498/1078
f 1401/2505/1078 3439/2554/1078 1399/2497/1078
f 1409/2502/1078 3439/2554/1078 1401/2505/1078
f 1422/2500/1078 3439/2554/1078 1409/2502/1078
f 1418/2496/1078 3439/2554/1078 1422/2500/1078
f 1421/2495/1092 3439/2554/1092 1418/2496/1092
f 3455/2578/1078 3439/2554/1078 1421/2495/1078
f 1655/2579/1078 3456/2581/1078 1661/2580/1078
f 3443/2558/1078 1643/2582/1078 1561/2559/1078
f 3455/2578/1078 3440/2555/1078 3439/2554/1078
f 3457/2583/1078 3440/2555/1078 3455/2578/1078
f 1655/2579/1078 3458/2584/1078 3456/2581/1078
f 1649/2585/1078 3458/2584/1078 1655/2579/1078
f 3443/2558/1078 1633/2586/1078 1643/2582/1078
f 3442/2557/1078 1633/2586/1078 3443/2558/1078
f 3457/2583/1078 3441/2556/1078 3440/2555/1078
f 3459/2587/1078 3441/2556/1078 3457/2583/1078
f 1649/2585/1078 3459/2587/1078 3458/2584/1078
f 1630/2588/1078 3459/2587/1078 1649/2585/1078
f 3442/2557/1078 1630/2588/1078 1633/2586/1078
f 3441/2556/1078 1630/2588/1078 3442/2557/1078
f 3459/2587/1078 1630/2588/1078 3441/2556/1078
f 3395/2469/1076 3394/2468/1076 3434/2589/1076
f 3402/2475/1076 3395/2469/1076 3434/2589/1076
f 3399/1272/1076 3402/2475/1076 3434/2589/1076
f 3397/2471/1076 3399/1272/1076 3434/2589/1076
f 3393/2466/1076 3397/2471/1076 3434/2589/1076
f 3392/2465/1077 3393/2466/1077 3434/2589/1077
f 3460/2590/1076 3392/2465/1076 3434/2589/1076
f 1658/2591/1076 1663/2592/1076 3461/2593/1076
f 3438/2594/1077 1564/2595/1077 1644/2596/1077
f 3460/2590/1076 3434/2589/1076 3435/2597/1076
f 3462/2598/1076 3460/2590/1076 3435/2597/1076
f 1658/2591/1076 3461/2593/1076 3463/2599/1076
f 1652/2600/1076 1658/2591/1076 3463/2599/1076
f 3438/2594/1076 1644/2596/1076 1636/2601/1076
f 3437/2602/1076 3438/2594/1076 1636/2601/1076
f 3462/2598/1076 3435/2597/1076 3436/2603/1076
f 3464/2604/1076 3462/2598/1076 3436/2603/1076
f 1652/2600/1076 3463/2599/1076 3464/2604/1076
f 1635/2605/1076 1652/2600/1076 3464/2604/1076
f 3437/2602/1076 1636/2601/1076 1635/2605/1076
f 3436/2603/1076 3437/2602/1076 1635/2605/1076
f 3464/2604/1076 3436/2603/1076 1635/2605/1076
f 3415/2497/1078 1625/2554/1078 1406/2498/1078
f 3422/2505/1078 1625/2554/1078 3415/2497/1078
f 3419/2502/1078 1625/2554/1078 3422/2505/1078
f 3417/2500/1078 1625/2554/1078 3419/2502/1078
f 3414/2496/1078 1625/2554/1078 3417/2500/1078
f 1427/2495/1092 1625/2554/1092 3414/2496/1092
f 1627/2578/1078 1625/2554/1078 1427/2495/1078
f 1657/2579/1078 1611/2581/1078 1629/2580/1078
f 1613/2558/1078 1645/2582/1078 1614/2559/1078
f 1627/2578/1078 1623/2555/1078 1625/2554/1078
f 1616/2583/1078 1623/2555/1078 1627/2578/1078
f 1657/2579/1078 1607/2584/1078 1611/2581/1078
f 1651/2585/1078 1607/2584/1078 1657/2579/1078
f 1613/2558/1078 1637/2586/1078 1645/2582/1078
f 1619/2557/1078 1637/2586/1078 1613/2558/1078
f 1616/2583/1078 1621/2556/1078 1623/2555/1078
f 1608/2587/1078 1621/2556/1078 1616/2583/1078
f 1651/2585/1078 1608/2587/1078 1607/2584/1078
f 1634/2588/1078 1608/2587/1078 1651/2585/1078
f 1619/2557/1078 1634/2588/1078 1637/2586/1078
f 1621/2556/1078 1634/2588/1078 1619/2557/1078
f 1608/2587/1078 1634/2588/1078 1621/2556/1078
f 1521/2562/1076 3343/2329/1076 3344/2338/1076
f 3403/2476/1076 3404/2477/1076 3388/2461/1076
f 3401/2474/1076 3403/2476/1076 3388/2461/1076
f 3400/2473/1077 3401/2474/1077 3388/2461/1077
f 3398/2472/1076 3400/2473/1076 3388/2461/1076
f 3396/2470/1076 3398/2472/1076 3388/2461/1076
f 3385/2458/1077 3396/2470/1077 3388/2461/1077
f 3391/2464/1076 3384/2457/1076 3385/2458/1076
f 3385/2458/1076 3388/2461/1076 3387/2460/1076
f 3390/2463/1076 3391/2464/1076 3385/2458/1076
f 3385/2458/1076 3387/2460/1076 3386/2459/1076
f 3389/2462/1076 3390/2463/1076 3385/2458/1076
f 3385/2458/1076 3386/2459/1076 3389/2462/1076
f 3423/2506/1078 3409/2490/1078 3424/2507/1078
f 3421/2504/1078 3409/2490/1078 3423/2506/1078
f 3420/2503/1092 3409/2490/1092 3421/2504/1092
f 3418/2501/1078 3409/2490/1078 3420/2503/1078
f 3416/2499/1078 3409/2490/1078 3418/2501/1078
f 3407/2488/1078 3409/2490/1078 3416/2499/1078
f 3413/2494/1092 3407/2488/1092 3406/2487/1092
f 3407/2488/1092 3410/2491/1092 3409/2490/1092
f 3412/2493/1078 3407/2488/1078 3413/2494/1078
f 3407/2488/1078 3408/2489/1078 3410/2491/1078
f 3411/2492/1092 3407/2488/1092 3412/2493/1092
f 3407/2488/1078 3411/2492/1078 3408/2489/1078
f 1573/2561/1077 1572/2606/1077 3337/2314/1077
f 1572/2606/1077 1254/2311/1077 3337/2314/1077
f 1573/2561/1190 3337/2314/1190 3343/2329/1190
f 3346/2374/1076 1477/2607/1076 1483/2608/1076
f 3357/2389/1076 1475/2609/1076 1481/2610/1076
f 3368/2374/1078 1480/2608/1078 1474/2607/1078
f 1521/2562/1176 1573/2561/1176 3343/2329/1176
f 1522/2395/1076 3344/2330/1076 1239/2333/1076
f 1548/2396/1076 1522/2395/1076 1239/2333/1076
f 1579/2611/1077 3425/2514/1077 1585/2612/1077
f 1577/2613/1077 3428/2523/1077 1583/2614/1077
f 1578/2611/1078 1584/2612/1078 3431/2514/1078
f 1507/2615/1076 3347/2375/1076 1508/2616/1076
f 1503/2617/1076 3358/2390/1076 1504/2618/1076
f 1502/2615/1078 1505/2616/1078 3369/2375/1078
f 3425/2514/1077 3427/2516/1077 1585/2612/1077
f 3428/2523/1077 3430/2525/1077 1583/2614/1077
f 3431/2514/1092 1584/2612/1092 3433/2516/1092
f 3350/2378/1077 3349/2377/1077 1515/2619/1077
f 3361/2393/1077 3360/2392/1077 1513/2620/1077
f 3372/2378/1092 1512/2619/1092 3371/2377/1092
f 3349/2377/1076 3347/2375/1076 1507/2615/1076
f 3360/2392/1076 3358/2390/1076 1503/2617/1076
f 3371/2377/1078 1502/2615/1078 3369/2375/1078
f 3347/2375/1076 3345/2366/1076 1508/2616/1076
f 3358/2390/1076 3351/2381/1076 1504/2618/1076
f 3369/2375/1078 1505/2616/1078 3362/2366/1078
f 3345/2366/1077 3425/2514/1077 1579/2611/1077
f 3351/2381/1077 3428/2523/1077 1577/2613/1077
f 3362/2366/1092 1578/2611/1092 3431/2514/1092
f 3426/2515/1076 1442/2510/1076 1595/2606/1076
f 3429/2524/1076 1438/2519/1076 1593/2621/1076
f 3432/2515/1078 1594/2606/1078 1441/2510/1078
f 3427/2516/1076 3426/2515/1076 1591/2622/1076
f 3430/2525/1076 3429/2524/1076 1589/2623/1076
f 3433/2516/1078 1590/2622/1078 3432/2515/1078
f 1585/2612/1076 3427/2516/1076 1591/2622/1076
f 1583/2614/1076 3430/2525/1076 1589/2623/1076
f 1584/2612/1078 1590/2622/1078 3433/2516/1078
f 1508/2616/1076 3345/2366/1076 1579/2611/1076
f 1504/2618/1076 3351/2381/1076 1577/2613/1076
f 1505/2616/1078 1578/2611/1078 3362/2366/1078
f 1591/2622/1076 3426/2515/1076 1595/2606/1076
f 1589/2623/1076 3429/2524/1076 1593/2621/1076
f 1590/2622/1092 1594/2606/1092 3432/2515/1092
f 1470/2624/1077 3350/2378/1077 1515/2619/1077
f 1466/2625/1077 3361/2393/1077 1513/2620/1077
f 1467/2624/1078 1512/2619/1078 3372/2378/1078
f 1515/2619/1076 3349/2377/1076 1507/2615/1076
f 1513/2620/1076 3360/2392/1076 1503/2617/1076
f 1512/2619/1078 1502/2615/1078 3371/2377/1078
f 1601/2573/1076 1603/2571/1076 1605/2568/1076
f 1599/2570/1076 1601/2573/1076 1605/2568/1076
f 1597/2565/1076 1599/2570/1076 1605/2568/1076
f 1497/2566/1076 1597/2565/1076 1605/2568/1076
f 1495/2626/1076 1497/2566/1076 1605/2568/1076
f 1493/2627/1076 1495/2626/1076 1605/2568/1076
f 1491/2628/1076 1493/2627/1076 1605/2568/1076
f 1489/2629/1076 1491/2628/1076 1605/2568/1076
f 1486/2630/1076 1485/2631/1076 1489/2629/1076
f 1771/2632/1076 1486/2630/1076 1489/2629/1076
f 1773/2633/1076 1771/2632/1076 1489/2629/1076
f 1775/2634/1076 1773/2633/1076 1489/2629/1076
f 1777/2635/1076 1775/2634/1076 1489/2629/1076
f 1779/2636/1076 1777/2635/1076 1489/2629/1076
f 1702/2483/1076 1779/2636/1076 1489/2629/1076
f 3382/2484/1076 1702/2483/1076 1489/2629/1076
f 1605/2568/1076 1516/2479/1076 3379/2480/1076
f 3381/2482/1076 3382/2484/1076 1489/2629/1076
f 1489/2629/1077 1605/2568/1077 3379/2480/1077
f 3380/2481/1076 3381/2482/1076 1489/2629/1076
f 1489/2629/1076 3379/2480/1076 3378/2478/1076
f 3378/2478/1076 3380/2481/1076 1489/2629/1076
f 1595/2606/1076 1442/2510/1076 1669/2311/1076
f 1593/2621/1076 1438/2519/1076 1667/2637/1076
f 1594/2606/1078 1668/2311/1078 1441/2510/1078
f 3346/2374/1076 3348/2376/1076 1477/2607/1076
f 3357/2389/1076 3359/2391/1076 1475/2609/1076
f 3368/2374/1078 1474/2607/1078 3370/2376/1078
f 1677/2638/1191 1681/2639/1191 1740/2640/1191
f 1712/2641/1192 1682/2642/1192 1678/2643/1192
f 1716/2644/1193 1712/2641/1193 1678/2643/1193
f 1720/2645/1194 1716/2644/1194 1678/2643/1194
f 1707/2229/1195 1720/2645/1195 1678/2643/1195
f 1700/2230/1196 1707/2229/1196 1678/2643/1196
f 1732/2646/1197 1700/2230/1197 1678/2643/1197
f 1674/2647/1198 1677/2638/1198 1740/2640/1198
f 1732/2646/1199 1678/2643/1199 1670/2648/1199
f 1736/2649/1200 1732/2646/1200 1670/2648/1200
f 1674/2647/1201 1740/2640/1201 1736/2649/1201
f 1673/2650/1202 1674/2647/1202 1736/2649/1202
f 1736/2649/1203 1670/2648/1203 1673/2650/1203
f 3465/2651/1078 1739/2652/1078 1743/2653/1078
f 1711/2654/1078 3466/2655/1078 1425/2486/1078
f 1715/2656/1078 3466/2655/1078 1711/2654/1078
f 1719/2657/1078 3466/2655/1078 1715/2656/1078
f 1686/2658/1092 3466/2655/1092 1719/2657/1092
f 1685/2659/1078 3466/2655/1078 1686/2658/1078
f 1731/2660/1092 3466/2655/1092 1685/2659/1092
f 3467/2661/1078 1739/2652/1078 3465/2651/1078
f 1731/2660/1078 3468/2662/1078 3466/2655/1078
f 1735/2663/1092 3468/2662/1092 1731/2660/1092
f 3467/2661/1078 1735/2663/1078 1739/2652/1078
f 3469/2664/1078 1735/2663/1078 3467/2661/1078
f 1735/2663/1078 3469/2664/1078 3468/2662/1078
f 3470/2665/1076 3447/2576/1076 1763/2666/1076
f 3471/2667/1076 3448/2577/1076 1761/2668/1076
f 3472/2665/1078 1762/2666/1078 3449/2576/1078
f 3302/2195/1076 1483/2608/1076 1751/2196/1076
f 3304/2198/1076 1481/2610/1076 1749/2199/1076
f 3306/2195/1078 1748/2196/1078 1480/2608/1078
f 1369/2373/1076 3302/2195/1076 3301/2194/1076
f 1691/2669/1076 1369/2373/1076 3301/2194/1076
f 1988/2670/1076 1691/2669/1076 3301/2194/1076
f 1992/2671/1076 1988/2670/1076 3301/2194/1076
f 1996/2672/1076 1992/2671/1076 3301/2194/1076
f 1699/2673/1077 1698/2674/1077 1996/2672/1077
f 3470/2665/1076 1699/2673/1076 1996/2672/1076
f 1996/2672/1076 3301/2194/1076 3447/2576/1076
f 3447/2576/1076 3470/2665/1076 1996/2672/1076
f 1365/2388/1076 3304/2198/1076 3303/2197/1076
f 1689/2675/1076 1365/2388/1076 3303/2197/1076
f 1986/2676/1076 1689/2675/1076 3303/2197/1076
f 1990/2677/1076 1986/2676/1076 3303/2197/1076
f 1994/2678/1076 1990/2677/1076 3303/2197/1076
f 1695/2679/1077 1694/2680/1077 1994/2678/1077
f 3471/2667/1076 1695/2679/1076 1994/2678/1076
f 1994/2678/1076 3303/2197/1076 3448/2577/1076
f 3448/2577/1076 3471/2667/1076 1994/2678/1076
f 1366/2373/1078 3305/2194/1078 3306/2195/1078
f 1690/2669/1078 3305/2194/1078 1366/2373/1078
f 1987/2670/1078 3305/2194/1078 1690/2669/1078
f 1991/2671/1078 3305/2194/1078 1987/2670/1078
f 1995/2672/1078 3305/2194/1078 1991/2671/1078
f 1696/2673/1078 1995/2672/1078 1697/2674/1078
f 3472/2665/1078 1995/2672/1078 1696/2673/1078
f 1995/2672/1078 3449/2576/1078 3305/2194/1078
f 3449/2576/1078 1995/2672/1078 3472/2665/1078
f 3348/2376/1077 3350/2378/1077 1469/2681/1077
f 3359/2391/1077 3361/2393/1077 1465/2682/1077
f 3370/2376/1078 1464/2681/1078 3372/2378/1078
f 1699/2673/1076 3470/2665/1076 1154/2193/1076
f 1695/2679/1076 3471/2667/1076 1151/2683/1076
f 1696/2673/1078 1152/2193/1078 3472/2665/1078
f 1663/2580/1076 1680/2653/1076 1676/2651/1076
f 3461/2581/1076 1663/2580/1076 1676/2651/1076
f 3463/2584/1076 3461/2581/1076 1676/2651/1076
f 3464/2587/1076 3463/2584/1076 1676/2651/1076
f 3462/2583/1076 3464/2587/1076 1676/2651/1076
f 3460/2578/1076 3462/2583/1076 1676/2651/1076
f 3392/2495/1076 3460/2578/1076 1676/2651/1076
f 1683/2486/1076 3392/2495/1076 1676/2651/1076
f 1679/2655/1076 1683/2486/1076 1676/2651/1076
f 1671/2662/1076 1679/2655/1076 1676/2651/1076
f 1672/2664/1076 1671/2662/1076 1676/2651/1076
f 1675/2661/1076 1672/2664/1076 1676/2651/1076
f 1661/2580/1078 3465/2651/1078 1743/2653/1078
f 3456/2581/1078 3465/2651/1078 1661/2580/1078
f 3458/2584/1078 3465/2651/1078 3456/2581/1078
f 3459/2587/1078 3465/2651/1078 3458/2584/1078
f 3457/2583/1078 3465/2651/1078 3459/2587/1078
f 3455/2578/1078 3465/2651/1078 3457/2583/1078
f 1421/2495/1078 3465/2651/1078 3455/2578/1078
f 1425/2486/1078 3465/2651/1078 1421/2495/1078
f 3466/2655/1078 3465/2651/1078 1425/2486/1078
f 3468/2662/1078 3465/2651/1078 3466/2655/1078
f 3469/2664/1078 3465/2651/1078 3468/2662/1078
f 3467/2661/1078 3465/2651/1078 3469/2664/1078
f 1780/2636/1076 1728/2483/1076 1726/2684/1076
f 3473/2685/1076 1487/2630/1076 1772/2632/1076
f 3474/2686/1076 3473/2685/1076 1772/2632/1076
f 3475/2687/1076 3474/2686/1076 1772/2632/1076
f 1756/2064/1076 3475/2687/1076 1772/2632/1076
f 1722/2688/1076 1708/2065/1076 1756/2064/1076
f 1778/2635/1076 1780/2636/1076 1726/2684/1076
f 1756/2064/1076 1772/2632/1076 1774/2633/1076
f 1722/2688/1076 1756/2064/1076 1774/2633/1076
f 1724/2689/1076 1722/2688/1076 1774/2633/1076
f 1778/2635/1077 1726/2684/1077 1724/2689/1077
f 1776/2634/1076 1778/2635/1076 1724/2689/1076
f 1724/2689/1076 1774/2633/1076 1776/2634/1076
f 1708/2065/1076 1707/2658/1076 3015/1509/1076
f 1699/2673/1076 1154/2193/1076 1153/1420/1076
f 1695/2679/1076 1151/2683/1076 1150/2690/1076
f 1696/2673/1078 1149/1420/1078 1152/2193/1078
f 3015/1475/1076 1707/2229/1076 39/1476/1076
f 3470/2665/1076 1763/2666/1076 1154/2193/1076
f 3471/2667/1076 1761/2668/1076 1151/2683/1076
f 3472/2665/1092 1152/2193/1092 1762/2666/1092
f 3302/2195/1076 3346/2374/1076 1483/2608/1076
f 3304/2198/1076 3357/2389/1076 1481/2610/1076
f 3306/2195/1078 1480/2608/1078 3368/2374/1078
f 3013/1473/1076 1708/2065/1076 3015/1509/1076
f 3447/2576/1076 1770/2574/1076 1763/2666/1076
f 3448/2577/1076 1768/2575/1076 1761/2668/1076
f 3449/2576/1078 1762/2666/1078 1767/2574/1078
f 1155/2193/1077 1757/2064/1077 2997/1421/1077
f 3348/2376/1076 1469/2681/1076 1477/2607/1076
f 3359/2391/1076 1465/2682/1076 1475/2609/1076
f 3370/2376/1078 1474/2607/1078 1464/2681/1078
f 2911/1294/1077 121/1534/1077 120/1605/1077
f 2923/1310/1077 117/1535/1077 116/1606/1077
f 2935/1294/1078 115/1605/1078 118/1534/1078
f 579/1918/1076 578/1979/1076 3061/1669/1076
f 575/1919/1076 574/1980/1076 3073/1685/1076
f 576/1918/1092 3085/1669/1092 573/1979/1092
f 1012/2315/1076 3202/2017/1076 1013/2244/1076
f 1008/2316/1076 3214/2033/1076 1009/2245/1076
f 1007/2315/1078 1010/2244/1078 3226/2017/1078
f 3350/2378/1077 1470/2624/1077 1469/2681/1077
f 3361/2393/1077 1466/2625/1077 1465/2682/1077
f 3372/2378/1078 1464/2681/1078 1467/2624/1078
usemtl METAL
f 3476/2691/1078 9/2692/1078 3477/2693/1078
f 2/2694/1078 3478/2695/1078 3479/2696/1078
f 1/2697/1078 3478/2695/1078 2/2694/1078
f 1782/2698/1078 3478/2695/1078 1/2697/1078
f 1786/2699/1078 3478/2695/1078 1782/2698/1078
f 1790/2700/1078 3478/2695/1078 1786/2699/1078
f 1798/2701/1078 1790/2700/1078 1794/2702/1078
f 10/2703/1078 1790/2700/1078 1798/2701/1078
f 9/2692/1078 1790/2700/1078 10/2703/1078
f 3476/2691/1078 1790/2700/1078 9/2692/1078
f 3480/2704/1078 1790/2700/1078 3476/2691/1078
f 1790/2700/1078 3481/2705/1078 3478/2695/1078
f 3482/2706/1078 1790/2700/1078 3480/2704/1078
f 1790/2700/1078 3482/2706/1078 3481/2705/1078
f 3483/2707/1078 2054/2708/1078 3484/2709/1078
f 3485/2710/1078 2054/2708/1078 3483/2707/1078
f 3486/2711/1078 2054/2708/1078 3485/2710/1078
f 85/2712/1078 3487/2713/1078 86/2714/1078
f 1807/2715/1078 3487/2713/1078 85/2712/1078
f 1811/2716/1078 3487/2713/1078 1807/2715/1078
f 1815/2717/1078 3487/2713/1078 1811/2716/1078
f 81/2718/1078 3487/2713/1078 1815/2717/1078
f 3479/2696/1078 81/2718/1078 2/2694/1078
f 3488/2719/1078 81/2718/1078 3479/2696/1078
f 81/2718/1078 3489/2720/1078 3487/2713/1078
f 3489/2720/1078 81/2718/1078 3488/2719/1078
f 97/2721/1078 3490/2722/1078 3491/2723/1078
f 94/2724/1092 3490/2722/1092 97/2721/1092
f 168/2725/1204 17/2726/1204 3492/2727/1204
f 3491/2723/1078 3493/2728/1078 3494/2729/1078
f 3490/2722/1078 3493/2728/1078 3491/2723/1078
f 3495/2730/1078 3485/2710/1078 3483/2707/1078
f 3496/2731/1078 3485/2710/1078 3495/2730/1078
f 3492/2727/1078 3485/2710/1078 3496/2731/1078
f 168/2725/1205 3492/2727/1205 3493/2728/1205
f 218/2732/1206 221/2733/1206 3490/2722/1206
f 3486/2711/1207 317/2734/1207 3497/2735/1207
f 217/2736/1207 317/2734/1207 3486/2711/1207
f 218/2732/1208 3490/2722/1208 94/2724/1208
f 221/2733/1209 3493/2728/1209 3490/2722/1209
f 3494/2729/1092 3496/2731/1092 3495/2730/1092
f 3493/2728/1078 3496/2731/1078 3494/2729/1078
f 3492/2727/1078 3496/2731/1078 3493/2728/1078
f 221/2733/1210 168/2725/1210 3493/2728/1210
f 2054/2708/1078 3497/2735/1078 2055/2737/1078
f 3486/2711/1078 3497/2735/1078 2054/2708/1078
f 17/2726/1211 3485/2710/1211 3492/2727/1211
f 17/2726/1212 20/2738/1212 3485/2710/1212
f 20/2738/1213 3486/2711/1213 3485/2710/1213
f 217/2736/1214 3486/2711/1214 20/2738/1214
f 3488/2719/1215 227/2739/1215 241/2740/1215
f 3478/2695/1216 149/2741/1216 152/2742/1216
f 3489/2720/1217 3488/2719/1217 241/2740/1217
f 3481/2705/1218 3482/2706/1218 161/2743/1218
f 3478/2695/1219 3481/2705/1219 149/2741/1219
f 3479/2696/1220 3478/2695/1220 152/2742/1220
f 3488/2719/1221 3479/2696/1221 227/2739/1221
f 86/2714/1222 3487/2713/1222 218/2732/1222
f 3487/2713/1223 3489/2720/1223 232/2744/1223
f 3489/2720/1224 241/2740/1224 232/2744/1224
f 3479/2696/1225 152/2742/1225 227/2739/1225
f 3487/2713/1226 232/2744/1226 218/2732/1226
f 161/2743/1227 3482/2706/1227 114/2745/1227
f 3481/2705/1228 161/2743/1228 149/2741/1228
f 86/2714/1229 218/2732/1229 94/2724/1229
f 3480/2704/1230 3476/2691/1230 123/2746/1230
f 2055/2737/1078 3498/2747/1078 3499/2748/1078
f 3497/2735/1078 3498/2747/1078 2055/2737/1078
f 3500/2749/1078 3498/2747/1078 3497/2735/1078
f 3477/2693/1231 421/2750/1231 129/2751/1231
f 3501/2752/1078 352/2753/1078 351/2754/1078
f 9/2692/1078 3502/2755/1078 3477/2693/1078
f 359/2756/1078 3502/2755/1078 9/2692/1078
f 1827/2757/1078 3502/2755/1078 359/2756/1078
f 1831/2758/1078 3502/2755/1078 1827/2757/1078
f 1835/2759/1078 3502/2755/1078 1831/2758/1078
f 3501/2752/1078 1835/2759/1078 352/2753/1078
f 3503/2760/1078 1835/2759/1078 3501/2752/1078
f 1835/2759/1078 3503/2760/1078 3502/2755/1078
f 3504/2761/1078 364/2762/1078 3505/2763/1078
f 365/2764/1092 364/2762/1092 3504/2761/1092
f 3482/2706/1232 3480/2704/1232 111/2765/1232
f 3501/2752/1233 351/2754/1233 416/2766/1233
f 336/2767/1234 370/2768/1234 3506/2769/1234
f 3507/2770/1078 3505/2763/1078 3508/2771/1078
f 3504/2761/1078 3505/2763/1078 3507/2770/1078
f 3500/2749/1078 3509/2772/1078 3498/2747/1078
f 3506/2769/1078 3509/2772/1078 3500/2749/1078
f 3501/2752/1235 416/2766/1235 433/2773/1235
f 3476/2691/1236 3477/2693/1236 129/2751/1236
f 370/2768/1237 3507/2770/1237 3506/2769/1237
f 3503/2760/1238 433/2773/1238 427/2774/1238
f 413/2775/1239 416/2766/1239 3504/2761/1239
f 3480/2704/1240 123/2746/1240 111/2765/1240
f 3477/2693/1241 3502/2755/1241 421/2750/1241
f 416/2766/1242 365/2764/1242 3504/2761/1242
f 413/2775/1243 3504/2761/1243 3507/2770/1243
f 3506/2769/1078 3508/2771/1078 3509/2772/1078
f 3507/2770/1078 3508/2771/1078 3506/2769/1078
f 370/2768/1244 413/2775/1244 3507/2770/1244
f 3503/2760/1245 3501/2752/1245 433/2773/1245
f 336/2767/1246 3506/2769/1246 3500/2749/1246
f 333/2776/1247 336/2767/1247 3500/2749/1247
f 351/2754/1248 365/2764/1248 416/2766/1248
f 333/2776/1249 3500/2749/1249 3497/2735/1249
f 317/2734/1250 333/2776/1250 3497/2735/1250
f 3502/2755/1251 427/2774/1251 421/2750/1251
f 3476/2691/1252 129/2751/1252 123/2746/1252
f 3502/2755/1253 3503/2760/1253 427/2774/1253
f 1841/2777/1078 1846/1656/1078 1858/2778/1078
f 472/2779/1078 1846/1656/1078 1841/2777/1078
f 471/2780/1078 1846/1656/1078 472/2779/1078
f 3510/2781/1078 471/2780/1078 3511/2782/1078
f 464/2783/1078 3512/2784/1078 3513/2785/1078
f 463/2786/1078 3512/2784/1078 464/2783/1078
f 1853/2787/1078 3512/2784/1078 463/2786/1078
f 1847/2788/1078 3512/2784/1078 1853/2787/1078
f 1846/1656/1078 3512/2784/1078 1847/2788/1078
f 3510/2781/1078 1846/1656/1078 471/2780/1078
f 3514/2789/1078 1846/1656/1078 3510/2781/1078
f 1846/1656/1078 3515/2790/1078 3512/2784/1078
f 3516/1669/1078 1846/1656/1078 3514/2789/1078
f 1846/1656/1078 3516/1669/1078 3515/2790/1078
f 3513/2785/1078 553/2791/1078 464/2783/1078
f 3517/2792/1078 553/2791/1078 3513/2785/1078
f 545/2793/1078 3518/2794/1078 546/2795/1078
f 1869/2796/1078 3518/2794/1078 545/2793/1078
f 1865/2797/1078 3518/2794/1078 1869/2796/1078
f 1861/2798/1078 3518/2794/1078 1865/2797/1078
f 553/2791/1078 3518/2794/1078 1861/2798/1078
f 3519/2799/1078 553/2791/1078 3517/2792/1078
f 553/2791/1078 3519/2799/1078 3518/2794/1078
f 775/975/1254 787/2800/1254 3520/502/1254
f 3509/2772/1255 626/2801/1255 483/2802/1255
f 863/2803/1256 3521/2804/1256 886/2805/1256
f 886/2805/1257 3521/2804/1257 3522/2806/1257
f 3508/2771/1258 626/2801/1258 3509/2772/1258
f 3505/2763/1259 676/2807/1259 679/2808/1259
f 3520/502/1260 675/2809/1260 775/975/1260
f 3499/2748/1260 675/2809/1260 3520/502/1260
f 364/2762/1261 676/2807/1261 3505/2763/1261
f 3505/2763/1262 679/2808/1262 3508/2771/1262
f 581/2810/1263 3510/2781/1263 587/2811/1263
f 3508/2771/1264 679/2808/1264 626/2801/1264
f 2181/982/1078 3499/2748/1078 3520/502/1078
f 2055/2737/1078 3499/2748/1078 2181/982/1078
f 3509/2772/1265 483/2802/1265 3498/2747/1265
f 3498/2747/1266 483/2802/1266 486/2812/1266
f 3498/2747/1267 486/2812/1267 3499/2748/1267
f 3499/2748/1268 486/2812/1268 675/2809/1268
f 691/2813/1269 3517/2792/1269 685/2814/1269
f 610/2815/1270 3512/2784/1270 607/2816/1270
f 3519/2799/1271 3517/2792/1271 691/2813/1271
f 3515/2790/1272 3516/1669/1272 619/2817/1272
f 3512/2784/1273 3515/2790/1273 607/2816/1273
f 3513/2785/1274 3512/2784/1274 610/2815/1274
f 3517/2792/1275 3513/2785/1275 685/2814/1275
f 546/2795/1276 3518/2794/1276 676/2807/1276
f 3518/2794/1277 3519/2799/1277 697/2818/1277
f 697/2818/1278 3519/2799/1278 691/2813/1278
f 685/2814/1279 3513/2785/1279 610/2815/1279
f 676/2807/1280 3518/2794/1280 697/2818/1280
f 619/2817/1281 3516/1669/1281 572/1918/1281
f 607/2816/1282 3515/2790/1282 619/2817/1282
f 364/2762/1283 546/2795/1283 676/2807/1283
f 581/2810/1284 3514/2789/1284 3510/2781/1284
f 3523/2819/1078 3524/2820/1078 3525/2821/1078
f 2181/982/1078 3524/2820/1078 3523/2819/1078
f 3520/502/1078 3524/2820/1078 2181/982/1078
f 587/2811/1285 3511/2782/1285 863/2803/1285
f 1887/2822/1078 801/2823/1078 1883/2824/1078
f 1891/2825/1078 801/2823/1078 1887/2822/1078
f 806/2826/1078 801/2823/1078 1891/2825/1078
f 3526/2827/1078 806/2826/1078 805/2828/1078
f 471/2780/1078 3521/2804/1078 3511/2782/1078
f 801/2823/1078 3521/2804/1078 471/2780/1078
f 3526/2827/1078 801/2823/1078 806/2826/1078
f 3522/2806/1078 801/2823/1078 3526/2827/1078
f 801/2823/1078 3522/2806/1078 3521/2804/1078
f 3527/2829/1092 815/2830/1092 814/2831/1092
f 3528/2832/1078 815/2830/1078 3527/2829/1078
f 569/2833/1286 3516/1669/1286 3514/2789/1286
f 872/2834/1287 3526/2827/1287 805/2828/1287
f 790/2835/1288 820/2836/1288 3529/2837/1288
f 3530/2838/1078 3528/2832/1078 3527/2829/1078
f 3531/2839/1078 3528/2832/1078 3530/2838/1078
f 3525/2821/1078 3529/2837/1078 3532/2840/1078
f 3524/2820/1078 3529/2837/1078 3525/2821/1078
f 878/2841/1289 3526/2827/1289 872/2834/1289
f 587/2811/1290 3510/2781/1290 3511/2782/1290
f 3529/2837/1291 820/2836/1291 3531/2839/1291
f 886/2805/1292 3522/2806/1292 878/2841/1292
f 869/2842/1293 872/2834/1293 3528/2832/1293
f 569/2833/1294 3514/2789/1294 581/2810/1294
f 863/2803/1295 3511/2782/1295 3521/2804/1295
f 3528/2832/1296 872/2834/1296 815/2830/1296
f 3531/2839/1297 869/2842/1297 3528/2832/1297
f 3532/2840/1078 3531/2839/1078 3530/2838/1078
f 3529/2837/1078 3531/2839/1078 3532/2840/1078
f 820/2836/1298 869/2842/1298 3531/2839/1298
f 878/2841/1299 3522/2806/1299 3526/2827/1299
f 3524/2820/1300 790/2835/1300 3529/2837/1300
f 787/2800/1301 790/2835/1301 3524/2820/1301
f 872/2834/1302 805/2828/1302 815/2830/1302
f 3520/502/1303 787/2800/1303 3524/2820/1303
f 1907/2843/1078 906/2844/1078 905/2845/1078
f 1901/2846/1078 906/2844/1078 1907/2843/1078
f 1900/2847/1078 906/2844/1078 1901/2846/1078
f 1895/2848/1078 1900/2847/1078 1912/2849/1078
f 914/2850/1078 1900/2847/1078 1895/2848/1078
f 913/2851/1078 1900/2847/1078 914/2850/1078
f 3533/2852/1078 913/2851/1078 3534/2853/1078
f 906/2844/1078 3535/2854/1078 3536/2855/1078
f 3533/2852/1078 1900/2847/1078 913/2851/1078
f 3537/2856/1078 1900/2847/1078 3533/2852/1078
f 906/2844/1078 3538/2857/1078 3535/2854/1078
f 1900/2847/1078 3538/2857/1078 906/2844/1078
f 3539/2858/1078 1900/2847/1078 3537/2856/1078
f 1900/2847/1078 3539/2858/1078 3538/2857/1078
f 1752/2859/1304 3494/2729/1304 1705/2860/1304
f 1919/2861/1078 979/2862/1078 1923/2863/1078
f 1915/2864/1078 979/2862/1078 1919/2861/1078
f 987/2865/1078 979/2862/1078 1915/2864/1078
f 3536/2855/1078 987/2865/1078 906/2844/1078
f 3540/2866/1078 987/2865/1078 3536/2855/1078
f 979/2862/1078 3541/2867/1078 980/2868/1078
f 3542/2869/1078 987/2865/1078 3540/2866/1078
f 979/2862/1092 3542/2869/1092 3541/2867/1092
f 987/2865/1078 3542/2869/1078 979/2862/1078
f 3491/2723/1305 3494/2729/1305 1752/2859/1305
f 3532/2840/1306 1060/2870/1306 925/2871/1306
f 97/2721/1307 3491/2723/1307 1755/2872/1307
f 3543/2873/1308 1746/2874/1308 3544/2875/1308
f 3532/2840/1309 3530/2838/1309 1060/2870/1309
f 3527/2829/1310 1110/2876/1310 1113/2877/1310
f 1216/2878/1311 3523/2819/1311 1109/415/1311
f 3545/2879/1311 3523/2819/1311 1216/2878/1311
f 3527/2829/1312 814/2831/1312 1110/2876/1312
f 3530/2838/1313 3527/2829/1313 1113/2877/1313
f 1687/2880/1314 3483/2707/1314 1684/2881/1314
f 3530/2838/1315 1113/2877/1315 1060/2870/1315
f 3545/2879/1078 2181/982/1078 3523/2819/1078
f 2239/1212/1078 2181/982/1078 3545/2879/1078
f 3525/2821/1316 3532/2840/1316 925/2871/1316
f 3525/2821/1317 925/2871/1317 928/2882/1317
f 3523/2819/1318 3525/2821/1318 928/2882/1318
f 3523/2819/1319 928/2882/1319 1109/415/1319
f 1119/2883/1320 1125/2884/1320 3540/2866/1320
f 1041/2885/1321 1044/2886/1321 3535/2854/1321
f 1125/2884/1322 3542/2869/1322 3540/2866/1322
f 1053/2887/1323 3538/2857/1323 3539/2858/1323
f 1041/2885/1324 3535/2854/1324 3538/2857/1324
f 1044/2886/1325 3536/2855/1325 3535/2854/1325
f 1119/2883/1326 3540/2866/1326 3536/2855/1326
f 1110/2876/1327 980/2868/1327 3541/2867/1327
f 1131/2888/1328 3541/2867/1328 3542/2869/1328
f 1125/2884/1329 1131/2888/1329 3542/2869/1329
f 1044/2886/1330 1119/2883/1330 3536/2855/1330
f 1131/2888/1331 1110/2876/1331 3541/2867/1331
f 1006/2889/1332 1053/2887/1332 3539/2858/1332
f 1053/2887/1333 1041/2885/1333 3538/2857/1333
f 1110/2876/1334 814/2831/1334 980/2868/1334
f 1015/2890/1335 3537/2856/1335 3533/2852/1335
f 3546/2891/1078 3545/2879/1078 3547/2892/1078
f 3548/2893/1078 3545/2879/1078 3546/2891/1078
f 2239/1212/1078 3545/2879/1078 3548/2893/1078
f 1304/2894/1336 1021/2895/1336 3534/2853/1336
f 1242/2896/1078 3534/2853/1078 913/2851/1078
f 1935/2897/1078 3534/2853/1078 1242/2896/1078
f 1939/2898/1092 3534/2853/1092 1935/2897/1092
f 1247/2899/1078 1939/2898/1078 1943/2900/1078
f 1246/2901/1078 1939/2898/1078 1247/2899/1078
f 3549/2902/1078 1939/2898/1078 1246/2901/1078
f 1939/2898/1078 3550/2903/1078 3534/2853/1078
f 3551/2904/1078 1939/2898/1078 3549/2902/1078
f 1939/2898/1078 3551/2904/1078 3550/2903/1078
f 1255/2905/1092 3552/2906/1092 1256/2907/1092
f 3553/2908/1078 3552/2906/1078 1255/2905/1078
f 1003/2909/1337 3539/2858/1337 3537/2856/1337
f 1313/2910/1338 3549/2902/1338 1246/2901/1338
f 3554/2911/1339 1231/2912/1339 1261/2913/1339
f 3553/2908/1078 3555/2914/1078 3552/2906/1078
f 3556/2915/1078 3555/2914/1078 3553/2908/1078
f 3557/2916/1078 3547/2892/1078 3554/2911/1078
f 3546/2891/1078 3547/2892/1078 3557/2916/1078
f 1313/2910/1340 1319/2917/1340 3549/2902/1340
f 1021/2895/1341 3533/2852/1341 3534/2853/1341
f 3555/2914/1342 3554/2911/1342 1261/2913/1342
f 1319/2917/1343 1327/2918/1343 3551/2904/1343
f 3552/2906/1344 1310/2919/1344 1313/2910/1344
f 1015/2890/1345 1003/2909/1345 3537/2856/1345
f 1304/2894/1346 3534/2853/1346 3550/2903/1346
f 1256/2907/1347 3552/2906/1347 1313/2910/1347
f 3552/2906/1348 3555/2914/1348 1310/2919/1348
f 3556/2915/1078 3554/2911/1078 3555/2914/1078
f 3557/2916/1078 3554/2911/1078 3556/2915/1078
f 3555/2914/1349 1261/2913/1349 1310/2919/1349
f 1319/2917/1350 3551/2904/1350 3549/2902/1350
f 3554/2911/1351 3547/2892/1351 1231/2912/1351
f 3547/2892/1352 1228/2920/1352 1231/2912/1352
f 1256/2907/1353 1313/2910/1353 1246/2901/1353
f 3547/2892/1354 3545/2879/1354 1228/2920/1354
f 1228/2920/1355 3545/2879/1355 1216/2878/1355
f 1327/2918/1356 1304/2894/1356 3550/2903/1356
f 1021/2895/1357 1015/2890/1357 3533/2852/1357
f 1327/2918/1358 3550/2903/1358 3551/2904/1358
f 1354/2921/1078 3558/2922/1078 1355/2923/1078
f 1961/2924/1078 3558/2922/1078 1354/2921/1078
f 1955/2925/1078 3558/2922/1078 1961/2924/1078
f 1966/2926/1092 1955/2925/1092 1954/2370/1092
f 1949/2927/1078 1955/2925/1078 1966/2926/1078
f 1363/2928/1078 1955/2925/1078 1949/2927/1078
f 3544/2875/1078 1363/2928/1078 1362/2929/1078
f 3559/2930/1078 1363/2928/1078 3544/2875/1078
f 1955/2925/1078 3560/2931/1078 3558/2922/1078
f 3561/2932/1078 1363/2928/1078 3559/2930/1078
f 1955/2925/1078 3562/2933/1078 3560/2931/1078
f 3561/2932/1078 1955/2925/1078 1363/2928/1078
f 1955/2925/1078 3563/2378/1078 3562/2933/1078
f 3563/2378/1078 1955/2925/1078 3561/2932/1078
f 1977/2934/1078 1437/2935/1078 1436/2936/1078
f 1973/2937/1078 1437/2935/1078 1977/2934/1078
f 1444/2938/1078 1973/2937/1078 1969/2939/1078
f 1355/2923/1078 1973/2937/1078 1444/2938/1078
f 3558/2922/1078 1973/2937/1078 1355/2923/1078
f 3564/2940/1078 1973/2937/1078 3558/2922/1078
f 1973/2937/1078 3565/2941/1078 1437/2935/1078
f 3566/2942/1078 1973/2937/1078 3564/2940/1078
f 1973/2937/1078 3566/2942/1078 3565/2941/1078
f 1684/2881/1359 3484/2709/1359 1666/2943/1359
f 1374/2944/1360 3557/2916/1360 1517/2945/1360
f 3543/2873/1361 1765/2946/1361 1746/2874/1361
f 3567/2947/1362 1765/2946/1362 3543/2873/1362
f 1517/2945/1363 3557/2916/1363 3556/2915/1363
f 1570/2948/1364 3553/2908/1364 1567/2949/1364
f 1666/2943/1365 3548/2893/1365 1566/2950/1365
f 3484/2709/1365 3548/2893/1365 1666/2943/1365
f 1567/2949/1366 3553/2908/1366 1255/2905/1366
f 1570/2948/1367 3556/2915/1367 3553/2908/1367
f 3559/2930/1368 1478/2951/1368 1472/2952/1368
f 1517/2945/1369 3556/2915/1369 1570/2948/1369
f 3484/2709/1078 2239/1212/1078 3548/2893/1078
f 2054/2708/1078 2239/1212/1078 3484/2709/1078
f 1374/2944/1370 3546/2891/1370 3557/2916/1370
f 1377/2953/1371 3546/2891/1371 1374/2944/1371
f 1377/2953/1372 3548/2893/1372 3546/2891/1372
f 1566/2950/1373 3548/2893/1373 1377/2953/1373
f 1576/2954/1374 1582/2955/1374 3564/2940/1374
f 1498/2956/1375 1501/2957/1375 3560/2931/1375
f 3564/2940/1376 1582/2955/1376 3566/2942/1376
f 3563/2378/1377 1510/2958/1377 3562/2933/1377
f 3562/2933/1378 1498/2956/1378 3560/2931/1378
f 3560/2931/1379 1501/2957/1379 3558/2922/1379
f 3558/2922/1380 1576/2954/1380 3564/2940/1380
f 3565/2941/1381 1567/2949/1381 1437/2935/1381
f 3566/2942/1382 1588/2959/1382 3565/2941/1382
f 1582/2955/1383 1588/2959/1383 3566/2942/1383
f 1501/2957/1384 1576/2954/1384 3558/2922/1384
f 1588/2959/1385 1567/2949/1385 3565/2941/1385
f 1463/2624/1386 1510/2958/1386 3563/2378/1386
f 1510/2958/1387 1498/2956/1387 3562/2933/1387
f 1567/2949/1388 1255/2905/1388 1437/2935/1388
f 3559/2930/1389 1472/2952/1389 3561/2932/1389
f 3568/2960/1390 1760/2961/1390 3567/2947/1390
f 3544/2875/1391 1746/2874/1391 1478/2951/1391
f 1362/2929/1078 3543/2873/1078 3544/2875/1078
f 1688/2962/1078 3543/2873/1078 1362/2929/1078
f 1985/2963/1078 3543/2873/1078 1688/2962/1078
f 1989/2964/1078 3543/2873/1078 1985/2963/1078
f 1993/2965/1078 3543/2873/1078 1989/2964/1078
f 1692/2966/1078 1993/2965/1078 1693/2967/1078
f 3568/2960/1078 1993/2965/1078 1692/2966/1078
f 1993/2965/1078 3567/2947/1078 3543/2873/1078
f 3567/2947/1078 1993/2965/1078 3568/2960/1078
f 3483/2707/1392 3484/2709/1392 1684/2881/1392
f 3561/2932/1393 1460/2968/1393 3563/2378/1393
f 1692/2966/1394 1755/2872/1394 3568/2960/1394
f 1705/2860/1395 3495/2730/1395 1687/2880/1395
f 1692/2966/1396 97/2721/1396 1755/2872/1396
f 3495/2730/1397 3483/2707/1397 1687/2880/1397
f 3568/2960/1398 1755/2872/1398 1760/2961/1398
f 3544/2875/1399 1478/2951/1399 3559/2930/1399
f 3494/2729/1400 3495/2730/1400 1705/2860/1400
f 3567/2947/1401 1760/2961/1401 1765/2946/1401
f 1755/2872/1402 3491/2723/1402 1752/2859/1402
f 3561/2932/1403 1472/2952/1403 1460/2968/1403
f 3482/2706/1404 111/2765/1404 114/2745/1404
f 572/1918/1405 3516/1669/1405 569/2833/1405
f 1003/2909/1406 1006/2889/1406 3539/2858/1406
f 3563/2378/1407 1460/2968/1407 1463/2624/1407
usemtl F_SKY1
f 40/2969/1076 1805/2970/1076 1801/2971/1076
f 35/2972/1077 40/2969/1077 1801/2971/1077
f 1804/2973/1076 35/2972/1076 1801/2971/1076
f 3569/1372/1078 3570/1373/1078 3571/1374/1078
f 3572/1375/1092 3570/1373/1092 3569/1372/1092
f 3573/1376/1078 3574/1377/1078 3575/1378/1078
f 3576/1379/1092 3574/1377/1092 3573/1376/1092
f 3577/1380/1078 3574/1377/1078 3576/1379/1078
f 3578/1381/1078 3574/1377/1078 3577/1380/1078
f 3571/1374/1078 3579/1382/1078 3569/1372/1078
f 69/1383/1078 3579/1382/1078 3571/1374/1078
f 64/1384/1078 69/1383/1078 65/1385/1078
f 48/1333/1078 55/1386/1078 49/1387/1078
f 3580/1388/1078 3581/1389/1078 3582/1390/1078
f 3583/1391/1092 3581/1389/1092 3580/1388/1092
f 3584/1392/1078 3581/1389/1078 3583/1391/1078
f 3570/1373/1078 3584/1392/1078 3585/1393/1078
f 3572/1375/1078 3584/1392/1078 3570/1373/1078
f 3586/1394/1078 3584/1392/1078 3572/1375/1078
f 69/1383/1078 3578/1381/1078 3579/1382/1078
f 64/1384/1078 3578/1381/1078 69/1383/1078
f 3587/1395/1078 3584/1392/1078 3586/1394/1078
f 68/1396/1078 3578/1381/1078 64/1384/1078
f 3588/1397/1078 3584/1392/1078 3587/1395/1078
f 59/1398/1078 3578/1381/1078 68/1396/1078
f 3588/1397/1078 3581/1389/1078 3584/1392/1078
f 59/1398/1078 3574/1377/1078 3578/1381/1078
f 3589/1399/1078 3581/1389/1078 3588/1397/1078
f 57/1400/1078 3574/1377/1078 59/1398/1078
f 3590/1401/1078 3581/1389/1078 3589/1399/1078
f 55/1386/1078 3574/1377/1078 57/1400/1078
f 3590/1401/1078 48/1333/1078 3581/1389/1078
f 3574/1377/1078 48/1333/1078 3590/1401/1078
f 48/1333/1078 3574/1377/1078 55/1386/1078
f 3591/2974/1078 130/1579/1078 3592/2975/1078
f 3593/2976/1078 130/1579/1078 3591/2974/1078
f 3594/2977/1092 3595/2978/1092 3596/2979/1092
f 3597/2980/1078 3595/2978/1078 3594/2977/1078
f 3598/2981/1078 3595/2978/1078 3597/2980/1078
f 3599/2982/1092 3598/2981/1092 3600/2983/1092
f 3592/2975/1078 3599/2982/1078 3591/2974/1078
f 3601/1544/1078 3599/2982/1078 3592/2975/1078
f 162/1529/1092 151/1525/1092 150/1526/1092
f 113/1534/1078 151/1525/1078 162/1529/1078
f 124/1548/1078 113/1534/1078 112/1605/1078
f 130/1579/1078 113/1534/1078 124/1548/1078
f 3593/2976/1078 113/1534/1078 130/1579/1078
f 3602/2984/1078 113/1534/1078 3593/2976/1078
f 3601/1544/1078 3598/2981/1078 3599/2982/1078
f 3603/1545/1078 3598/2981/1078 3601/1544/1078
f 3604/2985/1078 113/1534/1078 3602/2984/1078
f 3605/1543/1078 3598/2981/1078 3603/1545/1078
f 3606/2986/1078 113/1534/1078 3604/2985/1078
f 3607/1542/1078 3598/2981/1078 3605/1543/1078
f 3606/2986/1092 151/1525/1092 113/1534/1092
f 3608/2987/1078 151/1525/1078 3606/2986/1078
f 3609/1541/1078 3598/2981/1078 3607/1542/1078
f 3610/2988/1078 151/1525/1078 3608/2987/1078
f 3609/1541/1092 3595/2978/1092 3598/2981/1092
f 3610/2988/1078 3611/1465/1078 151/1525/1078
f 3595/2978/1078 3611/1465/1078 3610/2988/1078
f 3612/1540/1078 3595/2978/1078 3609/1541/1078
f 3595/2978/1078 3612/1540/1078 3611/1465/1078
f 3613/2989/1078 3614/2990/1078 3615/2991/1078
f 3616/2992/1078 3614/2990/1078 3613/2989/1078
f 3617/2993/1078 3614/2990/1078 3616/2992/1078
f 3618/2994/1078 3614/2990/1078 3617/2993/1078
f 3619/2995/1078 3614/2990/1078 3618/2994/1078
f 3620/2996/1078 3619/2995/1078 3621/2997/1078
f 3619/2995/1078 3622/2998/1078 3614/2990/1078
f 3622/2998/1092 3619/2995/1092 3620/2996/1092
f 3623/1468/1078 169/1459/1078 3624/1460/1078
f 3625/1466/1078 169/1459/1078 3623/1468/1078
f 3581/1389/1078 169/1459/1078 3625/1466/1078
f 3621/2997/1092 3581/1389/1092 3626/2999/1092
f 3619/2995/1078 3581/1389/1078 3621/2997/1078
f 3622/2998/1092 3615/2991/1092 3614/2990/1092
f 3620/2996/1078 3615/2991/1078 3622/2998/1078
f 3621/2997/1078 3615/2991/1078 3620/2996/1078
f 3626/2999/1078 3615/2991/1078 3621/2997/1078
f 176/1331/1078 3626/2999/1078 48/1333/1078
f 3618/2994/1078 3581/1389/1078 3619/2995/1078
f 176/1331/1078 3615/2991/1078 3626/2999/1078
f 180/1330/1078 3615/2991/1078 176/1331/1078
f 3617/2993/1078 3581/1389/1078 3618/2994/1078
f 184/1329/1078 3615/2991/1078 180/1330/1078
f 3617/2993/1078 169/1459/1078 3581/1389/1078
f 170/1326/1078 3615/2991/1078 184/1329/1078
f 3616/2992/1078 169/1459/1078 3617/2993/1078
f 170/1326/1078 3613/2989/1078 3615/2991/1078
f 169/1459/1078 3613/2989/1078 170/1326/1078
f 3613/2989/1078 169/1459/1078 3616/2992/1078
f 200/1328/1076 1819/3000/1076 214/1455/1076
f 197/1327/1076 200/1328/1076 214/1455/1076
f 203/1337/1076 197/1327/1076 214/1455/1076
f 207/1334/1076 203/1337/1076 214/1455/1076
f 211/1336/1077 207/1334/1077 214/1455/1077
f 196/1328/1078 213/1455/1078 216/3000/1078
f 195/1327/1092 213/1455/1092 196/1328/1092
f 202/1337/1078 213/1455/1078 195/1327/1078
f 206/1334/1078 213/1455/1078 202/1337/1078
f 210/1336/1078 213/1455/1078 206/1334/1078
f 242/1521/1078 219/1508/1078 233/1532/1078
f 226/1522/1078 219/1508/1078 242/1521/1078
f 3627/3001/1078 151/1525/1078 3628/3002/1078
f 3629/3003/1078 151/1525/1078 3627/3001/1078
f 3630/3004/1078 3631/3005/1078 3632/3006/1078
f 3633/3007/1078 3631/3005/1078 3630/3004/1078
f 3627/3001/1078 3631/3005/1078 3633/3007/1078
f 3611/1465/1078 3627/3001/1078 3628/3002/1078
f 3634/1463/1078 3627/3001/1078 3611/1465/1078
f 3629/3003/1092 226/1522/1092 151/1525/1092
f 3635/3008/1092 226/1522/1092 3629/3003/1092
f 3636/1462/1092 3627/3001/1092 3634/1463/1092
f 3637/3009/1078 226/1522/1078 3635/3008/1078
f 3636/1462/1078 3631/3005/1078 3627/3001/1078
f 3637/3009/1078 219/1508/1078 226/1522/1078
f 3638/3010/1078 219/1508/1078 3637/3009/1078
f 3639/1461/1078 3631/3005/1078 3636/1462/1078
f 3640/3011/1078 219/1508/1078 3638/3010/1078
f 220/1458/1078 3631/3005/1078 3639/1461/1078
f 3640/3011/1078 220/1458/1078 219/1508/1078
f 3631/3005/1078 220/1458/1078 3640/3011/1078
f 220/1458/1078 3624/1460/1078 169/1459/1078
f 3639/1461/1078 3624/1460/1078 220/1458/1078
f 3636/1462/1078 3624/1460/1078 3639/1461/1078
f 3634/1463/1078 3624/1460/1078 3636/1462/1078
f 3641/1464/1078 3634/1463/1078 3611/1465/1078
f 3625/1466/1078 3642/1467/1078 3581/1389/1078
f 3634/1463/1078 3623/1468/1078 3624/1460/1078
f 3641/1464/1078 3623/1468/1078 3634/1463/1078
f 3643/1469/1078 3623/1468/1078 3641/1464/1078
f 3625/1466/1078 3644/1470/1078 3642/1467/1078
f 3643/1469/1078 3625/1466/1078 3623/1468/1078
f 3645/1471/1078 3625/1466/1078 3643/1469/1078
f 3625/1466/1078 3645/1471/1078 3644/1470/1078
f 3640/3011/1078 3632/3006/1078 3631/3005/1078
f 3638/3010/1078 3632/3006/1078 3640/3011/1078
f 3637/3009/1078 3632/3006/1078 3638/3010/1078
f 3635/3008/1078 3632/3006/1078 3637/3009/1078
f 3629/3003/1078 3632/3006/1078 3635/3008/1078
f 3633/3007/1078 3629/3003/1078 3627/3001/1078
f 3629/3003/1078 3630/3004/1078 3632/3006/1078
f 3630/3004/1092 3629/3003/1092 3633/3007/1092
f 216/3000/1078 313/1481/1078 316/3012/1078
f 213/1455/1078 313/1481/1078 216/3000/1078
f 293/1483/1078 313/1481/1078 213/1455/1078
f 283/1487/1078 313/1481/1078 293/1483/1078
f 282/1490/1078 313/1481/1078 283/1487/1078
f 301/1486/1078 313/1481/1078 282/1490/1078
f 307/1480/1078 313/1481/1078 301/1486/1078
f 3578/1381/1092 3569/1372/1092 3579/1382/1092
f 3590/1401/1092 3575/1378/1092 3574/1377/1092
f 3589/1399/1078 3575/1378/1078 3590/1401/1078
f 3588/1397/1092 3575/1378/1092 3589/1399/1092
f 3587/1395/1078 3575/1378/1078 3588/1397/1078
f 3586/1394/1092 3575/1378/1092 3587/1395/1092
f 3572/1375/1092 3575/1378/1092 3586/1394/1092
f 3569/1372/1078 3575/1378/1078 3572/1375/1078
f 3577/1380/1078 3569/1372/1078 3578/1381/1078
f 3569/1372/1078 3573/1376/1078 3575/1378/1078
f 3576/1379/1092 3569/1372/1092 3577/1380/1092
f 3569/1372/1078 3576/1379/1078 3573/1376/1078
f 3600/2983/1078 3591/2974/1078 3599/2982/1078
f 3610/2988/1078 3596/2979/1078 3595/2978/1078
f 3608/2987/1078 3596/2979/1078 3610/2988/1078
f 3606/2986/1078 3596/2979/1078 3608/2987/1078
f 3604/2985/1078 3596/2979/1078 3606/2986/1078
f 3602/2984/1092 3596/2979/1092 3604/2985/1092
f 3593/2976/1078 3596/2979/1078 3602/2984/1078
f 3591/2974/1078 3596/2979/1078 3593/2976/1078
f 3598/2981/1092 3591/2974/1092 3600/2983/1092
f 3591/2974/1092 3594/2977/1092 3596/2979/1092
f 3597/2980/1078 3591/2974/1078 3598/2981/1078
f 3591/2974/1078 3597/2980/1078 3594/2977/1078
f 200/1328/1076 35/2972/1076 1804/2973/1076
f 1819/3000/1076 200/1328/1076 1804/2973/1076
f 3646/1536/1078 3647/1538/1078 3648/1537/1078
f 3649/1539/1078 3647/1538/1078 3646/1536/1078
f 3570/1373/1078 3647/1538/1078 3649/1539/1078
f 3585/1393/1078 3647/1538/1078 3570/1373/1078
f 3642/1467/1078 3582/1390/1078 3581/1389/1078
f 3644/1470/1078 3582/1390/1078 3642/1467/1078
f 3645/1471/1078 3582/1390/1078 3644/1470/1078
f 3643/1469/1078 3582/1390/1078 3645/1471/1078
f 3641/1464/1078 3582/1390/1078 3643/1469/1078
f 3611/1465/1078 3582/1390/1078 3641/1464/1078
f 3612/1540/1092 3582/1390/1092 3611/1465/1092
f 3609/1541/1078 3582/1390/1078 3612/1540/1078
f 3607/1542/1092 3582/1390/1092 3609/1541/1092
f 3605/1543/1078 3582/1390/1078 3607/1542/1078
f 3601/1544/1078 3605/1543/1078 3603/1545/1078
f 3650/1546/1078 3605/1543/1078 3601/1544/1078
f 3647/1538/1078 3605/1543/1078 3650/1546/1078
f 3585/1393/1078 3605/1543/1078 3647/1538/1078
f 3584/1392/1078 3605/1543/1078 3585/1393/1078
f 3605/1543/1078 3580/1388/1078 3582/1390/1078
f 3583/1391/1078 3605/1543/1078 3584/1392/1078
f 3605/1543/1078 3583/1391/1078 3580/1388/1078
f 1824/3013/1076 1826/3014/1076 347/3015/1076
f 1821/3016/1076 1824/3013/1076 347/3015/1076
f 350/3017/1076 1821/3016/1076 347/3015/1076
f 3651/3018/1078 3652/3019/1078 3653/3020/1078
f 3654/3021/1078 3655/3022/1078 3656/3023/1078
f 3657/3024/1078 3655/3022/1078 3654/3021/1078
f 3658/3025/1078 3655/3022/1078 3657/3024/1078
f 3659/3026/1078 3655/3022/1078 3658/3025/1078
f 3652/3019/1078 3655/3022/1078 3659/3026/1078
f 3660/3027/1092 3652/3019/1092 3651/3018/1092
f 3652/3019/1092 3660/3027/1092 3655/3022/1092
f 3652/3019/1078 369/1610/1078 3661/3028/1078
f 3659/3026/1078 369/1610/1078 3652/3019/1078
f 3660/3027/1078 3656/3023/1078 3655/3022/1078
f 3651/3018/1078 3656/3023/1078 3660/3027/1078
f 3653/3020/1078 3656/3023/1078 3651/3018/1078
f 3661/3028/1078 3653/3020/1078 3652/3019/1078
f 368/1566/1078 3653/3020/1078 3661/3028/1078
f 3662/1616/1078 3570/1373/1078 3663/1612/1078
f 3664/1609/1078 3570/1373/1078 3662/1616/1078
f 369/1610/1078 3570/1373/1078 3664/1609/1078
f 3658/3025/1078 369/1610/1078 3659/3026/1078
f 383/1574/1078 3653/3020/1078 368/1566/1078
f 3658/3025/1078 3570/1373/1078 369/1610/1078
f 383/1574/1092 3656/3023/1092 3653/3020/1092
f 379/1573/1078 3656/3023/1078 383/1574/1078
f 3657/3024/1078 3570/1373/1078 3658/3025/1078
f 375/1571/1078 3656/3023/1078 379/1573/1078
f 3654/3021/1078 3570/1373/1078 3657/3024/1078
f 69/1383/1092 3656/3023/1092 375/1571/1092
f 3654/3021/1078 69/1383/1078 3570/1373/1078
f 3656/3023/1078 69/1383/1078 3654/3021/1078
f 412/1481/1076 1840/3012/1076 397/1567/1076
f 411/1570/1076 412/1481/1076 397/1567/1076
f 408/1569/1076 411/1570/1076 397/1567/1076
f 404/1575/1076 408/1569/1076 397/1567/1076
f 400/1565/1076 404/1575/1076 397/1567/1076
f 313/1481/1078 394/1567/1078 316/3012/1078
f 409/1570/1078 394/1567/1078 313/1481/1078
f 405/1569/1078 394/1567/1078 409/1570/1078
f 401/1575/1078 394/1567/1078 405/1569/1078
f 395/1565/1078 394/1567/1078 401/1575/1078
f 3665/3029/1078 415/1607/1078 3666/3030/1078
f 3667/3031/1078 415/1607/1078 3665/3029/1078
f 3668/3032/1078 3669/3033/1078 3670/3034/1078
f 3671/3035/1078 3669/3033/1078 3668/3032/1078
f 3672/3036/1092 3669/3033/1092 3671/3035/1092
f 3666/3030/1078 3672/3036/1078 3665/3029/1078
f 414/1611/1078 3672/3036/1078 3666/3030/1078
f 428/1626/1078 130/1579/1078 422/1580/1078
f 434/1624/1078 130/1579/1078 428/1626/1078
f 3667/3031/1092 434/1624/1092 415/1607/1092
f 3673/3037/1092 434/1624/1092 3667/3031/1092
f 3674/1615/1078 3672/3036/1078 414/1611/1078
f 3673/3037/1092 130/1579/1092 434/1624/1092
f 3675/3038/1078 130/1579/1078 3673/3037/1078
f 3676/1614/1078 3672/3036/1078 3674/1615/1078
f 3677/3039/1092 130/1579/1092 3675/3038/1092
f 3676/1614/1078 3669/3033/1078 3672/3036/1078
f 3677/3039/1078 3601/1544/1078 130/1579/1078
f 3669/3033/1078 3601/1544/1078 3677/3039/1078
f 3678/1613/1078 3669/3033/1078 3676/1614/1078
f 3669/3033/1078 3678/1613/1078 3601/1544/1078
f 3664/1609/1078 414/1611/1078 369/1610/1078
f 3649/1539/1078 3663/1612/1078 3570/1373/1078
f 3678/1613/1078 3650/1546/1078 3601/1544/1078
f 3676/1614/1078 3650/1546/1078 3678/1613/1078
f 3674/1615/1078 3650/1546/1078 3676/1614/1078
f 414/1611/1078 3650/1546/1078 3674/1615/1078
f 3664/1609/1078 3650/1546/1078 414/1611/1078
f 3662/1616/1092 3650/1546/1092 3664/1609/1092
f 3646/1536/1078 3663/1612/1078 3649/1539/1078
f 3662/1616/1078 3647/1538/1078 3650/1546/1078
f 3663/1612/1078 3647/1538/1078 3662/1616/1078
f 3648/1537/1078 3663/1612/1078 3646/1536/1078
f 3663/1612/1078 3648/1537/1078 3647/1538/1078
f 3671/3035/1078 3665/3029/1078 3672/3036/1078
f 3677/3039/1078 3670/3034/1078 3669/3033/1078
f 3675/3038/1078 3670/3034/1078 3677/3039/1078
f 3673/3037/1078 3670/3034/1078 3675/3038/1078
f 3667/3031/1078 3670/3034/1078 3673/3037/1078
f 3665/3029/1078 3670/3034/1078 3667/3031/1078
f 3668/3032/1078 3665/3029/1078 3671/3035/1078
f 3665/3029/1078 3668/3032/1078 3670/3034/1078
f 397/1567/1076 1821/3016/1076 350/3017/1076
f 1840/3012/1077 1821/3016/1077 397/1567/1077
f 3679/1770/1078 3680/1771/1078 3681/1772/1078
f 3682/1773/1078 3680/1771/1078 3679/1770/1078
f 528/1774/1078 533/1775/1078 529/1776/1078
f 512/1711/1078 507/1777/1078 506/1778/1078
f 3683/1779/1078 3684/1780/1078 3685/1781/1078
f 3680/1771/1092 3684/1780/1092 3683/1779/1092
f 3686/1782/1078 3680/1771/1078 3687/1783/1078
f 3688/1784/1078 3689/1785/1078 3690/1786/1078
f 3691/1787/1092 3689/1785/1092 3688/1784/1092
f 3692/1788/1078 3689/1785/1078 3691/1787/1078
f 3693/1789/1078 3689/1785/1078 3692/1788/1078
f 3680/1771/1078 3694/1790/1078 3687/1783/1078
f 3686/1782/1078 3684/1780/1078 3680/1771/1078
f 3695/1791/1078 3684/1780/1078 3686/1782/1078
f 3680/1771/1078 3696/1792/1078 3694/1790/1078
f 3682/1773/1078 3696/1792/1078 3680/1771/1078
f 3697/1793/1078 3684/1780/1078 3695/1791/1078
f 3682/1773/1078 3698/1794/1078 3696/1792/1078
f 3697/1793/1078 512/1711/1078 3684/1780/1078
f 3689/1785/1078 512/1711/1078 3697/1793/1078
f 3682/1773/1078 3699/1795/1078 3698/1794/1078
f 533/1775/1078 3699/1795/1078 3682/1773/1078
f 3689/1785/1078 507/1777/1078 512/1711/1078
f 533/1775/1078 3693/1789/1078 3699/1795/1078
f 528/1774/1078 3693/1789/1078 533/1775/1078
f 3689/1785/1078 509/1796/1078 507/1777/1078
f 532/1797/1078 3693/1789/1078 528/1774/1078
f 3689/1785/1078 517/1798/1078 509/1796/1078
f 517/1798/1078 3693/1789/1078 532/1797/1078
f 3693/1789/1078 517/1798/1078 3689/1785/1078
f 1873/1188/1077 1876/898/1077 847/1952/1077
f 582/1901/1078 571/1918/1078 570/1979/1078
f 588/1902/1078 571/1918/1078 582/1901/1078
f 620/1913/1092 609/1909/1092 608/1910/1092
f 571/1918/1078 609/1909/1078 620/1913/1078
f 3700/3040/1078 571/1918/1078 3701/3041/1078
f 3702/3042/1092 3703/3043/1092 3704/3044/1092
f 3705/3045/1078 3703/3043/1078 3702/3042/1078
f 3706/3046/1078 3703/3043/1078 3705/3045/1078
f 3707/3047/1092 3706/3046/1092 3708/3048/1092
f 571/1918/1078 3709/3049/1078 3701/3041/1078
f 3700/3040/1092 609/1909/1092 571/1918/1092
f 3710/3050/1078 609/1909/1078 3700/3040/1078
f 571/1918/1078 3711/3051/1078 3709/3049/1078
f 588/1902/1078 3711/3051/1078 571/1918/1078
f 3712/3052/1078 609/1909/1078 3710/3050/1078
f 588/1902/1078 3713/3053/1078 3711/3051/1078
f 3712/3052/1078 3714/1860/1078 609/1909/1078
f 3703/3043/1078 3714/1860/1078 3712/3052/1078
f 588/1902/1078 3707/3047/1078 3713/3053/1078
f 3715/1923/1078 3707/3047/1078 588/1902/1078
f 3703/3043/1078 3716/1929/1078 3714/1860/1078
f 3715/1923/1078 3706/3046/1078 3707/3047/1078
f 3717/1920/1078 3706/3046/1078 3715/1923/1078
f 3703/3043/1078 3718/1930/1078 3716/1929/1078
f 3719/1921/1078 3706/3046/1078 3717/1920/1078
f 3706/3046/1092 3718/1930/1092 3703/3043/1092
f 3720/1922/1078 3706/3046/1078 3719/1921/1078
f 3706/3046/1078 3720/1922/1078 3718/1930/1078
f 3721/3054/1078 3722/3055/1078 3723/3056/1078
f 3724/3057/1078 3725/3058/1078 3726/3059/1078
f 3727/3060/1078 3725/3058/1078 3724/3057/1078
f 3728/3061/1078 3725/3058/1078 3727/3060/1078
f 3729/3062/1078 3725/3058/1078 3728/3061/1078
f 3722/3055/1078 3725/3058/1078 3729/3062/1078
f 3730/3063/1092 3722/3055/1092 3721/3054/1092
f 3722/3055/1078 3730/3063/1078 3725/3058/1078
f 3731/1862/1078 627/1854/1078 3732/1855/1078
f 3733/1851/1078 627/1854/1078 3731/1862/1078
f 3734/3064/1078 627/1854/1078 3733/1851/1078
f 3729/3062/1092 3734/3064/1092 3722/3055/1092
f 3730/3063/1092 3726/3059/1092 3725/3058/1092
f 3721/3054/1078 3726/3059/1078 3730/3063/1078
f 3723/3056/1078 3726/3059/1078 3721/3054/1078
f 3734/3064/1092 3723/3056/1092 3722/3055/1092
f 3684/1780/1078 3723/3056/1078 3734/3064/1078
f 512/1711/1078 3723/3056/1078 3684/1780/1078
f 3728/3061/1092 3734/3064/1092 3729/3062/1092
f 634/1709/1078 3723/3056/1078 512/1711/1078
f 3728/3061/1078 627/1854/1078 3734/3064/1078
f 634/1709/1078 3726/3059/1078 3723/3056/1078
f 638/1708/1078 3726/3059/1078 634/1709/1078
f 3727/3060/1078 627/1854/1078 3728/3061/1078
f 642/1707/1078 3726/3059/1078 638/1708/1078
f 3724/3057/1078 627/1854/1078 3727/3060/1078
f 628/1704/1078 3726/3059/1078 642/1707/1078
f 3724/3057/1078 628/1704/1078 627/1854/1078
f 3726/3059/1078 628/1704/1078 3724/3057/1078
f 658/1706/1076 1877/3065/1076 672/1850/1076
f 655/1705/1076 658/1706/1076 672/1850/1076
f 661/1713/1076 655/1705/1076 672/1850/1076
f 665/1701/1076 661/1713/1076 672/1850/1076
f 669/1703/1077 665/1701/1077 672/1850/1077
f 654/1706/1078 671/1850/1078 674/3065/1078
f 653/1705/1092 671/1850/1092 654/1706/1092
f 660/1713/1078 671/1850/1078 653/1705/1078
f 664/1701/1078 671/1850/1078 660/1713/1078
f 668/1703/1078 671/1850/1078 664/1701/1078
f 690/1905/1078 677/1900/1078 696/1916/1078
f 684/1906/1078 677/1900/1078 690/1905/1078
f 3735/3066/1078 684/1906/1078 3736/3067/1078
f 3737/3068/1092 684/1906/1092 3735/3066/1092
f 3738/3069/1078 3739/3070/1078 3740/3071/1078
f 3741/3072/1078 3739/3070/1078 3738/3069/1078
f 3742/3073/1078 3739/3070/1078 3741/3072/1078
f 3736/3067/1078 3742/3073/1078 3735/3066/1078
f 609/1909/1078 3742/3073/1078 3736/3067/1078
f 3714/1860/1078 3742/3073/1078 609/1909/1078
f 3743/3074/1078 684/1906/1078 3737/3068/1078
f 3744/1858/1078 3742/3073/1078 3714/1860/1078
f 3743/3074/1078 677/1900/1078 684/1906/1078
f 3745/3075/1078 677/1900/1078 3743/3074/1078
f 3746/1857/1092 3742/3073/1092 3744/1858/1092
f 3747/3076/1078 677/1900/1078 3745/3075/1078
f 3746/1857/1078 3739/3070/1078 3742/3073/1078
f 3747/3076/1078 678/1853/1078 677/1900/1078
f 3739/3070/1078 678/1853/1078 3747/3076/1078
f 3748/1856/1078 3739/3070/1078 3746/1857/1078
f 3739/3070/1078 3748/1856/1078 678/1853/1078
f 3733/1851/1078 3749/1852/1078 3684/1780/1078
f 678/1853/1078 3732/1855/1078 627/1854/1078
f 3748/1856/1078 3732/1855/1078 678/1853/1078
f 3746/1857/1078 3732/1855/1078 3748/1856/1078
f 3744/1858/1078 3732/1855/1078 3746/1857/1078
f 3750/1859/1078 3744/1858/1078 3714/1860/1078
f 3733/1851/1078 3751/1861/1078 3749/1852/1078
f 3744/1858/1078 3731/1862/1078 3732/1855/1078
f 3750/1859/1078 3731/1862/1078 3744/1858/1078
f 3752/1863/1078 3731/1862/1078 3750/1859/1078
f 3733/1851/1078 3753/1864/1078 3751/1861/1078
f 3731/1862/1078 3753/1864/1078 3733/1851/1078
f 3752/1863/1078 3753/1864/1078 3731/1862/1078
f 3741/3072/1078 3735/3066/1078 3742/3073/1078
f 3747/3076/1078 3740/3071/1078 3739/3070/1078
f 3745/3075/1078 3740/3071/1078 3747/3076/1078
f 3743/3074/1078 3740/3071/1078 3745/3075/1078
f 3737/3068/1078 3740/3071/1078 3743/3074/1078
f 3735/3066/1078 3740/3071/1078 3737/3068/1078
f 3738/3069/1092 3735/3066/1092 3741/3072/1092
f 3735/3066/1078 3738/3069/1078 3740/3071/1078
f 765/1874/1078 740/1883/1078 759/1880/1078
f 771/1875/1078 740/1883/1078 765/1874/1078
f 774/1188/1078 740/1883/1078 771/1875/1078
f 674/3065/1078 740/1883/1078 774/1188/1078
f 671/1850/1078 740/1883/1078 674/3065/1078
f 751/1877/1078 740/1883/1078 671/1850/1078
f 741/1881/1078 740/1883/1078 751/1877/1078
f 3696/1792/1078 3687/1783/1078 3694/1790/1078
f 3698/1794/1078 3687/1783/1078 3696/1792/1078
f 3699/1795/1078 3687/1783/1078 3698/1794/1078
f 3693/1789/1078 3687/1783/1078 3699/1795/1078
f 3697/1793/1092 3690/1786/1092 3689/1785/1092
f 3695/1791/1078 3690/1786/1078 3697/1793/1078
f 3686/1782/1092 3690/1786/1092 3695/1791/1092
f 3687/1783/1078 3690/1786/1078 3686/1782/1078
f 3692/1788/1078 3687/1783/1078 3693/1789/1078
f 3687/1783/1078 3688/1784/1078 3690/1786/1078
f 3691/1787/1078 3687/1783/1078 3692/1788/1078
f 3687/1783/1078 3691/1787/1078 3688/1784/1078
f 3711/3051/1078 3701/3041/1078 3709/3049/1078
f 3713/3053/1078 3701/3041/1078 3711/3051/1078
f 3707/3047/1078 3701/3041/1078 3713/3053/1078
f 3708/3048/1078 3701/3041/1078 3707/3047/1078
f 3712/3052/1078 3704/3044/1078 3703/3043/1078
f 3710/3050/1078 3704/3044/1078 3712/3052/1078
f 3700/3040/1078 3704/3044/1078 3710/3050/1078
f 3701/3041/1078 3704/3044/1078 3700/3040/1078
f 3706/3046/1092 3701/3041/1092 3708/3048/1092
f 3701/3041/1092 3702/3042/1092 3704/3044/1092
f 3705/3045/1092 3701/3041/1092 3706/3046/1092
f 3701/3041/1092 3705/3045/1092 3702/3042/1092
f 347/3015/1076 1826/3014/1076 658/1706/1076
f 1826/3014/1077 1877/3065/1077 658/1706/1077
f 3717/1920/1092 3720/1922/1092 3719/1921/1092
f 3715/1923/1078 3720/1922/1078 3717/1920/1078
f 3754/1924/1078 3720/1922/1078 3715/1923/1078
f 3755/1925/1078 3720/1922/1078 3754/1924/1078
f 3756/1926/1078 3720/1922/1078 3755/1925/1078
f 3757/1927/1078 3720/1922/1078 3756/1926/1078
f 3758/1928/1078 3720/1922/1078 3757/1927/1078
f 3682/1773/1078 3720/1922/1078 3758/1928/1078
f 3679/1770/1078 3720/1922/1078 3682/1773/1078
f 3749/1852/1078 3685/1781/1078 3684/1780/1078
f 3751/1861/1078 3685/1781/1078 3749/1852/1078
f 3753/1864/1078 3685/1781/1078 3751/1861/1078
f 3752/1863/1078 3685/1781/1078 3753/1864/1078
f 3750/1859/1078 3685/1781/1078 3752/1863/1078
f 3714/1860/1078 3685/1781/1078 3750/1859/1078
f 3716/1929/1092 3685/1781/1092 3714/1860/1092
f 3718/1930/1078 3685/1781/1078 3716/1929/1078
f 3720/1922/1092 3685/1781/1092 3718/1930/1092
f 3681/1772/1078 3720/1922/1078 3679/1770/1078
f 3720/1922/1078 3683/1779/1078 3685/1781/1078
f 3680/1771/1078 3720/1922/1078 3681/1772/1078
f 3720/1922/1078 3680/1771/1078 3683/1779/1078
f 1882/3077/1076 797/3078/1076 800/3079/1076
f 1880/88/1076 1882/3077/1076 800/3079/1076
f 1876/898/1076 1880/88/1076 800/3079/1076
f 3759/3080/1078 3760/3081/1078 3761/3082/1078
f 3762/3083/1078 3760/3081/1078 3759/3080/1078
f 3763/3084/1078 3760/3081/1078 3762/3083/1078
f 3764/3085/1078 3760/3081/1078 3763/3084/1078
f 3765/3086/1078 3760/3081/1078 3764/3085/1078
f 3760/3081/1078 3766/3087/1078 3767/3088/1078
f 3768/3089/1078 3760/3081/1078 3765/3086/1078
f 3760/3081/1092 3768/3089/1092 3766/3087/1092
f 3760/3081/1078 3682/1773/1078 3769/3090/1078
f 3767/3088/1092 3682/1773/1092 3760/3081/1092
f 3768/3089/1078 3767/3088/1078 3766/3087/1078
f 3765/3086/1078 3767/3088/1078 3768/3089/1078
f 3764/3085/1078 3767/3088/1078 3765/3086/1078
f 3769/3090/1092 3761/3082/1092 3760/3081/1092
f 3770/1989/1078 3761/3082/1078 3769/3090/1078
f 3771/1990/1078 3761/3082/1078 3770/1989/1078
f 3772/1987/1078 3761/3082/1078 3771/1990/1078
f 3767/3088/1078 533/1775/1078 3682/1773/1078
f 3772/1987/1078 3759/3080/1078 3761/3082/1078
f 3767/3088/1078 825/1948/1078 533/1775/1078
f 3772/1987/1078 3762/3083/1078 3759/3080/1078
f 819/1988/1078 3762/3083/1078 3772/1987/1078
f 3767/3088/1078 829/1947/1078 825/1948/1078
f 3764/3085/1078 829/1947/1078 3767/3088/1078
f 819/1988/1078 3763/3084/1078 3762/3083/1078
f 3764/3085/1078 833/1949/1078 829/1947/1078
f 819/1988/1078 3764/3085/1078 3763/3084/1078
f 818/1950/1078 3764/3085/1078 819/1988/1078
f 3764/3085/1078 818/1950/1078 833/1949/1078
f 858/1954/1077 861/1955/1077 862/1875/1077
f 854/1957/1076 858/1954/1076 862/1875/1076
f 850/1951/1076 854/1957/1076 862/1875/1076
f 847/1952/1076 850/1951/1076 862/1875/1076
f 1873/1188/1076 847/1952/1076 862/1875/1076
f 855/1954/1092 771/1875/1092 859/1955/1092
f 851/1957/1078 771/1875/1078 855/1954/1078
f 845/1951/1078 771/1875/1078 851/1957/1078
f 844/1952/1078 771/1875/1078 845/1951/1078
f 774/1188/1078 771/1875/1078 844/1952/1078
f 3773/3091/1078 588/1902/1078 3774/3092/1078
f 3775/3093/1078 588/1902/1078 3773/3091/1078
f 3776/3094/1078 3775/3093/1078 3777/3095/1078
f 3778/3096/1078 3775/3093/1078 3776/3094/1078
f 3779/3097/1092 3775/3093/1092 3778/3096/1092
f 3774/3092/1078 3780/3098/1078 3773/3091/1078
f 864/1865/1078 3780/3098/1078 3774/3092/1078
f 887/1866/1078 3780/3098/1078 864/1865/1078
f 877/1998/1078 3780/3098/1078 887/1866/1078
f 3775/3093/1078 3715/1923/1078 588/1902/1078
f 877/1998/1078 3781/3099/1078 3780/3098/1078
f 3775/3093/1078 3782/1984/1078 3715/1923/1078
f 877/1998/1078 3783/3100/1078 3781/3099/1078
f 871/1981/1092 3783/3100/1092 877/1998/1092
f 3775/3093/1092 3784/1983/1092 3782/1984/1092
f 871/1981/1078 3785/3101/1078 3783/3100/1078
f 3779/3097/1078 3784/1983/1078 3775/3093/1078
f 871/1981/1078 3779/3097/1078 3785/3101/1078
f 870/1986/1078 3779/3097/1078 871/1981/1078
f 3779/3097/1078 3786/1985/1078 3784/1983/1078
f 3786/1985/1078 3779/3097/1078 870/1986/1078
f 3784/1983/1078 3715/1923/1078 3782/1984/1078
f 3786/1985/1078 3715/1923/1078 3784/1983/1078
f 870/1986/1092 3715/1923/1092 3786/1985/1092
f 3772/1987/1078 870/1986/1078 819/1988/1078
f 3758/1928/1078 3770/1989/1078 3682/1773/1078
f 870/1986/1078 3754/1924/1078 3715/1923/1078
f 3771/1990/1078 870/1986/1078 3772/1987/1078
f 3757/1927/1078 3770/1989/1078 3758/1928/1078
f 870/1986/1078 3755/1925/1078 3754/1924/1078
f 3771/1990/1092 3755/1925/1092 870/1986/1092
f 3770/1989/1078 3755/1925/1078 3771/1990/1078
f 3756/1926/1078 3770/1989/1078 3757/1927/1078
f 3770/1989/1078 3756/1926/1078 3755/1925/1078
f 3781/3099/1078 3773/3091/1078 3780/3098/1078
f 3783/3100/1092 3773/3091/1092 3781/3099/1092
f 3785/3101/1078 3773/3091/1078 3783/3100/1078
f 3779/3097/1078 3773/3091/1078 3785/3101/1078
f 3778/3096/1078 3773/3091/1078 3779/3097/1078
f 3773/3091/1078 3777/3095/1078 3775/3093/1078
f 3776/3094/1078 3773/3091/1078 3778/3096/1078
f 3773/3091/1092 3776/3094/1092 3777/3095/1092
f 1876/898/1076 800/3079/1076 847/1952/1076
f 3787/2097/1078 3788/2098/1078 3789/2099/1078
f 3790/2100/1092 3788/2098/1092 3787/2097/1092
f 3791/2101/1078 3788/2098/1078 3790/2100/1078
f 3792/2102/1078 3791/2101/1078 3793/2103/1078
f 962/2104/1078 967/2105/1078 963/2106/1078
f 946/2053/1078 941/2107/1078 940/2108/1078
f 3794/2109/1078 946/2053/1078 3795/2110/1078
f 3796/2111/1078 946/2053/1078 3794/2109/1078
f 3797/2112/1078 3796/2111/1078 3798/2113/1078
f 3799/2114/1092 3796/2111/1092 3797/2112/1092
f 3800/2115/1078 3796/2111/1078 3799/2114/1078
f 3801/2116/1078 3796/2111/1078 3800/2115/1078
f 3795/2110/1078 3802/2117/1078 3794/2109/1078
f 3788/2098/1078 3802/2117/1078 3795/2110/1078
f 3796/2111/1078 941/2107/1078 946/2053/1078
f 3788/2098/1078 3803/2118/1078 3802/2117/1078
f 3796/2111/1078 943/2119/1078 941/2107/1078
f 3791/2101/1078 3803/2118/1078 3788/2098/1078
f 3796/2111/1078 951/2120/1078 943/2119/1078
f 3791/2101/1078 3804/2121/1078 3803/2118/1078
f 3801/2116/1078 951/2120/1078 3796/2111/1078
f 3791/2101/1078 3805/2122/1078 3804/2121/1078
f 3801/2116/1078 966/2123/1078 951/2120/1078
f 3806/2124/1092 966/2123/1092 3801/2116/1092
f 3791/2101/1078 3807/2125/1078 3805/2122/1078
f 3792/2102/1078 3807/2125/1078 3791/2101/1078
f 3806/2124/1078 962/2104/1078 966/2123/1078
f 3792/2102/1078 3808/2126/1078 3807/2125/1078
f 3806/2124/1078 967/2105/1078 962/2104/1078
f 3792/2102/1078 3806/2124/1078 3808/2126/1078
f 967/2105/1078 3806/2124/1078 3792/2102/1078
f 1054/2239/1092 1043/2236/1092 1042/2235/1092
f 1005/2244/1078 1043/2236/1078 1054/2239/1078
f 1016/2258/1078 1005/2244/1078 1004/2315/1078
f 1022/2290/1078 1005/2244/1078 1016/2258/1078
f 3809/3102/1078 3810/2183/1078 3811/3103/1078
f 3812/3104/1078 3810/2183/1078 3809/3102/1078
f 3813/3105/1092 3812/3104/1092 3814/3106/1092
f 3815/3107/1078 3812/3104/1078 3813/3105/1078
f 3816/3108/1078 3812/3104/1078 3815/3107/1078
f 3817/3109/1092 3816/3108/1092 3818/3110/1092
f 3811/3103/1078 3819/3111/1078 3809/3102/1078
f 1043/2236/1092 3819/3111/1092 3811/3103/1092
f 3812/3104/1078 3820/2246/1078 3810/2183/1078
f 1043/2236/1078 3821/3112/1078 3819/3111/1078
f 1005/2244/1078 3821/3112/1078 1043/2236/1078
f 3812/3104/1078 3822/2247/1078 3820/2246/1078
f 1005/2244/1078 3823/3113/1078 3821/3112/1078
f 3816/3108/1092 3822/2247/1092 3812/3104/1092
f 1005/2244/1078 3824/3114/1078 3823/3113/1078
f 3816/3108/1078 3825/2248/1078 3822/2247/1078
f 1005/2244/1078 3826/3115/1078 3824/3114/1078
f 1022/2290/1078 3826/3115/1078 1005/2244/1078
f 3816/3108/1078 3827/2249/1078 3825/2248/1078
f 1022/2290/1078 3828/3116/1078 3826/3115/1078
f 3816/3108/1078 3829/2250/1078 3827/2249/1078
f 3817/3109/1078 3829/2250/1078 3816/3108/1078
f 1022/2290/1078 3817/3109/1078 3828/3116/1078
f 3830/2252/1078 3817/3109/1078 1022/2290/1078
f 3817/3109/1092 3830/2252/1092 3829/2250/1092
f 3831/3117/1078 3832/3118/1078 3833/3119/1078
f 3834/3120/1078 3832/3118/1078 3831/3117/1078
f 3835/3121/1092 3832/3118/1092 3834/3120/1092
f 3836/3122/1078 3832/3118/1078 3835/3121/1078
f 3837/3123/1078 3832/3118/1078 3836/3122/1078
f 3832/3118/1078 3838/3124/1078 3839/3125/1078
f 3840/3126/1092 3832/3118/1092 3837/3123/1092
f 3832/3118/1092 3840/3126/1092 3838/3124/1092
f 3841/2191/1078 1061/2187/1078 3842/2188/1078
f 3843/2185/1078 1061/2187/1078 3841/2191/1078
f 3788/2098/1078 1061/2187/1078 3843/2185/1078
f 3832/3118/1078 1062/2050/1078 3844/3127/1078
f 3839/3125/1078 1062/2050/1078 3832/3118/1078
f 3840/3126/1092 3839/3125/1092 3838/3124/1092
f 3837/3123/1078 3839/3125/1078 3840/3126/1078
f 3836/3122/1078 3839/3125/1078 3837/3123/1078
f 3844/3127/1078 3833/3119/1078 3832/3118/1078
f 1061/2187/1078 3833/3119/1078 3844/3127/1078
f 3839/3125/1078 1076/2051/1078 1062/2050/1078
f 1061/2187/1078 3831/3117/1078 3833/3119/1078
f 3839/3125/1078 1072/2049/1078 1076/2051/1078
f 3836/3122/1078 1072/2049/1078 3839/3125/1078
f 3788/2098/1078 3831/3117/1078 1061/2187/1078
f 3836/3122/1078 1068/2052/1078 1072/2049/1078
f 3788/2098/1078 3834/3120/1078 3831/3117/1078
f 3836/3122/1092 946/2053/1092 1068/2052/1092
f 3788/2098/1078 3835/3121/1078 3834/3120/1078
f 3836/3122/1078 3788/2098/1078 946/2053/1078
f 3835/3121/1078 3788/2098/1078 3836/3122/1078
f 1095/2062/1076 1089/2058/1076 1092/2059/1076
f 1099/2055/1076 1095/2062/1076 1092/2059/1076
f 1103/2057/1076 1099/2055/1076 1092/2059/1076
f 1106/2178/1076 1103/2057/1076 1092/2059/1076
f 1927/3128/1076 1106/2178/1076 1092/2059/1076
f 1094/2062/1078 1088/2059/1078 1087/2058/1078
f 1098/2055/1092 1088/2059/1092 1094/2062/1092
f 1102/2057/1078 1088/2059/1078 1098/2055/1078
f 1105/2178/1078 1088/2059/1078 1102/2057/1078
f 1108/3128/1078 1088/2059/1078 1105/2178/1078
f 1124/2232/1078 1111/2228/1078 1130/2242/1078
f 1118/2231/1078 1111/2228/1078 1124/2232/1078
f 3845/3129/1078 1112/2181/1078 3846/3130/1078
f 3847/3131/1078 1112/2181/1078 3845/3129/1078
f 3848/3132/1078 3847/3131/1078 3849/3133/1078
f 3850/3134/1078 3847/3131/1078 3848/3132/1078
f 3851/3135/1078 3847/3131/1078 3850/3134/1078
f 3846/3130/1078 3852/3136/1078 3845/3129/1078
f 1111/2228/1078 3852/3136/1078 3846/3130/1078
f 1118/2231/1078 3852/3136/1078 1111/2228/1078
f 3847/3131/1078 3853/2180/1078 1112/2181/1078
f 1118/2231/1078 3854/3137/1078 3852/3136/1078
f 3847/3131/1078 3855/2179/1078 3853/2180/1078
f 1118/2231/1078 3856/3138/1078 3854/3137/1078
f 1043/2236/1078 3856/3138/1078 1118/2231/1078
f 3851/3135/1078 3855/2179/1078 3847/3131/1078
f 1043/2236/1092 3857/3139/1092 3856/3138/1092
f 3851/3135/1078 3858/2182/1078 3855/2179/1078
f 1043/2236/1078 3851/3135/1078 3857/3139/1078
f 3810/2183/1078 3851/3135/1078 1043/2236/1078
f 3851/3135/1078 3810/2183/1078 3858/2182/1078
f 3855/2179/1078 1112/2181/1078 3853/2180/1078
f 3858/2182/1078 1112/2181/1078 3855/2179/1078
f 3810/2183/1078 1112/2181/1078 3858/2182/1078
f 3859/2184/1078 1112/2181/1078 3810/2183/1078
f 3843/2185/1078 3860/2186/1078 3788/2098/1078
f 1112/2181/1078 3842/2188/1078 1061/2187/1078
f 3861/2189/1078 1112/2181/1078 3859/2184/1078
f 3843/2185/1078 3862/2190/1078 3860/2186/1078
f 1112/2181/1078 3841/2191/1078 3842/2188/1078
f 3861/2189/1092 3841/2191/1092 1112/2181/1092
f 3863/2192/1078 3841/2191/1078 3861/2189/1078
f 3843/2185/1078 3863/2192/1078 3862/2190/1078
f 3841/2191/1078 3863/2192/1078 3843/2185/1078
f 3854/3137/1078 3845/3129/1078 3852/3136/1078
f 3856/3138/1078 3845/3129/1078 3854/3137/1078
f 3857/3139/1078 3845/3129/1078 3856/3138/1078
f 3851/3135/1092 3845/3129/1092 3857/3139/1092
f 3850/3134/1092 3845/3129/1092 3851/3135/1092
f 3845/3129/1078 3849/3133/1078 3847/3131/1078
f 3848/3132/1078 3845/3129/1078 3850/3134/1078
f 3845/3129/1078 3848/3132/1078 3849/3133/1078
f 1182/2208/1078 1105/2178/1078 1192/2204/1078
f 1181/2210/1078 1105/2178/1078 1182/2208/1078
f 1200/2207/1078 1105/2178/1078 1181/2210/1078
f 1206/2201/1078 1105/2178/1078 1200/2207/1078
f 1212/2202/1078 1105/2178/1078 1206/2201/1078
f 1215/3140/1078 1105/2178/1078 1212/2202/1078
f 1108/3128/1078 1105/2178/1078 1215/3140/1078
f 3803/2118/1078 3794/2109/1078 3802/2117/1078
f 3804/2121/1078 3794/2109/1078 3803/2118/1078
f 3805/2122/1078 3794/2109/1078 3804/2121/1078
f 3807/2125/1078 3794/2109/1078 3805/2122/1078
f 3808/2126/1092 3794/2109/1092 3807/2125/1092
f 3806/2124/1078 3794/2109/1078 3808/2126/1078
f 3801/2116/1092 3794/2109/1092 3806/2124/1092
f 3794/2109/1092 3798/2113/1092 3796/2111/1092
f 3800/2115/1078 3794/2109/1078 3801/2116/1078
f 3794/2109/1078 3797/2112/1078 3798/2113/1078
f 3799/2114/1078 3794/2109/1078 3800/2115/1078
f 3794/2109/1092 3799/2114/1092 3797/2112/1092
f 3821/3112/1092 3809/3102/1092 3819/3111/1092
f 3823/3113/1078 3809/3102/1078 3821/3112/1078
f 3824/3114/1078 3809/3102/1078 3823/3113/1078
f 3826/3115/1078 3809/3102/1078 3824/3114/1078
f 3828/3116/1078 3809/3102/1078 3826/3115/1078
f 3817/3109/1078 3809/3102/1078 3828/3116/1078
f 3818/3110/1078 3809/3102/1078 3817/3109/1078
f 3809/3102/1078 3814/3106/1078 3812/3104/1078
f 3816/3108/1092 3809/3102/1092 3818/3110/1092
f 3809/3102/1092 3813/3105/1092 3814/3106/1092
f 3815/3107/1078 3809/3102/1078 3816/3108/1078
f 3809/3102/1078 3815/3107/1078 3813/3105/1078
f 1882/3077/1076 1092/2059/1076 797/3078/1076
f 1882/3077/1077 1927/3128/1077 1092/2059/1077
f 3810/2183/1092 3861/2189/1092 3859/2184/1092
f 3820/2246/1078 3861/2189/1078 3810/2183/1078
f 3822/2247/1078 3861/2189/1078 3820/2246/1078
f 3825/2248/1078 3861/2189/1078 3822/2247/1078
f 3827/2249/1078 3861/2189/1078 3825/2248/1078
f 3829/2250/1078 3861/2189/1078 3827/2249/1078
f 3864/2251/1078 3829/2250/1078 3830/2252/1078
f 3865/2253/1078 3829/2250/1078 3864/2251/1078
f 3866/2254/1078 3829/2250/1078 3865/2253/1078
f 3867/2255/1078 3829/2250/1078 3866/2254/1078
f 3868/2256/1078 3829/2250/1078 3867/2255/1078
f 3792/2102/1078 3829/2250/1078 3868/2256/1078
f 3793/2103/1092 3829/2250/1092 3792/2102/1092
f 3860/2186/1078 3789/2099/1078 3788/2098/1078
f 3862/2190/1078 3789/2099/1078 3860/2186/1078
f 3863/2192/1078 3789/2099/1078 3862/2190/1078
f 3861/2189/1078 3789/2099/1078 3863/2192/1078
f 3791/2101/1078 3829/2250/1078 3793/2103/1078
f 3861/2189/1078 3787/2097/1078 3789/2099/1078
f 3790/2100/1078 3829/2250/1078 3791/2101/1078
f 3861/2189/1078 3790/2100/1078 3787/2097/1078
f 3829/2250/1078 3790/2100/1078 3861/2189/1078
f 1238/3141/1076 1241/3142/1076 1929/3143/1076
f 1934/3144/1076 1238/3141/1076 1929/3143/1076
f 1932/3145/1076 1934/3144/1076 1929/3143/1076
f 3869/3146/1092 3870/3147/1092 3871/3148/1092
f 3872/3149/1078 3870/3147/1078 3869/3146/1078
f 3873/3150/1092 3870/3147/1092 3872/3149/1092
f 3874/3151/1078 3870/3147/1078 3873/3150/1078
f 3875/3152/1078 3874/3151/1078 3876/3153/1078
f 3874/3151/1078 3877/3154/1078 3870/3147/1078
f 3878/3155/1092 3874/3151/1092 3875/3152/1092
f 3874/3151/1092 3878/3155/1092 3877/3154/1092
f 3870/3147/1078 967/2105/1078 3879/3156/1078
f 3877/3154/1078 967/2105/1078 3870/3147/1078
f 3878/3155/1078 967/2105/1078 3877/3154/1078
f 3876/3153/1092 3878/3155/1092 3875/3152/1092
f 3879/3156/1078 3871/3148/1078 3870/3147/1078
f 3792/2102/1092 3871/3148/1092 3879/3156/1092
f 3880/2326/1078 3792/2102/1078 3881/2325/1078
f 3882/2323/1078 3792/2102/1078 3880/2326/1078
f 1260/2324/1078 3792/2102/1078 3882/2323/1078
f 3878/3155/1078 1266/2275/1078 967/2105/1078
f 3792/2102/1078 3869/3146/1078 3871/3148/1078
f 3878/3155/1078 1270/2277/1078 1266/2275/1078
f 3876/3153/1078 1270/2277/1078 3878/3155/1078
f 3792/2102/1078 3872/3149/1078 3869/3146/1078
f 3876/3153/1078 1274/2278/1078 1270/2277/1078
f 1260/2324/1078 3872/3149/1078 3792/2102/1078
f 3876/3153/1078 1259/2279/1078 1274/2278/1078
f 1260/2324/1078 3873/3150/1078 3872/3149/1078
f 3876/3153/1078 1260/2324/1078 1259/2279/1078
f 3874/3151/1078 1260/2324/1078 3876/3153/1078
f 1260/2324/1078 3874/3151/1078 3873/3150/1078
f 1299/2283/1077 1302/2284/1077 1303/2202/1077
f 1295/2286/1076 1299/2283/1076 1303/2202/1076
f 1291/2281/1076 1295/2286/1076 1303/2202/1076
f 1288/2280/1076 1291/2281/1076 1303/2202/1076
f 1948/3140/1076 1288/2280/1076 1303/2202/1076
f 1296/2283/1092 1212/2202/1092 1300/2284/1092
f 1292/2286/1078 1212/2202/1078 1296/2283/1078
f 1286/2281/1078 1212/2202/1078 1292/2286/1078
f 1285/2280/1078 1212/2202/1078 1286/2281/1078
f 1215/3140/1078 1212/2202/1078 1285/2280/1078
f 3883/3157/1078 3830/2252/1078 3884/3158/1078
f 3885/3159/1078 3830/2252/1078 3883/3157/1078
f 3886/3160/1092 3830/2252/1092 3885/3159/1092
f 3887/3161/1078 3886/3160/1078 3888/3162/1078
f 3884/3158/1078 3889/3163/1078 3883/3157/1078
f 1022/2290/1078 3889/3163/1078 3884/3158/1078
f 1328/2336/1078 1022/2290/1078 1305/2289/1078
f 1318/2334/1078 1022/2290/1078 1328/2336/1078
f 3886/3160/1078 3890/2319/1078 3830/2252/1078
f 1022/2290/1092 3891/3164/1092 3889/3163/1092
f 3886/3160/1078 3892/2320/1078 3890/2319/1078
f 1022/2290/1078 3893/3165/1078 3891/3164/1078
f 1318/2334/1092 3893/3165/1092 1022/2290/1092
f 3886/3160/1078 3894/2321/1078 3892/2320/1078
f 3887/3161/1078 3894/2321/1078 3886/3160/1078
f 1318/2334/1078 3895/3166/1078 3893/3165/1078
f 1312/2317/1092 3895/3166/1092 1318/2334/1092
f 3887/3161/1078 1311/2322/1078 3894/2321/1078
f 1312/2317/1078 3896/3167/1078 3895/3166/1078
f 3887/3161/1078 1312/2317/1078 1311/2322/1078
f 3896/3167/1078 1312/2317/1078 3887/3161/1078
f 3890/2319/1078 3864/2251/1078 3830/2252/1078
f 3892/2320/1078 3864/2251/1078 3890/2319/1078
f 3894/2321/1078 3864/2251/1078 3892/2320/1078
f 1311/2322/1078 3864/2251/1078 3894/2321/1078
f 3882/2323/1078 1311/2322/1078 1260/2324/1078
f 3868/2256/1078 3881/2325/1078 3792/2102/1078
f 1311/2322/1078 3865/2253/1078 3864/2251/1078
f 3882/2323/1078 3865/2253/1078 1311/2322/1078
f 3880/2326/1092 3865/2253/1092 3882/2323/1092
f 3867/2255/1078 3881/2325/1078 3868/2256/1078
f 3880/2326/1078 3866/2254/1078 3865/2253/1078
f 3881/2325/1078 3866/2254/1078 3880/2326/1078
f 3867/2255/1078 3866/2254/1078 3881/2325/1078
f 3891/3164/1078 3883/3157/1078 3889/3163/1078
f 3893/3165/1078 3883/3157/1078 3891/3164/1078
f 3895/3166/1078 3883/3157/1078 3893/3165/1078
f 3896/3167/1078 3883/3157/1078 3895/3166/1078
f 3888/3162/1078 3896/3167/1078 3887/3161/1078
f 3896/3167/1092 3885/3159/1092 3883/3157/1092
f 3886/3160/1078 3896/3167/1078 3888/3162/1078
f 3896/3167/1078 3886/3160/1078 3885/3159/1078
f 1241/3142/1076 1288/2280/1076 1929/3143/1076
f 1288/2280/1076 1948/3140/1076 1929/3143/1076
f 3897/2478/1078 3898/2479/1078 3899/2480/1078
f 3900/2481/1092 3898/2479/1092 3897/2478/1092
f 3901/2482/1078 3898/2479/1078 3900/2481/1078
f 3902/2483/1078 3901/2482/1078 3903/2484/1078
f 3904/2485/1078 3902/2483/1078 1424/2486/1078
f 3905/2487/1092 3902/2483/1092 3904/2485/1092
f 3906/2488/1078 3902/2483/1078 3905/2487/1078
f 3907/2489/1078 3908/2490/1078 3909/2491/1078
f 3910/2492/1092 3908/2490/1092 3907/2489/1092
f 3911/2493/1078 3908/2490/1078 3910/2492/1078
f 3912/2494/1078 3908/2490/1078 3911/2493/1078
f 3904/2485/1078 3912/2494/1078 3905/2487/1078
f 1420/2495/1078 3912/2494/1078 3904/2485/1078
f 1419/2496/1092 3912/2494/1092 1420/2495/1092
f 1403/2415/1078 1398/2497/1078 1397/2498/1078
f 3906/2488/1078 3901/2482/1078 3902/2483/1078
f 3913/2499/1092 3901/2482/1092 3906/2488/1092
f 1423/2500/1078 3912/2494/1078 1419/2496/1078
f 3914/2501/1078 3901/2482/1078 3913/2499/1078
f 1408/2502/1078 3912/2494/1078 1423/2500/1078
f 3915/2503/1078 3901/2482/1078 3914/2501/1078
f 1408/2502/1078 3908/2490/1078 3912/2494/1078
f 3916/2504/1078 3901/2482/1078 3915/2503/1078
f 1400/2505/1078 3908/2490/1078 1408/2502/1078
f 3916/2504/1078 3898/2479/1078 3901/2482/1078
f 1398/2497/1078 3908/2490/1078 1400/2505/1078
f 3917/2506/1078 3898/2479/1078 3916/2504/1078
f 1403/2415/1078 3908/2490/1078 1398/2497/1078
f 3918/2507/1078 3898/2479/1078 3917/2506/1078
f 1403/2415/1078 3918/2507/1078 3908/2490/1078
f 3898/2479/1078 3918/2507/1078 1403/2415/1078
f 1701/2659/1076 1981/3168/1076 1805/2970/1076
f 3919/3169/1078 3920/2626/1078 3921/3170/1078
f 3922/3171/1078 3920/2626/1078 3919/3169/1078
f 3923/3172/1092 3920/2626/1092 3922/3171/1092
f 3924/3173/1078 3920/2626/1078 3923/3172/1078
f 3925/3174/1078 3924/3173/1078 3926/3175/1078
f 3927/3176/1078 3924/3173/1078 3925/3174/1078
f 3921/3170/1092 3928/3177/1092 3919/3169/1092
f 3929/2566/1078 3928/3177/1078 3921/3170/1078
f 1500/2616/1078 3928/3177/1078 3929/2566/1078
f 1511/2619/1092 1500/2616/1092 1499/2615/1092
f 1462/2624/1078 1500/2616/1078 1511/2619/1078
f 1473/2607/1078 1462/2624/1078 1461/2681/1078
f 1479/2608/1078 1462/2624/1078 1473/2607/1078
f 3924/3173/1092 3930/2627/1092 3920/2626/1092
f 1500/2616/1078 3931/3178/1078 3928/3177/1078
f 3924/3173/1078 3932/2628/1078 3930/2627/1078
f 1500/2616/1078 3933/3179/1078 3931/3178/1078
f 1462/2624/1078 3933/3179/1078 1500/2616/1078
f 3924/3173/1078 3934/2629/1078 3932/2628/1078
f 1462/2624/1078 3935/3180/1078 3933/3179/1078
f 3924/3173/1078 3936/2631/1078 3934/2629/1078
f 3927/3176/1078 3936/2631/1078 3924/3173/1078
f 1462/2624/1078 3937/3181/1078 3935/3180/1078
f 3927/3176/1092 3938/2630/1092 3936/2631/1092
f 1462/2624/1078 3939/3182/1078 3937/3181/1078
f 1479/2608/1078 3939/3182/1078 1462/2624/1078
f 3927/3176/1078 1479/2608/1078 3938/2630/1078
f 3940/3183/1078 1479/2608/1078 3927/3176/1078
f 1479/2608/1078 3940/3183/1078 3939/3182/1078
f 3941/3184/1092 3942/3185/1092 3943/3186/1092
f 3944/3187/1078 3942/3185/1078 3941/3184/1078
f 3945/3188/1078 3942/3185/1078 3944/3187/1078
f 3946/3189/1078 3942/3185/1078 3945/3188/1078
f 3947/3190/1078 3946/3189/1078 3948/3191/1078
f 3946/3189/1078 3949/3192/1078 3942/3185/1078
f 3950/3193/1092 3946/3189/1092 3947/3190/1092
f 3946/3189/1078 3950/3193/1078 3949/3192/1078
f 3951/2572/1078 1518/2562/1078 3952/2569/1078
f 3953/2567/1078 1518/2562/1078 3951/2572/1078
f 3898/2479/1078 1518/2562/1078 3953/2567/1078
f 3942/3185/1078 1533/2409/1078 3954/3194/1078
f 3949/3192/1078 1533/2409/1078 3942/3185/1078
f 3950/3193/1078 1533/2409/1078 3949/3192/1078
f 3947/3190/1078 1533/2409/1078 3950/3193/1078
f 3948/3191/1078 1533/2409/1078 3947/3190/1078
f 3954/3194/1092 3943/3186/1092 3942/3185/1092
f 1519/2411/1092 3943/3186/1092 3954/3194/1092
f 1518/2562/1078 3943/3186/1078 1519/2411/1078
f 3948/3191/1078 1529/2412/1078 1533/2409/1078
f 1518/2562/1078 3941/3184/1078 3943/3186/1078
f 3948/3191/1078 1525/2413/1078 1529/2412/1078
f 1518/2562/1078 3944/3187/1078 3941/3184/1078
f 3948/3191/1092 1403/2415/1092 1525/2413/1092
f 3898/2479/1078 3944/3187/1078 1518/2562/1078
f 3948/3191/1078 3898/2479/1078 1403/2415/1078
f 3946/3189/1078 3898/2479/1078 3948/3191/1078
f 3898/2479/1078 3945/3188/1078 3944/3187/1078
f 3945/3188/1078 3898/2479/1078 3946/3189/1078
f 1546/2419/1076 1549/2410/1076 1983/3195/1076
f 1552/2422/1077 1546/2419/1077 1983/3195/1077
f 1556/2416/1077 1552/2422/1077 1983/3195/1077
f 1560/2418/1076 1556/2416/1076 1983/3195/1076
f 1563/2559/1076 1560/2418/1076 1983/3195/1076
f 1544/2419/1078 1565/3195/1078 1545/2410/1078
f 1551/2422/1078 1565/3195/1078 1544/2419/1078
f 1555/2416/1092 1565/3195/1092 1551/2422/1092
f 1559/2418/1078 1565/3195/1078 1555/2416/1078
f 1562/2559/1078 1565/3195/1078 1559/2418/1078
f 1581/2612/1078 1568/2606/1078 1587/2622/1078
f 1575/2611/1078 1568/2606/1078 1581/2612/1078
f 3955/3196/1078 3956/2560/1078 3957/3197/1078
f 3958/3198/1078 3956/2560/1078 3955/3196/1078
f 3959/3199/1078 3956/2560/1078 3958/3198/1078
f 3960/3200/1078 3956/2560/1078 3959/3199/1078
f 3957/3197/1078 3961/3201/1078 3955/3196/1078
f 1569/2561/1092 3961/3201/1092 3957/3197/1092
f 1568/2606/1078 3961/3201/1078 1569/2561/1078
f 3960/3200/1078 3962/2563/1078 3956/2560/1078
f 1568/2606/1078 3963/3202/1078 3961/3201/1078
f 3960/3200/1092 3964/2564/1092 3962/2563/1092
f 3965/3203/1078 3964/2564/1078 3960/3200/1078
f 1568/2606/1078 3966/3204/1078 3963/3202/1078
f 1575/2611/1078 3966/3204/1078 1568/2606/1078
f 3965/3203/1078 3929/2566/1078 3964/2564/1078
f 1575/2611/1078 3967/3205/1078 3966/3204/1078
f 1500/2616/1078 3967/3205/1078 1575/2611/1078
f 3965/3203/1078 1500/2616/1078 3929/2566/1078
f 3968/3206/1078 1500/2616/1078 3965/3203/1078
f 1500/2616/1092 3968/3206/1092 3967/3205/1092
f 3956/2560/1078 1518/2562/1078 1569/2561/1078
f 3962/2563/1078 1518/2562/1078 3956/2560/1078
f 3964/2564/1078 1518/2562/1078 3962/2563/1078
f 3969/2565/1078 3964/2564/1078 3929/2566/1078
f 3953/2567/1078 3970/2568/1078 3898/2479/1078
f 3964/2564/1078 3952/2569/1078 1518/2562/1078
f 3971/2570/1078 3964/2564/1078 3969/2565/1078
f 3953/2567/1078 3972/2571/1078 3970/2568/1078
f 3964/2564/1078 3951/2572/1078 3952/2569/1078
f 3971/2570/1078 3951/2572/1078 3964/2564/1078
f 3973/2573/1078 3951/2572/1078 3971/2570/1078
f 3953/2567/1078 3973/2573/1078 3972/2571/1078
f 3951/2572/1078 3973/2573/1078 3953/2567/1078
f 3963/3202/1078 3955/3196/1078 3961/3201/1078
f 3966/3204/1078 3955/3196/1078 3963/3202/1078
f 3967/3205/1078 3955/3196/1078 3966/3204/1078
f 3968/3206/1078 3955/3196/1078 3967/3205/1078
f 3960/3200/1078 3968/3206/1078 3965/3203/1078
f 3968/3206/1078 3958/3198/1078 3955/3196/1078
f 3959/3199/1092 3968/3206/1092 3960/3200/1092
f 3968/3206/1078 3959/3199/1078 3958/3198/1078
f 1642/2582/1078 1565/3195/1078 1562/2559/1078
f 1632/2586/1078 1565/3195/1078 1642/2582/1078
f 1631/2588/1078 1565/3195/1078 1632/2586/1078
f 1650/2585/1092 1565/3195/1092 1631/2588/1092
f 1656/2579/1078 1565/3195/1078 1650/2585/1078
f 1662/2580/1078 1565/3195/1078 1656/2579/1078
f 1665/3168/1078 1565/3195/1078 1662/2580/1078
f 3917/2506/1078 3908/2490/1078 3918/2507/1078
f 3916/2504/1078 3908/2490/1078 3917/2506/1078
f 3915/2503/1092 3908/2490/1092 3916/2504/1092
f 3914/2501/1078 3908/2490/1078 3915/2503/1078
f 3913/2499/1078 3908/2490/1078 3914/2501/1078
f 3906/2488/1078 3908/2490/1078 3913/2499/1078
f 3912/2494/1092 3906/2488/1092 3905/2487/1092
f 3906/2488/1092 3909/2491/1092 3908/2490/1092
f 3911/2493/1078 3906/2488/1078 3912/2494/1078
f 3906/2488/1078 3907/2489/1078 3909/2491/1078
f 3910/2492/1092 3906/2488/1092 3911/2493/1092
f 3906/2488/1078 3910/2492/1078 3907/2489/1078
f 3931/3178/1092 3919/3169/1092 3928/3177/1092
f 3933/3179/1078 3919/3169/1078 3931/3178/1078
f 3935/3180/1078 3919/3169/1078 3933/3179/1078
f 3937/3181/1078 3919/3169/1078 3935/3180/1078
f 3939/3182/1078 3919/3169/1078 3937/3181/1078
f 3940/3183/1078 3919/3169/1078 3939/3182/1078
f 3925/3174/1078 3940/3183/1078 3927/3176/1078
f 3940/3183/1078 3922/3171/1078 3919/3169/1078
f 3926/3175/1092 3940/3183/1092 3925/3174/1092
f 3940/3183/1092 3923/3172/1092 3922/3171/1092
f 3924/3173/1078 3940/3183/1078 3926/3175/1078
f 3940/3183/1078 3924/3173/1078 3923/3172/1078
f 1549/2410/1076 1238/3141/1076 1934/3144/1076
f 1983/3195/1076 1549/2410/1076 1934/3144/1076
f 3973/2573/1078 3970/2568/1078 3972/2571/1078
f 3971/2570/1078 3970/2568/1078 3973/2573/1078
f 3969/2565/1078 3970/2568/1078 3971/2570/1078
f 3929/2566/1078 3970/2568/1078 3969/2565/1078
f 3920/2626/1078 3970/2568/1078 3929/2566/1078
f 3930/2627/1078 3970/2568/1078 3920/2626/1078
f 3932/2628/1078 3970/2568/1078 3930/2627/1078
f 3934/2629/1078 3970/2568/1078 3932/2628/1078
f 3938/2630/1078 3934/2629/1078 3936/2631/1078
f 3974/2632/1078 3934/2629/1078 3938/2630/1078
f 3975/2633/1078 3934/2629/1078 3974/2632/1078
f 3976/2634/1078 3934/2629/1078 3975/2633/1078
f 3977/2635/1078 3934/2629/1078 3976/2634/1078
f 3978/2636/1078 3934/2629/1078 3977/2635/1078
f 3902/2483/1092 3934/2629/1092 3978/2636/1092
f 3903/2484/1078 3934/2629/1078 3902/2483/1078
f 3970/2568/1078 3899/2480/1078 3898/2479/1078
f 3901/2482/1078 3934/2629/1078 3903/2484/1078
f 3934/2629/1092 3899/2480/1092 3970/2568/1092
f 3900/2481/1078 3934/2629/1078 3901/2482/1078
f 3934/2629/1078 3897/2478/1078 3899/2480/1078
f 3897/2478/1078 3934/2629/1078 3900/2481/1078
f 40/2969/1076 1701/2659/1076 1805/2970/1076
f 3979/3207/1078 3980/3208/1078 3981/3209/1078
f 3982/3210/1078 3980/3208/1078 3979/3207/1078
f 3983/3211/1078 3980/3208/1078 3982/3210/1078
f 3984/3212/1078 3980/3208/1078 3983/3211/1078
f 3985/3213/1078 3980/3208/1078 3984/3212/1078
f 3986/3214/1078 3985/3213/1078 3987/3215/1078
f 3985/3213/1092 3988/3216/1092 3980/3208/1092
f 3988/3216/1092 3985/3213/1092 3986/3214/1092
f 3987/3215/1078 1703/2658/1078 3989/3217/1078
f 3985/3213/1078 1703/2658/1078 3987/3215/1078
f 3988/3216/1078 3981/3209/1078 3980/3208/1078
f 3986/3214/1078 3981/3209/1078 3988/3216/1078
f 3987/3215/1078 3981/3209/1078 3986/3214/1078
f 1718/2657/1078 3987/3215/1078 3989/3217/1078
f 3990/2689/1078 3902/2483/1078 3991/2684/1078
f 3992/2688/1078 3902/2483/1078 3990/2689/1078
f 1704/2065/1078 3902/2483/1078 3992/2688/1078
f 3985/3213/1078 1704/2065/1078 1703/2658/1078
f 1718/2657/1092 3981/3209/1092 3987/3215/1092
f 1714/2656/1078 3981/3209/1078 1718/2657/1078
f 3984/3212/1078 1704/2065/1078 3985/3213/1078
f 1710/2654/1078 3981/3209/1078 1714/2656/1078
f 3983/3211/1078 1704/2065/1078 3984/3212/1078
f 1424/2486/1092 3981/3209/1092 1710/2654/1092
f 3983/3211/1078 3902/2483/1078 1704/2065/1078
f 1424/2486/1078 3979/3207/1078 3981/3209/1078
f 3902/2483/1078 3979/3207/1078 1424/2486/1078
f 3982/3210/1078 3902/2483/1078 3983/3211/1078
f 3902/2483/1078 3982/3210/1078 3979/3207/1078
f 1744/2653/1076 1745/2580/1076 1981/3168/1076
f 1741/2652/1076 1744/2653/1076 1981/3168/1076
f 1737/2663/1077 1741/2652/1077 1981/3168/1077
f 1733/2660/1077 1737/2663/1077 1981/3168/1077
f 1701/2659/1076 1733/2660/1076 1981/3168/1076
f 1742/2653/1078 1665/3168/1078 1662/2580/1078
f 1738/2652/1078 1665/3168/1078 1742/2653/1078
f 1734/2663/1092 1665/3168/1092 1738/2652/1092
f 1730/2660/1078 1665/3168/1078 1734/2663/1078
f 1729/2659/1078 1665/3168/1078 1730/2660/1078
f 3993/3218/1092 1753/2064/1092 3994/3219/1092
f 3995/3220/1078 1753/2064/1078 3993/3218/1078
f 3996/3221/1078 3997/3222/1078 3998/3223/1078
f 3999/3224/1078 3997/3222/1078 3996/3221/1078
f 3993/3218/1092 3997/3222/1092 3999/3224/1092
f 4000/2687/1078 3993/3218/1078 3994/3219/1078
f 1766/2574/1078 1479/2608/1078 1747/2196/1078
f 1759/2666/1078 1479/2608/1078 1766/2574/1078
f 3995/3220/1078 1754/2193/1078 1753/2064/1078
f 4001/2686/1078 3993/3218/1078 4000/2687/1078
f 3995/3220/1092 1759/2666/1092 1754/2193/1092
f 4002/3225/1078 1759/2666/1078 3995/3220/1078
f 4001/2686/1078 3997/3222/1078 3993/3218/1078
f 4003/3226/1092 1759/2666/1092 4002/3225/1092
f 4004/2685/1078 3997/3222/1078 4001/2686/1078
f 4003/3226/1092 1479/2608/1092 1759/2666/1092
f 4005/3227/1078 1479/2608/1078 4003/3226/1078
f 3938/2630/1078 3997/3222/1078 4004/2685/1078
f 4006/3228/1092 1479/2608/1092 4005/3227/1092
f 3938/2630/1078 4006/3228/1078 3997/3222/1078
f 1479/2608/1078 4006/3228/1078 3938/2630/1078
f 3978/2636/1078 3991/2684/1078 3902/2483/1078
f 4004/2685/1078 3974/2632/1078 3938/2630/1078
f 4001/2686/1078 3974/2632/1078 4004/2685/1078
f 4000/2687/1078 3974/2632/1078 4001/2686/1078
f 1753/2064/1078 3974/2632/1078 4000/2687/1078
f 3992/2688/1078 1753/2064/1078 1704/2065/1078
f 3977/2635/1078 3991/2684/1078 3978/2636/1078
f 1753/2064/1078 3975/2633/1078 3974/2632/1078
f 3992/2688/1078 3975/2633/1078 1753/2064/1078
f 3990/2689/1092 3975/2633/1092 3992/2688/1092
f 3977/2635/1078 3990/2689/1078 3991/2684/1078
f 3976/2634/1078 3990/2689/1078 3977/2635/1078
f 3990/2689/1078 3976/2634/1078 3975/2633/1078
f 4006/3228/1078 3998/3223/1078 3997/3222/1078
f 4005/3227/1078 3998/3223/1078 4006/3228/1078
f 4003/3226/1078 3998/3223/1078 4005/3227/1078
f 4002/3225/1078 3998/3223/1078 4003/3226/1078
f 3995/3220/1078 3998/3223/1078 4002/3225/1078
f 3999/3224/1078 3995/3220/1078 3993/3218/1078
f 3995/3220/1078 3996/3221/1078 3998/3223/1078
f 3996/3221/1078 3995/3220/1078 3999/3224/1078
usemtl FLOOR0_1
f 2425/1372/1076 4007/1374/1076 75/1373/1076
f 2428/1375/1077 2425/1372/1077 75/1373/1077
f 2413/1376/1076 2411/1378/1076 2409/1377/1076
f 2415/1379/1076 2413/1376/1076 2409/1377/1076
f 2418/1380/1076 2415/1379/1076 2409/1377/1076
f 2419/1381/1076 2418/1380/1076 2409/1377/1076
f 4007/1374/1076 2425/1372/1076 2424/1382/1076
f 74/1383/1076 4007/1374/1076 2424/1382/1076
f 3021/1384/1076 71/1385/1076 74/1383/1076
f 51/1333/1076 54/1387/1076 3017/1386/1076
f 41/1388/1076 44/1390/1076 46/1389/1076
f 61/1391/1077 41/1388/1077 46/1389/1077
f 80/1392/1077 61/1391/1077 46/1389/1077
f 75/1373/1076 78/1393/1076 80/1392/1076
f 2428/1375/1076 75/1373/1076 80/1392/1076
f 2422/1394/1076 2428/1375/1076 80/1392/1076
f 74/1383/1076 2424/1382/1076 2419/1381/1076
f 3021/1384/1076 74/1383/1076 2419/1381/1076
f 2402/1395/1077 2422/1394/1077 80/1392/1077
f 3020/1396/1076 3021/1384/1076 2419/1381/1076
f 2403/1397/1076 2402/1395/1076 80/1392/1076
f 3019/1398/1076 3020/1396/1076 2419/1381/1076
f 2403/1397/1076 80/1392/1076 46/1389/1076
f 3019/1398/1076 2419/1381/1076 2409/1377/1076
f 2405/1399/1076 2403/1397/1076 46/1389/1076
f 3018/1400/1076 3019/1398/1076 2409/1377/1076
f 2407/1401/1077 2405/1399/1077 46/1389/1077
f 3017/1386/1076 3018/1400/1076 2409/1377/1076
f 2407/1401/1076 46/1389/1076 51/1333/1076
f 2409/1377/1076 2407/1401/1076 51/1333/1076
f 51/1333/1076 3017/1386/1076 2409/1377/1076
f 2447/2974/1076 4008/2975/1076 133/1579/1076
f 2449/2976/1076 2447/2974/1076 133/1579/1076
f 2440/2977/1077 2437/2979/1077 2431/2978/1077
f 2441/2980/1076 2440/2977/1076 2431/2978/1076
f 2455/2981/1076 2441/2980/1076 2431/2978/1076
f 2446/2982/1076 2454/2983/1076 2455/2981/1076
f 4008/2975/1076 2447/2974/1076 2446/2982/1076
f 138/1544/1076 4008/2975/1076 2446/2982/1076
f 165/1529/1076 157/1526/1076 160/1525/1076
f 122/1534/1077 165/1529/1077 160/1525/1077
f 127/1548/1076 119/1605/1076 122/1534/1076
f 133/1579/1076 127/1548/1076 122/1534/1076
f 2449/2976/1076 133/1579/1076 122/1534/1076
f 2451/2984/1076 2449/2976/1076 122/1534/1076
f 138/1544/1076 2446/2982/1076 2455/2981/1076
f 135/1545/1076 138/1544/1076 2455/2981/1076
f 2444/2985/1076 2451/2984/1076 122/1534/1076
f 139/1543/1076 135/1545/1076 2455/2981/1076
f 2436/2986/1076 2444/2985/1076 122/1534/1076
f 141/1542/1076 139/1543/1076 2455/2981/1076
f 2436/2986/1076 122/1534/1076 160/1525/1076
f 2434/2987/1076 2436/2986/1076 160/1525/1076
f 143/1541/1076 141/1542/1076 2455/2981/1076
f 2430/2988/1076 2434/2987/1076 160/1525/1076
f 143/1541/1077 2455/2981/1077 2431/2978/1077
f 2430/2988/1076 160/1525/1076 147/1465/1076
f 2431/2978/1076 2430/2988/1076 147/1465/1076
f 145/1540/1077 143/1541/1077 2431/2978/1077
f 2431/2978/1077 147/1465/1077 145/1540/1077
f 189/1468/1076 187/1460/1076 171/1459/1076
f 191/1466/1076 189/1468/1076 171/1459/1076
f 46/1389/1076 191/1466/1076 171/1459/1076
f 2375/2997/1076 4009/2999/1076 46/1389/1076
f 2377/2995/1077 2375/2997/1077 46/1389/1077
f 2371/2998/1077 2370/2990/1077 2363/2991/1077
f 2373/2996/1076 2371/2998/1076 2363/2991/1076
f 2375/2997/1076 2373/2996/1076 2363/2991/1076
f 4009/2999/1076 2375/2997/1076 2363/2991/1076
f 177/1331/1076 51/1333/1076 4009/2999/1076
f 2380/2994/1076 2377/2995/1076 46/1389/1076
f 177/1331/1077 4009/2999/1077 2363/2991/1077
f 181/1330/1076 177/1331/1076 2363/2991/1076
f 2366/2993/1076 2380/2994/1076 46/1389/1076
f 185/1329/1076 181/1330/1076 2363/2991/1076
f 2366/2993/1076 46/1389/1076 171/1459/1076
f 174/1326/1076 185/1329/1076 2363/2991/1076
f 2367/2992/1076 2366/2993/1076 171/1459/1076
f 174/1326/1076 2363/2991/1076 2362/2989/1076
f 171/1459/1076 174/1326/1076 2362/2989/1076
f 2362/2989/1076 2367/2992/1076 171/1459/1076
f 245/1521/1076 238/1532/1076 222/1508/1076
f 231/1522/1076 245/1521/1076 222/1508/1076
f 2400/3001/1076 4010/3002/1076 160/1525/1076
f 2382/3003/1076 2400/3001/1076 160/1525/1076
f 2395/3004/1076 2387/3006/1076 2386/3005/1076
f 2397/3007/1076 2395/3004/1076 2386/3005/1076
f 2400/3001/1076 2397/3007/1076 2386/3005/1076
f 147/1465/1076 4010/3002/1076 2400/3001/1076
f 3011/1463/1076 147/1465/1076 2400/3001/1076
f 2382/3003/1077 160/1525/1077 231/1522/1077
f 2383/3008/1076 2382/3003/1076 231/1522/1076
f 3010/1462/1076 3011/1463/1076 2400/3001/1076
f 2393/3009/1076 2383/3008/1076 231/1522/1076
f 3010/1462/1076 2400/3001/1076 2386/3005/1076
f 2393/3009/1076 231/1522/1076 222/1508/1076
f 2390/3010/1076 2393/3009/1076 222/1508/1076
f 3009/1461/1076 3010/1462/1076 2386/3005/1076
f 2391/3011/1076 2390/3010/1076 222/1508/1076
f 225/1458/1076 3009/1461/1076 2386/3005/1076
f 2391/3011/1076 222/1508/1076 225/1458/1076
f 2386/3005/1076 2391/3011/1076 225/1458/1076
f 2459/3019/1076 4011/3028/1076 374/1610/1076
f 2462/3026/1076 2459/3019/1076 374/1610/1076
f 2466/3027/1076 2470/3022/1076 2472/3023/1076
f 2467/3018/1076 2466/3027/1076 2472/3023/1076
f 2458/3020/1076 2467/3018/1076 2472/3023/1076
f 4011/3028/1076 2459/3019/1076 2458/3020/1076
f 371/1566/1076 4011/3028/1076 2458/3020/1076
f 390/1616/1076 392/1612/1076 75/1373/1076
f 388/1609/1076 390/1616/1076 75/1373/1076
f 374/1610/1076 388/1609/1076 75/1373/1076
f 2463/3025/1076 2462/3026/1076 374/1610/1076
f 386/1574/1076 371/1566/1076 2458/3020/1076
f 2463/3025/1076 374/1610/1076 75/1373/1076
f 386/1574/1076 2458/3020/1076 2472/3023/1076
f 382/1573/1076 386/1574/1076 2472/3023/1076
f 2475/3024/1076 2463/3025/1076 75/1373/1076
f 378/1571/1076 382/1573/1076 2472/3023/1076
f 2474/3021/1076 2475/3024/1076 75/1373/1076
f 74/1383/1076 378/1571/1076 2472/3023/1076
f 2474/3021/1076 75/1373/1076 74/1383/1076
f 2472/3023/1076 2474/3021/1076 74/1383/1076
f 2486/3029/1076 4012/3030/1076 420/1607/1076
f 2487/3031/1076 2486/3029/1076 420/1607/1076
f 2492/3032/1076 2494/3034/1076 2495/3033/1076
f 2482/3035/1077 2492/3032/1077 2495/3033/1077
f 2483/3036/1076 2482/3035/1076 2495/3033/1076
f 4012/3030/1077 2486/3029/1077 2483/3036/1077
f 417/1611/1076 4012/3030/1076 2483/3036/1076
f 431/1626/1076 425/1580/1076 133/1579/1076
f 437/1624/1076 431/1626/1076 133/1579/1076
f 2487/3031/1077 420/1607/1077 437/1624/1077
f 2490/3037/1077 2487/3031/1077 437/1624/1077
f 3050/1615/1076 417/1611/1076 2483/3036/1076
f 2490/3037/1077 437/1624/1077 133/1579/1077
f 2478/3038/1076 2490/3037/1076 133/1579/1076
f 3049/1614/1076 3050/1615/1076 2483/3036/1076
f 2479/3039/1077 2478/3038/1077 133/1579/1077
f 3049/1614/1076 2483/3036/1076 2495/3033/1076
f 2479/3039/1076 133/1579/1076 138/1544/1076
f 2495/3033/1076 2479/3039/1076 138/1544/1076
f 3048/1613/1076 3049/1614/1076 2495/3033/1076
f 2495/3033/1076 138/1544/1076 3048/1613/1076
f 542/1770/1076 544/1772/1076 525/1771/1076
f 539/1773/1076 542/1770/1076 525/1771/1076
f 3164/1774/1076 535/1776/1076 538/1775/1076
f 513/1711/1076 516/1778/1076 3167/1777/1076
f 523/1779/1076 519/1781/1076 522/1780/1076
f 525/1771/1077 523/1779/1077 522/1780/1077
f 2543/1782/1076 2542/1783/1076 525/1771/1076
f 2539/1784/1076 2538/1786/1076 2547/1785/1076
f 2549/1787/1076 2539/1784/1076 2547/1785/1076
f 2554/1788/1076 2549/1787/1076 2547/1785/1076
f 2555/1789/1076 2554/1788/1076 2547/1785/1076
f 525/1771/1077 2542/1783/1077 2558/1790/1077
f 2543/1782/1076 525/1771/1076 522/1780/1076
f 2551/1791/1076 2543/1782/1076 522/1780/1076
f 525/1771/1076 2558/1790/1076 2564/1792/1076
f 539/1773/1077 525/1771/1077 2564/1792/1077
f 2546/1793/1077 2551/1791/1077 522/1780/1077
f 539/1773/1077 2564/1792/1077 2561/1794/1077
f 2546/1793/1076 522/1780/1076 513/1711/1076
f 2547/1785/1076 2546/1793/1076 513/1711/1076
f 539/1773/1076 2561/1794/1076 2560/1795/1076
f 538/1775/1076 539/1773/1076 2560/1795/1076
f 2547/1785/1076 513/1711/1076 3167/1777/1076
f 538/1775/1076 2560/1795/1076 2555/1789/1076
f 3164/1774/1076 538/1775/1076 2555/1789/1076
f 2547/1785/1076 3167/1777/1076 3168/1796/1076
f 3165/1797/1076 3164/1774/1076 2555/1789/1076
f 2547/1785/1076 3168/1796/1076 3166/1798/1076
f 3166/1798/1076 3165/1797/1076 2555/1789/1076
f 2555/1789/1076 2547/1785/1076 3166/1798/1076
f 585/1901/1076 577/1979/1076 580/1918/1076
f 591/1902/1076 585/1901/1076 580/1918/1076
f 623/1913/1076 615/1910/1076 618/1909/1076
f 580/1918/1077 623/1913/1077 618/1909/1077
f 2572/3040/1076 2580/3041/1076 580/1918/1076
f 2576/3042/1077 2573/3044/1077 2567/3043/1077
f 2577/3045/1076 2576/3042/1076 2567/3043/1076
f 2591/3046/1076 2577/3045/1076 2567/3043/1076
f 2582/3047/1076 2590/3048/1076 2591/3046/1076
f 580/1918/1076 2580/3041/1076 2587/3049/1076
f 2572/3040/1076 580/1918/1076 618/1909/1076
f 2570/3050/1076 2572/3040/1076 618/1909/1076
f 580/1918/1076 2587/3049/1076 2585/3051/1076
f 591/1902/1076 580/1918/1076 2585/3051/1076
f 2566/3052/1076 2570/3050/1076 618/1909/1076
f 591/1902/1076 2585/3051/1076 2583/3053/1076
f 2566/3052/1076 618/1909/1076 605/1860/1076
f 2567/3043/1076 2566/3052/1076 605/1860/1076
f 591/1902/1076 2583/3053/1076 2582/3047/1076
f 596/1923/1076 591/1902/1076 2582/3047/1076
f 2567/3043/1077 605/1860/1077 603/1929/1077
f 596/1923/1076 2582/3047/1076 2591/3046/1076
f 593/1920/1076 596/1923/1076 2591/3046/1076
f 2567/3043/1076 603/1929/1076 601/1930/1076
f 597/1921/1076 593/1920/1076 2591/3046/1076
f 2591/3046/1077 2567/3043/1077 601/1930/1077
f 599/1922/1076 597/1921/1076 2591/3046/1076
f 2591/3046/1076 601/1930/1076 599/1922/1076
f 647/1862/1076 645/1855/1076 629/1854/1076
f 649/1851/1076 647/1862/1076 629/1854/1076
f 4013/3064/1076 649/1851/1076 629/1854/1076
f 2516/3062/1077 2513/3055/1077 4013/3064/1077
f 2507/3063/1077 2506/3058/1077 2499/3059/1077
f 2509/3054/1076 2507/3063/1076 2499/3059/1076
f 2511/3056/1076 2509/3054/1076 2499/3059/1076
f 4013/3064/1076 2513/3055/1076 2511/3056/1076
f 522/1780/1076 4013/3064/1076 2511/3056/1076
f 513/1711/1076 522/1780/1076 2511/3056/1076
f 2502/3061/1077 2516/3062/1077 4013/3064/1077
f 635/1709/1076 513/1711/1076 2511/3056/1076
f 2502/3061/1076 4013/3064/1076 629/1854/1076
f 635/1709/1076 2511/3056/1076 2499/3059/1076
f 639/1708/1076 635/1709/1076 2499/3059/1076
f 2503/3060/1076 2502/3061/1076 629/1854/1076
f 643/1707/1076 639/1708/1076 2499/3059/1076
f 2498/3057/1076 2503/3060/1076 629/1854/1076
f 632/1704/1076 643/1707/1076 2499/3059/1076
f 2498/3057/1076 629/1854/1076 632/1704/1076
f 2499/3059/1076 2498/3057/1076 632/1704/1076
f 695/1905/1076 701/1916/1076 680/1900/1076
f 689/1906/1076 695/1905/1076 680/1900/1076
f 2518/3066/1076 4014/3067/1076 689/1906/1076
f 2519/3068/1076 2518/3066/1076 689/1906/1076
f 2531/3069/1076 2523/3071/1076 2522/3070/1076
f 2533/3072/1076 2531/3069/1076 2522/3070/1076
f 2536/3073/1076 2533/3072/1076 2522/3070/1076
f 4014/3067/1076 2518/3066/1076 2536/3073/1076
f 618/1909/1076 4014/3067/1076 2536/3073/1076
f 605/1860/1076 618/1909/1076 2536/3073/1076
f 2529/3074/1076 2519/3068/1076 689/1906/1076
f 3157/1858/1076 605/1860/1076 2536/3073/1076
f 2529/3074/1076 689/1906/1076 680/1900/1076
f 2526/3075/1076 2529/3074/1076 680/1900/1076
f 3156/1857/1076 3157/1858/1076 2536/3073/1076
f 2527/3076/1076 2526/3075/1076 680/1900/1076
f 3156/1857/1076 2536/3073/1076 2522/3070/1076
f 2527/3076/1076 680/1900/1076 683/1853/1076
f 2522/3070/1076 2527/3076/1076 683/1853/1076
f 3155/1856/1076 3156/1857/1076 2522/3070/1076
f 2522/3070/1076 683/1853/1076 3155/1856/1076
f 2610/3081/1076 4015/3090/1076 539/1773/1076
f 2608/3088/1077 2610/3081/1077 539/1773/1077
f 2602/3089/1076 2606/3087/1076 2608/3088/1076
f 2603/3086/1076 2602/3089/1076 2608/3088/1076
f 2594/3085/1076 2603/3086/1076 2608/3088/1076
f 4015/3090/1077 2610/3081/1077 2611/3082/1077
f 842/1989/1076 4015/3090/1076 2611/3082/1076
f 840/1990/1076 842/1989/1076 2611/3082/1076
f 838/1987/1076 840/1990/1076 2611/3082/1076
f 2608/3088/1076 539/1773/1076 538/1775/1076
f 838/1987/1076 2611/3082/1076 2599/3080/1076
f 2608/3088/1077 538/1775/1077 828/1948/1077
f 838/1987/1076 2599/3080/1076 2598/3083/1076
f 824/1988/1076 838/1987/1076 2598/3083/1076
f 2608/3088/1076 828/1948/1076 832/1947/1076
f 2594/3085/1076 2608/3088/1076 832/1947/1076
f 824/1988/1076 2598/3083/1076 2595/3084/1076
f 2594/3085/1076 832/1947/1076 836/1949/1076
f 824/1988/1076 2595/3084/1076 2594/3085/1076
f 821/1950/1076 824/1988/1076 2594/3085/1076
f 2594/3085/1076 836/1949/1076 821/1950/1076
f 2615/3091/1076 4016/3092/1076 591/1902/1076
f 2631/3093/1076 2615/3091/1076 591/1902/1076
f 2628/3094/1076 2630/3095/1076 2631/3093/1076
f 2618/3096/1077 2628/3094/1077 2631/3093/1077
f 2619/3097/1076 2618/3096/1076 2631/3093/1076
f 4016/3092/1077 2615/3091/1077 2614/3098/1077
f 867/1865/1076 4016/3092/1076 2614/3098/1076
f 890/1866/1076 867/1865/1076 2614/3098/1076
f 885/1998/1076 890/1866/1076 2614/3098/1076
f 2631/3093/1076 591/1902/1076 596/1923/1076
f 885/1998/1076 2614/3098/1076 2626/3099/1076
f 2631/3093/1076 596/1923/1076 3190/1984/1076
f 885/1998/1077 2626/3099/1077 2623/3100/1077
f 876/1981/1077 885/1998/1077 2623/3100/1077
f 2631/3093/1076 3190/1984/1076 3189/1983/1076
f 876/1981/1076 2623/3100/1076 2622/3101/1076
f 2619/3097/1077 2631/3093/1077 3189/1983/1077
f 876/1981/1076 2622/3101/1076 2619/3097/1076
f 873/1986/1077 876/1981/1077 2619/3097/1077
f 2619/3097/1076 3189/1983/1076 3191/1985/1076
f 3191/1985/1076 873/1986/1076 2619/3097/1076
f 957/2097/1076 953/2099/1076 956/2098/1076
f 959/2100/1077 957/2097/1077 956/2098/1077
f 978/2101/1077 959/2100/1077 956/2098/1077
f 973/2102/1076 976/2103/1076 978/2101/1076
f 3311/2104/1076 969/2106/1076 972/2105/1076
f 947/2053/1076 950/2108/1076 3308/2107/1076
f 2682/2109/1076 4017/2110/1076 947/2053/1076
f 2683/2111/1076 2682/2109/1076 947/2053/1076
f 2675/2112/1076 2674/2113/1076 2683/2111/1076
f 2685/2114/1076 2675/2112/1076 2683/2111/1076
f 2690/2115/1076 2685/2114/1076 2683/2111/1076
f 2691/2116/1076 2690/2115/1076 2683/2111/1076
f 4017/2110/1076 2682/2109/1076 2687/2117/1076
f 956/2098/1076 4017/2110/1076 2687/2117/1076
f 2683/2111/1076 947/2053/1076 3308/2107/1076
f 956/2098/1076 2687/2117/1076 2679/2118/1076
f 2683/2111/1076 3308/2107/1076 3307/2119/1076
f 978/2101/1076 956/2098/1076 2679/2118/1076
f 2683/2111/1076 3307/2119/1076 3309/2120/1076
f 978/2101/1076 2679/2118/1076 2678/2121/1076
f 2691/2116/1076 2683/2111/1076 3309/2120/1076
f 978/2101/1076 2678/2121/1076 2694/2122/1076
f 2691/2116/1076 3309/2120/1076 3310/2123/1076
f 2696/2124/1077 2691/2116/1077 3310/2123/1077
f 978/2101/1076 2694/2122/1076 2700/2125/1076
f 973/2102/1076 978/2101/1076 2700/2125/1076
f 2696/2124/1076 3310/2123/1076 3311/2104/1076
f 973/2102/1077 2700/2125/1077 2697/2126/1077
f 2696/2124/1076 3311/2104/1076 972/2105/1076
f 973/2102/1076 2697/2126/1076 2696/2124/1076
f 972/2105/1076 973/2102/1076 2696/2124/1076
f 1057/2239/1076 1049/2235/1076 1052/2236/1076
f 1014/2244/1077 1057/2239/1077 1052/2236/1077
f 1019/2258/1076 1011/2315/1076 1014/2244/1076
f 1025/2290/1076 1019/2258/1076 1014/2244/1076
f 2702/3102/1076 4018/3103/1076 1039/2183/1076
f 2703/3104/1076 2702/3102/1076 1039/2183/1076
f 2712/3105/1077 2709/3106/1077 2703/3104/1077
f 2713/3107/1076 2712/3105/1076 2703/3104/1076
f 2727/3108/1076 2713/3107/1076 2703/3104/1076
f 2718/3109/1076 2726/3110/1076 2727/3108/1076
f 4018/3103/1076 2702/3102/1076 2706/3111/1076
f 1052/2236/1077 4018/3103/1077 2706/3111/1077
f 2703/3104/1077 1039/2183/1077 1037/2246/1077
f 1052/2236/1076 2706/3111/1076 2708/3112/1076
f 1014/2244/1076 1052/2236/1076 2708/3112/1076
f 2703/3104/1076 1037/2246/1076 1035/2247/1076
f 1014/2244/1076 2708/3112/1076 2716/3113/1076
f 2727/3108/1077 2703/3104/1077 1035/2247/1077
f 1014/2244/1076 2716/3113/1076 2723/3114/1076
f 2727/3108/1076 1035/2247/1076 1033/2248/1076
f 1014/2244/1076 2723/3114/1076 2721/3115/1076
f 1025/2290/1076 1014/2244/1076 2721/3115/1076
f 2727/3108/1076 1033/2248/1076 1031/2249/1076
f 1025/2290/1076 2721/3115/1076 2719/3116/1076
f 2727/3108/1076 1031/2249/1076 1027/2250/1076
f 2718/3109/1076 2727/3108/1076 1027/2250/1076
f 1025/2290/1076 2719/3116/1076 2718/3109/1076
f 1030/2252/1076 1025/2290/1076 2718/3109/1076
f 2718/3109/1076 1027/2250/1076 1030/2252/1076
f 1081/2191/1076 1079/2188/1076 1063/2187/1076
f 1083/2185/1076 1081/2191/1076 1063/2187/1076
f 956/2098/1076 1083/2185/1076 1063/2187/1076
f 2634/3118/1076 4019/3127/1076 1066/2050/1076
f 2635/3125/1076 2634/3118/1076 1066/2050/1076
f 2643/3126/1077 2642/3124/1077 2635/3125/1077
f 2645/3123/1076 2643/3126/1076 2635/3125/1076
f 2647/3122/1076 2645/3123/1076 2635/3125/1076
f 4019/3127/1076 2634/3118/1076 2639/3119/1076
f 1063/2187/1076 4019/3127/1076 2639/3119/1076
f 2635/3125/1076 1066/2050/1076 1077/2051/1076
f 1063/2187/1076 2639/3119/1076 2638/3117/1076
f 2635/3125/1076 1077/2051/1076 1073/2049/1076
f 2647/3122/1076 2635/3125/1076 1073/2049/1076
f 956/2098/1076 1063/2187/1076 2638/3117/1076
f 2647/3122/1076 1073/2049/1076 1069/2052/1076
f 956/2098/1076 2638/3117/1076 2652/3120/1076
f 2647/3122/1076 1069/2052/1076 947/2053/1076
f 956/2098/1076 2652/3120/1076 2649/3121/1076
f 2647/3122/1076 947/2053/1076 956/2098/1076
f 2649/3121/1077 2647/3122/1077 956/2098/1077
f 1129/2232/1076 1135/2242/1076 1114/2228/1076
f 1123/2231/1076 1129/2232/1076 1114/2228/1076
f 2663/3129/1076 4020/3130/1076 1117/2181/1076
f 2658/3131/1076 2663/3129/1076 1117/2181/1076
f 2667/3132/1076 2659/3133/1076 2658/3131/1076
f 2669/3134/1076 2667/3132/1076 2658/3131/1076
f 2672/3135/1076 2669/3134/1076 2658/3131/1076
f 4020/3130/1076 2663/3129/1076 2662/3136/1076
f 1114/2228/1076 4020/3130/1076 2662/3136/1076
f 1123/2231/1076 1114/2228/1076 2662/3136/1076
f 2658/3131/1076 1117/2181/1076 3299/2180/1076
f 1123/2231/1076 2662/3136/1076 2665/3137/1076
f 2658/3131/1076 3299/2180/1076 3298/2179/1076
f 1123/2231/1076 2665/3137/1076 2655/3138/1076
f 1052/2236/1076 1123/2231/1076 2655/3138/1076
f 2672/3135/1077 2658/3131/1077 3298/2179/1077
f 1052/2236/1077 2655/3138/1077 2654/3139/1077
f 2672/3135/1077 3298/2179/1077 3300/2182/1077
f 1052/2236/1076 2654/3139/1076 2672/3135/1076
f 1039/2183/1076 1052/2236/1076 2672/3135/1076
f 2672/3135/1076 3300/2182/1076 1039/2183/1076
f 2744/3147/1076 4021/3156/1076 972/2105/1076
f 2742/3154/1076 2744/3147/1076 972/2105/1076
f 2738/3155/1076 2742/3154/1076 972/2105/1076
f 2730/3153/1076 2739/3152/1076 2738/3155/1076
f 4021/3156/1076 2744/3147/1076 2746/3148/1076
f 973/2102/1076 4021/3156/1076 2746/3148/1076
f 1281/2326/1076 1283/2325/1076 973/2102/1076
f 1279/2323/1076 1281/2326/1076 973/2102/1076
f 1265/2324/1076 1279/2323/1076 973/2102/1076
f 2738/3155/1076 972/2105/1076 1269/2275/1076
f 973/2102/1076 2746/3148/1076 2747/3146/1076
f 2738/3155/1076 1269/2275/1076 1273/2277/1076
f 2730/3153/1076 2738/3155/1076 1273/2277/1076
f 973/2102/1076 2747/3146/1076 2735/3149/1076
f 2730/3153/1076 1273/2277/1076 1277/2278/1076
f 1265/2324/1076 973/2102/1076 2735/3149/1076
f 2730/3153/1076 1277/2278/1076 1262/2279/1076
f 1265/2324/1076 2735/3149/1076 2734/3150/1076
f 2730/3153/1076 1262/2279/1076 1265/2324/1076
f 2731/3151/1076 2730/3153/1076 1265/2324/1076
f 1265/2324/1076 2734/3150/1076 2731/3151/1076
f 2767/3157/1076 4022/3158/1076 1030/2252/1076
f 2766/3159/1077 2767/3157/1077 1030/2252/1077
f 2764/3160/1076 2766/3159/1076 1030/2252/1076
f 2755/3161/1077 2754/3162/1077 2764/3160/1077
f 4022/3158/1076 2767/3157/1076 2751/3163/1076
f 1025/2290/1076 4022/3158/1076 2751/3163/1076
f 1331/2336/1076 1308/2289/1076 1025/2290/1076
f 1326/2334/1076 1331/2336/1076 1025/2290/1076
f 2764/3160/1076 1030/2252/1076 3338/2319/1076
f 1025/2290/1077 2751/3163/1077 2750/3164/1077
f 2764/3160/1076 3338/2319/1076 3339/2320/1076
f 1025/2290/1076 2750/3164/1076 2762/3165/1076
f 1326/2334/1077 1025/2290/1077 2762/3165/1077
f 2764/3160/1076 3339/2320/1076 3340/2321/1076
f 2755/3161/1076 2764/3160/1076 3340/2321/1076
f 1326/2334/1077 2762/3165/1077 2759/3166/1077
f 1317/2317/1077 1326/2334/1077 2759/3166/1077
f 2755/3161/1076 3340/2321/1076 1314/2322/1076
f 1317/2317/1076 2759/3166/1076 2758/3167/1076
f 2755/3161/1076 1314/2322/1076 1317/2317/1076
f 2758/3167/1076 2755/3161/1076 1317/2317/1076
f 1414/2478/1076 1410/2480/1076 1413/2479/1076
f 1416/2481/1077 1414/2478/1077 1413/2479/1077
f 1435/2482/1077 1416/2481/1077 1413/2479/1077
f 1430/2483/1076 1433/2484/1076 1435/2482/1076
f 4023/2485/1076 1429/2486/1076 1430/2483/1076
f 2832/2487/1076 4023/2485/1076 1430/2483/1076
f 2833/2488/1076 2832/2487/1076 1430/2483/1076
f 2811/2489/1076 2810/2491/1076 2819/2490/1076
f 2821/2492/1076 2811/2489/1076 2819/2490/1076
f 2826/2493/1076 2821/2492/1076 2819/2490/1076
f 2827/2494/1076 2826/2493/1076 2819/2490/1076
f 4023/2485/1077 2832/2487/1077 2827/2494/1077
f 1426/2495/1077 4023/2485/1077 2827/2494/1077
f 3454/2496/1077 1426/2495/1077 2827/2494/1077
f 1404/2415/1076 1407/2498/1076 3450/2497/1076
f 2833/2488/1076 1430/2483/1076 1435/2482/1076
f 2836/2499/1076 2833/2488/1076 1435/2482/1076
f 3453/2500/1076 3454/2496/1076 2827/2494/1076
f 2830/2501/1076 2836/2499/1076 1435/2482/1076
f 3452/2502/1076 3453/2500/1076 2827/2494/1076
f 2814/2503/1077 2830/2501/1077 1435/2482/1077
f 3452/2502/1076 2827/2494/1076 2819/2490/1076
f 2815/2504/1076 2814/2503/1076 1435/2482/1076
f 3451/2505/1076 3452/2502/1076 2819/2490/1076
f 2815/2504/1076 1435/2482/1076 1413/2479/1076
f 3450/2497/1076 3451/2505/1076 2819/2490/1076
f 2823/2506/1076 2815/2504/1076 1413/2479/1076
f 1404/2415/1076 3450/2497/1076 2819/2490/1076
f 2818/2507/1077 2823/2506/1077 1413/2479/1077
f 1404/2415/1076 2819/2490/1076 2818/2507/1076
f 1413/2479/1076 1404/2415/1076 2818/2507/1076
f 2839/3169/1076 4024/3170/1076 1494/2626/1076
f 2845/3171/1076 2839/3169/1076 1494/2626/1076
f 2848/3172/1077 2845/3171/1077 1494/2626/1077
f 2849/3173/1077 2848/3172/1077 1494/2626/1077
f 2862/3174/1076 2863/3175/1076 2849/3173/1076
f 2854/3176/1076 2862/3174/1076 2849/3173/1076
f 4024/3170/1076 2839/3169/1076 2838/3177/1076
f 1496/2566/1076 4024/3170/1076 2838/3177/1076
f 1509/2616/1076 1496/2566/1076 2838/3177/1076
f 1514/2619/1076 1506/2615/1076 1509/2616/1076
f 1471/2624/1077 1514/2619/1077 1509/2616/1077
f 1476/2607/1076 1468/2681/1076 1471/2624/1076
f 1482/2608/1076 1476/2607/1076 1471/2624/1076
f 2849/3173/1076 1494/2626/1076 1492/2627/1076
f 1509/2616/1076 2838/3177/1076 2842/3178/1076
f 2849/3173/1076 1492/2627/1076 1490/2628/1076
f 1509/2616/1076 2842/3178/1076 2844/3179/1076
f 1471/2624/1076 1509/2616/1076 2844/3179/1076
f 2849/3173/1076 1490/2628/1076 1488/2629/1076
f 1471/2624/1076 2844/3179/1076 2852/3180/1076
f 2849/3173/1077 1488/2629/1077 1484/2631/1077
f 2854/3176/1076 2849/3173/1076 1484/2631/1076
f 1471/2624/1076 2852/3180/1076 2859/3181/1076
f 2854/3176/1076 1484/2631/1076 1487/2630/1076
f 1471/2624/1076 2859/3181/1076 2857/3182/1076
f 1482/2608/1076 1471/2624/1076 2857/3182/1076
f 2854/3176/1076 1487/2630/1076 1482/2608/1076
f 2855/3183/1076 2854/3176/1076 1482/2608/1076
f 1482/2608/1076 2857/3182/1076 2855/3183/1076
f 1538/2572/1076 1536/2569/1076 1520/2562/1076
f 1540/2567/1076 1538/2572/1076 1520/2562/1076
f 1413/2479/1076 1540/2567/1076 1520/2562/1076
f 2771/3185/1076 4025/3194/1076 1534/2409/1076
f 2778/3192/1076 2771/3185/1076 1534/2409/1076
f 2779/3193/1076 2778/3192/1076 1534/2409/1076
f 2781/3190/1076 2779/3193/1076 1534/2409/1076
f 2783/3191/1076 2781/3190/1076 1534/2409/1076
f 4025/3194/1076 2771/3185/1076 2770/3186/1076
f 1523/2411/1076 4025/3194/1076 2770/3186/1076
f 1520/2562/1076 1523/2411/1076 2770/3186/1076
f 2783/3191/1076 1534/2409/1076 1530/2412/1076
f 1520/2562/1076 2770/3186/1076 2775/3184/1076
f 2783/3191/1076 1530/2412/1076 1526/2413/1076
f 1520/2562/1076 2775/3184/1076 2774/3187/1076
f 2783/3191/1076 1526/2413/1076 1404/2415/1076
f 1413/2479/1076 1520/2562/1076 2774/3187/1076
f 2783/3191/1076 1404/2415/1076 1413/2479/1076
f 2785/3189/1077 2783/3191/1077 1413/2479/1077
f 1413/2479/1076 2774/3187/1076 2788/3188/1076
f 2788/3188/1076 2785/3189/1076 1413/2479/1076
f 1586/2612/1076 1592/2622/1076 1571/2606/1076
f 1580/2611/1076 1586/2612/1076 1571/2606/1076
f 2794/3196/1076 4026/3197/1076 3444/2560/1076
f 2795/3198/1077 2794/3196/1077 3444/2560/1077
f 2803/3199/1077 2795/3198/1077 3444/2560/1077
f 2805/3200/1076 2803/3199/1076 3444/2560/1076
f 4026/3197/1077 2794/3196/1077 2799/3201/1077
f 1574/2561/1076 4026/3197/1076 2799/3201/1076
f 1571/2606/1076 1574/2561/1076 2799/3201/1076
f 2805/3200/1076 3444/2560/1076 3445/2563/1076
f 1571/2606/1076 2799/3201/1076 2798/3202/1076
f 2805/3200/1077 3445/2563/1077 3446/2564/1077
f 2808/3203/1076 2805/3200/1076 3446/2564/1076
f 1571/2606/1076 2798/3202/1076 2801/3204/1076
f 1580/2611/1076 1571/2606/1076 2801/3204/1076
f 2808/3203/1076 3446/2564/1076 1496/2566/1076
f 1580/2611/1076 2801/3204/1076 2791/3205/1076
f 1509/2616/1076 1580/2611/1076 2791/3205/1076
f 2808/3203/1076 1496/2566/1076 1509/2616/1076
f 2790/3206/1076 2808/3203/1076 1509/2616/1076
f 1509/2616/1077 2791/3205/1077 2790/3206/1077
f 2866/3215/1076 4027/3217/1076 1706/2658/1076
f 2867/3213/1076 2866/3215/1076 1706/2658/1076
f 2874/3216/1076 2878/3208/1076 2880/3209/1076
f 2875/3214/1076 2874/3216/1076 2880/3209/1076
f 2866/3215/1076 2875/3214/1076 2880/3209/1076
f 1721/2657/1076 4027/3217/1076 2866/3215/1076
f 1725/2689/1076 1727/2684/1076 1430/2483/1076
f 1723/2688/1076 1725/2689/1076 1430/2483/1076
f 1709/2065/1076 1723/2688/1076 1430/2483/1076
f 2867/3213/1076 1706/2658/1076 1709/2065/1076
f 1721/2657/1076 2866/3215/1076 2880/3209/1076
f 1717/2656/1076 1721/2657/1076 2880/3209/1076
f 2870/3212/1076 2867/3213/1076 1709/2065/1076
f 1713/2654/1076 1717/2656/1076 2880/3209/1076
f 2871/3211/1076 2870/3212/1076 1709/2065/1076
f 1429/2486/1076 1713/2654/1076 2880/3209/1076
f 2871/3211/1076 1709/2065/1076 1430/2483/1076
f 1429/2486/1076 2880/3209/1076 2882/3207/1076
f 1430/2483/1076 1429/2486/1076 2882/3207/1076
f 2883/3210/1076 2871/3211/1076 1430/2483/1076
f 1430/2483/1076 2882/3207/1076 2883/3210/1076
f 2891/3218/1077 4028/3219/1077 1756/2064/1077
f 2894/3220/1076 2891/3218/1076 1756/2064/1076
f 2900/3221/1076 2902/3223/1076 2903/3222/1076
f 2890/3224/1077 2900/3221/1077 2903/3222/1077
f 2891/3218/1076 2890/3224/1076 2903/3222/1076
f 3475/2687/1076 4028/3219/1076 2891/3218/1076
f 1769/2574/1076 1750/2196/1076 1482/2608/1076
f 1764/2666/1076 1769/2574/1076 1482/2608/1076
f 2894/3220/1076 1756/2064/1076 1758/2193/1076
f 3474/2686/1076 3475/2687/1076 2891/3218/1076
f 2894/3220/1077 1758/2193/1077 1764/2666/1077
f 2895/3225/1076 2894/3220/1076 1764/2666/1076
f 3474/2686/1076 2891/3218/1076 2903/3222/1076
f 2898/3226/1077 2895/3225/1077 1764/2666/1077
f 3473/2685/1076 3474/2686/1076 2903/3222/1076
f 2898/3226/1077 1764/2666/1077 1482/2608/1077
f 2886/3227/1076 2898/3226/1076 1482/2608/1076
f 1487/2630/1076 3473/2685/1076 2903/3222/1076
f 2887/3228/1077 2886/3227/1077 1482/2608/1077
f 1487/2630/1076 2903/3222/1076 2887/3228/1076
f 1482/2608/1076 1487/2630/1076 2887/3228/1076
usemtl CEIL3_5
f 110/1291/1077 109/1439/1077 2028/1438/1077
f 1800/1289/1076 110/1291/1076 2028/1438/1076
f 104/1440/1076 103/1285/1076 1784/1286/1076
f 2000/1441/1076 104/1440/1076 1784/1286/1076
f 2004/1442/1076 2000/1441/1076 1784/1286/1076
f 2008/1443/1076 2004/1442/1076 1784/1286/1076
f 2012/1444/1076 2008/1443/1076 1784/1286/1076
f 2016/1445/1076 2012/1444/1076 1784/1286/1076
f 2020/1446/1076 2016/1445/1076 1784/1286/1076
f 2048/1447/1076 2020/1446/1076 1784/1286/1076
f 2044/1448/1076 2048/1447/1076 1784/1286/1076
f 2040/1449/1077 2044/1448/1077 1784/1286/1077
f 2036/1450/1077 2040/1449/1077 1784/1286/1077
f 2032/1451/1076 2036/1450/1076 1784/1286/1076
f 1800/1289/1076 2028/1438/1076 2032/1451/1076
f 1796/1290/1076 1800/1289/1076 2032/1451/1076
f 2032/1451/1076 1784/1286/1076 1788/1287/1076
f 1792/1288/1076 1796/1290/1076 2032/1451/1076
f 2032/1451/1076 1788/1287/1076 1792/1288/1076
f 105/1291/1078 2025/1438/1078 106/1439/1078
f 1797/1289/1078 2025/1438/1078 105/1291/1078
f 99/1440/1078 1781/1286/1078 100/1285/1078
f 1997/1441/1078 1781/1286/1078 99/1440/1078
f 2001/1442/1078 1781/1286/1078 1997/1441/1078
f 2005/1443/1078 1781/1286/1078 2001/1442/1078
f 2009/1444/1078 1781/1286/1078 2005/1443/1078
f 2013/1445/1078 1781/1286/1078 2009/1444/1078
f 2017/1446/1078 1781/1286/1078 2013/1445/1078
f 2045/1447/1078 1781/1286/1078 2017/1446/1078
f 2041/1448/1078 1781/1286/1078 2045/1447/1078
f 2037/1449/1078 1781/1286/1078 2041/1448/1078
f 2033/1450/1092 1781/1286/1092 2037/1449/1092
f 2029/1451/1092 1781/1286/1092 2033/1450/1092
f 1797/1289/1078 2029/1451/1078 2025/1438/1078
f 1793/1290/1078 2029/1451/1078 1797/1289/1078
f 2029/1451/1078 1785/1287/1078 1781/1286/1078
f 1789/1288/1078 2029/1451/1078 1793/1290/1078
f 2029/1451/1078 1789/1288/1078 1785/1287/1078
f 2076/1642/1076 2024/1644/1076 2052/1643/1076
f 462/1645/1076 461/1647/1076 2064/1646/1076
f 2068/1648/1076 462/1645/1076 2064/1646/1076
f 2076/1642/1076 2052/1643/1076 2092/1649/1076
f 2080/1650/1076 2076/1642/1076 2092/1649/1076
f 2068/1648/1076 2064/1646/1076 2084/1651/1076
f 2072/1652/1076 2068/1648/1076 2084/1651/1076
f 2080/1650/1076 2092/1649/1076 2088/1653/1076
f 2084/1651/1076 2080/1650/1076 2088/1653/1076
f 2072/1652/1076 2084/1651/1076 2088/1653/1076
f 2073/1642/1078 2049/1643/1078 2021/1644/1078
f 455/1645/1078 2061/1646/1078 456/1647/1078
f 2065/1648/1078 2061/1646/1078 455/1645/1078
f 2073/1642/1078 2089/1649/1078 2049/1643/1078
f 2077/1650/1078 2089/1649/1078 2073/1642/1078
f 2065/1648/1078 2081/1651/1078 2061/1646/1078
f 2069/1652/1078 2081/1651/1078 2065/1648/1078
f 2077/1650/1078 2085/1653/1078 2089/1649/1078
f 2081/1651/1078 2085/1653/1078 2077/1650/1078
f 2069/1652/1078 2085/1653/1078 2081/1651/1078
f 2111/1728/1076 504/1730/1076 503/1729/1076
f 2103/1731/1076 2132/1733/1076 2128/1732/1076
f 2104/1734/1076 2103/1731/1076 2128/1732/1076
f 2111/1728/1076 503/1729/1076 2096/1735/1076
f 2112/1736/1076 2111/1728/1076 2096/1735/1076
f 2104/1734/1076 2128/1732/1076 2124/1737/1076
f 2116/1738/1076 2104/1734/1076 2124/1737/1076
f 2112/1736/1076 2096/1735/1076 2120/1739/1076
f 2124/1737/1076 2112/1736/1076 2120/1739/1076
f 2116/1738/1076 2124/1737/1076 2120/1739/1076
f 2106/1728/1078 498/1729/1078 497/1730/1078
f 2098/1731/1078 2125/1732/1078 2129/1733/1078
f 2097/1734/1078 2125/1732/1078 2098/1731/1078
f 2106/1728/1078 2093/1735/1078 498/1729/1078
f 2105/1736/1078 2093/1735/1078 2106/1728/1078
f 2097/1734/1078 2121/1737/1078 2125/1732/1078
f 2113/1738/1078 2121/1737/1078 2097/1734/1078
f 2105/1736/1078 2117/1739/1078 2093/1735/1078
f 2121/1737/1078 2117/1739/1078 2105/1736/1078
f 2113/1738/1078 2117/1739/1078 2121/1737/1078
f 2152/1831/1076 2140/1833/1076 2139/1832/1076
f 2156/1834/1077 2152/1831/1077 2139/1832/1077
f 2160/1835/1076 2156/1834/1076 2139/1832/1076
f 2164/1836/1076 2160/1835/1076 2139/1832/1076
f 561/1837/1076 2164/1836/1076 2139/1832/1076
f 562/1657/1077 561/1837/1077 2139/1832/1077
f 1843/1654/1076 562/1657/1076 2139/1832/1076
f 568/1838/1076 567/1664/1076 1855/1665/1076
f 2148/1839/1076 568/1838/1076 1855/1665/1076
f 2168/1840/1076 2148/1839/1076 1855/1665/1076
f 2172/1841/1076 2168/1840/1076 1855/1665/1076
f 2176/1842/1076 2172/1841/1076 1855/1665/1076
f 2180/1843/1076 2176/1842/1076 1855/1665/1076
f 2144/1844/1076 2180/1843/1076 1855/1665/1076
f 2139/1832/1076 2144/1844/1076 1855/1665/1076
f 1860/1655/1076 1843/1654/1076 2139/1832/1076
f 2139/1832/1076 1855/1665/1076 1851/1666/1076
f 1850/1656/1076 1860/1655/1076 2139/1832/1076
f 2139/1832/1076 1851/1666/1076 1850/1656/1076
f 2149/1831/1078 2134/1832/1078 2133/1833/1078
f 2153/1834/1078 2134/1832/1078 2149/1831/1078
f 2157/1835/1078 2134/1832/1078 2153/1834/1078
f 2161/1836/1078 2134/1832/1078 2157/1835/1078
f 558/1837/1078 2134/1832/1078 2161/1836/1078
f 557/1657/1078 2134/1832/1078 558/1837/1078
f 1842/1654/1078 2134/1832/1078 557/1657/1078
f 563/1838/1078 1854/1665/1078 564/1664/1078
f 2145/1839/1078 1854/1665/1078 563/1838/1078
f 2165/1840/1078 1854/1665/1078 2145/1839/1078
f 2169/1841/1078 1854/1665/1078 2165/1840/1078
f 2173/1842/1078 1854/1665/1078 2169/1841/1078
f 2177/1843/1078 1854/1665/1078 2173/1842/1078
f 2141/1844/1078 1854/1665/1078 2177/1843/1078
f 2134/1832/1078 1854/1665/1078 2141/1844/1078
f 1857/1655/1078 2134/1832/1078 1842/1654/1078
f 2134/1832/1092 1848/1666/1092 1854/1665/1092
f 1845/1656/1092 2134/1832/1092 1857/1655/1092
f 2134/1832/1078 1845/1656/1078 1848/1666/1078
f 2226/2159/1076 2222/2161/1076 2202/2160/1076
f 2230/2162/1076 2226/2159/1076 2202/2160/1076
f 2234/2163/1076 2230/2162/1076 2202/2160/1076
f 2197/2164/1076 2234/2163/1076 2202/2160/1076
f 2189/2165/1076 2197/2164/1076 2202/2160/1076
f 2190/2166/1076 2189/2165/1076 2202/2160/1076
f 2206/2167/1076 2190/2166/1076 2202/2160/1076
f 2210/2168/1076 2206/2167/1076 2202/2160/1076
f 2214/2169/1076 2210/2168/1076 2202/2160/1076
f 2218/2170/1076 2214/2169/1076 2202/2160/1076
f 995/2171/1076 2218/2170/1076 2202/2160/1076
f 1897/2007/1076 996/2009/1076 995/2171/1076
f 1002/2172/1076 1001/2003/1076 1909/2002/1076
f 2202/2160/1076 1002/2172/1076 1909/2002/1076
f 1914/2008/1076 1897/2007/1076 995/2171/1076
f 2202/2160/1076 1909/2002/1076 1905/2005/1076
f 1914/2008/1076 995/2171/1076 2202/2160/1076
f 1904/2006/1076 1914/2008/1076 2202/2160/1076
f 2202/2160/1076 1905/2005/1076 1904/2006/1076
f 2223/2159/1078 2199/2160/1078 2219/2161/1078
f 2227/2162/1078 2199/2160/1078 2223/2159/1078
f 2231/2163/1078 2199/2160/1078 2227/2162/1078
f 2192/2164/1078 2199/2160/1078 2231/2163/1078
f 2184/2165/1078 2199/2160/1078 2192/2164/1078
f 2183/2166/1078 2199/2160/1078 2184/2165/1078
f 2203/2167/1078 2199/2160/1078 2183/2166/1078
f 2207/2168/1078 2199/2160/1078 2203/2167/1078
f 2211/2169/1078 2199/2160/1078 2207/2168/1078
f 2215/2170/1078 2199/2160/1078 2211/2169/1078
f 992/2171/1078 2199/2160/1078 2215/2170/1078
f 1896/2007/1078 992/2171/1078 991/2009/1078
f 997/2172/1078 1908/2002/1078 998/2003/1078
f 2199/2160/1078 1908/2002/1078 997/2172/1078
f 1911/2008/1078 992/2171/1078 1896/2007/1078
f 2199/2160/1078 1902/2005/1078 1908/2002/1078
f 1911/2008/1078 2199/2160/1078 992/2171/1078
f 1899/2006/1078 2199/2160/1078 1911/2008/1078
f 2199/2160/1078 1899/2006/1078 1902/2005/1078
f 1353/2352/1076 1352/2354/1076 2244/2353/1076
f 2255/2355/1076 1353/2352/1076 2244/2353/1076
f 2198/2356/1076 2238/2358/1076 2272/2357/1076
f 2248/2359/1076 2198/2356/1076 2272/2357/1076
f 2255/2355/1076 2244/2353/1076 2264/2360/1076
f 2256/2361/1076 2255/2355/1076 2264/2360/1076
f 2248/2359/1076 2272/2357/1076 2268/2362/1076
f 2260/2363/1076 2248/2359/1076 2268/2362/1076
f 2256/2361/1076 2264/2360/1076 2260/2363/1076
f 2268/2362/1076 2256/2361/1076 2260/2363/1076
f 1346/2352/1078 2241/2353/1078 1347/2354/1078
f 2250/2355/1078 2241/2353/1078 1346/2352/1078
f 2191/2356/1078 2269/2357/1078 2235/2358/1078
f 2245/2359/1078 2269/2357/1078 2191/2356/1078
f 2250/2355/1078 2261/2360/1078 2241/2353/1078
f 2249/2361/1078 2261/2360/1078 2250/2355/1078
f 2245/2359/1078 2265/2362/1078 2269/2357/1078
f 2257/2363/1078 2265/2362/1078 2245/2359/1078
f 2249/2361/1078 2257/2363/1078 2261/2360/1078
f 2265/2362/1078 2257/2363/1078 2249/2361/1078
f 2304/2436/1076 2308/2438/1076 2280/2437/1076
f 1395/2439/1076 1394/2441/1076 2284/2440/1076
f 2312/2442/1076 1395/2439/1076 2284/2440/1076
f 2304/2436/1076 2280/2437/1076 2279/2443/1076
f 2300/2444/1076 2304/2436/1076 2279/2443/1076
f 2312/2442/1076 2284/2440/1076 2296/2445/1076
f 2292/2446/1076 2312/2442/1076 2296/2445/1076
f 2300/2444/1076 2279/2443/1076 2288/2447/1076
f 2296/2445/1076 2300/2444/1076 2288/2447/1076
f 2292/2446/1076 2296/2445/1076 2288/2447/1076
f 2301/2436/1078 2273/2437/1078 2305/2438/1078
f 1388/2439/1078 2281/2440/1078 1389/2441/1078
f 2309/2442/1078 2281/2440/1078 1388/2439/1078
f 2301/2436/1078 2274/2443/1078 2273/2437/1078
f 2297/2444/1078 2274/2443/1078 2301/2436/1078
f 2309/2442/1078 2293/2445/1078 2281/2440/1078
f 2289/2446/1078 2293/2445/1078 2309/2442/1078
f 2297/2444/1078 2285/2447/1078 2274/2443/1078
f 2293/2445/1078 2285/2447/1078 2297/2444/1078
f 2289/2446/1078 2285/2447/1078 2293/2445/1078
f 1459/2540/1076 1458/2364/1076 1963/2367/1076
f 2328/2541/1076 1459/2540/1076 1963/2367/1076
f 2348/2542/1076 2328/2541/1076 1963/2367/1076
f 2352/2543/1076 2348/2542/1076 1963/2367/1076
f 2356/2544/1076 2352/2543/1076 1963/2367/1076
f 2360/2545/1076 2356/2544/1076 1963/2367/1076
f 2324/2546/1076 2360/2545/1076 1963/2367/1076
f 2319/2547/1076 2324/2546/1076 1963/2367/1076
f 2320/2548/1076 2319/2547/1076 1963/2367/1076
f 2332/2549/1077 2320/2548/1077 1963/2367/1077
f 2336/2550/1077 2332/2549/1077 1963/2367/1077
f 2340/2551/1076 2336/2550/1076 1963/2367/1076
f 1452/2552/1076 2344/2553/1076 2340/2551/1076
f 1453/2372/1076 1452/2552/1076 2340/2551/1076
f 1951/2371/1076 1453/2372/1076 2340/2551/1076
f 2340/2551/1076 1963/2367/1076 1959/2368/1076
f 1968/2369/1076 1951/2371/1076 2340/2551/1076
f 2340/2551/1076 1959/2368/1076 1958/2370/1076
f 1958/2370/1076 1968/2369/1076 2340/2551/1076
f 1454/2540/1078 1962/2367/1078 1455/2364/1078
f 2325/2541/1078 1962/2367/1078 1454/2540/1078
f 2345/2542/1078 1962/2367/1078 2325/2541/1078
f 2349/2543/1078 1962/2367/1078 2345/2542/1078
f 2353/2544/1078 1962/2367/1078 2349/2543/1078
f 2357/2545/1078 1962/2367/1078 2353/2544/1078
f 2321/2546/1078 1962/2367/1078 2357/2545/1078
f 2314/2547/1078 1962/2367/1078 2321/2546/1078
f 2313/2548/1078 1962/2367/1078 2314/2547/1078
f 2329/2549/1078 1962/2367/1078 2313/2548/1078
f 2333/2550/1092 1962/2367/1092 2329/2549/1092
f 2337/2551/1092 1962/2367/1092 2333/2550/1092
f 1449/2552/1078 2337/2551/1078 2341/2553/1078
f 1448/2372/1078 2337/2551/1078 1449/2552/1078
f 1950/2371/1078 2337/2551/1078 1448/2372/1078
f 2337/2551/1078 1956/2368/1078 1962/2367/1078
f 1965/2369/1078 2337/2551/1078 1950/2371/1078
f 2337/2551/1078 1953/2370/1078 1956/2368/1078
f 1953/2370/1078 2337/2551/1078 1965/2369/1078
usemtl FLOOR5_3
f 2361/2989/1076 2364/2991/1076 2369/2990/1076
f 2368/2992/1076 2361/2989/1076 2369/2990/1076
f 2365/2993/1076 2368/2992/1076 2369/2990/1076
f 2379/2994/1076 2365/2993/1076 2369/2990/1076
f 2378/2995/1076 2379/2994/1076 2369/2990/1076
f 2374/2996/1076 2376/2997/1076 2378/2995/1076
f 2378/2995/1076 2369/2990/1076 2372/2998/1076
f 2372/2998/1076 2374/2996/1076 2378/2995/1076
f 2392/3011/1076 2385/3005/1076 2388/3006/1076
f 2389/3010/1077 2392/3011/1077 2388/3006/1077
f 2394/3009/1076 2389/3010/1076 2388/3006/1076
f 2384/3008/1076 2394/3009/1076 2388/3006/1076
f 2381/3003/1076 2384/3008/1076 2388/3006/1076
f 2398/3007/1076 2399/3001/1076 2381/3003/1076
f 2381/3003/1076 2388/3006/1076 2396/3004/1076
f 2396/3004/1076 2398/3007/1076 2381/3003/1076
f 2420/1381/1076 2423/1382/1076 2426/1372/1076
f 2408/1401/1077 2410/1377/1077 2412/1378/1077
f 2406/1399/1076 2408/1401/1076 2412/1378/1076
f 2404/1397/1077 2406/1399/1077 2412/1378/1077
f 2401/1395/1076 2404/1397/1076 2412/1378/1076
f 2421/1394/1076 2401/1395/1076 2412/1378/1076
f 2427/1375/1076 2421/1394/1076 2412/1378/1076
f 2426/1372/1076 2427/1375/1076 2412/1378/1076
f 2417/1380/1076 2420/1381/1076 2426/1372/1076
f 2426/1372/1076 2412/1378/1076 2414/1376/1076
f 2416/1379/1076 2417/1380/1076 2426/1372/1076
f 2426/1372/1076 2414/1376/1076 2416/1379/1076
f 2453/2983/1076 2445/2982/1076 2448/2974/1076
f 2429/2988/1076 2432/2978/1076 2438/2979/1076
f 2433/2987/1076 2429/2988/1076 2438/2979/1076
f 2435/2986/1076 2433/2987/1076 2438/2979/1076
f 2443/2985/1076 2435/2986/1076 2438/2979/1076
f 2452/2984/1076 2443/2985/1076 2438/2979/1076
f 2450/2976/1076 2452/2984/1076 2438/2979/1076
f 2448/2974/1076 2450/2976/1076 2438/2979/1076
f 2456/2981/1076 2453/2983/1076 2448/2974/1076
f 2448/2974/1077 2438/2979/1077 2439/2977/1077
f 2442/2980/1076 2456/2981/1076 2448/2974/1076
f 2448/2974/1076 2439/2977/1076 2442/2980/1076
f 2468/3018/1076 2457/3020/1076 2460/3019/1076
f 2473/3021/1077 2471/3023/1077 2469/3022/1077
f 2476/3024/1076 2473/3021/1076 2469/3022/1076
f 2464/3025/1076 2476/3024/1076 2469/3022/1076
f 2461/3026/1076 2464/3025/1076 2469/3022/1076
f 2460/3019/1076 2461/3026/1076 2469/3022/1076
f 2465/3027/1076 2468/3018/1076 2460/3019/1076
f 2460/3019/1077 2469/3022/1077 2465/3027/1077
f 2481/3035/1076 2484/3036/1076 2485/3029/1076
f 2480/3039/1076 2496/3033/1076 2493/3034/1076
f 2477/3038/1076 2480/3039/1076 2493/3034/1076
f 2489/3037/1076 2477/3038/1076 2493/3034/1076
f 2488/3031/1076 2489/3037/1076 2493/3034/1076
f 2485/3029/1076 2488/3031/1076 2493/3034/1076
f 2491/3032/1076 2481/3035/1076 2485/3029/1076
f 2485/3029/1077 2493/3034/1077 2491/3032/1077
f 2510/3054/1076 2512/3056/1076 2514/3055/1076
f 2497/3057/1076 2500/3059/1076 2505/3058/1076
f 2504/3060/1076 2497/3057/1076 2505/3058/1076
f 2501/3061/1076 2504/3060/1076 2505/3058/1076
f 2515/3062/1076 2501/3061/1076 2505/3058/1076
f 2514/3055/1076 2515/3062/1076 2505/3058/1076
f 2508/3063/1076 2510/3054/1076 2514/3055/1076
f 2514/3055/1076 2505/3058/1076 2508/3063/1076
f 2534/3072/1076 2535/3073/1076 2517/3066/1076
f 2528/3076/1076 2521/3070/1076 2524/3071/1076
f 2525/3075/1077 2528/3076/1077 2524/3071/1077
f 2530/3074/1076 2525/3075/1076 2524/3071/1076
f 2520/3068/1076 2530/3074/1076 2524/3071/1076
f 2517/3066/1076 2520/3068/1076 2524/3071/1076
f 2532/3069/1076 2534/3072/1076 2517/3066/1076
f 2517/3066/1076 2524/3071/1076 2532/3069/1076
f 2563/1792/1076 2557/1790/1076 2541/1783/1076
f 2562/1794/1076 2563/1792/1076 2541/1783/1076
f 2559/1795/1076 2562/1794/1076 2541/1783/1076
f 2556/1789/1076 2559/1795/1076 2541/1783/1076
f 2545/1793/1077 2548/1785/1077 2537/1786/1077
f 2552/1791/1076 2545/1793/1076 2537/1786/1076
f 2544/1782/1077 2552/1791/1077 2537/1786/1077
f 2541/1783/1076 2544/1782/1076 2537/1786/1076
f 2553/1788/1076 2556/1789/1076 2541/1783/1076
f 2541/1783/1076 2537/1786/1076 2540/1784/1076
f 2550/1787/1076 2553/1788/1076 2541/1783/1076
f 2541/1783/1076 2540/1784/1076 2550/1787/1076
f 2586/3051/1076 2588/3049/1076 2579/3041/1076
f 2584/3053/1076 2586/3051/1076 2579/3041/1076
f 2581/3047/1076 2584/3053/1076 2579/3041/1076
f 2589/3048/1076 2581/3047/1076 2579/3041/1076
f 2565/3052/1076 2568/3043/1076 2574/3044/1076
f 2569/3050/1076 2565/3052/1076 2574/3044/1076
f 2571/3040/1076 2569/3050/1076 2574/3044/1076
f 2579/3041/1076 2571/3040/1076 2574/3044/1076
f 2592/3046/1076 2589/3048/1076 2579/3041/1076
f 2579/3041/1077 2574/3044/1077 2575/3042/1077
f 2578/3045/1077 2592/3046/1077 2579/3041/1077
f 2579/3041/1077 2575/3042/1077 2578/3045/1077
f 2600/3080/1076 2612/3082/1076 2609/3081/1076
f 2597/3083/1076 2600/3080/1076 2609/3081/1076
f 2596/3084/1076 2597/3083/1076 2609/3081/1076
f 2593/3085/1076 2596/3084/1076 2609/3081/1076
f 2604/3086/1076 2593/3085/1076 2609/3081/1076
f 2609/3081/1077 2607/3088/1077 2605/3087/1077
f 2601/3089/1076 2604/3086/1076 2609/3081/1076
f 2609/3081/1076 2605/3087/1076 2601/3089/1076
f 2625/3099/1076 2613/3098/1076 2616/3091/1076
f 2624/3100/1076 2625/3099/1076 2616/3091/1076
f 2621/3101/1076 2624/3100/1076 2616/3091/1076
f 2620/3097/1076 2621/3101/1076 2616/3091/1076
f 2617/3096/1076 2620/3097/1076 2616/3091/1076
f 2616/3091/1076 2632/3093/1076 2629/3095/1076
f 2627/3094/1076 2617/3096/1076 2616/3091/1076
f 2616/3091/1077 2629/3095/1077 2627/3094/1077
f 2637/3117/1076 2640/3119/1076 2633/3118/1076
f 2651/3120/1076 2637/3117/1076 2633/3118/1076
f 2650/3121/1077 2651/3120/1077 2633/3118/1077
f 2648/3122/1076 2650/3121/1076 2633/3118/1076
f 2646/3123/1076 2648/3122/1076 2633/3118/1076
f 2633/3118/1076 2636/3125/1076 2641/3124/1076
f 2644/3126/1076 2646/3123/1076 2633/3118/1076
f 2633/3118/1076 2641/3124/1076 2644/3126/1076
f 2666/3137/1076 2661/3136/1076 2664/3129/1076
f 2656/3138/1076 2666/3137/1076 2664/3129/1076
f 2653/3139/1076 2656/3138/1076 2664/3129/1076
f 2671/3135/1077 2653/3139/1077 2664/3129/1077
f 2670/3134/1076 2671/3135/1076 2664/3129/1076
f 2664/3129/1076 2657/3131/1076 2660/3133/1076
f 2668/3132/1076 2670/3134/1076 2664/3129/1076
f 2664/3129/1077 2660/3133/1077 2668/3132/1077
f 2680/2118/1076 2688/2117/1076 2681/2109/1076
f 2677/2121/1076 2680/2118/1076 2681/2109/1076
f 2693/2122/1076 2677/2121/1076 2681/2109/1076
f 2699/2125/1076 2693/2122/1076 2681/2109/1076
f 2698/2126/1076 2699/2125/1076 2681/2109/1076
f 2695/2124/1076 2698/2126/1076 2681/2109/1076
f 2692/2116/1076 2695/2124/1076 2681/2109/1076
f 2681/2109/1077 2684/2111/1077 2673/2113/1077
f 2689/2115/1076 2692/2116/1076 2681/2109/1076
f 2681/2109/1076 2673/2113/1076 2676/2112/1076
f 2686/2114/1077 2689/2115/1077 2681/2109/1077
f 2681/2109/1077 2676/2112/1077 2686/2114/1077
f 2707/3112/1076 2705/3111/1076 2701/3102/1076
f 2715/3113/1077 2707/3112/1077 2701/3102/1077
f 2724/3114/1076 2715/3113/1076 2701/3102/1076
f 2722/3115/1076 2724/3114/1076 2701/3102/1076
f 2720/3116/1076 2722/3115/1076 2701/3102/1076
f 2717/3109/1076 2720/3116/1076 2701/3102/1076
f 2725/3110/1076 2717/3109/1076 2701/3102/1076
f 2701/3102/1076 2704/3104/1076 2710/3106/1076
f 2728/3108/1076 2725/3110/1076 2701/3102/1076
f 2701/3102/1077 2710/3106/1077 2711/3105/1077
f 2714/3107/1076 2728/3108/1076 2701/3102/1076
f 2701/3102/1076 2711/3105/1076 2714/3107/1076
f 2748/3146/1077 2745/3148/1077 2743/3147/1077
f 2736/3149/1076 2748/3146/1076 2743/3147/1076
f 2733/3150/1076 2736/3149/1076 2743/3147/1076
f 2732/3151/1076 2733/3150/1076 2743/3147/1076
f 2740/3152/1076 2729/3153/1076 2732/3151/1076
f 2732/3151/1076 2743/3147/1076 2741/3154/1076
f 2737/3155/1076 2740/3152/1076 2732/3151/1076
f 2732/3151/1077 2741/3154/1077 2737/3155/1077
f 2749/3164/1076 2752/3163/1076 2768/3157/1076
f 2761/3165/1076 2749/3164/1076 2768/3157/1076
f 2760/3166/1076 2761/3165/1076 2768/3157/1076
f 2757/3167/1076 2760/3166/1076 2768/3157/1076
f 2753/3162/1076 2756/3161/1076 2757/3167/1076
f 2757/3167/1077 2768/3157/1077 2765/3159/1077
f 2763/3160/1076 2753/3162/1076 2757/3167/1076
f 2757/3167/1077 2765/3159/1077 2763/3160/1077
f 2776/3184/1077 2769/3186/1077 2772/3185/1077
f 2773/3187/1076 2776/3184/1076 2772/3185/1076
f 2787/3188/1076 2773/3187/1076 2772/3185/1076
f 2786/3189/1076 2787/3188/1076 2772/3185/1076
f 2782/3190/1076 2784/3191/1076 2786/3189/1076
f 2786/3189/1076 2772/3185/1076 2777/3192/1076
f 2780/3193/1076 2782/3190/1076 2786/3189/1076
f 2786/3189/1076 2777/3192/1076 2780/3193/1076
f 2797/3202/1076 2800/3201/1076 2793/3196/1076
f 2802/3204/1076 2797/3202/1076 2793/3196/1076
f 2792/3205/1076 2802/3204/1076 2793/3196/1076
f 2789/3206/1076 2792/3205/1076 2793/3196/1076
f 2806/3200/1076 2807/3203/1076 2789/3206/1076
f 2789/3206/1076 2793/3196/1076 2796/3198/1076
f 2804/3199/1076 2806/3200/1076 2789/3206/1076
f 2789/3206/1076 2796/3198/1076 2804/3199/1076
f 2824/2506/1076 2817/2507/1076 2820/2490/1076
f 2816/2504/1076 2824/2506/1076 2820/2490/1076
f 2813/2503/1077 2816/2504/1077 2820/2490/1077
f 2829/2501/1076 2813/2503/1076 2820/2490/1076
f 2835/2499/1076 2829/2501/1076 2820/2490/1076
f 2834/2488/1077 2835/2499/1077 2820/2490/1077
f 2828/2494/1076 2831/2487/1076 2834/2488/1076
f 2834/2488/1076 2820/2490/1076 2809/2491/1076
f 2825/2493/1076 2828/2494/1076 2834/2488/1076
f 2834/2488/1076 2809/2491/1076 2812/2489/1076
f 2822/2492/1076 2825/2493/1076 2834/2488/1076
f 2834/2488/1076 2812/2489/1076 2822/2492/1076
f 2841/3178/1077 2837/3177/1077 2840/3169/1077
f 2843/3179/1076 2841/3178/1076 2840/3169/1076
f 2851/3180/1076 2843/3179/1076 2840/3169/1076
f 2860/3181/1076 2851/3180/1076 2840/3169/1076
f 2858/3182/1076 2860/3181/1076 2840/3169/1076
f 2856/3183/1076 2858/3182/1076 2840/3169/1076
f 2861/3174/1076 2853/3176/1076 2856/3183/1076
f 2856/3183/1076 2840/3169/1076 2846/3171/1076
f 2864/3175/1076 2861/3174/1076 2856/3183/1076
f 2856/3183/1077 2846/3171/1077 2847/3172/1077
f 2850/3173/1076 2864/3175/1076 2856/3183/1076
f 2856/3183/1076 2847/3172/1076 2850/3173/1076
f 2881/3207/1077 2879/3209/1077 2877/3208/1077
f 2884/3210/1076 2881/3207/1076 2877/3208/1076
f 2872/3211/1076 2884/3210/1076 2877/3208/1076
f 2869/3212/1076 2872/3211/1076 2877/3208/1076
f 2868/3213/1076 2869/3212/1076 2877/3208/1076
f 2876/3214/1076 2865/3215/1076 2868/3213/1076
f 2868/3213/1077 2877/3208/1077 2873/3216/1077
f 2873/3216/1076 2876/3214/1076 2868/3213/1076
f 2888/3228/1076 2904/3222/1076 2901/3223/1076
f 2885/3227/1076 2888/3228/1076 2901/3223/1076
f 2897/3226/1076 2885/3227/1076 2901/3223/1076
f 2896/3225/1076 2897/3226/1076 2901/3223/1076
f 2893/3220/1076 2896/3225/1076 2901/3223/1076
f 2889/3224/1076 2892/3218/1076 2893/3220/1076
f 2893/3220/1077 2901/3223/1077 2899/3221/1077
f 2899/3221/1076 2889/3224/1076 2893/3220/1076
usemtl BIGBRIK2
f 1820/2736/1408 1839/2734/1408 315/3229/1408
f 299/3230/1408 1820/2736/1408 315/3229/1408
f 298/3231/1409 299/3230/1409 315/3229/1409
f 292/3232/1410 298/3231/1410 315/3229/1410
f 289/3233/1411 292/3232/1411 315/3229/1411
f 304/3234/1412 289/3233/1412 315/3229/1412
f 310/3235/1413 304/3234/1413 315/3229/1413
f 1803/2711/1076 1822/2735/1076 1839/2734/1076
f 1820/2736/1076 1803/2711/1076 1839/2734/1076
f 1802/2708/1076 1823/2737/1076 1822/2735/1076
f 1803/2711/1076 1802/2708/1076 1822/2735/1076
f 1802/2708/1076 4029/82/1076 1823/2737/1076
f 768/3236/1414 762/3237/1414 747/1883/1414
f 773/3238/1415 768/3236/1415 747/1883/1415
f 1874/975/1416 773/3238/1416 747/1883/1416
f 1878/2809/1417 1874/975/1417 747/1883/1417
f 757/3239/1418 1878/2809/1418 747/1883/1418
f 756/3240/1419 757/3239/1419 747/1883/1419
f 750/3241/1420 756/3240/1420 747/1883/1420
f 1875/502/1076 1874/975/1076 1878/2809/1076
f 1825/2748/1076 1875/502/1076 1878/2809/1076
f 1879/982/1076 1875/502/1076 1825/2748/1076
f 1823/2737/1076 1879/982/1076 1825/2748/1076
f 4029/82/1076 1879/982/1076 1823/2737/1076
f 1191/3242/1421 1197/3243/1421 1198/3244/1421
f 1188/1139/1422 1191/3242/1422 1198/3244/1422
f 1203/3245/1423 1188/1139/1423 1198/3244/1423
f 1209/3246/1424 1203/3245/1424 1198/3244/1424
f 1214/3247/1425 1209/3246/1425 1198/3244/1425
f 1947/2878/1426 1214/3247/1426 1198/3244/1426
f 1928/415/1426 1947/2878/1426 1198/3244/1426
f 1947/2878/1076 1928/415/1076 1881/2819/1076
f 1930/2879/1076 1947/2878/1076 1881/2819/1076
f 1930/2879/1076 1881/2819/1076 1879/982/1076
f 1931/1212/1076 1930/2879/1076 1879/982/1076
f 4029/82/1076 1931/1212/1076 1879/982/1076
f 1647/3248/1427 1648/3249/1427 1984/2950/1427
f 1641/3250/1428 1647/3248/1428 1984/2950/1428
f 1638/2588/1429 1641/3250/1429 1984/2950/1429
f 1653/3251/1430 1638/2588/1430 1984/2950/1430
f 1659/3252/1431 1653/3251/1431 1984/2950/1431
f 1664/3253/1432 1659/3252/1432 1984/2950/1432
f 1982/2943/1433 1664/3253/1433 1984/2950/1433
f 1982/2943/1076 1984/2950/1076 1933/2893/1076
f 1806/2709/1076 1982/2943/1076 1933/2893/1076
f 1806/2709/1076 1933/2893/1076 1931/1212/1076
f 1802/2708/1076 1806/2709/1076 1931/1212/1076
f 1802/2708/1076 1931/1212/1076 4029/82/1076
usemtl STARTAN2
f 2053/3254/1207 2056/3255/1207 4030/3256/1207
f 4030/3257/1260 2056/3258/1260 2182/3259/1260
f 4030/3257/1311 2182/86/1311 2240/82/1311
f 2053/3255/1365 4030/3256/1365 2240/3260/1365
