# Dragonfly_00.wad, map MAP01
# Created by Ultimate Doom Builder 3.0.0.3925

o MAP01
v 54 70.25 20
v 58 70.25 20
v 58 70 20
v 54 70 20
v 54 69 20
v 58 69 20
v 58 68.75 20
v 54 68.75 20
v 52 70.25 18
v 52 70 18
v 52 69 18
v 52 68.75 18
v 52 65 18
v 52 65.25 18
v 54 65.25 20
v 54 65 20
v 52 65 14
v 52 65.25 14
v 54 70.25 12
v 52 70.25 14
v 52 70 14
v 54 70 12
v 54 69 12
v 52 69 14
v 52 68.75 14
v 54 68.75 12
v 54 65 12
v 54 65.25 12
v 58 70.25 12
v 58 70 12
v 58 69 12
v 58 68.75 12
v 60 70.25 14
v 60 70 14
v 60 69 14
v 60 68.75 14
v 60 65 14
v 60 65.25 14
v 58 65.25 12
v 58 65 12
v 60 70.25 18
v 60 70 18
v 60 69 18
v 60 68.75 18
v 58 65 20
v 58 65.25 20
v 60 65.25 18
v 60 65 18
v 60 68.75 13.5
v 60 70.25 13.5
v 60.5 70.25 14
v 60.5 68.75 14
v 67.5 67.75 14
v 67.5 70.5 14
v 67.5 70.5 13.5
v 67.5 67.75 13.5
v 60.375 69.75 34.5
v 60.375 70.5 34.5
v 60.125 70.5 34.5
v 60.125 69.75 34.5
v 53.5 69.75 27.875
v 53.5 70.5 27.875
v 53.5 70.5 27.625
v 53.5 69.75 27.625
v -62 68.75 -48
v -62 70.25 -48
v -60 70.25 -48
v -60 68.75 -48
v 60.5 65.25 18
v 60.5 65 18
v 60.5 65 14
v 60.5 65.25 14
v 54 65.25 20.5
v 54 65 20.5
v 58 65 20.5
v 58 65.25 20.5
v 54 68.75 11.5
v 54 70.25 11.5
v 58 70.25 11.5
v 58 68.75 11.5
v 58 65 11.5
v 58 65.25 11.5
v 58 65.25 4.5
v 58 65 4.5
v 58 68.75 4.5
v 58 70.25 4.5
v 54 70.25 4.5
v 54 68.75 4.5
v 54 65 4.5
v 54 65.25 4.5
v 54 65.25 11.5
v 54 65 11.5
v 51.5 65 -2
v 51.5 65.25 -2
v 46.5 65.25 -2
v 46.5 65 -2
v 51.5 68.75 2
v 51.5 70.25 2
v 51.5 70.25 -2
v 51.5 68.75 -2
v 46.5 65 2
v 46.5 65.25 2
v 51.5 65.25 2
v 51.5 65 2
v 46.5 68.75 -2
v 46.5 70.25 -2
v 46.5 70.25 2
v 46.5 68.75 2
v 58.5 70.25 12
v 58.5 68.75 12
v 58.5 68.75 4
v 58.5 70.25 4
v 51.5 70.25 18
v 51.5 70 18
v 51.5 69 18
v 51.5 68.75 18
v 51.5 70.25 14
v 51.5 70 14
v 51.5 69 14
v 51.5 68.75 14
v 53.5 68.75 12
v 53.5 70.25 12
v 53.5 70.25 4
v 53.5 68.75 4
v 46.5 70.25 2.5
v 46.5 68.75 2.5
v 52 68.75 2.5
v 52 70.25 2.5
v 46.5 68.75 -2.5
v 46.5 70.25 -2.5
v 52 70.25 -2.5
v 52 68.75 -2.5
v 44.5 70.25 14
v 44 70.25 14
v 44 70 14
v 44.5 70 14
v 44.5 69 14
v 44 69 14
v 44 68.75 14
v 44.5 68.75 14
v 44 70.25 18
v 44.5 70.25 18
v 44.5 70 18
v 44 70 18
v 44 69 18
v 44.5 69 18
v 44.5 68.75 18
v 44 68.75 18
v 42 70.25 20
v 42 70 20
v 42 69 20
v 42 68.75 20
v 42 65 20
v 42 65.25 20
v 44 65.25 18
v 44 65 18
v 44 65.25 14
v 44 65 14
v 42 70.25 12
v 42 70 12
v 42 69 12
v 42 68.75 12
v 42 65.25 12
v 42 65 12
v 38 70.25 12
v 36 70.25 14
v 36 70 14
v 38 70 12
v 38 69 12
v 36 69 14
v 36 68.75 14
v 38 68.75 12
v 38 65 12
v 38 65.25 12
v 36 65.25 14
v 36 65 14
v 36 70.25 18
v 38 70.25 20
v 38 70 20
v 36 70 18
v 36 69 18
v 38 69 20
v 38 68.75 20
v 36 68.75 18
v 36 65 18
v 36 65.25 18
v 38 65.25 20
v 38 65 20
v 68 67.75 13.5
v 68 70.5 13.5
v 68 70.5 14
v 68 67.75 14
v 70 67.75 12
v 70 70.5 12
v 69.5 70.5 12
v 69.5 67.75 12
v 28 65 2
v 28 65.25 2
v 28.5 65.25 2
v 28.5 65 2
v 28.5 65 -2
v 28.5 65.25 -2
v 28 65.25 -2
v 28 65 -2
v 58 70.25 -4
v 54 70.25 -4
v 54 70 -4
v 58 70 -4
v 58 69 -4
v 54 69 -4
v 54 68.75 -4
v 58 68.75 -4
v 58 65 -4
v 58 65.25 -4
v 54 65.25 -4
v 54 65 -4
v 58 70.25 4
v 60 70.25 2
v 60 70 2
v 58 70 4
v 58 69 4
v 60 69 2
v 60 68.75 2
v 58 68.75 4
v 58 65 4
v 58 65.25 4
v 60 65.25 2
v 60 65 2
v 60 70.25 -2
v 60 70 -2
v 60 69 -2
v 60 68.75 -2
v 60 65.25 -2
v 60 65 -2
v 52 70.25 -2
v 52 70 -2
v 52 69 -2
v 52 68.75 -2
v 52 65.25 -2
v 52 65 -2
v 52 70.25 2
v 54 70.25 4
v 54 70 4
v 52 70 2
v 52 69 2
v 54 69 4
v 54 68.75 4
v 52 68.75 2
v 52 65 2
v 52 65.25 2
v 54 65.25 4
v 54 65 4
v -74 81.5 -48
v -74 82.25 -48
v -72 82.25 -48
v -72 81.5 -48
v 60.5 68.75 18
v 60.5 70.25 18
v 60 70.25 18.5
v 60 68.75 18.5
v 67.5 67.75 18.5
v 67.5 70.5 18.5
v 67.5 70.5 18
v 67.5 67.75 18
v 74 67.5 20.5
v 74 70.5 20.5
v 74 70.5 20
v 74 67.5 20
v 70 67.5 20
v 70 70.5 20
v 70 70.5 20.5
v 70 67.5 20.5
v 37 65 -5.5
v 37 69 -5.5
v 36.75 69 -5.25
v 36.75 65 -5.25
v 36.5 65 -6
v 36.5 69 -6
v 37.5 70.25 -6
v 36.5 70.25 -6
v 36.5 70 -6
v 37.5 70 -6
v 37.5 69 -6
v 36.5 68.75 -6
v 37.5 68.75 -6
v 37.5 65 -6
v 37.5 65.25 -6
v 36.5 65.25 -6
v 34 70.25 -3.5
v 34 70.25 -2.5
v 34 70 -2.5
v 34 70 -3.5
v 34 69 -3.5
v 34 69 -2.5
v 34 68.75 -2.5
v 34 68.75 -3.5
v 34 65 -3.5
v 34 65.25 -3.5
v 34 65.25 -2.5
v 34 65 -2.5
v 34.5 65 -3
v 34.5 69 -3
v 34.75 65 -3.25
v 34.75 69 -3.25
v 40 74 1
v 40 78 1
v 39 78 0
v 39 74 0
v 41 74 0
v 41 78 0
v 40 74 -1
v 40 78 -1
v 41.25 65.75 1
v 41.25 66 1
v 41 66 1.25
v 41 65.75 1.25
v 41.25 65.75 -1
v 41.25 66 -1
v 41 65.75 -1.25
v 41 66 -1.25
v 39 65.75 -1.25
v 39 66 -1.25
v 38.75 65.75 -1
v 38.75 66 -1
v 38.75 65.75 1
v 38.75 66 1
v 39 65.75 1.25
v 39 66 1.25
v 36 65.25 -6.5
v 36 68.75 -6.5
v -99 83.5 5
v -99 84 5
v -94 84 4
v -94 83.5 4
v -94 83.5 6
v -94 84 6
v -90.25 83.5 9.75
v -90.25 84 9.75
v -73 83.5 31
v -73 84 31
v -74 84 26
v -74 83.5 26
v -72 83.5 26
v -72 84 26
v -69 83.5 23
v -69 84 23
v -64 83.5 22
v -64 84 22
v -69 83.5 21
v -69 84 21
v -72.75 83.5 17.25
v -72.75 84 17.25
v -90 83.5 -4
v -90 84 -4
v -89 84 1
v -89 83.5 1
v -91 83.5 1
v -91 84 1
v -88.25 83.5 9.75
v -88.25 84 9.75
v -77.75 84 22.25
v -77.75 83.5 22.25
v -74.75 83.5 17.25
v -74.75 84 17.25
v -85.25 84 4.75
v -85.25 83.5 4.75
v -85.25 84 6.75
v -85.25 83.5 6.75
v -77.75 84 20.25
v -77.75 83.5 20.25
v 60.125 69.5 36.125
v 60.125 69.75 36.125
v 60.125 69.5 34.5
v 51.875 69.5 27.875
v 51.875 69.75 27.875
v 51.875 69.75 31.8125
v 51.875 69.5 31.8125
v 60 70.5 34.5
v 60 69.5 34.5
v 53.5 69.5 28
v 53.5 70.5 28
v 53.5 69.5 27.875
v 56.1875 69.5 36.125
v 56.1875 69.75 36.125
v 60 67.75 34.5
v 60 70.5 34
v 60 67.75 34
v 60 67.75 36
v 60 69.5 36
v 54 67.75 28
v 54 70.5 28
v 53.5 67.75 28
v 44.5 0 18
v 44.5 65.25 18
v 44 65.25 18.5
v 44 0 18.5
v 52 0 18.5
v 52 65.25 18.5
v 51.5 65.25 18
v 51.5 0 18
v 44.5 0 14
v 44.5 65.25 14
v 51.5 65.25 14
v 51.5 0 14
v 44 0 13.5
v 44 65.25 13.5
v 52 65.25 13.5
v 52 0 13.5
v 54 68.75 20.5
v 54 70.25 20.5
v 53.5 70.25 20
v 53.5 68.75 20
v 38 70.25 6.5
v 38 70.25 11.5
v 38 70 11.5
v 38 70 6.5
v 38 69 6.5
v 38 69 11.5
v 38 68.75 11.5
v 38 68.75 6.5
v 38 65 6.5
v 38 65.25 6.5
v 38 65.25 11.5
v 38 65 11.5
v 42 70.25 11.5
v 42 70.25 6.5
v 42 70 6.5
v 42 70 11.5
v 42 69 11.5
v 42 69 6.5
v 42 68.75 6.5
v 42 68.75 11.5
v 42 65 11.5
v 42 65.25 11.5
v 42 65.25 6.5
v 42 65 6.5
v 67.5 69.5 13.5
v 67.625 70.5 13.5
v 67.625 69.5 13.5
v 69.5 69.5 11.625
v 69.5 70.5 11.625
v 69.5 70.5 11.5
v 69.5 69.5 11.5
v 67.625 69.75 13.5
v 67.625 69.75 11.625
v 67.625 69.5 11.625
v 69.5 69.75 11.625
v 20 67.75 -30
v 20 70.5 -30
v 20 70.5 -29.5
v 20 67.75 -29.5
v 21.5 67.75 -28
v 21.5 70.5 -28
v 22 70.5 -28
v 22 67.75 -28
v 38.5 70.25 1
v 38.5 70.25 -1
v 38.5 70 -1
v 38.5 70 1
v 38.5 69 1
v 38.5 69 -1
v 38.5 68.75 -1
v 38.5 68.75 1
v 39 70.25 1.5
v 39 70 1.5
v 39 69 1.5
v 39 68.75 1.5
v 41 70.25 1.5
v 41 70 1.5
v 41 69 1.5
v 41 68.75 1.5
v 41.5 70.25 1
v 41.5 70 1
v 41.5 69 1
v 41.5 68.75 1
v 41.5 70.25 -1
v 41.5 70 -1
v 41.5 69 -1
v 41.5 68.75 -1
v 41 70.25 -1.5
v 41 70 -1.5
v 41 69 -1.5
v 41 68.75 -1.5
v 39 70.25 -1.5
v 39 70 -1.5
v 39 69 -1.5
v 39 68.75 -1.5
v 20 69.5 -29.5
v 19.875 70.5 -29.5
v 19.875 69.5 -29.5
v 19.875 69.5 -27.875
v 19.875 69.75 -27.875
v 21.5 69.75 -27.875
v 21.5 69.5 -27.875
v 19.875 69.75 -29.5
v 21.5 70.5 -27.875
v 21.5 69.5 -28
v 49 65.5 10.75
v 49 68.5 10.75
v 49 68.5 11
v 49 65.5 11
v 48 65.5 6.25
v 48 68.5 6.25
v 48 68.5 6
v 48 65.5 6
v 48.75 65.5 10.75
v 48.75 68.5 10.75
v 50.75 65.5 9
v 50.75 68.5 9
v 50.75 68.5 8.75
v 50.75 65.5 8.75
v 51 65.5 9
v 51 68.5 9
v 48.25 65.5 6.25
v 48.25 68.5 6.25
v 46 65.5 8
v 46 68.5 8
v 46.25 68.5 8
v 46.25 65.5 8
v 46.25 68.5 8.25
v 46.25 65.5 8.25
v 67.5 67.5 18
v 67.5 67.5 14
v 76.375 69.5 20.375
v 76.375 69.75 20.375
v 74.5 69.75 20.375
v 74.5 69.5 20.375
v 76.375 69.5 11.625
v 76.375 69.75 11.625
v 74.5 69.5 11.625
v 74.5 69.75 11.625
v 74.5 69.5 11.5
v 74.5 70.5 11.5
v 74.5 70.5 11.625
v 74.5 70.5 20.375
v 74.5 70.5 20.5
v 74.5 69.5 20.5
v 74 67.75 12
v 74 70.5 12
v 74 70.5 11.5
v 74 67.75 11.5
v 70 67.75 11.5
v 70 70.5 11.5
v 67.875 69.5 18.5
v 67.875 69.75 18.5
v 67.875 69.75 20.125
v 67.875 69.5 20.125
v 68 69.5 18.5
v 68 70.5 18.5
v 67.875 70.5 18.5
v 69.5 69.75 20.125
v 69.5 69.5 20.125
v 69.5 70.5 20.125
v 69.5 70.5 20
v 69.5 69.5 20
v 69.5 69.5 11.875
v 69.5 69.75 11.875
v 67.875 69.75 11.875
v 67.875 69.5 11.875
v 69.5 69.5 12
v 69.5 70.5 11.875
v 67.875 69.5 13.5
v 67.875 70.5 13.5
v 68 69.5 13.5
v 67.875 69.75 13.5
v 67.625 69.5 18.5
v 67.625 70.5 18.5
v 67.5 69.5 18.5
v 67.625 69.5 20.375
v 67.625 69.75 20.375
v 67.625 69.75 18.5
v 69.5 69.5 20.375
v 69.5 69.75 20.375
v 69.5 69.5 20.5
v 69.5 70.5 20.5
v 69.5 70.5 20.375
v 68.25 67.5 13.75
v 68.25 67.75 13.75
v 68 67.5 14
v 68.25 67.5 12.25
v 68.25 67.75 12.25
v 69.75 67.5 12.25
v 69.75 67.75 12.25
v 70 67.5 12
v 74 67.5 12
v 74.25 67.5 12.25
v 74.25 67.75 12.25
v 75.75 67.5 12.25
v 75.75 67.75 12.25
v 75.75 67.5 19.75
v 75.75 67.75 19.75
v 74.25 67.5 19.75
v 74.25 67.75 19.75
v 74 67.75 20
v 69.75 67.5 19.75
v 69.75 67.75 19.75
v 70 67.75 20
v 68.25 67.5 19.75
v 68.25 67.75 19.75
v 68.25 67.5 18.25
v 68.25 67.75 18.25
v 68 67.5 18
v 68 67.75 18
v 68 70.5 18
v 68 67.75 18.5
v 69.5 67.75 20
v 74.5 67.75 12
v 74.5 70.5 12
v 76 67.75 12
v 76 69.5 12
v 74.5 69.5 12
v 74.5 70.5 20
v 74.5 67.75 20
v 74.5 69.5 11.875
v 74.5 70.5 11.875
v 76.125 69.5 11.875
v 76.125 69.75 11.875
v 74.5 69.75 11.875
v 76.125 69.5 20.125
v 76.125 69.75 20.125
v 74.5 69.5 20.125
v 74.5 69.75 20.125
v 74.5 69.5 20
v 74.5 70.5 20.125
v 48.5 79.5 12.0062186717987
v 48.5 80 12.0062186717987
v 44.9937810897827 80 8.5
v 44.9937810897827 79.5 8.5
v 48.5 64.5 12.0062186717987
v 48.5 65 12.0062186717987
v 44.9937810897827 65 8.5
v 44.9937810897827 64.5 8.5
v 52.0062186717987 79.5 8.5
v 52.0062186717987 80 8.5
v 52.0062186717987 64.5 8.5
v 52.0062186717987 65 8.5
v 48.5 79.5 4.99378108978271
v 48.5 80 4.99378108978271
v 48.5 64.5 4.99378108978271
v 48.5 65 4.99378108978271
v 56 74 1
v 56 78 1
v 55 78 0
v 55 74 0
v 57 74 0
v 57 78 0
v 56 74 -1
v 56 78 -1
v 57.25 65.75 1
v 57.25 66 1
v 57 66 1.25
v 57 65.75 1.25
v 57.25 65.75 -1
v 57.25 66 -1
v 57 65.75 -1.25
v 57 66 -1.25
v 55 65.75 -1.25
v 55 66 -1.25
v 54.75 65.75 -1
v 54.75 66 -1
v 54.75 65.75 1
v 54.75 66 1
v 55 65.75 1.25
v 55 66 1.25
v 56 74 17
v 56 78 17
v 55 78 16
v 55 74 16
v 57 74 16
v 57 78 16
v 56 74 15
v 56 78 15
v 57.25 65.75 17
v 57.25 66 17
v 57 66 17.25
v 57 65.75 17.25
v 57.25 65.75 15
v 57.25 66 15
v 57 65.75 14.75
v 57 66 14.75
v 55 65.75 14.75
v 55 66 14.75
v 54.75 65.75 15
v 54.75 66 15
v 54.75 65.75 17
v 54.75 66 17
v 55 65.75 17.25
v 55 66 17.25
v 40 74 17
v 40 78 17
v 39 78 16
v 39 74 16
v 41 74 16
v 41 78 16
v 40 74 15
v 40 78 15
v 41.25 65.75 17
v 41.25 66 17
v 41 66 17.25
v 41 65.75 17.25
v 41.25 65.75 15
v 41.25 66 15
v 41 65.75 14.75
v 41 66 14.75
v 39 65.75 14.75
v 39 66 14.75
v 38.75 65.75 15
v 38.75 66 15
v 38.75 65.75 17
v 38.75 66 17
v 39 65.75 17.25
v 39 66 17.25
v 19.5 67.75 -29.5
v 19.5 70.5 -29.5
v 19.5 70.5 -30
v 19.5 67.75 -30
v 19.5 67.75 -34
v 19.5 70.5 -34
v 19.5 70.5 -34.5
v 19.5 67.75 -34.5
v 13 69 -30
v 13 69.25 -30
v 19.5 67.5 -30
v 19.5 67.5 -34
v 13 69.25 -34
v 13 69 -34
v 38.5 70.25 17
v 38.5 70.25 15
v 38.5 70 15
v 38.5 70 17
v 38.5 69 17
v 38.5 69 15
v 38.5 68.75 15
v 38.5 68.75 17
v 39 70.25 17.5
v 39 70 17.5
v 39 69 17.5
v 39 68.75 17.5
v 41 70.25 17.5
v 41 70 17.5
v 41 69 17.5
v 41 68.75 17.5
v 41.5 70.25 17
v 41.5 70 17
v 41.5 69 17
v 41.5 68.75 17
v 41.5 70.25 15
v 41.5 70 15
v 41.5 69 15
v 41.5 68.75 15
v 41 70.25 14.5
v 41 70 14.5
v 41 69 14.5
v 41 68.75 14.5
v 39 70.25 14.5
v 39 70 14.5
v 39 69 14.5
v 39 68.75 14.5
v 54.5 70.25 1
v 54.5 70.25 -1
v 54.5 70 -1
v 54.5 70 1
v 54.5 69 1
v 54.5 69 -1
v 54.5 68.75 -1
v 54.5 68.75 1
v 55 70.25 1.5
v 55 70 1.5
v 55 69 1.5
v 55 68.75 1.5
v 57 70.25 1.5
v 57 70 1.5
v 57 69 1.5
v 57 68.75 1.5
v 57.5 70.25 1
v 57.5 70 1
v 57.5 69 1
v 57.5 68.75 1
v 57.5 70.25 -1
v 57.5 70 -1
v 57.5 69 -1
v 57.5 68.75 -1
v 57 70.25 -1.5
v 57 70 -1.5
v 57 69 -1.5
v 57 68.75 -1.5
v 55 70.25 -1.5
v 55 70 -1.5
v 55 69 -1.5
v 55 68.75 -1.5
v 22.5 70.25 -17
v 23 70.25 -17.5
v 23 70 -17.5
v 22.5 70 -17
v 22.5 69 -17
v 23 69 -17.5
v 23 68.75 -17.5
v 22.5 68.75 -17
v 22.5 70.25 -15
v 22.5 70 -15
v 22.5 69 -15
v 22.5 68.75 -15
v 23 70.25 -14.5
v 23 70 -14.5
v 23 69 -14.5
v 23 68.75 -14.5
v 25 70.25 -14.5
v 25 70 -14.5
v 25 69 -14.5
v 25 68.75 -14.5
v 25.5 70.25 -15
v 25.5 70 -15
v 25.5 69 -15
v 25.5 68.75 -15
v 25.5 70.25 -17
v 25.5 70 -17
v 25.5 69 -17
v 25.5 68.75 -17
v 25 70.25 -17.5
v 25 70 -17.5
v 25 69 -17.5
v 25 68.75 -17.5
v 19.625 70.5 -29.5
v 19.625 69.75 -29.5
v 21.5 69.75 -27.625
v 21.5 70.5 -27.625
v 58.5 68.75 20
v 58.5 70.25 20
v 58 70.25 20.5
v 58 68.75 20.5
v 54 67.5 27.5
v 54 70.5 27.5
v 54 67.5 28
v 58 67.5 28
v 58 70.5 28
v 58 70.5 27.5
v 58 67.5 27.5
v 70 67.75 20.5
v 70 69.25 27
v 70 69 27
v 74 69 27
v 74 69.25 27
v 74 67.75 20.5
v 69.5 67.75 20.5
v 74.5 67.75 20.5
v 46 70 4
v 46 70.25 4
v 46 70.25 3.5
v 46 70 3.5
v 44 70 6
v 44 70.25 6
v 43.5 70 6
v 43.5 70.25 6
v 34 70 -4
v 34 70.25 -4
v 36 70 -6
v 36 70.25 -6
v 58.5 67.75 28
v 58.5 70.5 28
v 58 67.75 28
v 60 67.75 30
v 60 70.5 30
v 60 70.5 29.5
v 60 67.75 29.5
v 38 65 -6.5
v 38 65.25 -6.5
v 42.5 65 -6
v 42.5 65.25 -6
v 42 65.25 -6.5
v 42 65 -6.5
v 58.5 69.5 27.625
v 58.5 69.75 27.625
v 60.375 69.75 27.625
v 60.375 69.5 27.625
v 60.375 69.5 29.5
v 60.375 70.5 29.5
v 60.5 70.5 29.5
v 60.5 69.5 29.5
v 60.375 69.75 29.5
v 58.5 69.5 27.5
v 58.5 70.5 27.5
v 58.5 70.5 27.625
v 60.375 69.5 36.375
v 60.375 69.75 36.375
v 56.0625 69.75 36.375
v 56.0625 69.5 36.375
v 60.375 69.5 34.5
v 60.5 69.5 34.5
v 60.5 70.5 34.5
v 51.625 69.5 27.625
v 51.625 69.75 27.625
v 53.5 69.5 27.625
v 53.5 70.5 27.5
v 53.5 69.5 27.5
v 51.625 69.75 31.9375
v 51.625 69.5 31.9375
v 60 67.5 34
v 60.5 70.5 34
v 60.5 67.5 34
v 60.5 67.5 30
v 60.5 70.5 30
v 60 67.5 30
v 46 65.25 3.5
v 46 68.75 3.5
v 46.5 68.75 4
v 46.5 65.25 4
v 60.125 69.5 27.875
v 60.125 69.75 27.875
v 58.5 69.75 27.875
v 58.5 69.5 27.875
v 60.125 69.5 29.5
v 60.125 69.75 29.5
v 58.5 70.5 27.875
v 58.5 69.5 28
v 60 69.5 29.5
v 60.125 70.5 29.5
v 33.5 65 2
v 33.5 65.25 2
v 34 65.25 2.5
v 34 65 2.5
v 33.5 65.25 -2
v 33.5 65 -2
v 53.75 67.75 28.25
v 53.75 67.5 28.25
v 59.75 67.5 34.25
v 59.75 67.75 34.25
v 59.75 67.5 35.75
v 59.75 67.75 35.75
v 52.25 67.5 28.25
v 52.25 67.75 28.25
v 52.25 67.75 31.625
v 52.25 67.5 31.625
v 59.75 67.75 29.75
v 59.75 67.5 29.75
v 58.25 67.5 28.25
v 58.25 67.75 28.25
v 59.75 67.5 28.25
v 59.75 67.75 28.25
v 56.375 67.5 35.75
v 56.375 67.75 35.75
v 52 68.75 13.5
v 52 70.25 13.5
v 53.5 65.25 12
v 53.5 0 12
v 53.5 65.25 4
v 53.5 0 4
v 52 65.25 2.5
v 52 0 2.5
v 46.5 65.25 2.5
v 46.5 0 2.5
v 46.5 70.25 4
v 46.5 0 4
v 44 70.25 6.5
v 44 0 6.5
v 44 68.75 6.5
v 42.5 70.25 6.5
v 42.5 68.75 6.5
v 44 65.25 6.5
v 42.5 65.25 6.5
v 42.5 0 6.5
v 42.5 70.25 12
v 42.5 68.75 12
v 42.5 65.25 12
v 42.5 0 12
v 44 70.25 13.5
v 44 68.75 13.5
v 58 67.75 27.5
v 58.5 67.75 27.5
v 53.5 67.75 27.5
v 54 67.75 27.5
v 58.5 0 20.5
v 58.5 65.25 20.5
v 58.5 0 27.5
v 58.5 0 20
v 58.5 65.25 20
v 60 0 18.5
v 60 65.25 18.5
v 60.5 0 18.5
v 60.5 65.25 18.5
v 67.5 0 18.5
v 69.5 0 27
v 69.5 69.25 27
v 69.5 0 20.5
v 67 0 29.5
v 67 69.25 29.5
v 60.5 0 29.5
v 60.5 67.75 29.5
v 37.5 68.75 12
v 37.5 70.25 12
v 37.5 70.25 6.5
v 37.5 68.75 6.5
v 37.5 0 12
v 37.5 65.25 12
v 37.5 65.25 6.5
v 37.5 0 6.5
v 36 70.25 6.5
v 36 68.75 6.5
v 36 65.25 6.5
v 36 0 6.5
v 33.5 70.25 4
v 33.5 68.75 4
v 33.5 65.25 4
v 33.5 0 4
v 42.5 68.75 -6.5
v 42.5 70.25 -6.5
v 44 70.25 -6.5
v 44 68.75 -6.5
v 42.5 0 -6.5
v 42.5 65.25 -6.5
v 44 65.25 -6.5
v 44 0 -6.5
v 46.5 70.25 -4
v 46.5 68.75 -4
v 46.5 65.25 -4
v 46.5 0 -4
v 46.5 65.25 -2.5
v 46.5 0 -2.5
v 52 65.25 -2.5
v 52 0 -2.5
v 54 70.25 -4.5
v 54 68.75 -4.5
v 54 65.25 -4.5
v 54 0 -4.5
v 58 70.25 -4.5
v 58 68.75 -4.5
v 58 65.25 -4.5
v 58 0 -4.5
v 60.5 70.25 -2
v 60.5 68.75 -2
v 60.5 65.25 -2
v 60.5 0 -2
v 60.5 70.25 2
v 60.5 68.75 2
v 60.5 65.25 2
v 60.5 0 2
v 58.5 65.25 4
v 58.5 0 4
v 58.5 65.25 12
v 58.5 0 12
v 60 65.25 13.5
v 60 0 13.5
v 60.5 65.25 13.5
v 60.5 0 13.5
v 67.5 0 13.5
v 69.5 0 11.5
v 70 0 11.5
v 74 0 11.5
v 74.5 0 11.5
v 74.5 0 20.5
v 74.5 69.25 27
v 74.5 0 27
v 74.5 69.25 29.5
v 74.5 0 29.5
v 69.5 69.25 34.5
v 69.5 0 34.5
v 67 69.25 34.5
v 67 0 34.5
v 60.5 67.75 34.5
v 60.5 0 34.5
v 53.5 0 27.5
v 53.5 65.25 20.5
v 53.5 0 20.5
v 53.5 65.25 20
v 53.5 0 20
v 52 70.25 18.5
v 52 68.75 18.5
v 44 70.25 18.5
v 44 68.75 18.5
v 42 70.25 20.5
v 42 68.75 20.5
v 42 65.25 20.5
v 42 0 20.5
v 38 70.25 20.5
v 38 68.75 20.5
v 38 65.25 20.5
v 38 0 20.5
v 35.5 70.25 18
v 35.5 68.75 18
v 35.5 65.25 18
v 35.5 0 18
v 20 68.75 -18.5
v 20 70.25 -18.5
v 21.5 70.25 -20
v 21.5 68.75 -20
v 20 0 -18.5
v 20 65.25 -18.5
v 21.5 65.25 -20
v 21.5 0 -20
v 26.5 68.75 -20
v 26.5 70.25 -20
v 28 70.25 -18.5
v 28 68.75 -18.5
v 26.5 0 -20
v 26.5 65.25 -20
v 28 65.25 -18.5
v 28 0 -18.5
v 36 70.25 -18.5
v 36 68.75 -18.5
v 21.5 0 -4
v 21.5 65.25 -4
v 21.5 65.25 -12
v 21.5 0 -12
v 21.5 68.75 -12
v 21.5 70.25 -12
v 20 70.25 -13.5
v 20 68.75 -13.5
v 20 65.25 -13.5
v 20 0 -13.5
v 19.5 65.25 -13.5
v 19.5 0 -13.5
v 12.5 0 -18.5
v 12.5 67.75 -18.5
v 19.5 65.25 -18.5
v 19.5 0 -18.5
v 26 68.75 4.5
v 26 70.25 4.5
v 22 70.25 4.5
v 22 68.75 4.5
v 26 0 4.5
v 26 65.25 4.5
v 22 65.25 4.5
v 22 0 4.5
v 19.5 70.25 2
v 19.5 68.75 2
v 19.5 65.25 2
v 19.5 0 2
v 19.5 68.75 -2
v 19.5 70.25 -2
v 21.5 70.25 -4
v 21.5 68.75 -4
v 19.5 0 -2
v 19.5 65.25 -2
v 44.5 68.75 -14
v 44.5 70.25 -14
v 42.5 70.25 -12
v 42.5 68.75 -12
v 44.5 0 -14
v 44.5 65.25 -14
v 42.5 65.25 -12
v 42.5 0 -12
v 38 70.25 -20.5
v 38 68.75 -20.5
v 36 0 -18.5
v 36 65.25 -18.5
v 38 65.25 -20.5
v 38 0 -20.5
v 26.5 0 -20.5
v 26.5 65.25 -20.5
v 42 70.25 -20.5
v 42 68.75 -20.5
v 42 65.25 -20.5
v 42 0 -20.5
v 10.5 0 -11.5
v 10.5 70.5 -11.5
v 10 70.5 -11.5
v 10 0 -11.5
v 12.5 67.75 -13.5
v 12.5 0 -13.5
v 19.5 0 -29.5
v 13 69.25 -29.5
v 13 0 -29.5
v 10.5 0 -27
v 10.5 69.25 -27
v 10.5 67.75 -20.5
v 10.5 0 -20.5
v 10 67.75 -11.5
v 6 67.75 -11.5
v 6 0 -11.5
v 6 70.5 -11.5
v 5.5 70.5 -11.5
v 5.5 0 -11.5
v 5.5 0 -27
v 5.5 69.25 -27
v 5.5 69.25 -29.5
v 5.5 0 -29.5
v 26.5 0 -27.5
v 26.5 67.75 -27.5
v 21.5 0 -20.5
v 21.5 65.25 -20.5
v 21.5 67.75 -27.5
v 21.5 0 -27.5
v 5.5 0 -20.5
v 5.5 67.75 -20.5
v 10.5 69.25 -34.5
v 10.5 0 -34.5
v 13 69.25 -34.5
v 13 0 -34.5
v 33.5 0 2.5
v 33.5 65.25 2.5
v 28 65.25 2.5
v 28 0 2.5
v 28 68.75 2.5
v 28 70.25 2.5
v 19.5 0 -34.5
v 33.5 70.25 2.5
v 33.5 68.75 2.5
v 35.5 68.75 14
v 35.5 70.25 14
v 35.5 0 14
v 35.5 65.25 14
v 44.5 68.75 -18
v 44.5 70.25 -18
v 44.5 0 -18
v 44.5 65.25 -18
v 74 69 29.25
v 74 69.25 29.25
v 70 69.25 27.25
v 70 69 27.25
v 69.25 69 34
v 69.25 69.25 34
v 67.25 69.25 30
v 67.25 69 30
v 67 69.25 30
v 67 69 30
v 67 69 34
v 67 69.25 34
v 43.5 68.75 6
v 43.5 65.25 6
v 20 67.5 -30
v 20 67.5 -34
v 20 70.5 -34
v 37.5 70.25 6
v 37.5 70 6
v 37.5 69 6
v 37.5 68.75 6
v 37.5 65 6
v 37.5 65.25 6
v 42.5 70.25 6
v 42.5 70 6
v 42.5 69 6
v 42.5 68.75 6
v 42.5 65.25 6
v 42.5 65 6
v 33.5 68.75 -4
v 33.5 65.25 -4
v 21.5 69.5 -27.5
v 21.5 70.5 -27.5
v 21.5 69.5 -27.625
v 19.625 69.75 -27.625
v 19.625 69.5 -27.625
v 19.625 69.5 -29.5
v 19.5 69.5 -29.5
v 46 65 2.5
v 46 65.25 2.5
v 46 65.25 -2.5
v 46 65 -2.5
v 60.5 67.75 30
v 60.5 67.75 34
v 46 70.25 2.5
v 46 70 2.5
v 46 69 3.5
v 46 69 2.5
v 46 68.75 2.5
v 46 65 3.5
v 45.5 65 3
v 45.5 69 3
v 45.25 65 3.25
v 45.25 69 3.25
v 43 65 5.5
v 43 69 5.5
v 43.25 69 5.25
v 43.25 65 5.25
v 43.5 65 6
v 43.5 69 6
v 42.5 70.25 -6
v 42.5 70 -6
v 42.5 69 -6
v 42.5 68.75 -6
v 44 70.25 -6
v 44 70 -6
v 44 69 -6
v 44 68.75 -6
v 44 65 -6
v 44 65.25 -6
v 46 70.25 -4
v 46 70 -4
v 46 69 -4
v 46 68.75 -4
v 46 65 -4
v 46 65.25 -4
v 46 70.25 -2.5
v 46 70 -2.5
v 46 69 -2.5
v 46 68.75 -2.5
v 36 70.25 6
v 36 70 6
v 36 69 6
v 36 68.75 6
v 36 65 6
v 36 65.25 6
v 34 70.25 4
v 34 70 4
v 34 69 4
v 34 68.75 4
v 34 65 4
v 34 65.25 4
v 34 70.25 2.5
v 34 70 2.5
v 34 69 2.5
v 34 68.75 2.5
v 54.5 70.25 17
v 54.5 70.25 15
v 54.5 70 15
v 54.5 70 17
v 54.5 69 17
v 54.5 69 15
v 54.5 68.75 15
v 54.5 68.75 17
v 55 70.25 17.5
v 55 70 17.5
v 55 69 17.5
v 55 68.75 17.5
v 57 70.25 17.5
v 57 70 17.5
v 57 69 17.5
v 57 68.75 17.5
v 57.5 70.25 17
v 57.5 70 17
v 57.5 69 17
v 57.5 68.75 17
v 57.5 70.25 15
v 57.5 70 15
v 57.5 69 15
v 57.5 68.75 15
v 57 70.25 14.5
v 57 70 14.5
v 57 69 14.5
v 57 68.75 14.5
v 55 70.25 14.5
v 55 70 14.5
v 55 69 14.5
v 55 68.75 14.5
v 22 70.25 -20
v 20 70.25 -18
v 20 70 -18
v 22 70 -20
v 22 69 -20
v 20 69 -18
v 20 68.75 -18
v 22 68.75 -20
v 22 65 -20
v 22 65.25 -20
v 20 65.25 -18
v 20 65 -18
v 20 70.25 -14
v 20 70 -14
v 20 69 -14
v 20 68.75 -14
v 22 70.25 -12
v 22 70 -12
v 22 69 -12
v 22 68.75 -12
v 20 65 -14
v 20 65.25 -14
v 22 65.25 -12
v 22 65 -12
v 26 70.25 -12
v 28 70.25 -14
v 28 70 -14
v 26 70 -12
v 26 69 -12
v 28 69 -14
v 28 68.75 -14
v 26 68.75 -12
v 26 65 -12
v 26 65.25 -12
v 28 65.25 -14
v 28 65 -14
v 28 65.25 -18
v 28 65 -18
v 28 70.25 -18
v 26 70.25 -20
v 26 70 -20
v 28 70 -18
v 28 69 -18
v 26 69 -20
v 26 68.75 -20
v 28 68.75 -18
v 26 65.25 -20
v 26 65 -20
v 19.5 70.25 -14
v 19.5 68.75 -14
v 12.5 67.75 -14
v 12.5 70.5 -14
v 12.5 70.5 -13.5
v 19.625 69.75 -34.5
v 19.625 70.5 -34.5
v 19.875 70.5 -34.5
v 19.875 69.75 -34.5
v 26.5 69.75 -27.875
v 26.5 70.5 -27.875
v 26.5 70.5 -27.625
v 26.5 69.75 -27.625
v 19.5 65.25 -18
v 19.5 65 -18
v 19.5 65 -14
v 19.5 65.25 -14
v 26 65.25 -20.5
v 26 65 -20.5
v 22 65 -20.5
v 22 65.25 -20.5
v 26 68.75 -11.5
v 26 70.25 -11.5
v 22 70.25 -11.5
v 22 68.75 -11.5
v 22 65 -11.5
v 22 65.25 -11.5
v 22 65.25 -4.5
v 22 65 -4.5
v 28.5 68.75 -2
v 28.5 70.25 -2
v 28.5 70.25 2
v 28.5 68.75 2
v 22 68.75 -4.5
v 22 70.25 -4.5
v 26 70.25 -4.5
v 26 68.75 -4.5
v 26 65 -4.5
v 26 65.25 -4.5
v 26 65.25 -11.5
v 26 65 -11.5
v 33.5 68.75 2
v 33.5 70.25 2
v 33.5 70.25 -2
v 33.5 68.75 -2
v 28.5 70.25 -18
v 28.5 70 -18
v 28.5 69 -18
v 28.5 68.75 -18
v 28.5 70.25 -14
v 28.5 70 -14
v 28.5 69 -14
v 28.5 68.75 -14
v 26.5 68.75 -12
v 26.5 70.25 -12
v 26.5 70.25 -4
v 26.5 68.75 -4
v 33.5 70.25 -2.5
v 33.5 68.75 -2.5
v 28 68.75 -2.5
v 28 70.25 -2.5
v 35.5 70.25 -14
v 36 70.25 -14
v 36 70 -14
v 35.5 70 -14
v 35.5 69 -14
v 36 69 -14
v 36 68.75 -14
v 35.5 68.75 -14
v 36 70.25 -18
v 35.5 70.25 -18
v 35.5 70 -18
v 36 70 -18
v 36 69 -18
v 35.5 69 -18
v 35.5 68.75 -18
v 36 68.75 -18
v 38 70.25 -20
v 38 70 -20
v 38 69 -20
v 38 68.75 -20
v 38 65 -20
v 38 65.25 -20
v 36 65.25 -18
v 36 65 -18
v 36 65.25 -14
v 36 65 -14
v 38 70.25 -12
v 38 70 -12
v 38 69 -12
v 38 68.75 -12
v 38 65.25 -12
v 38 65 -12
v 42 70.25 -12
v 44 70.25 -14
v 44 70 -14
v 42 70 -12
v 42 69 -12
v 44 69 -14
v 44 68.75 -14
v 42 68.75 -12
v 42 65 -12
v 42 65.25 -12
v 44 65.25 -14
v 44 65 -14
v 44 70.25 -18
v 42 70.25 -20
v 42 70 -20
v 44 70 -18
v 44 69 -18
v 42 69 -20
v 42 68.75 -20
v 44 68.75 -18
v 44 65 -18
v 44 65.25 -18
v 42 65.25 -20
v 42 65 -20
v 12 67.75 -13.5
v 12 70.5 -13.5
v 12 70.5 -14
v 12 67.75 -14
v 10 67.75 -12
v 10 70.5 -12
v 10.5 70.5 -12
v 10.5 67.75 -12
v 26.5 69.5 -27.625
v 26.5 70.5 -27.5
v 26.5 69.5 -27.5
v 28.375 69.5 -27.625
v 28.375 69.75 -27.625
v 19.625 69.5 -36.375
v 19.625 69.75 -36.375
v 23.9375 69.75 -36.375
v 23.9375 69.5 -36.375
v 19.625 69.5 -34.5
v 19.5 69.5 -34.5
v 28.375 69.5 -31.9375
v 28.375 69.75 -31.9375
v 36 68.75 -13.5
v 36 70.25 -13.5
v 28 70.25 -13.5
v 28 68.75 -13.5
v 28 0 -13.5
v 28 65.25 -13.5
v 26.5 65.25 -12
v 26.5 0 -12
v 26.5 65.25 -4
v 26.5 0 -4
v 28 65.25 -2.5
v 28 0 -2.5
v 33.5 0 -4
v 33.5 70.25 -4
v 36 70.25 -6.5
v 36 0 -6.5
v 33.5 0 -2.5
v 33.5 65.25 -2.5
v 37.5 68.75 -12
v 37.5 70.25 -12
v 37.5 0 -12
v 37.5 65.25 -12
v 36 65.25 -13.5
v 36 0 -13.5
v 37.5 68.75 -6.5
v 37.5 70.25 -6.5
v 37.5 0 -6.5
v 37.5 65.25 -6.5
v 22 70.25 4
v 26 70.25 4
v 26 70 4
v 22 70 4
v 22 69 4
v 26 69 4
v 26 68.75 4
v 22 68.75 4
v 22 65 4
v 22 65.25 4
v 26 65.25 4
v 26 65 4
v 22 70.25 -4
v 20 70.25 -2
v 20 70 -2
v 22 70 -4
v 22 69 -4
v 20 69 -2
v 20 68.75 -2
v 22 68.75 -4
v 22 65 -4
v 22 65.25 -4
v 20 65.25 -2
v 20 65 -2
v 20 70.25 2
v 20 70 2
v 20 69 2
v 20 68.75 2
v 20 65.25 2
v 20 65 2
v 28 70.25 2
v 28 70 2
v 28 69 2
v 28 68.75 2
v 28 70.25 -2
v 28 70 -2
v 28 69 -2
v 28 68.75 -2
v 26 70.25 -4
v 26 70 -4
v 26 69 -4
v 26 68.75 -4
v 26 65.25 -4
v 26 65 -4
v 19.5 68.75 -18
v 19.5 70.25 -18
v 12.5 70.5 -18.5
v 12.5 70.5 -18
v 12.5 67.75 -18
v 6 67.5 -20.5
v 6 70.5 -20.5
v 6 70.5 -20
v 6 67.5 -20
v 10 67.5 -20
v 10 70.5 -20
v 10 70.5 -20.5
v 10 67.5 -20.5
v 26.5 69.5 -27.875
v 28.125 69.75 -27.875
v 28.125 69.5 -27.875
v 19.875 69.5 -34.5
v 20 70.5 -34.5
v 20 69.5 -34.5
v 19.875 69.5 -36.125
v 19.875 69.75 -36.125
v 28.125 69.5 -31.8125
v 28.125 69.75 -31.8125
v 23.8125 69.75 -36.125
v 23.8125 69.5 -36.125
v 26.5 69.5 -28
v 26.5 70.5 -28
v 26 67.75 -28
v 26 70.5 -28
v 26.5 67.75 -28
v 20 67.75 -36
v 20 69.5 -36
v 20 67.75 -34.5
v 20 67.75 -34
v 28.5 65.25 -18
v 28.5 0 -18
v 35.5 0 -18
v 35.5 65.25 -18
v 28.5 65.25 -14
v 28.5 0 -14
v 35.5 0 -14
v 35.5 65.25 -14
v 26 68.75 -20.5
v 26 70.25 -20.5
v 42 70.25 -6.5
v 42 70.25 -11.5
v 42 70 -11.5
v 42 70 -6.5
v 42 69 -6.5
v 42 69 -11.5
v 42 68.75 -11.5
v 42 68.75 -6.5
v 42 65.25 -11.5
v 42 65 -11.5
v 38 70.25 -11.5
v 38 70.25 -6.5
v 38 70 -6.5
v 38 70 -11.5
v 38 69 -11.5
v 38 69 -6.5
v 38 68.75 -6.5
v 38 68.75 -11.5
v 38 65 -11.5
v 38 65.25 -11.5
v 12.375 69.5 -13.5
v 12.375 69.75 -13.5
v 12.375 69.75 -11.625
v 12.375 69.5 -11.625
v 10.5 69.5 -11.625
v 10.5 70.5 -11.625
v 10.5 69.5 -11.5
v 10.5 69.75 -11.625
v 12.5 69.5 -13.5
v 12.375 70.5 -13.5
v 21.75 67.5 -28.25
v 21.75 67.75 -28.25
v 22 67.5 -28
v 20.25 67.75 -29.75
v 20.25 67.5 -29.75
v 20.25 67.75 -28.25
v 20.25 67.5 -28.25
v 26 67.5 -28
v 26.25 67.75 -28.25
v 26.25 67.5 -28.25
v 27.75 67.5 -31.625
v 27.75 67.75 -31.625
v 23.625 67.75 -35.75
v 23.625 67.5 -35.75
v 20.25 67.5 -34.25
v 20.25 67.75 -34.25
v 20.25 67.5 -35.75
v 20.25 67.75 -35.75
v 27.75 67.5 -28.25
v 27.75 67.75 -28.25
v 33.75 65.5 -8
v 33.75 68.5 -8
v 33.75 68.5 -8.25
v 33.75 65.5 -8.25
v 29.25 65.5 -9
v 29.25 68.5 -9
v 29.25 68.5 -8.75
v 29.25 65.5 -8.75
v 29 65.5 -9
v 29 68.5 -9
v 31.25 65.5 -10.75
v 31.25 68.5 -10.75
v 31 68.5 -10.75
v 31 65.5 -10.75
v 31.75 65.5 -6.25
v 31.75 68.5 -6.25
v 32 68.5 -6.25
v 32 65.5 -6.25
v 31 68.5 -11
v 31 65.5 -11
v 34 65.5 -8
v 34 68.5 -8
v 32 68.5 -6
v 32 65.5 -6
v 12.5 67.5 -14
v 12.5 67.5 -18
v 3.625 69.5 -20.375
v 3.625 69.75 -20.375
v 5.5 69.75 -20.375
v 5.5 69.5 -20.375
v 3.625 69.5 -11.625
v 3.625 69.75 -11.625
v 5.5 69.5 -11.625
v 5.5 69.75 -11.625
v 5.5 69.5 -11.5
v 5.5 70.5 -11.625
v 5.5 70.5 -20.375
v 5.5 70.5 -20.5
v 5.5 69.5 -20.5
v 6 67.75 -12
v 6 70.5 -12
v 12 69.5 -18.5
v 12 70.5 -18.5
v 12.125 70.5 -18.5
v 12.125 69.5 -18.5
v 12.125 69.5 -20.125
v 12.125 69.75 -20.125
v 10.5 69.75 -20.125
v 10.5 69.5 -20.125
v 10.5 70.5 -20.125
v 10.5 70.5 -20
v 10.5 69.5 -20
v 12.125 69.75 -18.5
v 12.125 69.5 -11.875
v 12.125 69.75 -11.875
v 12.125 69.75 -13.5
v 12.125 69.5 -13.5
v 10.5 69.5 -11.875
v 10.5 69.75 -11.875
v 12.125 70.5 -13.5
v 12 69.5 -13.5
v 10.5 69.5 -12
v 10.5 70.5 -11.875
v 12.375 69.5 -20.375
v 12.375 69.75 -20.375
v 12.375 69.75 -18.5
v 12.375 69.5 -18.5
v 10.5 69.5 -20.375
v 10.5 69.75 -20.375
v 10.5 69.5 -20.5
v 10.5 70.5 -20.5
v 10.5 70.5 -20.375
v 12.375 70.5 -18.5
v 12.5 69.5 -18.5
v 12 67.5 -18
v 12 67.75 -18
v 11.75 67.75 -18.25
v 11.75 67.5 -18.25
v 11.75 67.5 -19.75
v 11.75 67.75 -19.75
v 10.25 67.75 -19.75
v 10.25 67.5 -19.75
v 6 67.75 -20
v 5.75 67.75 -19.75
v 5.75 67.5 -19.75
v 5.75 67.5 -12.25
v 5.75 67.75 -12.25
v 6 67.5 -12
v 4.25 67.5 -12.25
v 4.25 67.75 -12.25
v 4.25 67.5 -19.75
v 4.25 67.75 -19.75
v 10 67.75 -20
v 10 67.5 -12
v 10.25 67.75 -12.25
v 10.25 67.5 -12.25
v 11.75 67.5 -13.75
v 11.75 67.75 -13.75
v 12 67.5 -14
v 11.75 67.5 -12.25
v 11.75 67.75 -12.25
v 10.5 67.75 -20
v 12 70.5 -18
v 12 67.75 -18.5
v 5.5 67.75 -12
v 5.5 70.5 -12
v 5.5 70.5 -20
v 5.5 67.75 -20
v 4 67.75 -12
v 4 69.5 -12
v 5.5 69.5 -12
v 3.875 69.5 -11.875
v 3.875 69.75 -11.875
v 5.5 69.75 -11.875
v 5.5 69.5 -11.875
v 5.5 69.5 -20.125
v 5.5 69.75 -20.125
v 3.875 69.75 -20.125
v 3.875 69.5 -20.125
v 5.5 69.5 -20
v 5.5 70.5 -20.125
v 5.5 70.5 -11.875
v 27.993782043457 77.5 -8.5
v 27.993782043457 78 -8.5
v 31.5 78 -12.006217956543
v 31.5 77.5 -12.006217956543
v 27.993782043457 64.5 -8.5
v 27.993782043457 65 -8.5
v 31.5 65 -12.006217956543
v 31.5 64.5 -12.006217956543
v 35.006217956543 78 -8.5
v 35.006217956543 77.5 -8.5
v 35.006217956543 65 -8.5
v 35.006217956543 64.5 -8.5
v 31.5 78 -4.99378204345703
v 31.5 77.5 -4.99378204345703
v 31.5 65 -4.99378204345703
v 31.5 64.5 -4.99378204345703
v 24 74 -1
v 24 78 -1
v 25 78 0
v 25 74 0
v 23 74 0
v 23 78 0
v 24 74 1
v 24 78 1
v 22.75 65.75 -1
v 22.75 66 -1
v 23 66 -1.25
v 23 65.75 -1.25
v 22.75 65.75 1
v 22.75 66 1
v 23 65.75 1.25
v 23 66 1.25
v 25 65.75 1.25
v 25 66 1.25
v 25.25 65.75 1
v 25.25 66 1
v 25.25 65.75 -1
v 25.25 66 -1
v 25 65.75 -1.25
v 25 66 -1.25
v 24 74 -17
v 24 78 -17
v 25 78 -16
v 25 74 -16
v 23 74 -16
v 23 78 -16
v 24 74 -15
v 24 78 -15
v 22.75 65.75 -17
v 22.75 66 -17
v 23 66 -17.25
v 23 65.75 -17.25
v 22.75 65.75 -15
v 22.75 66 -15
v 23 65.75 -14.75
v 23 66 -14.75
v 25 65.75 -14.75
v 25 66 -14.75
v 25.25 65.75 -15
v 25.25 66 -15
v 25.25 65.75 -17
v 25.25 66 -17
v 25 65.75 -17.25
v 25 66 -17.25
v 40 74 -17
v 40 78 -17
v 41 78 -16
v 41 74 -16
v 39 74 -16
v 39 78 -16
v 40 74 -15
v 40 78 -15
v 38.75 65.75 -17
v 38.75 66 -17
v 39 66 -17.25
v 39 65.75 -17.25
v 38.75 65.75 -15
v 38.75 66 -15
v 39 65.75 -14.75
v 39 66 -14.75
v 41 65.75 -14.75
v 41 66 -14.75
v 41.25 65.75 -15
v 41.25 66 -15
v 41.25 65.75 -17
v 41.25 66 -17
v 41 65.75 -17.25
v 41 66 -17.25
v 22 67.75 -27.5
v 22 70.5 -27.5
v 10 69 -27
v 10 69.25 -27
v 10 69.25 -27.25
v 10 69 -27.25
v 6 69 -29.25
v 6 69.25 -29.25
v 6 69.25 -27
v 6 69 -27
v 12.75 69 -30
v 12.75 69.25 -30
v 10.75 69 -34
v 10.75 69.25 -34
v 22 68.75 -20.5
v 22 70.25 -20.5
v 22 67.5 -27.5
v 26 67.75 -27.5
v 26 67.5 -27.5
v 26 70.5 -27.5
v 38.5 70.25 -17
v 39 70.25 -17.5
v 39 70 -17.5
v 38.5 70 -17
v 38.5 69 -17
v 39 69 -17.5
v 39 68.75 -17.5
v 38.5 68.75 -17
v 38.5 70.25 -15
v 38.5 70 -15
v 38.5 69 -15
v 38.5 68.75 -15
v 39 70.25 -14.5
v 39 70 -14.5
v 39 69 -14.5
v 39 68.75 -14.5
v 41 70.25 -14.5
v 41 70 -14.5
v 41 69 -14.5
v 41 68.75 -14.5
v 41.5 70.25 -15
v 41.5 70 -15
v 41.5 69 -15
v 41.5 68.75 -15
v 41.5 70.25 -17
v 41.5 70 -17
v 41.5 69 -17
v 41.5 68.75 -17
v 41 70.25 -17.5
v 41 70 -17.5
v 41 69 -17.5
v 41 68.75 -17.5
v 22.5 70.25 -1
v 23 70.25 -1.5
v 23 70 -1.5
v 22.5 70 -1
v 22.5 69 -1
v 23 69 -1.5
v 23 68.75 -1.5
v 22.5 68.75 -1
v 22.5 70.25 1
v 22.5 70 1
v 22.5 69 1
v 22.5 68.75 1
v 23 70.25 1.5
v 23 70 1.5
v 23 69 1.5
v 23 68.75 1.5
v 25 70.25 1.5
v 25 70 1.5
v 25 69 1.5
v 25 68.75 1.5
v 25.5 70.25 1
v 25.5 70 1
v 25.5 69 1
v 25.5 68.75 1
v 25.5 70.25 -1
v 25.5 70 -1
v 25.5 69 -1
v 25.5 68.75 -1
v 25 70.25 -1.5
v 25 70 -1.5
v 25 69 -1.5
v 25 68.75 -1.5
v 6 67.75 -20.5
v 10 67.75 -20.5
v -93.8232116699219 82.25 5.82321834564209
v -94.6464385986328 82.25 5
v -94.6464385986328 82 5
v -93.8232116699219 82 5.82321834564209
v -93.8232116699219 81.75 5.82321834564209
v -94.6464385986328 81.75 5
v -94.6464385986328 81.5 5
v -93.8232116699219 81.5 5.82321834564209
v -90.1464385986328 82.25 9.5
v -90.1464385986328 82 9.5
v -90.1464385986328 81.75 9.5
v -90.1464385986328 81.5 9.5
v -88.1464385986328 82.25 9.5
v -88.1464385986328 82 9.5
v -88.1464385986328 81.75 9.5
v -88.1464385986328 81.5 9.5
v -77.5 82.25 20.1464376449585
v -77.5 82 20.1464376449585
v -77.5 81.75 20.1464376449585
v -77.5 81.5 20.1464376449585
v -77.5 82.25 22.1464376449585
v -77.5 82 22.1464376449585
v -77.5 81.75 22.1464376449585
v -77.5 81.5 22.1464376449585
v -73.8232116699219 82.25 25.8232183456421
v -73.8232116699219 82 25.8232183456421
v -73.8232116699219 81.75 25.8232183456421
v -73.8232116699219 81.5 25.8232183456421
v -73 82.25 26.6464376449585
v -73 82 26.6464376449585
v -73 81.75 26.6464376449585
v -73 81.5 26.6464376449585
v -72.1767883300781 82.25 25.8232183456421
v -72.1767883300781 82 25.8232183456421
v -72.1767883300781 81.75 25.8232183456421
v -72.1767883300781 81.5 25.8232183456421
v -69.1767807006836 82.25 22.8232188224792
v -69.1767807006836 82 22.8232188224792
v -69.1767807006836 81.75 22.8232188224792
v -69.1767807006836 81.5 22.8232188224792
v -68.3535614013672 82.25 22
v -68.3535614013672 82 22
v -68.3535614013672 81.75 22
v -68.3535614013672 81.5 22
v -69.1767807006836 82.25 21.1767811775208
v -69.1767807006836 82 21.1767811775208
v -69.1767807006836 81.75 21.1767811775208
v -69.1767807006836 81.5 21.1767811775208
v -72.8535614013672 82.25 17.5
v -72.8535614013672 82 17.5
v -72.8535614013672 81.75 17.5
v -72.8535614013672 81.5 17.5
v -74.8535614013672 82.25 17.5
v -74.8535614013672 82 17.5
v -74.8535614013672 81.75 17.5
v -74.8535614013672 81.5 17.5
v -85.5 82.25 6.8535623550415
v -85.5 82 6.8535623550415
v -85.5 81.75 6.8535623550415
v -85.5 81.5 6.8535623550415
v -85.5 82.25 4.8535623550415
v -85.5 82 4.8535623550415
v -85.5 81.75 4.8535623550415
v -85.5 81.5 4.8535623550415
v -89.1767883300781 82.25 1.17678165435791
v -89.1767883300781 82 1.17678165435791
v -89.1767883300781 81.75 1.17678165435791
v -89.1767883300781 81.5 1.17678165435791
v -90 82.25 0.353562355041504
v -90 82 0.353562355041504
v -90 81.75 0.353562355041504
v -90 81.5 0.353562355041504
v -90.8232116699219 82.25 1.17678165435791
v -90.8232116699219 82 1.17678165435791
v -90.8232116699219 81.75 1.17678165435791
v -90.8232116699219 81.5 1.17678165435791
v -93.8232116699219 82.25 4.17678165435791
v -93.8232116699219 82 4.17678165435791
v -93.8232116699219 81.75 4.17678165435791
v -93.8232116699219 81.5 4.17678165435791
v -94.3660278320313 83 5
v -94.3660278320313 83.25 5
v -90 83.25 0.633968353271484
v -90 83 0.633968353271484
v -90.1029052734375 83 9.26312494277954
v -90.1029052734375 83.25 9.26312494277954
v -88.1029052734375 83 9.25065612792969
v -88.1029052734375 83.25 9.25065612792969
v -77.25 83 20.1035623550415
v -77.25 83.25 20.1035623550415
v -77.25 83 22
v -77.25 83.25 22
v -77.25 83 22.1160311698914
v -77.25 83.25 22.1160311698914
v -73 83 26.3660316467285
v -73 83.25 26.3660316467285
v -68.6339721679688 83 22
v -68.6339721679688 83.25 22
v -72.8970947265625 83 17.7368750572205
v -72.8970947265625 83.25 17.7368750572205
v -74.8970947265625 83 17.749343752861
v -74.8970947265625 83.25 17.749343752861
v -85.7493438720703 83 6.89709377288818
v -85.7493438720703 83.25 6.89709377288818
v -85.7368774414063 83 4.89709377288818
v -85.7368774414063 83.25 4.89709377288818
v -85.7368774414063 82.25 4.89709377288818
v -90 82.25 0.633968353271484
v -90 82 0.633968353271484
v -85.7368774414063 82 4.89709377288818
v -85.7368774414063 81.75 4.89709377288818
v -90 81.75 0.633968353271484
v -90 81.5 0.633968353271484
v -85.7368774414063 81.5 4.89709377288818
v -85.7493438720703 82.25 6.89709377288818
v -85.7493438720703 82 6.89709377288818
v -85.7493438720703 81.75 6.89709377288818
v -85.7493438720703 81.5 6.89709377288818
v -74.8970947265625 82.25 17.749343752861
v -74.8970947265625 82 17.749343752861
v -74.8970947265625 81.75 17.749343752861
v -74.8970947265625 81.5 17.749343752861
v -72.8970947265625 82.25 17.7368750572205
v -72.8970947265625 82 17.7368750572205
v -72.8970947265625 81.75 17.7368750572205
v -72.8970947265625 81.5 17.7368750572205
v -68.6339721679688 82.25 22
v -68.6339721679688 82 22
v -68.6339721679688 81.75 22
v -68.6339721679688 81.5 22
v -73 82.25 26.3660316467285
v -73 82 26.3660316467285
v -73 81.75 26.3660316467285
v -73 81.5 26.3660316467285
v -77.25 82.25 22.1160311698914
v -77.25 82 22.1160311698914
v -77.25 81.75 22.1160311698914
v -77.25 81.5 22.1160311698914
v -77.25 82.25 22
v -77.25 82 22
v -77.25 81.75 22
v -77.25 81.5 22
v -77.25 82.25 20.1035623550415
v -77.25 82 20.1035623550415
v -77.25 81.75 20.1035623550415
v -77.25 81.5 20.1035623550415
v -88.1029052734375 82.25 9.25065612792969
v -88.1029052734375 82 9.25065612792969
v -88.1029052734375 81.75 9.25065612792969
v -88.1029052734375 81.5 9.25065612792969
v -90.1029052734375 82.25 9.26312494277954
v -90.1029052734375 82 9.26312494277954
v -90.1029052734375 81.75 9.26312494277954
v -90.1029052734375 81.5 9.26312494277954
v -94.3660278320313 82.25 5
v -94.3660278320313 82 5
v -94.3660278320313 81.75 5
v -94.3660278320313 81.5 5
v -76 64.75 -48
v -76 66 -48
v -76 66 -50
v -76 64.75 -50
v -78 64.75 -48
v -78 66 -48
v -68 81.75 -50
v -68 82 -50
v -70 82 -48
v -70 81.75 -48
v -68 81.75 -48
v -68 82 -48
v -56 68 -48
v -56 71 -48
v -56 71 -50
v -56 68 -50
v -58 71 -48
v -58 68 -48
v -60 70.25 -50
v -60 68.75 -50
v -64 69 -48
v -64 70 -48
v -64 70 -50
v -64 69 -50
v -66 70 -48
v -66 69 -48
v 68 67.75 12
v 68 69.5 12
v -72 82.25 -50
v -72 81.5 -50
v 41 73 1
v 40 71 1
v 41 71 1
v 41 68 1
v 40 68 1
v 40 66 1
v 41 66 1
v 41 73 -1
v 41 71 -1
v 40 71 -1
v 40 68 -1
v 41 68 -1
v 41 66 -1
v 40 66 -1
v 39 73 -1
v 39 71 -1
v 39 68 -1
v 39 66 -1
v 39 73 1
v 39 71 0
v 39 71 1
v 39 68 1
v 39 68 0
v 39 66 0
v 39 66 1
v 41 71 0
v 41 68 0
v 41 66 0
v 41.25 71 1
v 41 71 1.25
v 41 70.25 1.25
v 41.25 70.25 1
v 41.25 68.75 1
v 41 68.75 1.25
v 41 68 1.25
v 41.25 68 1
v 41.25 71 -1
v 41.25 70.25 -1
v 41.25 68.75 -1
v 41.25 68 -1
v 41 71 -1.25
v 41 70.25 -1.25
v 41 68.75 -1.25
v 41 68 -1.25
v 39 71 -1.25
v 39 70.25 -1.25
v 39 68.75 -1.25
v 39 68 -1.25
v 38.75 71 -1
v 38.75 70.25 -1
v 38.75 68.75 -1
v 38.75 68 -1
v 38.75 71 1
v 38.75 70.25 1
v 38.75 68.75 1
v 38.75 68 1
v 39 71 1.25
v 39 70.25 1.25
v 39 68.75 1.25
v 39 68 1.25
v -90.25 81.75 9.75
v -90.25 82 9.75
v -94 82 6
v -94 81.75 6
v -69 81.75 23
v -69 82 23
v -72 82 26
v -72 81.75 26
v -72.75 81.75 17.25
v -72.75 82 17.25
v -69 82 21
v -69 81.75 21
v -94 81.75 4
v -94 82 4
v -91 82 1
v -91 81.75 1
v -88.25 81.75 9.75
v -88.25 82 9.75
v -74 81.75 26
v -74 82 26
v -77.75 82 22.25
v -77.75 81.75 22.25
v -74.75 81.75 17.25
v -74.75 82 17.25
v -89 81.75 1
v -89 82 1
v -85.25 82 4.75
v -85.25 81.75 4.75
v -85.25 82 6.75
v -85.25 81.75 6.75
v -77.75 82 20.25
v -77.75 81.75 20.25
v 52 69.5 28
v 52 67.75 28
v 56.25 67.75 36
v 56.25 69.5 36
v 52 67.75 31.75
v 52 69.5 31.75
v 22.4142189025879 64.875 -19
v 22.4142189025879 65 -19
v 21 65 -17.5857810974121
v 21 64.875 -17.5857810974121
v 21 65 -14.4142189025879
v 21 64.875 -14.4142189025879
v 22.4142189025879 65 -13
v 22.4142189025879 64.875 -13
v 25.5857810974121 65 -13
v 25.5857810974121 64.875 -13
v 27 65 -14.4142189025879
v 27 64.875 -14.4142189025879
v 27 65 -17.5857810974121
v 27 64.875 -17.5857810974121
v 25.5857810974121 65 -19
v 25.5857810974121 64.875 -19
v 26.5 64.875 -14.5857810974121
v 26.5 65 -14.5857810974121
v 25.4142189025879 65 -13.5
v 25.4142189025879 64.875 -13.5
v 22.5857810974121 65 -13.5
v 22.5857810974121 64.875 -13.5
v 21.5 65 -14.5857810974121
v 21.5 64.875 -14.5857810974121
v 21.5 65 -17.4142189025879
v 21.5 64.875 -17.4142189025879
v 22.5857810974121 65 -18.5
v 22.5857810974121 64.875 -18.5
v 25.4142189025879 65 -18.5
v 25.4142189025879 64.875 -18.5
v 26.5 65 -17.4142189025879
v 26.5 64.875 -17.4142189025879
v 20 69.5 -28
v 20 67.75 -28
v 68 69.5 20
v 68 67.75 20
v 76 67.75 20
v 76 69.5 20
v 57 73 1
v 56 71 1
v 57 71 1
v 57 68 1
v 56 68 1
v 56 66 1
v 57 66 1
v 57 73 -1
v 57 71 -1
v 56 71 -1
v 56 68 -1
v 57 68 -1
v 57 66 -1
v 56 66 -1
v 55 73 -1
v 55 71 -1
v 55 68 -1
v 55 66 -1
v 55 73 1
v 55 71 0
v 55 71 1
v 55 68 1
v 55 68 0
v 55 66 0
v 55 66 1
v 57 71 0
v 57 68 0
v 57 66 0
v 57.25 71 1
v 57 71 1.25
v 57 70.25 1.25
v 57.25 70.25 1
v 57.25 68.75 1
v 57 68.75 1.25
v 57 68 1.25
v 57.25 68 1
v 57.25 71 -1
v 57.25 70.25 -1
v 57.25 68.75 -1
v 57.25 68 -1
v 57 71 -1.25
v 57 70.25 -1.25
v 57 68.75 -1.25
v 57 68 -1.25
v 55 71 -1.25
v 55 70.25 -1.25
v 55 68.75 -1.25
v 55 68 -1.25
v 54.75 71 -1
v 54.75 70.25 -1
v 54.75 68.75 -1
v 54.75 68 -1
v 54.75 71 1
v 54.75 70.25 1
v 54.75 68.75 1
v 54.75 68 1
v 55 71 1.25
v 55 70.25 1.25
v 55 68.75 1.25
v 55 68 1.25
v 57 73 17
v 56 71 17
v 57 71 17
v 57 68 17
v 56 68 17
v 56 66 17
v 57 66 17
v 57 73 15
v 57 71 15
v 56 71 15
v 56 68 15
v 57 68 15
v 57 66 15
v 56 66 15
v 55 73 15
v 55 71 15
v 55 68 15
v 55 66 15
v 55 73 17
v 55 71 16
v 55 71 17
v 55 68 17
v 55 68 16
v 55 66 16
v 55 66 17
v 57 71 16
v 57 68 16
v 57 66 16
v 57.25 71 17
v 57 71 17.25
v 57 70.25 17.25
v 57.25 70.25 17
v 57.25 68.75 17
v 57 68.75 17.25
v 57 68 17.25
v 57.25 68 17
v 57.25 71 15
v 57.25 70.25 15
v 57.25 68.75 15
v 57.25 68 15
v 57 71 14.75
v 57 70.25 14.75
v 57 68.75 14.75
v 57 68 14.75
v 55 71 14.75
v 55 70.25 14.75
v 55 68.75 14.75
v 55 68 14.75
v 54.75 71 15
v 54.75 70.25 15
v 54.75 68.75 15
v 54.75 68 15
v 54.75 71 17
v 54.75 70.25 17
v 54.75 68.75 17
v 54.75 68 17
v 55 71 17.25
v 55 70.25 17.25
v 55 68.75 17.25
v 55 68 17.25
v 41 73 17
v 40 71 17
v 41 71 17
v 41 68 17
v 40 68 17
v 40 66 17
v 41 66 17
v 41 73 15
v 41 71 15
v 40 71 15
v 40 68 15
v 41 68 15
v 41 66 15
v 40 66 15
v 39 73 15
v 39 71 15
v 39 68 15
v 39 66 15
v 39 73 17
v 39 71 16
v 39 71 17
v 39 68 17
v 39 68 16
v 39 66 16
v 39 66 17
v 41 71 16
v 41 68 16
v 41 66 16
v 41.25 71 17
v 41 71 17.25
v 41 70.25 17.25
v 41.25 70.25 17
v 41.25 68.75 17
v 41 68.75 17.25
v 41 68 17.25
v 41.25 68 17
v 41.25 71 15
v 41.25 70.25 15
v 41.25 68.75 15
v 41.25 68 15
v 41 71 14.75
v 41 70.25 14.75
v 41 68.75 14.75
v 41 68 14.75
v 39 71 14.75
v 39 70.25 14.75
v 39 68.75 14.75
v 39 68 14.75
v 38.75 71 15
v 38.75 70.25 15
v 38.75 68.75 15
v 38.75 68 15
v 38.75 71 17
v 38.75 70.25 17
v 38.75 68.75 17
v 38.75 68 17
v 39 71 17.25
v 39 70.25 17.25
v 39 68.75 17.25
v 39 68 17.25
v 38.4142189025879 64.875 13
v 38.4142189025879 65 13
v 37 65 14.4142187833786
v 37 64.875 14.4142187833786
v 41.5857810974121 64.875 13
v 41.5857810974121 65 13
v 43 64.875 14.4142187833786
v 43 65 14.4142187833786
v 43 64.875 17.5857812166214
v 43 65 17.5857812166214
v 41.5857810974121 64.875 19
v 41.5857810974121 65 19
v 38.4142189025879 64.875 19
v 38.4142189025879 65 19
v 37 64.875 17.5857812166214
v 37 65 17.5857812166214
v 37.5 64.875 17.4142187833786
v 37.5 65 17.4142187833786
v 37.5 65 14.5857812166214
v 37.5 64.875 14.5857812166214
v 38.5857810974121 64.875 18.5
v 38.5857810974121 65 18.5
v 41.4142189025879 64.875 18.5
v 41.4142189025879 65 18.5
v 42.5 64.875 17.4142187833786
v 42.5 65 17.4142187833786
v 42.5 64.875 14.5857812166214
v 42.5 65 14.5857812166214
v 41.4142189025879 64.875 13.5
v 41.4142189025879 65 13.5
v 38.5857810974121 64.875 13.5
v 38.5857810974121 65 13.5
v 35 64.875 -1.5
v 35 65 -1.5
v 35 65 2.5
v 35 64.875 2.5
v 35.4142189025879 64.875 -1.5
v 35.4142189025879 65 -1.5
v 38.5 64.875 -4.58578109741211
v 38.5 65 -4.58578109741211
v 38.5 64.875 -5
v 38.5 65 -5
v 42.5 64.875 -5
v 42.5 65 -5
v 43.5857810974121 64.875 -5
v 43.5857810974121 65 -5
v 45 64.875 -3.58578109741211
v 45 65 -3.58578109741211
v 45 64.875 -2.5
v 45 65 -2.5
v 45 64.875 1.5
v 45 65 1.5
v 44.5857810974121 64.875 1.5
v 44.5857810974121 65 1.5
v 41.5 64.875 4.58578109741211
v 41.5 65 4.58578109741211
v 41.5 64.875 5
v 41.5 65 5
v 37.5 64.875 5
v 37.5 65 5
v 36.4142189025879 64.875 5
v 36.4142189025879 65 5
v 35 64.875 3.58578109741211
v 35 65 3.58578109741211
v 35.5 64.875 2.5
v 35.5 65 2.5
v 35.5 65 -1
v 35.5 64.875 -1
v 35.5 64.875 3.37868785858154
v 35.5 65 3.37868785858154
v 36.6213130950928 64.875 4.5
v 36.6213130950928 65 4.5
v 37.5 64.875 4.5
v 37.5 65 4.5
v 41 64.875 4.5
v 41 65 4.5
v 41 64.875 4.37868785858154
v 41 65 4.37868785858154
v 44.3786878585815 64.875 1
v 44.3786878585815 65 1
v 44.5 64.875 1
v 44.5 65 1
v 44.5 64.875 -2.5
v 44.5 65 -2.5
v 44.5 64.875 -3.37868690490723
v 44.5 65 -3.37868690490723
v 43.3786878585815 64.875 -4.5
v 43.3786878585815 65 -4.5
v 42.5 64.875 -4.5
v 42.5 65 -4.5
v 39 64.875 -4.5
v 39 65 -4.5
v 39 64.875 -4.37868690490723
v 39 65 -4.37868690490723
v 35.6213130950928 64.875 -1
v 35.6213130950928 65 -1
v 38.3786869049072 64.875 -3
v 38.3786869049072 65 -3
v 37 65 -1.62131309509277
v 37 64.875 -1.62131309509277
v 41.6213121414185 64.875 -3
v 41.6213121414185 65 -3
v 43 64.875 -1.62131309509277
v 43 65 -1.62131309509277
v 43 64.875 1.62131214141846
v 43 65 1.62131214141846
v 41.6213121414185 64.875 3
v 41.6213121414185 65 3
v 38.3786869049072 64.875 3
v 38.3786869049072 65 3
v 37 64.875 1.62131214141846
v 37 65 1.62131214141846
v 37.5 64.875 1.41421890258789
v 37.5 65 1.41421890258789
v 37.5 65 -1.41421890258789
v 37.5 64.875 -1.41421890258789
v 38.5857810974121 64.875 2.5
v 38.5857810974121 65 2.5
v 41.4142189025879 64.875 2.5
v 41.4142189025879 65 2.5
v 42.5 64.875 1.41421890258789
v 42.5 65 1.41421890258789
v 42.5 64.875 -1.41421890258789
v 42.5 65 -1.41421890258789
v 41.4142189025879 64.875 -2.5
v 41.4142189025879 65 -2.5
v 38.5857810974121 64.875 -2.5
v 38.5857810974121 65 -2.5
v 54.4142187833786 64.875 -3
v 54.4142187833786 65 -3
v 53 65 -1.58578109741211
v 53 64.875 -1.58578109741211
v 57.5857812166214 64.875 -3
v 57.5857812166214 65 -3
v 59 64.875 -1.58578109741211
v 59 65 -1.58578109741211
v 59 64.875 1.58578109741211
v 59 65 1.58578109741211
v 57.5857812166214 64.875 3
v 57.5857812166214 65 3
v 54.4142187833786 64.875 3
v 54.4142187833786 65 3
v 53 64.875 1.58578109741211
v 53 65 1.58578109741211
v 53.5 64.875 1.41421890258789
v 53.5 65 1.41421890258789
v 53.5 65 -1.41421890258789
v 53.5 64.875 -1.41421890258789
v 54.5857812166214 64.875 2.5
v 54.5857812166214 65 2.5
v 57.4142187833786 64.875 2.5
v 57.4142187833786 65 2.5
v 58.5 64.875 1.41421890258789
v 58.5 65 1.41421890258789
v 58.5 64.875 -1.41421890258789
v 58.5 65 -1.41421890258789
v 57.4142187833786 64.875 -2.5
v 57.4142187833786 65 -2.5
v 54.5857812166214 64.875 -2.5
v 54.5857812166214 65 -2.5
v 60 69.5 28
v 60 67.75 28
v 60.5 0 27.5
v 60.5 69.5 27.5
v 67.5 0 20.5
v 67.5 69.5 20.5
v 65.75 0 24.25
v 65.75 69.5 24.25
v 67.25 69.5 25.75
v 67.25 0 25.75
v 65.75 69.5 27.25
v 65.75 0 27.25
v 64.25 69.5 25.75
v 64.25 0 25.75
v 60.75 0 22.25
v 60.75 70 22.25
v 62.25 70 20.75
v 62.25 0 20.75
v 63.75 70 22.25
v 63.75 0 22.25
v 62.25 70 23.75
v 62.25 0 23.75
v 70 0 8
v 70 67.5 8
v 74 67.5 8
v 74 0 8
v 74 67.5 10
v 74 0 10
v 70 67.5 10
v 70 0 10
v 69.4823751449585 0 4.81815624237061
v 69.4823751449585 67 4.81815624237061
v 73.346061706543 67 3.78287506103516
v 73.346061706543 0 3.78287506103516
v 73.8636875152588 67 5.71471881866455
v 73.8636875152588 0 5.71471881866455
v 70 67 6.75
v 70 0 6.75
v 67.7929058074951 0 2.79287528991699
v 67.7929058074951 66.5 2.79287528991699
v 70.6213121414185 66.5 -0.0355319976806641
v 70.6213121414185 0 -0.0355319976806641
v 72.0355319976807 66.5 1.37868785858154
v 72.0355319976807 0 1.37868785858154
v 69.207124710083 66.5 4.20709419250488
v 69.207124710083 0 4.20709419250488
v 68.5 66.5 3.5
v 68.5 0 3.5
v 66.2852811813354 0 -1.86368751525879
v 66.2852811813354 66 -1.86368751525879
v 68.2171249389648 66 -1.34606170654297
v 68.2171249389648 0 -1.34606170654297
v 67.1818437576294 66 2.5176248550415
v 67.1818437576294 0 2.5176248550415
v 65.25 66 2
v 65.25 0 2
v 62 0 -2
v 62 65.5 -2
v 64 65.5 -2
v 64 0 -2
v 64 65.5 2
v 64 0 2
v 62 65.5 2
v 62 0 2
v 67.5 69.5 11.5
v 67.5 0 11.5
v 76.5 69.5 11.5
v 76.5 0 11.5
v 76.5 69.5 20.5
v 76.5 0 20.5
v 60.5 69.5 36.5
v 60.5 0 36.5
v 56 69.5 36.5
v 56 0 36.5
v 51.5 69.5 32
v 51.5 0 32
v 51.5 69.5 27.5
v 51.5 0 27.5
v 3.5 0 -11.5
v 3.5 69.5 -11.5
v 3.5 69.5 -20.5
v 3.5 0 -20.5
v 12.5 69.5 -11.5
v 12.5 0 -11.5
v 12.5 0 -20.5
v 12.5 69.5 -20.5
v 19.5 0 -27.5
v 19.5 69.5 -27.5
v 16 0 -2
v 16 65.5 -2
v 18 65.5 -2
v 18 0 -2
v 16 0 2
v 16 65.5 2
v 18 0 2
v 18 65.5 2
v 12.8181571960449 0 -2.51762580871582
v 12.8181571960449 66 -2.51762580871582
v 14.75 66 -2
v 14.75 0 -2
v 11.7828750610352 0 1.34606266021729
v 11.7828750610352 66 1.34606266021729
v 13.7147178649902 0 1.86368751525879
v 13.7147178649902 66 1.86368751525879
v 11.5 0 -3.5
v 11.5 66.5 -3.5
v 12.2070922851563 66.5 -2.79287528991699
v 12.2070922851563 0 -2.79287528991699
v 7.96446990966797 0 -1.37868690490723
v 7.96446990966797 66.5 -1.37868690490723
v 10.7928733825684 66.5 -4.20709419250488
v 10.7928733825684 0 -4.20709419250488
v 9.37868881225586 0 0.0355310440063477
v 9.37868881225586 66.5 0.0355310440063477
v 10 0 -10
v 10 67.5 -10
v 10 67.5 -8
v 10 0 -8
v 6 67.5 -8
v 6 0 -8
v 6 67.5 -10
v 6 0 -10
v 10 0 -6.75
v 10 67 -6.75
v 10.5176239013672 67 -4.81815719604492
v 10.5176239013672 0 -4.81815719604492
v 6.65393829345703 67 -3.78287506103516
v 6.65393829345703 0 -3.78287506103516
v 6.13631439208984 67 -5.71471786499023
v 6.13631439208984 0 -5.71471786499023
v 17.75 0 -20.75
v 17.75 70 -20.75
v 16.25 70 -22.25
v 16.25 0 -22.25
v 19.25 0 -22.25
v 19.25 70 -22.25
v 17.75 0 -23.75
v 17.75 70 -23.75
v 14.25 0 -24.25
v 14.25 69.5 -24.25
v 12.75 69.5 -25.75
v 12.75 0 -25.75
v 15.75 0 -25.75
v 15.75 69.5 -25.75
v 14.25 0 -27.25
v 14.25 69.5 -27.25
v 28.5 0 -27.5
v 28.5 69.5 -27.5
v 19.5 69.5 -36.5
v 19.5 0 -36.5
v 28.5 0 -32
v 28.5 69.5 -32
v 24 0 -36.5
v 24 69.5 -36.5
v 48.5 65 11.5
v 48.5 79.5 11.5
v 45.5 79.5 8.5
v 45.5 65 8.5
v 49 65 11
v 49 79.5 11
v 51 79.5 9
v 51 65 9
v 51.5 65 8.5
v 51.5 79.5 8.5
v 48.5 65 5.5
v 48.5 79.5 5.5
v 48 65 6
v 48 79.5 6
v 46 79.5 8
v 46 65 8
v 48.5 80 12.5124688148499
v 48.5 84 12.5124688148499
v 44.4875316619873 84 8.5
v 44.4875316619873 80 8.5
v 48.5 0 12.5124688148499
v 48.5 64.5 12.5124688148499
v 44.4875316619873 64.5 8.5
v 44.4875316619873 0 8.5
v 52.5124688148499 80 8.5
v 52.5124688148499 84 8.5
v 52.5124688148499 0 8.5
v 52.5124688148499 64.5 8.5
v 48.5 80 4.4875316619873
v 48.5 84 4.4875316619873
v 48.5 0 4.4875316619873
v 48.5 64.5 4.4875316619873
v 57.5857812166214 64.875 19
v 57.5857812166214 65 19
v 59 65 17.5857812166214
v 59 64.875 17.5857812166214
v 54.4142187833786 64.875 19
v 54.4142187833786 65 19
v 53 64.875 17.5857812166214
v 53 65 17.5857812166214
v 53 64.875 14.4142187833786
v 53 65 14.4142187833786
v 54.4142187833786 64.875 13
v 54.4142187833786 65 13
v 57.5857812166214 64.875 13
v 57.5857812166214 65 13
v 59 64.875 14.4142187833786
v 59 65 14.4142187833786
v 53.5 64.875 17.4142187833786
v 53.5 65 17.4142187833786
v 53.5 65 14.5857812166214
v 53.5 64.875 14.5857812166214
v 54.5857812166214 64.875 18.5
v 54.5857812166214 65 18.5
v 57.4142187833786 64.875 18.5
v 57.4142187833786 65 18.5
v 58.5 64.875 17.4142187833786
v 58.5 65 17.4142187833786
v 58.5 64.875 14.5857812166214
v 58.5 65 14.5857812166214
v 57.4142187833786 64.875 13.5
v 57.4142187833786 65 13.5
v 54.5857812166214 64.875 13.5
v 54.5857812166214 65 13.5
v 12 69.5 -12
v 12 67.75 -12
v 31.5 78 -4.4875316619873
v 31.5 84 -4.4875316619873
v 27.4875316619873 84 -8.5
v 27.4875316619873 78 -8.5
v 31.5 0 -4.4875316619873
v 31.5 64.5 -4.4875316619873
v 27.4875316619873 64.5 -8.5
v 27.4875316619873 0 -8.5
v 31.5 84 -12.5124683380127
v 31.5 78 -12.5124683380127
v 31.5 64.5 -12.5124683380127
v 31.5 0 -12.5124683380127
v 35.5124683380127 84 -8.5
v 35.5124683380127 78 -8.5
v 35.5124683380127 64.5 -8.5
v 35.5124683380127 0 -8.5
v 28 69.5 -28
v 28 67.75 -28
v 28 67.75 -31.75
v 28 69.5 -31.75
v 23.75 69.5 -36
v 23.75 67.75 -36
v 12 69.5 -20
v 12 67.75 -20
v 4 67.75 -20
v 4 69.5 -20
v 23 73 -1
v 24 71 -1
v 23 71 -1
v 23 68 -1
v 24 68 -1
v 24 66 -1
v 23 66 -1
v 23 73 1
v 23 71 1
v 24 71 1
v 24 68 1
v 23 68 1
v 23 66 1
v 24 66 1
v 25 73 1
v 25 71 1
v 25 68 1
v 25 66 1
v 25 73 -1
v 25 71 0
v 25 71 -1
v 25 68 -1
v 25 68 0
v 25 66 0
v 25 66 -1
v 23 71 0
v 23 68 0
v 23 66 0
v 22.75 71 -1
v 23 71 -1.25
v 23 70.25 -1.25
v 22.75 70.25 -1
v 22.75 68.75 -1
v 23 68.75 -1.25
v 23 68 -1.25
v 22.75 68 -1
v 22.75 71 1
v 22.75 70.25 1
v 22.75 68.75 1
v 22.75 68 1
v 23 71 1.25
v 23 70.25 1.25
v 23 68.75 1.25
v 23 68 1.25
v 25 71 1.25
v 25 70.25 1.25
v 25 68.75 1.25
v 25 68 1.25
v 25.25 71 1
v 25.25 70.25 1
v 25.25 68.75 1
v 25.25 68 1
v 25.25 71 -1
v 25.25 70.25 -1
v 25.25 68.75 -1
v 25.25 68 -1
v 25 71 -1.25
v 25 70.25 -1.25
v 25 68.75 -1.25
v 25 68 -1.25
v 23 73 -17
v 24 71 -17
v 23 71 -17
v 23 68 -17
v 24 68 -17
v 24 66 -17
v 23 66 -17
v 23 73 -15
v 23 71 -15
v 24 71 -15
v 24 68 -15
v 23 68 -15
v 23 66 -15
v 24 66 -15
v 25 73 -15
v 25 71 -15
v 25 68 -15
v 25 66 -15
v 25 73 -17
v 25 71 -16
v 25 71 -17
v 25 68 -17
v 25 68 -16
v 25 66 -16
v 25 66 -17
v 23 71 -16
v 23 68 -16
v 23 66 -16
v 22.75 71 -17
v 23 71 -17.25
v 23 70.25 -17.25
v 22.75 70.25 -17
v 22.75 68.75 -17
v 23 68.75 -17.25
v 23 68 -17.25
v 22.75 68 -17
v 22.75 71 -15
v 22.75 70.25 -15
v 22.75 68.75 -15
v 22.75 68 -15
v 23 71 -14.75
v 23 70.25 -14.75
v 23 68.75 -14.75
v 23 68 -14.75
v 25 71 -14.75
v 25 70.25 -14.75
v 25 68.75 -14.75
v 25 68 -14.75
v 25.25 71 -15
v 25.25 70.25 -15
v 25.25 68.75 -15
v 25.25 68 -15
v 25.25 71 -17
v 25.25 70.25 -17
v 25.25 68.75 -17
v 25.25 68 -17
v 25 71 -17.25
v 25 70.25 -17.25
v 25 68.75 -17.25
v 25 68 -17.25
v 39 73 -17
v 40 71 -17
v 39 71 -17
v 39 68 -17
v 40 68 -17
v 40 66 -17
v 39 66 -17
v 39 73 -15
v 39 71 -15
v 40 71 -15
v 40 68 -15
v 39 68 -15
v 39 66 -15
v 40 66 -15
v 41 73 -15
v 41 71 -15
v 41 68 -15
v 41 66 -15
v 41 73 -17
v 41 71 -16
v 41 71 -17
v 41 68 -17
v 41 68 -16
v 41 66 -16
v 41 66 -17
v 39 71 -16
v 39 68 -16
v 39 66 -16
v 38.75 71 -17
v 39 71 -17.25
v 39 70.25 -17.25
v 38.75 70.25 -17
v 38.75 68.75 -17
v 39 68.75 -17.25
v 39 68 -17.25
v 38.75 68 -17
v 38.75 71 -15
v 38.75 70.25 -15
v 38.75 68.75 -15
v 38.75 68 -15
v 39 71 -14.75
v 39 70.25 -14.75
v 39 68.75 -14.75
v 39 68 -14.75
v 41 71 -14.75
v 41 70.25 -14.75
v 41 68.75 -14.75
v 41 68 -14.75
v 41.25 71 -15
v 41.25 70.25 -15
v 41.25 68.75 -15
v 41.25 68 -15
v 41.25 71 -17
v 41.25 70.25 -17
v 41.25 68.75 -17
v 41.25 68 -17
v 41 71 -17.25
v 41 70.25 -17.25
v 41 68.75 -17.25
v 41 68 -17.25
v 41.5857810974121 64.875 -13
v 41.5857810974121 65 -13
v 43 65 -14.4142189025879
v 43 64.875 -14.4142189025879
v 43 65 -17.5857810974121
v 43 64.875 -17.5857810974121
v 41.5857810974121 65 -19
v 41.5857810974121 64.875 -19
v 38.4142189025879 65 -19
v 38.4142189025879 64.875 -19
v 37 65 -17.5857810974121
v 37 64.875 -17.5857810974121
v 37 65 -14.4142189025879
v 37 64.875 -14.4142189025879
v 38.4142189025879 65 -13
v 38.4142189025879 64.875 -13
v 38.5857810974121 64.875 -18.5
v 38.5857810974121 65 -18.5
v 41.4142189025879 65 -18.5
v 41.4142189025879 64.875 -18.5
v 42.5 65 -17.4142189025879
v 42.5 64.875 -17.4142189025879
v 42.5 65 -14.5857810974121
v 42.5 64.875 -14.5857810974121
v 41.4142189025879 65 -13.5
v 41.4142189025879 64.875 -13.5
v 38.5857810974121 65 -13.5
v 38.5857810974121 64.875 -13.5
v 37.5 65 -14.5857810974121
v 37.5 64.875 -14.5857810974121
v 37.5 65 -17.4142189025879
v 37.5 64.875 -17.4142189025879
v 32 65 -6
v 32 77.5 -6
v 31.5 77.5 -5.5
v 31.5 65 -5.5
v 28.5 77.5 -8.5
v 28.5 65 -8.5
v 31 65 -11
v 31 77.5 -11
v 31.5 77.5 -11.5
v 31.5 65 -11.5
v 34.5 77.5 -8.5
v 34.5 65 -8.5
v 34 77.5 -8
v 34 65 -8
v 29 77.5 -9
v 29 65 -9
v 25.5857810974121 64.875 3
v 25.5857810974121 65 3
v 27 65 1.58578109741211
v 27 64.875 1.58578109741211
v 27 65 -1.58578109741211
v 27 64.875 -1.58578109741211
v 25.5857810974121 65 -3
v 25.5857810974121 64.875 -3
v 22.4142189025879 65 -3
v 22.4142189025879 64.875 -3
v 21 65 -1.58578109741211
v 21 64.875 -1.58578109741211
v 21 65 1.58578109741211
v 21 64.875 1.58578109741211
v 22.4142189025879 65 3
v 22.4142189025879 64.875 3
v 22.5857810974121 64.875 -2.5
v 22.5857810974121 65 -2.5
v 25.4142189025879 65 -2.5
v 25.4142189025879 64.875 -2.5
v 26.5 65 -1.41421890258789
v 26.5 64.875 -1.41421890258789
v 26.5 65 1.41421890258789
v 26.5 64.875 1.41421890258789
v 25.4142189025879 65 2.5
v 25.4142189025879 64.875 2.5
v 22.5857810974121 65 2.5
v 22.5857810974121 64.875 2.5
v 21.5 65 1.41421890258789
v 21.5 64.875 1.41421890258789
v 21.5 65 -1.41421890258789
v 21.5 64.875 -1.41421890258789
v -87.75 81.75 9.25
v -87.75 81.875 9.25
v -85.6499938964844 81.875 11.3499999046326
v -85.6499938964844 81.75 11.3499999046326
v -85.75 81.75 7.25
v -85.75 81.875 7.25
v -75.25 81.75 17.75
v -75.25 81.875 17.75
v -77.3500061035156 81.875 15.6500000059605
v -77.3500061035156 81.75 15.6500000059605
v -77.25 81.75 19.75
v -77.25 81.875 19.75
v -81.4499969482422 81.75 15.5500000119209
v -81.4499969482422 81.875 15.5500000119209
v -79.6000061035156 81.875 17.3999999761581
v -79.6000061035156 81.75 17.3999999761581
v -79.3500061035156 81.75 17.6499999761581
v -79.3500061035156 81.875 17.6499999761581
v -83.6499938964844 81.75 9.34999990463257
v -83.6499938964844 81.875 9.34999990463257
v -77.6000061035156 81.875 15.3999999761581
v -77.6000061035156 81.75 15.3999999761581
v -79.4499969482422 81.875 13.5499999523163
v -79.4499969482422 81.75 13.5499999523163
v -81.6999969482422 81.75 15.3000000119209
v -81.6999969482422 81.875 15.3000000119209
v -79.6999969482422 81.875 13.2999999523163
v -79.6999969482422 81.75 13.2999999523163
v -81.3000030517578 81.875 11.6999998092651
v -81.3000030517578 81.75 11.6999998092651
v -81.5500030517578 81.75 11.4499998092651
v -81.5500030517578 81.875 11.4499998092651
v -83.3999938964844 81.875 9.59999990463257
v -83.3999938964844 81.75 9.59999990463257
v -83.3000030517578 81.875 13.7000000476837
v -83.3000030517578 81.75 13.7000000476837
v -83.5500030517578 81.75 13.4500000476837
v -83.5500030517578 81.875 13.4500000476837
v -85.3999938964844 81.875 11.5999999046326
v -85.3999938964844 81.75 11.5999999046326
v -73 82 27
v -73 81.75 27
v -93.8232116699219 83.25 5.82321834564209
v -93.8232116699219 83.5 5.82321834564209
v -94.6464385986328 83.5 5
v -94.6464385986328 83.25 5
v -90.1464385986328 83.25 9.5
v -90.1464385986328 83.5 9.5
v -88.1464385986328 83.25 9.5
v -88.1464385986328 83.5 9.5
v -77.5 83.25 20.1464376449585
v -77.5 83.5 20.1464376449585
v -77.5 83.25 22.1464376449585
v -77.5 83.5 22.1464376449585
v -73.8232116699219 83.25 25.8232183456421
v -73.8232116699219 83.5 25.8232183456421
v -73 83.25 26.6464376449585
v -73 83.5 26.6464376449585
v -72.1767883300781 83.25 25.8232183456421
v -72.1767883300781 83.5 25.8232183456421
v -69.1767807006836 83.25 22.8232188224792
v -69.1767807006836 83.5 22.8232188224792
v -68.3535614013672 83.25 22
v -68.3535614013672 83.5 22
v -69.1767807006836 83.25 21.1767811775208
v -69.1767807006836 83.5 21.1767811775208
v -72.8535614013672 83.25 17.5
v -72.8535614013672 83.5 17.5
v -74.8535614013672 83.25 17.5
v -74.8535614013672 83.5 17.5
v -85.5 83.25 6.8535623550415
v -85.5 83.5 6.8535623550415
v -85.5 83.25 4.8535623550415
v -85.5 83.5 4.8535623550415
v -89.1767883300781 83.25 1.17678165435791
v -89.1767883300781 83.5 1.17678165435791
v -90 83.25 0.353562355041504
v -90 83.5 0.353562355041504
v -90.8232116699219 83.25 1.17678165435791
v -90.8232116699219 83.5 1.17678165435791
v -93.8232116699219 83.25 4.17678165435791
v -93.8232116699219 83.5 4.17678165435791
v -68 81.75 22
v -68 82 22
v -90 81.75 0
v -90 82 0
v -95 81.75 5
v -95 82 5
v -94.0124664306641 82 5
v -94.0124664306641 83 5
v -90 83 0.987531661987305
v -90 82 0.987531661987305
v -90 82 9.01246881484985
v -90 83 9.01246881484985
v -88 82 9
v -88 83 9
v -77 82 22
v -77 83 22
v -77 83 20
v -77 82 20
v -77 82 22.0124688148499
v -77 83 22.0124688148499
v -73 82 26.0124683380127
v -73 83 26.0124683380127
v -68.9875335693359 82 22
v -68.9875335693359 83 22
v -73 82 17.9875313043594
v -73 83 17.9875313043594
v -75 82 18
v -75 83 18
v -85.9875335693359 82 5
v -85.9875335693359 83 5
v -86 83 7
v -86 82 7
v -85.6499938964844 82 11.3499999046326
v -85.6499938964844 83 11.3499999046326
v -87.75 83 9.25
v -87.75 82 9.25
v -85.75 83 7.25
v -85.75 82 7.25
v -77.3500061035156 82 15.6500000059605
v -77.3500061035156 83 15.6500000059605
v -75.25 83 17.75
v -75.25 82 17.75
v -77.25 83 19.75
v -77.25 82 19.75
v -79.6000061035156 82 17.3999999761581
v -79.6000061035156 83 17.3999999761581
v -81.4499969482422 83 15.5500000119209
v -81.4499969482422 82 15.5500000119209
v -79.3500061035156 83 17.6499999761581
v -79.3500061035156 82 17.6499999761581
v -83.6499938964844 83 9.34999990463257
v -83.6499938964844 82 9.34999990463257
v -79.4499969482422 82 13.5499999523163
v -79.4499969482422 83 13.5499999523163
v -77.6000061035156 83 15.3999999761581
v -77.6000061035156 82 15.3999999761581
v -81.3000030517578 82 11.6999998092651
v -81.3000030517578 83 11.6999998092651
v -79.6999969482422 83 13.2999999523163
v -79.6999969482422 82 13.2999999523163
v -81.6999969482422 83 15.3000000119209
v -81.6999969482422 82 15.3000000119209
v -83.3999938964844 82 9.59999990463257
v -83.3999938964844 83 9.59999990463257
v -81.5500030517578 83 11.4499998092651
v -81.5500030517578 82 11.4499998092651
v -83.3000030517578 83 13.7000000476837
v -83.3000030517578 82 13.7000000476837
v -83.5500030517578 83 13.4500000476837
v -83.5500030517578 82 13.4500000476837
v -85.3999938964844 83 11.5999999046326
v -85.3999938964844 82 11.5999999046326
v 35 65 -3
v 35 69 -3
v 37 65 -5
v 37 69 -5
v 45 65 3
v 45 69 3
v 43 65 5
v 43 69 5
v -104 60 40
v -104 84 40
v -56 84 40
v -56 60 40
v -104 60 -8
v -104 84 -8
v -56 60 -8
v -56 84 -8
v 38.5 65 1
v 38.5 65.75 1
v 38.5 65.75 -1
v 38.5 65 -1
v 39 65 1.5
v 39 65.75 1.5
v 41 65 1.5
v 41 65.75 1.5
v 41.5 65 1
v 41.5 65.75 1
v 41.5 65 -1
v 41.5 65.75 -1
v 41 65 -1.5
v 41 65.75 -1.5
v 39 65 -1.5
v 39 65.75 -1.5
v 38.5 65 17
v 38.5 65.75 17
v 38.5 65.75 15
v 38.5 65 15
v 39 65 17.5
v 39 65.75 17.5
v 41 65 17.5
v 41 65.75 17.5
v 41.5 65 17
v 41.5 65.75 17
v 41.5 65 15
v 41.5 65.75 15
v 41 65 14.5
v 41 65.75 14.5
v 39 65 14.5
v 39 65.75 14.5
v 54.5 65 1
v 54.5 65.75 1
v 54.5 65.75 -1
v 54.5 65 -1
v 55 65 1.5
v 55 65.75 1.5
v 57 65 1.5
v 57 65.75 1.5
v 57.5 65 1
v 57.5 65.75 1
v 57.5 65 -1
v 57.5 65.75 -1
v 57 65 -1.5
v 57 65.75 -1.5
v 55 65 -1.5
v 55 65.75 -1.5
v 22.5 65 -17
v 22.5 65.75 -17
v 23 65.75 -17.5
v 23 65 -17.5
v 22.5 65 -15
v 22.5 65.75 -15
v 23 65 -14.5
v 23 65.75 -14.5
v 25 65 -14.5
v 25 65.75 -14.5
v 25.5 65 -15
v 25.5 65.75 -15
v 25.5 65 -17
v 25.5 65.75 -17
v 25 65 -17.5
v 25 65.75 -17.5
v 54.5 65 17
v 54.5 65.75 17
v 54.5 65.75 15
v 54.5 65 15
v 55 65 17.5
v 55 65.75 17.5
v 57 65 17.5
v 57 65.75 17.5
v 57.5 65 17
v 57.5 65.75 17
v 57.5 65 15
v 57.5 65.75 15
v 57 65 14.5
v 57 65.75 14.5
v 55 65 14.5
v 55 65.75 14.5
v 38.5 65 -17
v 38.5 65.75 -17
v 39 65.75 -17.5
v 39 65 -17.5
v 38.5 65 -15
v 38.5 65.75 -15
v 39 65 -14.5
v 39 65.75 -14.5
v 41 65 -14.5
v 41 65.75 -14.5
v 41.5 65 -15
v 41.5 65.75 -15
v 41.5 65 -17
v 41.5 65.75 -17
v 41 65 -17.5
v 41 65.75 -17.5
v 22.5 65 -1
v 22.5 65.75 -1
v 23 65.75 -1.5
v 23 65 -1.5
v 22.5 65 1
v 22.5 65.75 1
v 23 65 1.5
v 23 65.75 1.5
v 25 65 1.5
v 25 65.75 1.5
v 25.5 65 1
v 25.5 65.75 1
v 25.5 65 -1
v 25.5 65.75 -1
v 25 65 -1.5
v 25 65.75 -1.5
v 48.5 84 4
v 48.5 128 4
v 53 128 8.5
v 53 84 8.5
v 48.5 128 13
v 48.5 84 13
v 44 128 8.5
v 44 84 8.5
v -24 0 -64
v -24 128 -64
v -24 128 64
v -24 0 64
v 104 0 -64
v 104 128 -64
v 104 0 64
v 104 128 64
v 27 84 -8.5
v 27 128 -8.5
v 31.5 128 -13
v 31.5 84 -13
v 31.5 84 -4
v 31.5 128 -4
v 36 84 -8.5
v 36 128 -8.5
v 52 65 17.5857812166214
v 53 70 17.5857812166214
v 52 70 17.5857812166214
v 54.4142187833786 70 19
v 53 70 14.4142187833786
v 54.4142187833786 70 13
v 57.5857812166214 70 19
v 57.5857812166214 70 13
v 59 70 17.5857812166214
v 59 70 14.4142187833786
v 53 69 17.5857812166214
v 52 69 17.5857812166214
v 54.4142187833786 69 19
v 53 69 14.4142187833786
v 54.4142187833786 69 13
v 57.5857812166214 69 19
v 57.5857812166214 69 13
v 59 69 17.5857812166214
v 59 69 14.4142187833786
v 36.2426242828369 65 -1.62131309509277
v 35.6213130950928 70 -1
v 35.5 70 -1
v 35.5 70 3.37868785858154
v 37 70 -1.62131309509277
v 36.2426242828369 70 -1.62131309509277
v 37 70 1.62131214141846
v 38.3786869049072 70 -3
v 39 70 -4.37868690490723
v 43.3786878585815 70 -4.5
v 39 70 -4.5
v 44.5 70 -3.37868690490723
v 44.3786878585815 70 1
v 44.5 70 1
v 36.6213130950928 70 4.5
v 41 70 4.5
v 41 70 4.37868785858154
v 41.6213121414185 70 -3
v 38.3786869049072 70 3
v 43 70 -1.62131309509277
v 41.6213121414185 70 3
v 43 70 1.62131214141846
v 35.6213130950928 69 -1
v 35.5 69 3.37868785858154
v 35.5 69 -1
v 37 69 -1.62131309509277
v 36.2426242828369 69 -1.62131309509277
v 37 69 1.62131214141846
v 38.3786869049072 69 -3
v 39 69 -4.37868690490723
v 43.3786878585815 69 -4.5
v 39 69 -4.5
v 44.5 69 -3.37868690490723
v 44.3786878585815 69 1
v 44.5 69 1
v 36.6213130950928 69 4.5
v 41 69 4.37868785858154
v 41 69 4.5
v 41.6213121414185 69 -3
v 38.3786869049072 69 3
v 43 69 -1.62131309509277
v 41.6213121414185 69 3
v 43 69 1.62131214141846
v 36 65 17.5857812166214
v 36 70 17.5857812166214
v 37 70 17.5857812166214
v 38.4142189025879 70 19
v 37 70 14.4142187833786
v 41.5857810974121 70 19
v 38.4142189025879 70 13
v 43 70 17.5857812166214
v 41.5857810974121 70 13
v 43 70 14.4142187833786
v 36 69 17.5857812166214
v 37 69 17.5857812166214
v 38.4142189025879 69 19
v 37 69 14.4142187833786
v 41.5857810974121 69 19
v 38.4142189025879 69 13
v 43 69 17.5857812166214
v 41.5857810974121 69 13
v 43 69 14.4142187833786
v 52 65 1.58578109741211
v 52 70 1.58578109741211
v 53 70 1.58578109741211
v 54.4142187833786 70 3
v 53 70 -1.58578109741211
v 57.5857812166214 70 3
v 54.4142187833786 70 -3
v 59 70 1.58578109741211
v 57.5857812166214 70 -3
v 59 70 -1.58578109741211
v 52 69 1.58578109741211
v 53 69 1.58578109741211
v 54.4142187833786 69 3
v 53 69 -1.58578109741211
v 57.5857812166214 69 3
v 54.4142187833786 69 -3
v 59 69 1.58578109741211
v 57.5857812166214 69 -3
v 59 69 -1.58578109741211
v 35 65 -2.5
v 37.5 65 -5
v 34.5 70 -3
v 35 70 -3
v 34.75 70 -3.25
v 37 70 -5.5
v 36.75 70 -5.25
v 37 70 -5
v 35 70 -2.5
v 37.5 70 -5
v 35 69 -2.5
v 37.5 69 -5
v 38.75 71 0
v 38.75 68 0
v 21.5 70 -17.4142189025879
v 21 70 -17.4142189025879
v 21 70 -14.4142189025879
v 21.5 70 -14.5857810974121
v 22.5857810974121 70 -18.5
v 21 70 -17.5857810974121
v 22.4142189025879 70 -19
v 22.4142189025879 70 -13
v 22.5857810974121 70 -13.5
v 25.4142189025879 70 -18.5
v 25.5857810974121 70 -19
v 25.5857810974121 70 -13
v 25.4142189025879 70 -13.5
v 26.5 70 -17.4142189025879
v 27 70 -17.5857810974121
v 27 70 -14.4142189025879
v 26.5 70 -14.5857810974121
v 21.5 69 -17.4142189025879
v 21 69 -14.4142189025879
v 21 69 -17.4142189025879
v 21.5 69 -14.5857810974121
v 22.5857810974121 69 -18.5
v 21 69 -17.5857810974121
v 22.4142189025879 69 -19
v 22.4142189025879 69 -13
v 22.5857810974121 69 -13.5
v 25.4142189025879 69 -18.5
v 25.5857810974121 69 -19
v 25.5857810974121 69 -13
v 25.4142189025879 69 -13.5
v 26.5 69 -17.4142189025879
v 27 69 -17.5857810974121
v 27 69 -14.4142189025879
v 26.5 69 -14.5857810974121
v 37.5 65 1
v 41.4142189025879 70 -2.5
v 38.5857810974121 70 -2.5
v 37.5 70 -1.41421890258789
v 42.5 70 1.41421890258789
v 42.5 70 -1.41421890258789
v 38.5857810974121 70 2.5
v 41.4142189025879 70 2.5
v 37.5 70 1
v 37.5 70 1.41421890258789
v 41.4142189025879 69 -2.5
v 37.5 69 -1.41421890258789
v 38.5857810974121 69 -2.5
v 42.5 69 1.41421890258789
v 42.5 69 -1.41421890258789
v 38.5857810974121 69 2.5
v 41.4142189025879 69 2.5
v 37.5 69 1
v 37.5 69 1.41421890258789
v 54.75 71 0
v 54.75 68 0
v 54.75 71 16
v 54.75 68 16
v 38.75 71 16
v 38.75 68 16
v 37.5 70 14.5857812166214
v 37 70 14.5857812166214
v 37.5 70 17.4142187833786
v 38.5857810974121 70 13.5
v 38.5857810974121 70 18.5
v 41.4142189025879 70 13.5
v 41.4142189025879 70 18.5
v 42.5 70 14.5857812166214
v 42.5 70 17.4142187833786
v 37.5 69 14.5857812166214
v 37 69 14.5857812166214
v 37.5 69 17.4142187833786
v 38.5857810974121 69 13.5
v 38.5857810974121 69 18.5
v 41.4142189025879 69 13.5
v 41.4142189025879 69 18.5
v 42.5 69 14.5857812166214
v 42.5 69 17.4142187833786
v 37.5 65 17
v 37.5 70 17
v 37.5 69 17
v 53.5 65 1
v 53.5 70 1
v 53.5 70 1.41421890258789
v 53.5 70 -1.41421890258789
v 54.5857812166214 70 -2.5
v 58.5 70 -1.41421890258789
v 57.4142187833786 70 -2.5
v 57.4142187833786 70 2.5
v 58.5 70 1.41421890258789
v 54.5857812166214 70 2.5
v 53.5 69 1.41421890258789
v 53.5 69 1
v 53.5 69 -1.41421890258789
v 54.5857812166214 69 -2.5
v 58.5 69 -1.41421890258789
v 57.4142187833786 69 -2.5
v 57.4142187833786 69 2.5
v 58.5 69 1.41421890258789
v 54.5857812166214 69 2.5
v 21.5 65 -15
v 21.5 70 -15
v 21.5 69 -15
v 43.5857810974121 70 -5
v 38.5 70 -5
v 38.5 70 -4.58578109741211
v 44.5857810974121 70 1.5
v 45 70 1.5
v 45 70 -3.58578109741211
v 36.4142189025879 70 5
v 41.5 70 5
v 41.5 70 4.58578109741211
v 35 70 2.5
v 35 70 3.58578109741211
v 35.5 70 2.5
v 35 70 -1.5
v 35.4142189025879 70 -1.5
v 37 70 -1.41421890258789
v 43.5857810974121 69 -5
v 38.5 69 -4.58578109741211
v 38.5 69 -5
v 44.5857810974121 69 1.5
v 45 69 -3.58578109741211
v 45 69 1.5
v 36.4142189025879 69 5
v 41.5 69 4.58578109741211
v 41.5 69 5
v 35 69 2.5
v 35 69 3.58578109741211
v 35.5 69 2.5
v 35 69 -1.5
v 35.4142189025879 69 -1.5
v 37 69 -1.41421890258789
v 53 70 -1.41421890258789
v 53 69 -1.41421890258789
v 45 70 3
v 43 70 5
v 43.25 70 5.25
v 45.25 70 3.25
v 45.5 70 3
v 43 70 5.5
v 45 65 2.5
v 42.5 65 5
v 45 70 2.5
v 42.5 70 5
v 45 69 2.5
v 42.5 69 5
v 34 65 3.58578109741211
v 34 70 3.58578109741211
v 34 69 3.58578109741211
v 53.5 70 14.5857812166214
v 53 70 14.5857812166214
v 53.5 70 17.4142187833786
v 54.5857812166214 70 13.5
v 54.5857812166214 70 18.5
v 57.4142187833786 70 13.5
v 57.4142187833786 70 18.5
v 58.5 70 14.5857812166214
v 58.5 70 17.4142187833786
v 53.5 69 14.5857812166214
v 53 69 14.5857812166214
v 53.5 69 17.4142187833786
v 54.5857812166214 69 13.5
v 54.5857812166214 69 18.5
v 57.4142187833786 69 13.5
v 57.4142187833786 69 18.5
v 58.5 69 14.5857812166214
v 58.5 69 17.4142187833786
v 53.5 65 17
v 53.5 70 17
v 53.5 69 17
v 20 65 -14.4142189025879
v 20 70 -14.4142189025879
v 20 69 -14.4142189025879
v 36 65 -14.4142189025879
v 36 70 -14.4142189025879
v 37 70 -14.4142189025879
v 38.4142189025879 70 -13
v 37 70 -17.5857810974121
v 41.5857810974121 70 -13
v 38.4142189025879 70 -19
v 43 70 -14.4142189025879
v 41.5857810974121 70 -19
v 43 70 -17.5857810974121
v 36 69 -14.4142189025879
v 37 69 -14.4142189025879
v 38.4142189025879 69 -13
v 37 69 -17.5857810974121
v 41.5857810974121 69 -13
v 38.4142189025879 69 -19
v 43 69 -14.4142189025879
v 41.5857810974121 69 -19
v 43 69 -17.5857810974121
v 20 65 1.58578109741211
v 20 70 1.58578109741211
v 21 70 1.58578109741211
v 22.4142189025879 70 3
v 21 70 -1.58578109741211
v 25.5857810974121 70 3
v 22.4142189025879 70 -3
v 27 70 1.58578109741211
v 25.5857810974121 70 -3
v 27 70 -1.58578109741211
v 20 69 1.58578109741211
v 21 69 1.58578109741211
v 22.4142189025879 69 3
v 21 69 -1.58578109741211
v 25.5857810974121 69 3
v 22.4142189025879 69 -3
v 27 69 1.58578109741211
v 25.5857810974121 69 -3
v 27 69 -1.58578109741211
v 22.75 71 0
v 22.75 68 0
v 22.75 71 -16
v 22.75 68 -16
v 38.75 71 -16
v 38.75 68 -16
v 37.5 70 -17.4142189025879
v 37 70 -17.4142189025879
v 37.5 70 -14.5857810974121
v 38.5857810974121 70 -18.5
v 38.5857810974121 70 -13.5
v 41.4142189025879 70 -18.5
v 41.4142189025879 70 -13.5
v 42.5 70 -17.4142189025879
v 42.5 70 -14.5857810974121
v 37.5 69 -17.4142189025879
v 37 69 -17.4142189025879
v 37.5 69 -14.5857810974121
v 38.5857810974121 69 -18.5
v 38.5857810974121 69 -13.5
v 41.4142189025879 69 -18.5
v 41.4142189025879 69 -13.5
v 42.5 69 -17.4142189025879
v 42.5 69 -14.5857810974121
v 37.5 65 -15
v 37.5 70 -15
v 37.5 69 -15
v 21.5 65 1
v 21.5 70 1
v 21.5 70 1.41421890258789
v 21.5 70 -1.41421890258789
v 22.5857810974121 70 -2.5
v 26.5 70 -1.41421890258789
v 25.4142189025879 70 -2.5
v 25.4142189025879 70 2.5
v 26.5 70 1.41421890258789
v 22.5857810974121 70 2.5
v 21.5 69 1.41421890258789
v 21.5 69 1
v 21.5 69 -1.41421890258789
v 22.5857810974121 69 -2.5
v 26.5 69 -1.41421890258789
v 25.4142189025879 69 -2.5
v 25.4142189025879 69 2.5
v 26.5 69 1.41421890258789
v 22.5857810974121 69 2.5
v 21 70 -1.41421890258789
v 21 69 -1.41421890258789
v -90 81.75 9.01246881484985
v -94.0124664306641 81.75 5
v -90 81.75 0.987531661987305
v -85.9875335693359 81.75 5
v -88 81.75 9
v -86 81.75 7
v -77 81.75 20
v -75 81.75 18
v -77 81.75 22.0124688148499
v -73 81.75 17.9875313043594
v -73 81.75 26.0124683380127
v -68.9875335693359 81.75 22
v -77 81.75 22
v 53 128 17.5857812166214
v 52 128 18
v 52 128 17.5857812166214
v 54.4142187833786 128 19
v 53 128 14.4142187833786
v 52 128 14
v 54 128 20
v 54.4142187833786 128 13
v 54 128 12
v 58 128 20
v 57.5857812166214 128 19
v 57.5857812166214 128 13
v 58 128 12
v 60 128 18
v 59 128 17.5857812166214
v 59 128 14.4142187833786
v 60 128 14
v 42.5 128 -12
v 42 128 -6.5
v 42 128 -11.5
v 42.5 128 -6.5
v 35.6213130950928 128 -1
v 35.5 128 3.37868785858154
v 35.5 128 -1
v 37 128 -1.62131309509277
v 36.2426242828369 128 -1.62131309509277
v 37 128 1.62131214141846
v 38.3786869049072 128 -3
v 39 128 -4.37868690490723
v 43.3786878585815 128 -4.5
v 39 128 -4.5
v 44.5 128 -3.37868690490723
v 44.3786878585815 128 1
v 44.5 128 1
v 36.6213130950928 128 4.5
v 41 128 4.37868785858154
v 41 128 4.5
v 41.6213121414185 128 -3
v 38.3786869049072 128 3
v 43 128 -1.62131309509277
v 41.6213121414185 128 3
v 43 128 1.62131214141846
v 60.5 128 14
v 60 128 13.5
v 60.5 128 13.5
v 67.5 128 13.5
v 67.5 128 14
v 15.75 128 -25.75
v 12.75 128 -25.75
v 14.25 128 -27.25
v 14.25 128 -24.25
v 53.5 128 27.875
v 51.625 128 27.625
v 53.5 128 27.625
v 51.875 128 27.875
v 60.375 128 34.5
v 60.125 128 36.125
v 60.125 128 34.5
v 60.375 128 36.375
v 51.625 128 31.9375
v 51.875 128 31.8125
v 56.1875 128 36.125
v 56.0625 128 36.375
v 60.5 128 18
v 58 128 20.5
v 54 128 20.5
v 51.5 128 2
v 46.5 128 -2
v 51.5 128 -2
v 46.5 128 2
v 58 128 4.5
v 54 128 11.5
v 54 128 4.5
v 58 128 11.5
v 58.5 128 4
v 58.5 128 12
v 51.5 128 18
v 51.5 128 14
v 46.5 128 2.5
v 52 128 2.5
v 52 128 -2.5
v 46.5 128 -2.5
v 53.5 128 12
v 53.5 128 4
v 44.5 128 14
v 44 128 14
v 44 128 13.5
v 44.5 128 18
v 44 128 18
v 44 128 18.5
v 36 128 17.5857812166214
v 38 128 20
v 36 128 18
v 37 128 17.5857812166214
v 38.4142189025879 128 19
v 37 128 14.4142187833786
v 36 128 14
v 42 128 20
v 41.5857810974121 128 19
v 38.4142189025879 128 13
v 38 128 12
v 43 128 17.5857812166214
v 41.5857810974121 128 13
v 42 128 12
v 43 128 14.4142187833786
v 69.75 128 12.25
v 68 128 12
v 70 128 12
v 68.25 128 12.25
v 68 128 14
v 68.25 128 13.75
v 35.5 128 14
v 38 128 11.5
v 42 128 20.5
v 35.5 128 18
v 38 128 20.5
v 22 128 -28
v 21.5 128 -27.5
v 21.5 128 -28
v 22 128 -27.5
v 20 128 -29.5
v 19.5 128 -30
v 20 128 -30
v 19.5 128 -29.5
v 20 128 -34.5
v 19.5 128 -34
v 19.5 128 -34.5
v 20 128 -34
v 28.5 128 2
v 28 128 -2
v 28.5 128 -2
v 28 128 2
v 26.5 128 -27.5
v 26 128 -28
v 26.5 128 -28
v 26 128 -27.5
v 52 128 1.58578109741211
v 54 128 4
v 52 128 2
v 53 128 1.58578109741211
v 54.4142187833786 128 3
v 53 128 -1.58578109741211
v 52 128 -2
v 58 128 4
v 57.5857812166214 128 3
v 54.4142187833786 128 -3
v 54 128 -4
v 60 128 2
v 59 128 1.58578109741211
v 57.5857812166214 128 -3
v 58 128 -4
v 60 128 -2
v 59 128 -1.58578109741211
v 74.5 128 20
v 74 128 20.5
v 74 128 20
v 74.5 128 20.5
v 73.8636875152588 128 5.71471881866455
v 69.4823751449585 128 4.81815624237061
v 73.346061706543 128 3.78287506103516
v 70 128 6.75
v 60.5 128 18.5
v 60 128 18.5
v 74 128 10
v 70 128 8
v 74 128 8
v 70 128 10
v 67.5 128 18
v 67.5 128 18.5
v 70 128 20
v 70 128 20.5
v 34.5 128 -3
v 34 128 -2.5
v 34 128 -3.5
v 35 128 -3
v 34.75 128 -3.25
v 37 128 -5.5
v 37 128 -5
v 36.75 128 -5.25
v 37.5 128 -6
v 36.5 128 -6
v 35 128 -2.5
v 37.5 128 -5
v 41 128 0
v 39 128 0
v 40 128 -1
v 40 128 1
v 39 128 1
v 41 128 1
v 41 128 -1
v 39 128 -1
v 41 128 -1.25
v 38.75 128 -1
v 39 128 -1.25
v 41.25 128 1
v 41.25 128 -1
v 39 128 1.25
v 41 128 1.25
v 38.75 128 0
v 38.75 128 1
v 39 128 1.5
v 38.5 128 1
v 38.5 128 -1
v 41 128 1.5
v 39 128 -1.5
v 41.5 128 1
v 41 128 -1.5
v 41.5 128 -1
v 36 128 -6.5
v 38 128 -6.5
v 46 128 -2.5
v 46.5 128 -4
v 46 128 -4
v 44 128 -6
v 42.5 128 -6
v 44 128 -6.5
v -99 60 5
v -104 60 5
v -94 60 6
v -90.25 60 9.75
v -77.75 60 20.25
v -88.25 60 9.75
v -77.75 60 22.25
v -73 60 31
v -74 60 26
v -69 60 23
v -72 60 26
v -64 60 22
v -72.75 60 17.25
v -69 60 21
v -85.25 60 6.75
v -74.75 60 17.25
v -85.25 60 4.75
v -90 60 -4
v -89 60 1
v -94 60 4
v -91 60 1
v -104 84 5
v 53.5 128 28
v 52 128 28
v 60 128 36
v 60 128 34.5
v 52 128 31.75
v 56.25 128 36
v 53.75 128 28.25
v 54 128 28
v 52.25 128 28.25
v 60 128 34
v 59.75 128 35.75
v 59.75 128 34.25
v 52.25 128 31.625
v 56.375 128 35.75
v 52 128 18.5
v 52 128 13.5
v 53.5 128 20.5
v 53.5 128 20
v 42 128 6.5
v 38 128 6.5
v 42 128 11.5
v 69.5 128 11.625
v 67.5 128 11.5
v 69.5 128 11.5
v 67.625 128 11.625
v 67.625 128 13.5
v 21.5 128 -17.4142189025879
v 21 128 -14.4142189025879
v 21 128 -17.4142189025879
v 21.5 128 -14.5857810974121
v 22.5857810974121 128 -18.5
v 21 128 -17.5857810974121
v 22.4142189025879 128 -19
v 22.4142189025879 128 -13
v 22.5857810974121 128 -13.5
v 25.4142189025879 128 -18.5
v 25.5857810974121 128 -19
v 25.5857810974121 128 -13
v 25.4142189025879 128 -13.5
v 26.5 128 -17.4142189025879
v 27 128 -17.5857810974121
v 27 128 -14.4142189025879
v 26.5 128 -14.5857810974121
v 20.25 128 -29.75
v 20 128 -28
v 20.25 128 -28.25
v 21.75 128 -28.25
v 41.4142189025879 128 -2.5
v 37.5 128 -1.41421890258789
v 38.5857810974121 128 -2.5
v 42.5 128 1.41421890258789
v 42.5 128 -1.41421890258789
v 38.5857810974121 128 2.5
v 41.4142189025879 128 2.5
v 37.5 128 1
v 37.5 128 1.41421890258789
v 19.875 128 -29.5
v 21.5 128 -27.875
v 19.875 128 -27.875
v 64 128 -2
v 62 128 2
v 62 128 -2
v 64 128 2
v 68.2171249389648 128 -1.34606170654297
v 65.25 128 2
v 66.2852811813354 128 -1.86368751525879
v 67.1818437576294 128 2.5176248550415
v 72.0355319976807 128 1.37868785858154
v 67.7929058074951 128 2.79287528991699
v 70.6213121414185 128 -0.0355319976806641
v 69.207124710083 128 4.20709419250488
v 68.5 128 3.5
v 74.5 128 11.5
v 76.375 128 11.625
v 74.5 128 11.625
v 76.5 128 11.5
v 74.5 128 20.375
v 76.5 128 20.5
v 76.375 128 20.375
v 74 128 12
v 70 128 11.5
v 74 128 11.5
v 68 128 20
v 67.875 128 18.5
v 68 128 18.5
v 69.5 128 20.125
v 69.5 128 20
v 67.875 128 20.125
v 69.5 128 12
v 67.875 128 11.875
v 69.5 128 11.875
v 67.875 128 13.5
v 68 128 13.5
v 68 128 18
v 67.625 128 20.375
v 67.625 128 18.5
v 69.5 128 20.5
v 69.5 128 20.375
v 67.5 128 20.5
v 74.5 128 12
v 74.25 128 12.25
v 75.75 128 19.75
v 75.75 128 12.25
v 74.25 128 19.75
v 69.75 128 19.75
v 68.25 128 18.25
v 68.25 128 19.75
v 76 128 12
v 76 128 20
v 74.5 128 11.875
v 76.125 128 11.875
v 76.125 128 20.125
v 74.5 128 20.125
v 57 128 0
v 55 128 0
v 56 128 -1
v 56 128 1
v 55 128 1
v 57 128 1
v 57 128 -1
v 55 128 -1
v 57 128 -1.25
v 54.75 128 -1
v 55 128 -1.25
v 57.25 128 1
v 57.25 128 -1
v 55 128 1.25
v 57 128 1.25
v 54.75 128 0
v 54.75 128 1
v 55 128 1.5
v 54.5 128 1
v 54.5 128 -1
v 57 128 1.5
v 55 128 -1.5
v 57.5 128 1
v 57 128 -1.5
v 57.5 128 -1
v 57 128 16
v 55 128 16
v 56 128 15
v 56 128 17
v 55 128 17
v 57 128 17
v 57 128 15
v 55 128 15
v 57 128 14.75
v 54.75 128 15
v 55 128 14.75
v 57.25 128 17
v 57.25 128 15
v 55 128 17.25
v 57 128 17.25
v 54.75 128 16
v 54.75 128 17
v 55 128 17.5
v 54.5 128 17
v 54.5 128 15
v 57 128 17.5
v 55 128 14.5
v 57.5 128 17
v 57 128 14.5
v 57.5 128 15
v 41 128 16
v 39 128 16
v 40 128 15
v 40 128 17
v 39 128 17
v 41 128 17
v 41 128 15
v 39 128 15
v 41 128 14.75
v 38.75 128 15
v 39 128 14.75
v 41.25 128 17
v 41.25 128 15
v 39 128 17.25
v 41 128 17.25
v 38.75 128 16
v 38.75 128 17
v 39 128 17.5
v 38.5 128 17
v 38.5 128 15
v 41 128 17.5
v 39 128 14.5
v 41.5 128 17
v 41 128 14.5
v 41.5 128 15
v 19.25 128 -22.25
v 16.25 128 -22.25
v 17.75 128 -23.75
v 17.75 128 -20.75
v 13 128 -29.5
v 13 128 -30
v 13 128 -34
v 13 128 -34.5
v 37.5 128 14.5857812166214
v 37 128 14.5857812166214
v 37.5 128 17.4142187833786
v 38.5857810974121 128 13.5
v 38.5857810974121 128 18.5
v 41.4142189025879 128 13.5
v 41.4142189025879 128 18.5
v 42.5 128 14.5857812166214
v 42.5 128 17.4142187833786
v 37.5 128 17
v 53.5 128 1.41421890258789
v 53.5 128 1
v 53.5 128 -1.41421890258789
v 54.5857812166214 128 -2.5
v 58.5 128 -1.41421890258789
v 57.4142187833786 128 -2.5
v 57.4142187833786 128 2.5
v 58.5 128 1.41421890258789
v 54.5857812166214 128 2.5
v 22.5 128 -15
v 21.5 128 -15
v 23 128 -14.5
v 22.5 128 -17
v 23 128 -17.5
v 25 128 -14.5
v 25 128 -17.5
v 25.5 128 -15
v 25.5 128 -17
v 43.5857810974121 128 -5
v 38.5 128 -4.58578109741211
v 38.5 128 -5
v 44.5857810974121 128 1.5
v 45 128 -3.58578109741211
v 45 128 1.5
v 36.4142189025879 128 5
v 41.5 128 4.58578109741211
v 41.5 128 5
v 35 128 2.5
v 35 128 3.58578109741211
v 35.5 128 2.5
v 35 128 -1.5
v 35.4142189025879 128 -1.5
v 37 128 -1.41421890258789
v 53 128 -1.41421890258789
v 19.625 128 -29.5
v 21.5 128 -27.625
v 19.625 128 -27.625
v 58.5 128 20.5
v 58.5 128 20
v 58 128 27.5
v 54 128 27.5
v 58 128 28
v 74 128 27
v 70 128 27
v 69.5 128 27
v 74.5 128 27
v 46.5 128 4
v 46 128 4
v 46 128 3.5
v 44 128 6
v 44 128 6.5
v 43.5 128 6
v 37.5 128 6.5
v 37.5 128 12
v 67.25 128 25.75
v 64.25 128 25.75
v 65.75 128 24.25
v 65.75 128 27.25
v 36 128 -6
v 34 128 -4
v 45 128 3
v 43.25 128 5.25
v 43 128 5
v 45.25 128 3.25
v 45.5 128 3
v 43 128 5.5
v 59.75 128 29.75
v 60 128 28
v 60 128 30
v 59.75 128 28.25
v 58.25 128 28.25
v 42.5 128 12
v 42.5 128 6.5
v 60.5 128 27.5
v 58.5 128 27.625
v 58.5 128 27.5
v 60.375 128 29.5
v 60.5 128 29.5
v 60.375 128 27.625
v 51.5 128 27.5
v 53.5 128 27.5
v 60.5 128 34.5
v 60.5 128 36.5
v 51.5 128 32
v 56 128 36.5
v 60.5 128 34
v 60.5 128 30
v 46 128 2.5
v 60 128 29.5
v 60.125 128 27.875
v 60.125 128 29.5
v 58.5 128 27.875
v 58.5 128 28
v 33.5 128 2
v 33.5 128 -2
v 34 128 2.5
v 42.5 0 8.5
v 44 0 8.5
v 48.5 0 13
v 48.5 0 4
v 53 0 8.5
v 42.5 128 8.5
v -24 0 2
v -24 0 1.34606266021729
v -24 0 -1.37868690490723
v -24 0 -5.71471786499023
v -24 0 -10
v -24 0 -11.5
v 58.5 0 10
v 58.5 0 4.81815624237061
v 59.7071249485016 0 2.79287528991699
v 10.5 0 -22.25
v 10.5 0 -25.75
v 58.5 0 25.75
v 58.5 0 22.25
v 18 128 2
v -24 128 2
v -24 128 1.34606266021729
v 16 128 2
v 13.7147178649902 128 1.86368751525879
v 11.7828750610352 128 1.34606266021729
v -24 128 -1.37868690490723
v 9.37868881225586 128 0.0355310440063477
v 7.96446990966797 128 -1.37868690490723
v -24 128 -5.71471786499023
v 6.65393829345703 128 -3.78287506103516
v 6.13631439208984 128 -5.71471786499023
v 10 128 -6.75
v -24 128 -10
v 6 128 -8
v 6 128 -10
v -24 128 -11.5
v 10 128 -10
v 12.5 128 -11.5
v 20 128 -13.5
v 12.5 128 -13.5
v 21.5 128 -12
v 21.5 128 -4
v 19.5 128 -2
v 33.5 128 2.5
v 26 128 4.5
v 28 128 2.5
v 33.5 128 4
v 36 128 6.5
v 69.5 128 34.5
v 74.5 128 29.5
v 58.5 128 10
v 58.5 128 4.81815624237061
v 59.7071249485016 128 2.79287528991699
v 60.5 128 2
v 60.5 128 -2
v 54 128 -4.5
v 44.5 128 -14
v 28 128 -18.5
v 38 128 -20.5
v 36 128 -18.5
v 26.5 128 -20
v 28.5 128 -27.5
v 10.5 128 -34.5
v 19.5 128 -36.5
v 3.5 128 -20.5
v 5.5 128 -29.5
v 5.5 128 -20.5
v 3.5 128 -11.5
v 10 128 -8
v 58 128 -4.5
v 42 128 -20.5
v 28.5 128 -32
v 16 128 -2
v 14.75 128 -2
v 12.8181571960449 128 -2.51762580871582
v 12.2070922851563 128 -2.79287528991699
v 10.7928733825684 128 -4.20709419250488
v 10.5176239013672 128 -4.81815719604492
v 22 128 4.5
v 44.5 128 -18
v 24 128 -36.5
v 18 128 -2
v 11.5 128 -3.5
v 19.5 128 2
v 10.5 128 -20.5
v 10.5 128 -22.25
v 10.5 128 -25.75
v 10.5 128 -27
v 19.5 128 -27.5
v 21.5 128 -20
v 20 128 -18.5
v 12.5 128 -20.5
v 12.5 128 -18.5
v 58.5 128 25.75
v 60.75 128 22.25
v 58.5 128 22.25
v 62.25 128 23.75
v 62.25 128 20.75
v 67 128 29.5
v 63.75 128 22.25
v 70 128 27.25
v 74 128 29.25
v 69.25 128 34
v 67 128 34
v 67.25 128 30
v 67 128 30
v 67 128 34.5
v 33.5 128 -4
v 42.5 128 6
v 37.5 128 6
v 37.5 128 -12
v 38 128 -11.5
v 37.5 128 -6.5
v 34 128 4
v 36 128 6
v 45 128 2.5
v 42.5 128 5
v 34 128 3.58578109741211
v 53.5 128 14.5857812166214
v 53 128 14.5857812166214
v 53.5 128 17.4142187833786
v 54.5857812166214 128 13.5
v 54.5857812166214 128 18.5
v 57.4142187833786 128 13.5
v 57.4142187833786 128 18.5
v 58.5 128 14.5857812166214
v 58.5 128 17.4142187833786
v 53.5 128 17
v 20 128 -14.4142189025879
v 22 128 -12
v 20 128 -14
v 20 128 -18
v 26 128 -12
v 22 128 -20
v 28 128 -14
v 26 128 -20
v 28 128 -18
v 19.5 128 -13.5
v 19.5 128 -14
v 12.5 128 -14
v 26.5 128 -27.875
v 28.375 128 -27.625
v 26.5 128 -27.625
v 28.125 128 -27.875
v 19.625 128 -34.5
v 19.875 128 -36.125
v 19.875 128 -34.5
v 19.625 128 -36.375
v 28.375 128 -31.9375
v 28.125 128 -31.8125
v 23.8125 128 -36.125
v 23.9375 128 -36.375
v 19.5 128 -18
v 22 128 -20.5
v 26 128 -20.5
v 26 128 -4.5
v 22 128 -11.5
v 26 128 -11.5
v 22 128 -4.5
v 28.5 128 -14
v 28.5 128 -18
v 26.5 128 -4
v 26.5 128 -12
v 28 128 -2.5
v 33.5 128 -2.5
v 36 128 -13.5
v 35.5 128 -14
v 36 128 -14
v 36 128 -18
v 35.5 128 -18
v 36 128 -14.4142189025879
v 38 128 -12
v 37 128 -14.4142189025879
v 38.4142189025879 128 -13
v 37 128 -17.5857810974121
v 42 128 -12
v 41.5857810974121 128 -13
v 38.4142189025879 128 -19
v 38 128 -20
v 44 128 -14
v 43 128 -14.4142189025879
v 41.5857810974121 128 -19
v 42 128 -20
v 44 128 -18
v 43 128 -17.5857810974121
v 11.75 128 -12.25
v 10 128 -12
v 10.25 128 -12.25
v 12 128 -14
v 11.75 128 -13.75
v 12 128 -12
v 22 128 -4
v 20 128 -2
v 26 128 4
v 20 128 2
v 22 128 4
v 26.5 0 -8.5
v 27 0 -8.5
v 31.5 0 -4
v 31.5 0 -13
v 36 0 -8.5
v 26.5 128 -8.5
v 28 128 -13.5
v 12.75 128 -30
v 10 128 -27
v 10 128 -27.25
v 20 128 1.58578109741211
v 21 128 1.58578109741211
v 22.4142189025879 128 3
v 21 128 -1.58578109741211
v 25.5857810974121 128 3
v 22.4142189025879 128 -3
v 27 128 1.58578109741211
v 25.5857810974121 128 -3
v 26 128 -4
v 27 128 -1.58578109741211
v 6 128 -20
v 6 128 -20.5
v 5.5 128 -20
v 19.5 128 -18.5
v 12.5 128 -18
v 10 128 -20
v 10 128 -20.5
v 28 128 -28
v 20 128 -36
v 28 128 -31.75
v 23.75 128 -36
v 26.25 128 -28.25
v 27.75 128 -28.25
v 20.25 128 -35.75
v 20.25 128 -34.25
v 27.75 128 -31.625
v 23.625 128 -35.75
v 26.5 128 -20.5
v 12.375 128 -11.625
v 12.375 128 -13.5
v 10.5 128 -11.625
v 10.5 128 -11.5
v 10.75 128 -34
v 5.5 128 -27
v 6 128 -29.25
v 6 128 -27
v 5.5 128 -20.375
v 3.625 128 -20.375
v 5.5 128 -11.5
v 3.625 128 -11.625
v 5.5 128 -11.625
v 10 128 -11.5
v 6 128 -12
v 6 128 -11.5
v 12 128 -18.5
v 12.125 128 -20.125
v 12.125 128 -18.5
v 12 128 -20
v 10.5 128 -20.125
v 10.5 128 -20
v 10.5 128 -11.875
v 10.5 128 -12
v 12.125 128 -13.5
v 12 128 -13.5
v 12.125 128 -11.875
v 12 128 -18
v 12.375 128 -18.5
v 12.375 128 -20.375
v 10.5 128 -20.375
v 5.5 128 -12
v 5.75 128 -19.75
v 4.25 128 -12.25
v 4.25 128 -19.75
v 10.25 128 -19.75
v 11.75 128 -18.25
v 11.75 128 -19.75
v 5.75 128 -12.25
v 4 128 -20
v 4 128 -12
v 3.875 128 -20.125
v 5.5 128 -20.125
v 5.5 128 -11.875
v 3.875 128 -11.875
v 25 128 0
v 23 128 0
v 24 128 -1
v 24 128 1
v 25 128 -1
v 23 128 -1
v 23 128 1
v 25 128 1
v 25 128 -1.25
v 22.75 128 -1
v 23 128 -1.25
v 25.25 128 1
v 25.25 128 -1
v 23 128 1.25
v 25 128 1.25
v 22.75 128 0
v 22.75 128 1
v 23 128 1.5
v 22.5 128 1
v 22.5 128 -1
v 25 128 1.5
v 23 128 -1.5
v 25.5 128 1
v 25 128 -1.5
v 25.5 128 -1
v 25 128 -16
v 23 128 -16
v 24 128 -17
v 24 128 -15
v 25 128 -17
v 23 128 -17
v 23 128 -15
v 25 128 -15
v 25 128 -17.25
v 22.75 128 -17
v 23 128 -17.25
v 25.25 128 -15
v 25.25 128 -17
v 23 128 -14.75
v 25 128 -14.75
v 22.75 128 -16
v 22.75 128 -15
v 41 128 -16
v 39 128 -16
v 40 128 -17
v 40 128 -15
v 41 128 -17
v 39 128 -17
v 39 128 -15
v 41 128 -15
v 41 128 -17.25
v 38.75 128 -17
v 39 128 -17.25
v 41.25 128 -15
v 41.25 128 -17
v 39 128 -14.75
v 41 128 -14.75
v 38.75 128 -16
v 38.75 128 -15
v 39 128 -14.5
v 38.5 128 -15
v 38.5 128 -17
v 41 128 -14.5
v 39 128 -17.5
v 41.5 128 -15
v 41 128 -17.5
v 41.5 128 -17
v 21.5 128 -20.5
v 37.5 128 -17.4142189025879
v 37 128 -17.4142189025879
v 37.5 128 -14.5857810974121
v 38.5857810974121 128 -18.5
v 38.5857810974121 128 -13.5
v 41.4142189025879 128 -18.5
v 41.4142189025879 128 -13.5
v 42.5 128 -17.4142189025879
v 42.5 128 -14.5857810974121
v 37.5 128 -15
v 21.5 128 1.41421890258789
v 21.5 128 1
v 21.5 128 -1.41421890258789
v 22.5857810974121 128 -2.5
v 26.5 128 -1.41421890258789
v 25.4142189025879 128 -2.5
v 25.4142189025879 128 2.5
v 26.5 128 1.41421890258789
v 22.5857810974121 128 2.5
v 21 128 -1.41421890258789
v -83.6499938964844 60 9.34999990463257
v -85.75 60 7.25
v -87.75 60 9.25
v -85.6499938964844 60 11.3499999046326
v -81.5500030517578 60 11.4499998092651
v -83.3999938964844 60 9.59999990463257
v -85.3999938964844 60 11.5999999046326
v -83.5500030517578 60 13.4500000476837
v -79.6999969482422 60 13.2999999523163
v -81.3000030517578 60 11.6999998092651
v -83.3000030517578 60 13.7000000476837
v -81.6999969482422 60 15.3000000119209
v -77.6000061035156 60 15.3999999761581
v -79.4499969482422 60 13.5499999523163
v -81.4499969482422 60 15.5500000119209
v -79.6000061035156 60 17.3999999761581
v -75.25 60 17.75
v -77.3500061035156 60 15.6500000059605
v -79.3500061035156 60 17.6499999761581
v -77.25 60 19.75
v -73 60 27
v -94.6464385986328 60 5
v -95 60 5
v -90.1464385986328 60 9.5
v -90 60 0.353562355041504
v -90 60 0
v -88.1464385986328 60 9.5
v -85.5 60 4.8535623550415
v -77.5 60 20.1464376449585
v -85.5 60 6.8535623550415
v -77.5 60 22.1464376449585
v -74.8535614013672 60 17.5
v -73 60 26.6464376449585
v -72.8535614013672 60 17.5
v -68 60 22
v -68.3535614013672 60 22
v -94.3660278320313 60 5
v -90.1029052734375 60 9.26312494277954
v -90 60 0.633968353271484
v -88.1029052734375 60 9.25065612792969
v -85.7368774414063 60 4.89709377288818
v -77.25 60 20.1035623550415
v -85.7493438720703 60 6.89709377288818
v -77.25 60 22.1160311698914
v -74.8970947265625 60 17.749343752861
v -73 60 26.3660316467285
v -72.8970947265625 60 17.7368750572205
v -68.6339721679688 60 22
v -90 60 9.01246881484985
v -94.0124664306641 60 5
v -90 60 0.987531661987305
v -85.9875335693359 60 5
v -88 60 9
v -86 60 7
v -77 60 20
v -75 60 18
v -77 60 22.0124688148499
v -73 60 17.9875313043594
v -73 60 26.0124683380127
v -68.9875335693359 60 22
v -77 60 22
v 38.75 66 0
v 54.75 66 0
v 54.75 66 16
v 38.75 66 16
v 22.75 66 0
v 22.75 66 -16
v 38.75 66 -16
v -73 83.5 27
v -95 83.5 5
v -90 83.5 0
v -68 83.5 22
v 21 64.875 -17.4142189025879
v 37 64.875 14.5857812166214
v 37 64.875 -1.41421890258789
v 53 64.875 -1.41421890258789
v 53 64.875 14.5857812166214
v 37 64.875 -17.4142189025879
v 21 64.875 -1.41421890258789
vn 0 0 1
vn -0.707106781186547 0 0.707106781186547
vn -1 0 0
vn -0.707106781186547 0 -0.707106781186547
vn 0 0 -1
vn 0.707106781186547 0 -0.707106781186547
vn 1 0 0
vn 0.707106781186547 0 0.707106781186547
vn -0.707106781186548 0 0.707106781186548
vn -0.707106781186548 0 -0.707106781186548
vn 0.707106781186548 0 0.707106781186548
vn 0.707106781186548 0 -0.707106781186548
vn 0.196116135138184 0 0.98058067569092
vn 0.196116135138184 0 -0.98058067569092
vn 0.98058067569092 0 -0.196116135138184
vn -0.98058067569092 0 -0.196116135138184
vn -0.196116135138184 0 -0.98058067569092
vn -0.196116135138184 0 0.98058067569092
vn -0.98058067569092 0 0.196116135138184
vn 0.98058067569092 0 0.196116135138184
vn 0.70710675714535 0 -0.707106805227744
vn -0.707106805227744 0 0.70710675714535
vn 0.707106781186548 0 0.707106781186548
vn -0.707106781186548 0 -0.707106781186548
vn 0.707103094965026 0 -0.707110467388853
vn 0.707107606521079 0 -0.707105955851053
vn 0.70710674951635 0 -0.707106812856743
vn 0.707106047556471 0 -0.707107514815863
vn 0.707110057840237 0 -0.707103504517674
vn -0.707110057840237 0 -0.707103504517674
vn -0.707105825858475 0 -0.70710773651333
vn -0.707106576396077 0 -0.707106985976958
vn -0.707106576396077 0 0.707106985976958
vn -0.707106827038447 0 0.707106735334645
vn -0.70710674951635 0 0.707106812856743
vn -0.707106047556471 0 0.707107514815863
vn -0.707110057840237 0 0.707103504517674
vn 0.707110057840237 0 0.707103504517674
vn 0.707103094965026 0 0.707110467388853
vn 0.707107090093939 0 0.707106472279021
vn 0.707106978914059 0 -0.70710658345898
vn -0.00623428626949605 0 -0.999980566648527
vn 0.707106812254244 0 -0.70710675011885
vn 1 0 0
vn 0.707106820854166 0 -0.707106741518926
vn -0.707107090093939 0 -0.707106472279021
vn -0.707106978914059 0 0.70710658345898
vn 0.00623422666832612 0 0.999980567020104
vn -0.707106812256122 0 0.707106750116971
vn -0.999980574079377 0 -0.00623309424608498
vn -0.707107018459542 0 0.707106543913473
vn 0.707107018459542 0 -0.707106543913473
vn 0.999980574079377 0 0.00623309424608498
vn 0.707106812256122 0 -0.707106750116971
vn -0.00623422666832612 0 -0.999980567020104
vn -0.707106820854166 0 0.707106741518926
vn -1 0 0
vn -0.707106812254244 0 0.70710675011885
vn 0.00623428626949605 0 0.999980566648527
vn -0.707106751384336 0 -0.707106810988758
vn 0.707106751384336 0 -0.707106810988758
vn 0.707106751384336 0 0.707106810988758
vn -0.707106751384336 0 0.707106810988758
vn 0.707106820003621 0 -0.707106742369472
vn -0.707106820003621 0 -0.707106742369472
vn -0.707106820003621 0 0.707106742369472
vn 0.707106820003621 0 0.707106742369472
vn 0.707106480489976 0 -0.707107081882991
vn 0 0 -1
vn -0.707107081882991 0 0.707106480489976
vn 0.707106536624328 0 -0.707107025748683
vn -0.707107025748683 0 0.707106536624328
vn -0.707106810988758 0 -0.707106751384336
vn 0.707106810988758 0 -0.707106751384336
vn 0.707106810988758 0 0.707106751384336
vn -0.707106810988758 0 0.707106751384336
vn 0.707106742369472 0 -0.707106820003621
vn -0.707106742369472 0 -0.707106820003621
vn -0.707106742369472 0 0.707106820003621
vn 0 0 1
vn 0.707106742369472 0 0.707106820003621
vn 0.258821250296752 0 0.965925235406357
vn -0.965927093958088 0 0.258814314050988
vn -0.258821193360323 0 -0.965925250662565
vn 0.96592721494513 0 -0.258813862511932
vn 0.707106895915101 0 0.707106666457975
vn -0.707106666457975 0 -0.707106895915101
vn 0.707091522290163 0 -0.707122039753663
vn 0.707122039753663 0 -0.707091522290163
vn -0.258814306162013 0 0.965927096071891
vn -0.965925231034631 0 -0.258821266612107
vn 0.258813847781442 0 -0.965927218892068
vn 0.965925246521995 0 0.258821208813
vn -0.258814421757611 0 0.965927065098744
vn 0.96592520421026 0 0.258821366721082
vn 0.258813963376865 0 -0.965927187919027
vn -0.96592518872288 0 -0.258821424520205
vn -0.707122986254573 0 0.707090575747135
vn 0.707107240100874 0 0.707106322271924
vn 0.707106551731823 0 -0.707107010641198
vn -0.707107125372376 0 -0.707106437000552
vn -0.707090575790519 0 0.707122986211191
vn -0.965927305421334 0 0.258813524842657
vn -0.258821546281946 0 -0.96592515609659
vn 0.965927305421334 0 -0.258813524842657
vn 0.258821546281946 0 0.96592515609659
vn 0.707106823202425 0 -0.707106739170667
vn 0.707106822876722 0 -0.70710673949637
vn -0.707106739170667 0 0.707106823202425
vn -0.70710673949637 0 0.707106822876722
vn -0.707105737551021 0 0.707107824820533
vn 0.707105737551021 0 -0.707107824820533
vn -0.707108512626858 0 0.707105049741998
vn 0.707108535408882 0 -0.707105026959861
vn 0.707105464098876 0 -0.707108098271766
vn 0.707108512626858 0 -0.707105049741998
vn -0.707106823333392 0 -0.7071067390397
vn 0.707106823333392 0 0.7071067390397
vn -0.707105411415216 0 0.707108150955226
vn -0.707108558190904 0 0.707105004177725
vn 0.707106949250093 0 0.707106613122962
vn 0.707106991265961 0 -0.707106571107072
vn 0.707106739039695 0 -0.707106823333397
vn -0.707106949250093 0 -0.707106613122962
vn -0.707106991265961 0 0.707106571107072
vn -0.707106949250093 0 0.707106613122962
vn -0.707108535408882 0 0.707105026959861
vn -0.707106823333392 0 0.7071067390397
vn -0.707105464098876 0 0.707108098271766
vn 0.707105411415216 0 -0.707108150955226
vn 0.707108558190904 0 -0.707105004177725
vn 0 1 0
vn 0 1 0
vn 0 -1 0
vn 0 -1 0
vn 0.577350269189626 0.577350269189626 -0.577350269189626
vn -0.577350269189626 0.577350269189626 -0.577350269189626
vn -0.577350269189626 0.577350269189626 0.577350269189626
vn 0.577350269189626 0.577350269189626 0.577350269189626
vn 0.336336396998156 0.941741911594837 0
vn -0.224859506698758 0.97439119569462 0
vn 0 0.97439119569462 0.224859506698758
vn 0 0.941741911594837 0.336336396998156
vn 0.224859506698758 0.97439119569462 0
vn -0.336336396998156 0.941741911594837 0
vn 0 0.941741911594837 -0.336336396998156
vn 0 0.97439119569462 -0.224859506698758
vt 1.203125 0
vt -0.796875 0
vt -0.796875 -0.0625
vt 1.203125 -0.0625
vt 1.203125 -0.3125
vt -0.796875 -0.3125
vt -0.796875 -0.375
vt 1.203125 -0.375
vt 0.625 0
vt 0.625 -0.0625
vt 0.625 -0.3125
vt 0.625 -0.375
vt 1.625 -0.0625
vt 1.625 0
vt -0.375 0
vt -0.375 -0.0625
vt 1.328125 0
vt -0.09375 0
vt -0.09375 -0.0625
vt 1.328125 -0.0625
vt 1.328125 -0.3125
vt -0.09375 -0.3125
vt -0.09375 -0.375
vt 1.328125 -0.375
vt -0.671875 0
vt -0.671875 -0.0625
vt -0.671875 -0.3125
vt -0.671875 -0.375
vt 0.75 0
vt 0.75 -0.0625
vt 0.75 -0.3125
vt 0.75 -0.375
vt 1.78125 0
vt -0.21875 0
vt -0.21875 -0.0625
vt 1.78125 -0.0625
vt 1.78125 -0.3125
vt -0.21875 -0.3125
vt -0.21875 -0.375
vt 1.78125 -0.375
vt -0.5625 -0.375
vt -0.5625 0
vt -0.921875 0
vt -0.921875 -0.375
vt -0.0625 -0.6875
vt -0.0625 0
vt -0.3125 0
vt -0.3125 -0.6875
vt 0.40625 -0.1875
vt 0.40625 0
vt 0.28125 0
vt 0.28125 -0.1875
vt 0.015625 -0.1875
vt 0.015625 0
vt -0.109375 0
vt -0.109375 -0.1875
vt 1 -0.375
vt 1 0
vt 0 0
vt 0 -0.375
vt -0.46875 0
vt -0.46875 -0.0625
vt 0 -0.0625
vt -0.25 0
vt -0.25 -0.0625
vt 0.25 -0.0625
vt 0.25 0
vt 2.859375 -0.375
vt 2.859375 0
vt 0.859375 0
vt 0.859375 -0.375
vt 3.859375 -0.0625
vt 3.859375 0
vt 0.359375 0
vt 0.359375 -0.0625
vt 2.078125 -0.375
vt 2.078125 0
vt 0.078125 0
vt 0.078125 -0.375
vt 3.078125 -0.0625
vt 3.078125 0
vt -0.421875 0
vt -0.421875 -0.0625
vt 2.5 -0.0625
vt 2.5 0
vt 2.390625 -0.375
vt 2.390625 0
vt 0.390625 0
vt 0.390625 -0.375
vt 2 -0.375
vt 2 0
vt 0.5 0
vt 0.5 -0.375
vt 0.4375 -0.375
vt 0.4375 0
vt -0.125 0
vt -0.125 -0.0625
vt -0.125 -0.3125
vt -0.375 -0.3125
vt -0.375 -0.375
vt -0.125 -0.375
vt -0.34375 0
vt -0.34375 -0.0625
vt -0.34375 -0.3125
vt -0.34375 -0.375
vt 1.109375 -0.0625
vt 1.109375 0
vt 0.859375 -0.0625
vt -0.0625 -0.375
vt -0.421875 -0.375
vt 1.171875 -0.375
vt 1.171875 0
vt 0.8125 0
vt 0.8125 -0.375
vt 0.25 -0.375
vt 0.984375 -0.375
vt 0.984375 0
vt 0.046875 0
vt -0.203125 0
vt -0.203125 -0.0625
vt 0.046875 -0.0625
vt 0.046875 -0.3125
vt -0.203125 -0.3125
vt -0.203125 -0.375
vt 0.046875 -0.375
vt 0.109375 0
vt -0.140625 0
vt -0.140625 -0.0625
vt 0.109375 -0.0625
vt 0.109375 -0.3125
vt -0.140625 -0.3125
vt -0.140625 -0.375
vt 0.109375 -0.375
vt 0.53125 0
vt -0.890625 0
vt -0.890625 -0.0625
vt 0.53125 -0.0625
vt 0.53125 -0.3125
vt -0.890625 -0.3125
vt -0.890625 -0.375
vt 0.53125 -0.375
vt 0.796875 0
vt -0.625 0
vt -0.625 -0.0625
vt 0.796875 -0.0625
vt 0.796875 -0.3125
vt -0.625 -0.3125
vt -0.625 -0.375
vt 0.796875 -0.375
vt 1.375 0
vt -0.046875 0
vt -0.046875 -0.0625
vt 1.375 -0.0625
vt 1.375 -0.3125
vt -0.046875 -0.3125
vt -0.046875 -0.375
vt 1.375 -0.375
vt 0.953125 0
vt 0.953125 -0.0625
vt 0.953125 -0.3125
vt -0.46875 -0.3125
vt -0.46875 -0.375
vt 0.953125 -0.375
vt 1.53125 0
vt 1.53125 -0.0625
vt 1.53125 -0.3125
vt 1.53125 -0.375
vt 2 -0.0625
vt 1.953125 0
vt 1.953125 -0.0625
vt 1.953125 -0.3125
vt 1.953125 -0.375
vt -0.5625 -0.6875
vt -0.8125 0
vt -0.8125 -0.6875
vt 0.46875 -0.6875
vt 0.46875 0
vt 0.21875 0
vt 0.21875 -0.6875
vt 2.265625 0
vt 0.265625 0
vt 0.265625 -0.0625
vt 2.265625 -0.0625
vt 2.265625 -0.3125
vt 0.265625 -0.3125
vt 0.265625 -0.375
vt 2.265625 -0.375
vt 2.109375 0
vt 0.6875 0
vt 0.6875 -0.0625
vt 2.109375 -0.0625
vt 2.109375 -0.3125
vt 0.6875 -0.3125
vt 0.6875 -0.375
vt 2.109375 -0.375
vt 2.6875 0
vt 2.6875 -0.0625
vt 2.6875 -0.3125
vt 2.6875 -0.375
vt 1.6875 0
vt 1.6875 -0.0625
vt 1.6875 -0.3125
vt 1.6875 -0.375
vt 0.84375 0
vt 0.84375 -0.0625
vt 0.84375 -0.3125
vt 0.84375 -0.375
vt 1.84375 0
vt 0.421875 0
vt 0.421875 -0.0625
vt 1.84375 -0.0625
vt 1.84375 -0.3125
vt 0.421875 -0.3125
vt 0.421875 -0.375
vt 1.84375 -0.375
vt 2.84375 0
vt 2.84375 -0.0625
vt 2.84375 -0.3125
vt 2.84375 -0.375
vt 1 -0.1875
vt 0 -0.1875
vt -0.828125 0
vt -0.828125 -0.375
vt -0.171875 -0.6875
vt -0.171875 0
vt -0.421875 -0.6875
vt 0.59375 -0.75
vt 0.59375 0
vt 0.34375 0
vt 0.34375 -0.75
vt 0.328125 -0.75
vt 0.328125 0
vt 0.078125 -0.75
vt 0.75 -1.25
vt 0.75 -0.25
vt 0.578125 -0.25
vt 0.578125 -1.25
vt 0.359375 -1.25
vt 0.359375 -0.25
vt 0 -0.25
vt 0 -1.25
vt 0.5 -0.0625
vt 0.5 -0.3125
vt 0 -0.3125
vt 0.171875 -1.25
vt 0.171875 -0.25
vt 0.703125 -1
vt 0.703125 0
vt 0 -1
vt 0.171875 -0.0625
vt 0.171875 0
vt 1 -0.0625
vt 0.359375 -0.375
vt 2.546875 -1
vt 2.546875 -0.875
vt 0 -0.875
vt 2.65625 -1
vt 2.65625 -0.875
vt 2.125 -1
vt 2.125 -0.875
vt 1 -1
vt 1 -0.875
vt 7.421875 -1
vt 7.421875 -0.875
vt 1.09375 -0.0625
vt 1.09375 0
vt 0.28125 -0.0625
vt 2.34375 -0.0625
vt 2.34375 0
vt 0.375 0
vt 0.375 -0.0625
vt 0.28125 -0.25
vt 0.21875 -0.25
vt -0.921875 -0.25
vt -0.984375 0
vt -0.984375 -0.25
vt 1.265625 -0.0625
vt 1.265625 0
vt 0.453125 0
vt 0.453125 -0.0625
vt 2.0625 -0.0625
vt 2.0625 0
vt 0.09375 0
vt 0.09375 -0.0625
vt 3.265625 -0.0625
vt 3.265625 0
vt 0.21875 -0.0625
vt 1.21875 -0.6875
vt 1.21875 0
vt 0.96875 0
vt 0.96875 -0.6875
vt 0.96875 -0.4375
vt 0.21875 -0.4375
vt -0.671875 -0.6875
vt -0.921875 -0.6875
vt 0.15625 -16.3125
vt 0.15625 0
vt -0.203125 -16.3125
vt 0.234375 -16.3125
vt 0.234375 0
vt -0.125 -16.3125
vt 2.65625 0
vt -0.84375 0
vt -0.84375 -0.0625
vt 2.65625 -0.0625
vt 2.65625 -0.3125
vt -0.84375 -0.3125
vt -0.84375 -0.375
vt 2.65625 -0.375
vt 1.15625 -16.3125
vt 1.15625 0
vt -0.84375 -16.3125
vt -0.640625 0
vt -0.640625 -0.0625
vt 2.859375 -0.0625
vt 2.859375 -0.3125
vt -0.640625 -0.3125
vt -0.640625 -0.375
vt 1.359375 -16.3125
vt 1.359375 0
vt -0.640625 -16.3125
vt -0.59375 -16.3125
vt -0.59375 0
vt -0.953125 0
vt -0.953125 -16.3125
vt 0.359375 -16.3125
vt 0 -16.3125
vt 2.5 -0.3125
vt 2.5 -0.375
vt -0.3125 -0.25
vt -0.375 -0.25
vt 1.03125 -0.25
vt 1.03125 0
vt 0.96875 -0.25
vt -0.3125 -0.0625
vt 1 -0.3125
vt 0.359375 -0.3125
vt 0.15625 -0.25
vt 0.3125 -0.0625
vt 0.3125 0
vt -0.5 0
vt -0.5 -0.0625
vt 1.125 -0.0625
vt 1.125 0
vt -0.5 -0.25
vt -0.5625 -0.25
vt 0.125 -0.75
vt 0.125 0
vt 0 -0.75
vt 0.203125 -0.75
vt 0.203125 0
vt 1.0625 -0.75
vt 1.0625 0
vt 0.9375 0
vt 0.9375 -0.75
vt 0.140625 -0.75
vt 0.140625 0
vt 0.015625 -0.75
vt 3.078125 -0.6875
vt 3.078125 -0.625
vt 1.078125 -0.375
vt 1.078125 0
vt 3.5 -0.0625
vt 3.5 0
vt 0 -0.625
vt 0 -0.6875
vt 0.15625 -0.0625
vt 4.46875 -0.0625
vt 4.46875 0
vt 1.40625 -0.0625
vt 1.40625 0
vt 0.46875 -0.0625
vt 0.46875 -0.25
vt 0.40625 -0.25
vt 0.09375 -0.25
vt 0.71875 0
vt 0.71875 -0.6875
vt 1.453125 -0.0625
vt 1.453125 0
vt 0.640625 0
vt 0.640625 -0.0625
vt 0.640625 -0.25
vt 0.578125 0
vt -0.375 -0.1875
vt -0.5 -0.1875
vt 0.15625 -0.1875
vt 0.03125 0
vt 0.03125 -0.1875
vt -0.109375 -0.25
vt -0.171875 -0.25
vt 0.828125 -0.0625
vt 0.828125 0
vt -0.109375 -0.0625
vt 1.765625 -0.0625
vt 1.765625 0
vt 0.828125 -0.25
vt 0.765625 0
vt 0.765625 -0.25
vt 0.765625 -0.1875
vt 0.640625 -0.1875
vt -0.078125 -0.0625
vt -0.078125 0
vt -0.390625 0
vt -0.390625 -0.0625
vt -0.703125 -0.0625
vt -0.703125 0
vt -0.875 0
vt -0.875 -0.0625
vt 0.234375 -0.0625
vt -0.515625 0
vt -0.515625 -0.0625
vt 3.734375 -0.0625
vt 3.734375 0
vt -0.015625 0
vt -0.015625 -0.0625
vt 1.234375 -0.0625
vt 1.234375 0
vt 0.484375 0
vt 0.484375 -0.0625
vt 1.15625 -0.0625
vt 0.984375 -0.0625
vt 0.328125 -0.0625
vt 1.4375 -0.0625
vt 1.4375 0
vt 0.9375 -0.0625
vt 0.1875 0
vt 0.1875 -0.0625
vt 0.578125 -0.6875
vt 0.328125 -0.6875
vt 0.34375 -0.6875
vt 0.09375 -0.6875
vt 4.21875 -0.0625
vt 4.21875 0
vt 1.03125 -0.0625
vt 0.03125 -0.25
vt 1.03125 -0.1875
vt 0.90625 0
vt 0.90625 -0.1875
vt 2.484375 -1
vt 2.484375 -0.875
vt 2.484375 -0.125
vt 2.484375 0
vt 0 -0.125
vt 3.25 0.3125
vt 3.25 0.375
vt 0 -2.220446E-16
vt 2.953125 -0.0625
vt 2.953125 0
vt -0.296875 0.375
vt -0.296875 0.3125
vt -0.421875 -0.75
vt -0.671875 -0.75
vt -0.25 -0.75
vt -0.5 -0.75
vt -0.15625 -0.6875
vt -0.15625 0
vt -0.40625 0
vt -0.40625 -0.6875
vt 1.421875 -0.0625
vt 1.421875 0
vt 2.46875 -0.0625
vt 2.46875 0
vt 3.234375 -0.0625
vt 3.234375 0
vt 2.3125 -0.0625
vt 2.3125 0
vt 0.96875 -0.75
vt 0.71875 -0.75
vt 0.46875 -0.75
vt 2.234375 -0.0625
vt 2.234375 0
vt 0.546875 0
vt 0.546875 -0.0625
vt 1.671875 -0.0625
vt 1.671875 0
vt 3.40625 -0.0625
vt 3.40625 0
vt 1 -16.3125
vt -0.0625 -16.3125
vt 4.8125 -16.3125
vt 4.8125 0
vt 0.8125 -16.3125
vt 1.453125 -0.375
vt 1.796875 -16.3125
vt 1.796875 0
vt 0.734375 0
vt 0.734375 -16.3125
vt 2.75 -16.3125
vt 2.75 0
vt 0.75 -16.3125
vt 1.765625 -17.5625
vt 0 -17.5625
vt 0.25 -16.3125
vt 2.75 -0.375
vt 0.46875 -0.375
vt -0.59375 -0.375
vt 0.46875 -16.3125
vt 4 -0.375
vt 4 0
vt 3.1875 -16.9375
vt 3.1875 -0.625
vt -0.3125 -16.9375
vt -0.5625 -16.3125
vt -0.8125 -16.3125
vt 0.71875 -0.375
vt 1.0625 -16.3125
vt -0.671875 -16.3125
vt -0.921875 -16.3125
vt 2.828125 -16.9375
vt 2.828125 0
vt -0.671875 -0.625
vt -0.671875 -16.9375
vt 2.578125 -16.9375
vt 2.578125 0.375
vt 1.765625 -17.3125
vt 0 -17.3125
vt 4.1875 -16.9375
vt 4.1875 0
vt 0.9375 0.375
vt 0.9375 -16.9375
vt 1.765625 -0.375
vt 1.765625 -16.3125
vt 2.046875 -0.375
vt 2.046875 0
vt 2.046875 -16.3125
vt 0.625 -16.3125
vt 2.625 -0.375
vt 2.625 0
vt 2.625 -16.3125
vt 0.859375 -16.3125
vt 2.859375 -16.3125
vt 1.859375 -0.375
vt 1.859375 0
vt 1.859375 -16.3125
vt 0.4375 -16.3125
vt 4.5 -16.3125
vt 4.5 0
vt 0.5 -16.3125
vt 0.96875 -17.625
vt 0.71875 -17.625
vt 2.71875 -16.9375
vt 2.71875 0
vt 0.71875 -16.9375
vt 0.46875 -17.625
vt 0.9375 -17.3125
vt -0.3125 -17.3125
vt 3.53125 -17.3125
vt 3.53125 0
vt 0.296875 -0.375
vt 0.296875 0
vt -0.765625 0
vt -0.765625 -0.375
vt 0.296875 -16.3125
vt -0.765625 -16.3125
vt 3.234375 -0.375
vt 1.15625 -0.375
vt -0.265625 0
vt -0.265625 -0.375
vt -0.265625 -16.3125
vt 2 -16.3125
vt 1.359375 -0.375
vt -0.40625 -0.375
vt 1.703125 -16.3125
vt 1.703125 0
vt 2.828125 1.780771E-15
vt 1.25 -0.375
vt 1.25 0
vt -0.171875 -0.375
vt 1.59375 -16.3125
vt 1.59375 0
vt 0.171875 -16.3125
vt 1.640625 -16.3125
vt 1.640625 0
vt 0.21875 -16.3125
vt 1.59375 -0.375
vt -0.40625 -16.3125
vt -0.296875 -0.0625
vt -0.296875 0
vt 3.359375 -0.0625
vt 3.359375 0
vt 1.9375 -0.0625
vt 1.9375 0
vt 0.25 -0.3125
vt 1.421875 -0.3125
vt 1.421875 -0.375
vt 2 -0.3125
vt -0.421875 -2.220446E-16
vt 0.578125 -0.0625
vt 0.578125 -0.125
vt 0.578125 -0.1875
vt 2.59375 0
vt 2.59375 -0.0625
vt 2.59375 -0.125
vt 2.59375 -0.1875
vt 1 -0.125
vt 7.53125 0
vt 7.53125 -0.0625
vt 7.53125 -0.125
vt 7.53125 -0.1875
vt 2.125 0
vt 2.125 -0.0625
vt 2.125 -0.125
vt 2.125 -0.1875
vt 3.09375 -0.0625
vt 3.09375 0
vt 3.015625 -0.0625
vt 3.015625 0
vt 7.671875 -0.0625
vt 7.671875 0
vt 0.0625 -0.0625
vt 0.0625 0
vt 3 -0.0625
vt 3 0
vt 3.015625 -0.125
vt 3.015625 -0.1875
vt 7.671875 -0.125
vt 7.671875 -0.1875
vt 3.09375 -0.125
vt 3.09375 -0.1875
vt 3 -0.125
vt 3 -0.1875
vt 0.0625 -0.125
vt 0.0625 -0.1875
vt 0.953125 -0.125
vt 0.953125 -0.1875
vt 1 -0.75
vt 1.421875 -0.75
vt 1 -0.25
vt 1.421875 -0.25
vt 0.75 -0.4375
vt 0 -0.4375
vt 1.421875 -0.1875
vt 0.5 -4.440892E-16
vt 0.5 -0.75
vt 1 -1.5
vt 0.5 -1.5
vt 0.5 -2
vt 1 -2
vt 0.5 -1.776357E-15
vt 0 -1.5
vt 0 -2
vt 0.171875 -0.1875
vt 0.171875 -0.5625
vt 0 -0.5625
vt 0.171875 -0.75
vt 1 -0.5625
vt 7.421875 -0.0625
vt 7.421875 0
vt 2.6875 -0.4375
vt 0.8125 -0.4375
vt 3.875 -0.4375
vt 3.875 0
vt 0.875 0
vt 0.875 -0.4375
vt 2 -0.4375
vt 0.125 -0.4375
vt 1 -15.78125
vt 1 -15.75
vt 0 -15.75
vt 0 -15.78125
vt 1.578125 -15.78125
vt 1.578125 -15.75
vt 0.765625 -15.78125
vt 0.765625 -15.75
vt 1.421875 -15.78125
vt 1.421875 -15.75
vt 1 -0.4375
vt 0.25 -0.4375
vt 4 -0.4375
vt 0.5 1.776357E-15
vt 2 -15.78125
vt 2 -15.75
vt 0.203125 -15.78125
vt 0.203125 -15.75
vt 2.1875 -15.78125
vt 2.1875 -15.75
vt 0.546875 -15.78125
vt 0.546875 -15.75
vt 1.75 -15.78125
vt 1.75 -15.75
vt 0.4375 -15.78125
vt 0.4375 -15.75
vt 0.796875 -15.78125
vt 0.796875 -15.75
vt 0.0625 -15.78125
vt 0.0625 -15.75
vt 2.390625 -15.78125
vt 2.390625 -15.75
vt 0.96875 -15.78125
vt 0.96875 -15.75
vt 1.625 -15.78125
vt 1.625 -15.75
vt 1.5 -17.375
vt 1.5 0
vt 0.5 -17.375
vt 1 -17.375
vt 0 -17.375
vt 0.59375 -17.375
vt -0.40625 -17.375
vt 1.0625 -17.375
vt 1.0625 -17.5
vt 0 -17.5
vt 1.703125 -16.875
vt -0.296875 -16.875
vt 0.703125 -16.875
vt 2 -16.875
vt 0 -16.875
vt 2 -16.75
vt 0 -16.75
vt 1 -16.75
vt 2 -16.625
vt 0 -16.625
vt 1 -16.625
vt 0.5 -16.625
vt 1 -16.5
vt 0 -16.5
vt 2 -16.5
vt 1 -16.375
vt 0 -16.375
vt 2 -16.375
vt 1.234375 -17.375
vt 0.234375 -17.375
vt 4.5 -17.375
vt 1.09375 -17.375
vt 0.09375 -17.375
vt 2.5 -17.375
vt 0.25 -17.375
vt 3.53125 -17.375
vt 0.34375 -17.375
vt 2.34375 -17.375
vt 2.875 -3.625
vt 2.875 0
vt 0.75 -3.625
vt 0.578125 -3.625
vt 0.21875 -3.625
vt 1.421875 -1
vt 1.421875 1.75
vt 0 1.75
vt 1.421875 -0.125
vt 1.328125 -3.625
vt 0.96875 -3.625
vt 2.5625 -3.625
vt 2.5625 0
vt 0.4375 -3.625
vt 1.296875 -3.625
vt 1.296875 0
vt 0.9375 -3.625
vt 1.046875 -3.625
vt 1.046875 0
vt 0.6875 -3.625
vt 2.84375 -1
vt 2.84375 -16.125
vt 0 -16.125
vt 2.84375 0.5
vt 0 0.5
vt 0.5 -5.329071E-15
vt 1.296875 -3.125
vt 0.9375 -3.125
vt 2.5625 -3.125
vt 0.4375 -3.125
vt 0.578125 -3.125
vt 0.21875 -3.125
vt 2.875 -3.125
vt 0.75 -3.125
vt 1.046875 -3.125
vt 0.6875 -3.125
vt 1.328125 -3.125
vt 0.96875 -3.125
vt 1.421875 1.25
vt 0 1.25
vt 1.484375 -0.0625
vt 1.484375 -0.03125
vt 0 -0.03125
vt 1.421875 -0.96875
vt 0 -0.96875
vt 1.3125 -0.0625
vt 1.3125 -0.03125
vt 1.125 -0.03125
vt 0.703125 -0.0625
vt 3.171875 -0.0625
vt 3.171875 0
vt 1.171875 -0.0625
vt 7.703125 -0.0625
vt 7.703125 0
vt 1.703125 -0.0625
vt 3.296875 -0.0625
vt 3.296875 0
vt 0.875 -0.0625
vt 0.296875 -0.0625
vt 2.578125 -0.0625
vt 2.578125 0
vt 0.734375 -0.0625
vt 3.328125 -0.0625
vt 3.328125 0
vt 7.859375 -0.0625
vt 7.859375 0
vt 1.859375 -0.0625
vt 3.453125 -0.0625
vt 3.453125 0
vt 0.609375 -0.0625
vt 0.609375 0
vt 0.03125 -0.0625
vt 2.734375 -0.0625
vt 2.734375 0
vt 1.3125 0
vt 2.84375 -0.25
vt 1.484375 -0.25
vt 1.484375 0
vt 0.484375 -0.25
vt 3.015625 -0.25
vt 0.1875 -0.25
vt 3.5 -0.25
vt 0.65625 0
vt 0.65625 -0.25
vt 1.90625 -0.25
vt 1.90625 0
vt 0.90625 -0.25
vt 2.40625 -0.25
vt 2.40625 0
vt 0.921875 0
vt 0.921875 -0.25
vt 0.9375 -0.25
vt 1.828125 -0.25
vt 1.828125 0
vt 0.34375 -0.25
vt 0.515625 -0.25
vt 0.515625 0
vt 1.6875 -0.25
vt 0.375 -0.25
vt 2.34375 -0.25
vt 0.859375 -0.25
vt 1.765625 -0.25
vt 1.3125 -0.25
vt 1.609375 -0.25
vt 1.609375 0
vt 2.109375 -0.25
vt 0.796875 -0.25
vt 1.1875 -0.25
vt 1.1875 0
vt 0.0625 -0.25
vt 1.890625 -0.25
vt 1.890625 0
vt 1.421875 -1.25
vt 1.9375 -0.75
vt 24 -6
vt 24 0
vt 0 -6
vt 1 -15.5625
vt 0 -15.5625
vt 0.359375 -15.75
vt 0.359375 -15.5625
vt 1.59375 -1
vt 1.59375 10
vt 0 10
vt 32 -32
vt 32 0
vt 0 -32
vt 1.5 0.3964453
vt 2 0.3964453
vt 2 0.5
vt 0.7928906 0.75
vt 1.5 -0.3964453
vt 2 -0.5
vt 1 1
vt 0.7928906 -0.75
vt -1 1
vt -0.7928906 0.75
vt -0.7928906 -0.75
vt -1 -1
vt -2 0.5
vt -1.5 0.3964453
vt -1.5 -0.3964453
vt -2 -0.5
vt 66 -16
vt 66 -16.5
vt 67 -16
vt 10.18934 -4.25
vt 10.25 -4.25
vt 10.25 -3.155328
vt 9.5 -4.405328
vt 9.878688 -4.405328
vt 9.5 -3.594672
vt 8.810657 -4.75
vt 8.5 -5.094672
vt 6.310656 -5.125
vt 8.5 -5.125
vt 5.75 -4.844672
vt 5.810656 -3.75
vt 5.75 -3.75
vt 9.689343 -2.875
vt 7.5 -2.875
vt 7.5 -2.905328
vt 7.189344 -4.75
vt 8.810657 -3.25
vt 6.5 -4.405328
vt 7.189344 -3.25
vt 6.5 -3.594672
vt 62 -16
vt 62 -16.5
vt 63 -16
vt 20.125 -10.4375
vt 20.875 -10.8125
vt 21.625 -10.4375
vt 20.875 -10.0625
vt 56 -16
vt 56 -16.5
vt 57 -16
vt 60 -16
vt 60 -16.5
vt 61 -16
vt -2.25 0.5
vt -2.25 -0.5
vt -1 1.125
vt 1 1.125
vt 2.25 -3.5
vt 2.25 -4.5
vt 4.75 -4.5
vt 4.75 -3.5
vt -1 -2.875
vt 1 -2.875
vt 1 -1.125
vt -1 -1.125
vt 2.25 -0.5
vt 2.25 0.5
vt 5.75 0.5
vt 5.75 -0.5
vt 6 -0.5
vt 6 0.5
vt 10 0.3964453
vt 10 0.5
vt 9 1
vt 9.5 0.3964453
vt 8.792891 0.75
vt 9.5 -0.3964453
vt 10 -0.5
vt 7 1
vt 7.207109 0.75
vt 8.792891 -0.75
vt 9 -1
vt 6.5 0.3964453
vt 7.207109 -0.75
vt 7 -1
vt 6.5 -0.3964453
vt 13.75 -3.5
vt 13.75 -4.5
vt 14 -4.5
vt 14 -3.5
vt 2 -3.603555
vt 2 -3.5
vt 1 -3
vt 1.5 -3.603555
vt 0.7928906 -3.25
vt 1.5 -4.396445
vt 2 -4.5
vt -1 -3
vt -0.7928906 -3.25
vt 0.7928906 -4.75
vt 1 -5
vt -2 -3.5
vt -1.5 -3.603555
vt -0.7928906 -4.75
vt -1 -5
vt -2 -4.5
vt -1.5 -4.396445
vt -8.931844 -2.57132
vt -8.673031 -3.054281
vt -6.741188 -2.795461
vt -7 -2.3125
vt -9 -1.5
vt -9 -2
vt -7 -2
vt -7 -1.5
vt -9 1.125
vt -9 1
vt -7 1
vt -7 1.125
vt 10.75 -4.75
vt 11 -4.875
vt 11 -4.625
vt 10.5 -4.75
vt 10.625 -4.8125
vt 9.5 -5.375
vt 9.625 -5.3125
vt 9.5 -5.25
vt 9.25 -5.5
vt 9.75 -5.5
vt 10.5 -4.625
vt 9.25 -5.25
vt 8.5 -3.75
vt 8 -3.75
vt 8.5 -4
vt 7.5 -3.75
vt 7.5 -4
vt 7.5 -4.25
vt 8 -4.25
vt 8.5 -4.25
vt 7.5 -4.3125
vt 8.5 -4.3125
vt 8.625 -4.25
vt 7.375 -3.75
vt 7.375 -4.25
vt 8.5 -3.6875
vt 7.5 -3.6875
vt 8.625 -4
vt 8.625 -3.75
vt 8.75 -3.75
vt 8.5 -3.625
vt 8.75 -4.25
vt 7.5 -3.625
vt 8.5 -4.375
vt 7.25 -3.75
vt 7.5 -4.375
vt 7.25 -4.25
vt 1.25 3
vt 1.25 2.96875
vt 2.0625 2.96875
vt 2 3
vt -2.0625 4.625
vt -2 4.625
vt -2 5
vt -2.0625 5.03125
vt 2.0625 3.953125
vt 2 3.9375
vt -0.125 5
vt -0.09375 5.03125
vt 7 -2.375
vt 9 -2.375
vt 9 -1.125
vt 7 -1.125
vt -6.75 -1.09375
vt -6.75 -1.125
vt -5.75 -1.125
vt -5.8125 -1.09375
vt -5.75 -0.625
vt -5.8125 -0.625
vt 17.25 -8.353555
vt 17.5 -8.353555
vt 17.5 -7.603555
vt 17.25 -7.646445
vt 16.70711 -8.625
vt 17.5 -8.396445
vt 16.79289 -8.75
vt 16.79289 -7.25
vt 16.70711 -7.375
vt 15.29289 -8.625
vt 15.20711 -8.75
vt 15.20711 -7.25
vt 15.29289 -7.375
vt 14.75 -8.353555
vt 14.5 -8.396445
vt 14.5 -7.603555
vt 14.75 -7.646445
vt 7.292891 -4.625
vt 8.707109 -4.625
vt 9.25 -4.353555
vt 6.75 -3.646445
vt 6.75 -4.353555
vt 8.707109 -3.375
vt 7.292891 -3.375
vt 9.25 -3.75
vt 9.25 -3.646445
vt 18 -11
vt 18 -11.375
vt 18.0625 -11.375
vt 17.25 -10.96875
vt 17.25 -11
vt 18.0625 -10.96875
vt -4 -4.5
vt -3 -4.5
vt -3 -3.5
vt -4 -3.5
vt -6.108562 -4.336515
vt -5.142641 -4.465922
vt -4.625 -3.5
vt -5.590922 -3.370594
vt -8.017766 -3.655328
vt -7.310656 -4.008883
vt -5.896453 -3.301781
vt -6.603562 -2.948226
vt -6.25 -3.125
vt 4 -2.4375
vt 4 -2.5
vt 5 -2
vt 2.625 -1.8125
vt 3.875 -2.4375
vt 2.625 -1.75
vt 3.5 -1.25
vt 2.5 -1.75
vt 3.5 -1.3125
vt 4.875 -1.9375
vt 3.625 -1.3125
vt 4.875 -2
vt -5.75 -0.5
vt -5.75 0.5
vt -9.25 -1.125
vt -9.25 -1.09375
vt -10.1875 -1.09375
vt -10.25 -1.125
vt -9.25 1.09375
vt -9.25 1.125
vt -10.25 1.125
vt -10.1875 1.09375
vt -6 1
vt -6 0.625
vt -5.9375 0.625
vt -6.75 1.03125
vt -6.75 1
vt -5.9375 1.03125
vt -6.75 -1
vt -6.75 -1.03125
vt -5.9375 -1.03125
vt -6 -1
vt -5.9375 -0.625
vt -6 -0.625
vt -5.8125 1.09375
vt -5.8125 0.625
vt -5.75 0.625
vt -6.75 1.125
vt -6.75 1.09375
vt -5.75 1.125
vt -6.875 -0.9375
vt -6.125 -0.9375
vt -6.125 -0.5625
vt -9 -1
vt -7 -1
vt -9.125 -0.9375
vt -9.875 0.9375
vt -9.875 -0.9375
vt -9.125 0.9375
vt -6.875 0.9375
vt -6.125 0.5625
vt -6.125 0.9375
vt -6 -0.5
vt -6 0.5
vt -9.25 -1.03125
vt -9.25 -1
vt -10 -1
vt -10.0625 -1.03125
vt -9.25 1
vt -9.25 1.03125
vt -10.0625 1.03125
vt -10 1
vt 5.503109 -1.875
vt 5.756234 -1.875
vt 3.75 -0.8718828
vt 3.75 -0.9984453
vt 3.75 -2.751555
vt 3.75 -2.878117
vt 1.743766 -1.875
vt 1.996891 -1.875
vt 0.5 -3.75
vt 0 -3.75
vt 0.5 -4
vt -0.5 -3.75
vt -0.5 -4
vt -0.5 -4.25
vt 0 -4.25
vt 0.5 -4.25
vt -0.5 -4.3125
vt 0.5 -4.3125
vt 0.625 -4.25
vt -0.625 -3.75
vt -0.625 -4.25
vt 0.5 -3.6875
vt -0.5 -3.6875
vt 0.625 -4
vt 0.625 -3.75
vt 0.75 -3.75
vt 0.5 -3.625
vt 0.75 -4.25
vt -0.5 -3.625
vt 0.5 -4.375
vt -0.75 -3.75
vt -0.5 -4.375
vt -0.75 -4.25
vt 0.5 0.25
vt 0 0.25
vt -0.5 0.25
vt 0.5 -0.25
vt -0.5 -0.3125
vt 0.625 -0.25
vt -0.625 0.25
vt -0.625 -0.25
vt 0.5 0.3125
vt -0.5 0.3125
vt 0.625 0.25
vt 0.75 0.25
vt 0.5 0.375
vt -0.5 0.375
vt -0.75 0.25
vt -0.5 -0.375
vt -0.75 -0.25
vt 8.5 0.25
vt 8 0.25
vt 8.5 0
vt 7.5 0.25
vt 7.5 0
vt 7.5 -0.25
vt 8 -0.25
vt 8.5 -0.25
vt 7.5 -0.3125
vt 8.5 -0.3125
vt 8.625 -0.25
vt 7.375 0.25
vt 7.375 -0.25
vt 8.5 0.3125
vt 7.5 0.3125
vt 8.625 0
vt 8.625 0.25
vt 8.75 0.25
vt 8.5 0.375
vt 8.75 -0.25
vt 7.5 0.375
vt 8.5 -0.375
vt 7.25 0.25
vt 7.5 -0.375
vt 7.25 -0.25
vt 18.375 -9.5625
vt 19.125 -9.9375
vt 19.875 -9.5625
vt 19.125 -9.1875
vt 18.25 -12.5
vt 21.5 -12.5
vt 21.5 -11.5
vt 18.25 -11.5
vt 9.25 -0.3535547
vt 9.5 -0.3535547
vt 9.25 0.3535547
vt 8.707109 -0.625
vt 8.707109 0.625
vt 7.292891 -0.625
vt 7.292891 0.625
vt 6.75 -0.3535547
vt 6.75 0.3535547
vt 9.25 0.25
vt 1.25 -3.75
vt 1.25 -3.646445
vt 1.25 -4.353555
vt 0.7071094 -4.625
vt -1.25 -4.353555
vt -0.7071094 -4.625
vt -0.7071094 -3.375
vt -1.25 -3.646445
vt 0.7071094 -3.375
vt 16.75 -7.75
vt 17.25 -7.75
vt 16.5 -7.625
vt 16.75 -8.25
vt 16.5 -8.375
vt 15.5 -7.625
vt 15.5 -8.375
vt 15.25 -7.75
vt 15.25 -8.25
vt 6.207109 -5.25
vt 8.75 -5.25
vt 8.75 -5.146445
vt 5.707109 -3.625
vt 5.5 -3.625
vt 5.5 -4.896445
vt 9.792891 -2.75
vt 7.25 -2.75
vt 7.25 -2.853555
vt 10.5 -3.375
vt 10.5 -3.103555
vt 10.25 -3.375
vt 10.5 -4.375
vt 10.29289 -4.375
vt 9.5 -4.353555
vt 1.5 -4.353555
vt -1 2.875
vt 1 2.875
vt 1 3
vt -1 3
vt -9 2.75
vt -7 2.75
vt -5.625 2.4375
vt -4.875 2.0625
vt -4.125 2.4375
vt -4.875 2.8125
vt 10 -5.5
vt 11 -5
vt 5.5 -3.25
vt 6.5 -2.75
vt 6.375 -2.6875
vt 5.375 -3.1875
vt 5 -3.125
vt 5.25 -3.25
vt 5 -3
vt 6 -2.5
vt 6.25 -2.5
vt 6.5 -2.625
vt 7 -5.625
vt 9 -5.625
vt 6.75 -5.5
vt -2.25 2.875
vt -1.25 2.875
vt -1.25 2.90625
vt -2.1875 3.375
vt -2.25 3.375
vt -2.1875 2.90625
vt 1.25 2.90625
vt 1.25 2.875
vt 2.25 2.875
vt 2.1875 2.90625
vt -2.25 4.625
vt -2.1875 4.625
vt -2.1875 5.09375
vt -2.25 5.125
vt 2.25 4
vt 2.1875 3.984375
vt -0.03125 5.09375
vt 0 5.125
vt -2.25 4.5
vt -2.25 3.5
vt -2 3.5
vt -2 4.5
vt -2 3.375
vt -2.0625 3.375
vt -2.0625 2.96875
vt -2 3
vt -1.25 2.96875
vt -1.25 3
vt 11.25 -4.5
vt 11.25 -3.5
vt 11 -3.375
vt 1.125 3.0625
vt -1.125 3.0625
vt -1.875 3.4375
vt -1.875 3.0625
vt -1.875 4.5625
vt -0.1875 4.9375
vt -1.875 4.9375
vt 1.875 3.90625
vt 1.875 3.0625
vt -7 2.8125
vt -9 3.3125
vt -6.625 4.5
vt -5.5 4.5
vt -5.625 3.5
vt -5.5 3.5
vt 18 -12.5
vt 18 -11.5
vt 6.75 -2.5
vt 9.25 -2.5
vt 18.1875 -10.90625
vt 18.1875 -11.375
vt 18.25 -11.375
vt 17.25 -10.875
vt 17.25 -10.90625
vt 18.25 -10.875
vt 5 -4.625
vt 5 -3.375
vt -3.875 1.5625
vt -3.125 1.1875
vt -2.375 1.5625
vt -3.125 1.9375
vt 5.5 -3.375
vt 6.75 -2.75
vt 6 -5.5
vt 5 -5
vt 10 -2.5
vt 11 -3.103555
vt 11 -3
vt 1.25 -0.3535547
vt 1.5 -0.3535547
vt 1.25 0.3535547
vt 0.7071094 -0.625
vt 0.7071094 0.625
vt -0.7071094 -0.625
vt -0.7071094 0.625
vt -1.25 -0.3535547
vt -1.25 0.3535547
vt 1.25 0.25
vt 18 -7.603555
vt 18 -7.5
vt 17 -7
vt 18 -8.5
vt 15 -7
vt 17 -9
vt 14 -7.5
vt 15 -9
vt 14 -8.5
vt 18.25 -8.5
vt 18.25 -7.5
vt 15 -9.125
vt 17 -9.125
vt 15 -5.125
vt 15 -6.875
vt 17 -6.875
vt 17 -5.125
vt 13.75 -7.5
vt 13.75 -8.5
vt 10 -8.5
vt 10.25 -8.5
vt 10.25 -7.5
vt 10 -7.5
vt 10 -7.603555
vt 9 -7
vt 9.5 -7.603555
vt 8.792891 -7.25
vt 9.5 -8.396445
vt 7 -7
vt 7.207109 -7.25
vt 8.792891 -8.75
vt 9 -9
vt 6 -7.5
vt 6.5 -7.603555
vt 7.207109 -8.75
vt 7 -9
vt 6 -8.5
vt 6.5 -8.396445
vt 14.75 -10.90625
vt 14.75 -10.875
vt 13.75 -10.875
vt 13.8125 -10.90625
vt 18.25 -12.625
vt 18.1875 -12.625
vt 18.1875 -13.09375
vt 18.25 -13.125
vt 13.75 -12
vt 13.8125 -11.98438
vt 16.03125 -13.09375
vt 16 -13.125
vt 18 -3.603555
vt 18 -3.5
vt 17 -3
vt 17.5 -3.603555
vt 16.79289 -3.25
vt 17.5 -4.396445
vt 18 -4.5
vt 15 -3
vt 15.20711 -3.25
vt 16.79289 -4.75
vt 17 -5
vt 14.5 -3.603555
vt 15.20711 -4.75
vt 15 -5
vt 14.5 -4.396445
vt 22.74119 -5.204539
vt 23 -5.6875
vt 24.93184 -5.428679
vt 24.67303 -4.945719
vt 23 -6.5
vt 25 -6.5
vt 25 -6
vt 23 -6
vt 23 -9
vt 23 -9.125
vt 25 -9.125
vt 25 -9
vt 14.75 -11
vt 14.75 -10.96875
vt 13.9375 -10.96875
vt 14 -11
vt 18.0625 -12.625
vt 18 -12.625
vt 18 -13
vt 18.0625 -13.03125
vt 13.9375 -11.95313
vt 14 -11.9375
vt 16.125 -13
vt 16.09375 -13.03125
vt 7 -6.875
vt 9 -6.875
vt 21.75 -7.375
vt 21.8125 -7.375
vt 21.8125 -6.90625
vt 21.75 -6.875
vt 22.75 -6.90625
vt 22.75 -6.875
vt 17.875 -12.5625
vt 16.1875 -12.9375
vt 17.875 -12.9375
vt 14.125 -11.90625
vt 14.125 -11.0625
vt 14.875 -11.0625
vt 17 -11
vt 15 -11
vt 17.125 -11.0625
vt 17.875 -11.4375
vt 17.875 -11.0625
vt 19 -3.5
vt 19 -4.5
vt 20 -4.5
vt 20 -3.5
vt 20.625 -4.5
vt 21.59092 -4.629406
vt 22.10856 -3.663484
vt 21.14264 -3.534078
vt 22.25 -4.875
vt 22.60356 -5.051774
vt 24.01777 -4.344672
vt 21.89645 -4.698219
vt 23.31066 -3.991117
vt 12.5 -6.6875
vt 12.5 -6.75
vt 13.5 -6.25
vt 11.125 -6.0625
vt 12.375 -6.6875
vt 11.125 -6
vt 12 -5.5
vt 11 -6
vt 12 -5.5625
vt 13.375 -6.1875
vt 12.125 -5.5625
vt 13.375 -6.25
vt 21.75 -8.5
vt 21.75 -7.5
vt 25.25 -9.09375
vt 25.25 -9.125
vt 26.25 -9.125
vt 26.1875 -9.09375
vt 25.25 -6.875
vt 25.25 -6.90625
vt 26.1875 -6.90625
vt 26.25 -6.875
vt 22 -8.625
vt 21.9375 -8.625
vt 21.9375 -9.03125
vt 22 -9
vt 22.75 -9.03125
vt 22.75 -9
vt 22 -7
vt 22.75 -7
vt 22.75 -6.96875
vt 21.9375 -7.375
vt 22 -7.375
vt 21.9375 -6.96875
vt 21.8125 -8.625
vt 21.75 -8.625
vt 21.75 -9.125
vt 21.8125 -9.09375
vt 22.75 -9.125
vt 22.75 -9.09375
vt 25.125 -8.9375
vt 25.875 -8.9375
vt 25.875 -7.0625
vt 22.875 -8.9375
vt 22.125 -8.5625
vt 22.125 -8.9375
vt 22 -7.5
vt 22 -8.5
vt 22.125 -7.4375
vt 22.875 -7.0625
vt 22.125 -7.0625
vt 25 -7
vt 23 -7
vt 25.125 -7.0625
vt 25.25 -9
vt 25.25 -9.03125
vt 26.0625 -9.03125
vt 26 -9
vt 25.25 -6.96875
vt 25.25 -7
vt 26 -7
vt 26.0625 -6.96875
vt 14.00311 -6.125
vt 14.25623 -6.125
vt 12.25 -5.121883
vt 12.25 -5.248446
vt 12.25 -7.001554
vt 12.25 -7.128117
vt 10.24377 -6.125
vt 10.49689 -6.125
vt 15.5 -4
vt 15.5 -4.25
vt 16 -4.25
vt 16.5 -4
vt 16.5 -4.25
vt 16 -3.75
vt 16.5 -3.75
vt 15.5 -3.75
vt 15.5 -4.3125
vt 16.5 -4.3125
vt 16.625 -4.25
vt 15.375 -3.75
vt 15.375 -4.25
vt 16.5 -3.6875
vt 15.5 -3.6875
vt 16.625 -4
vt 16.625 -3.75
vt 16.75 -3.75
vt 16.5 -3.625
vt 16.75 -4.25
vt 15.5 -3.625
vt 16.5 -4.375
vt 15.25 -3.75
vt 15.5 -4.375
vt 15.25 -4.25
vt 15.5 -8
vt 15.5 -8.25
vt 16 -8.25
vt 16.5 -8
vt 16.5 -8.25
vt 16 -7.75
vt 16.5 -7.75
vt 15.5 -7.75
vt 15.5 -8.3125
vt 16.5 -8.3125
vt 16.625 -8.25
vt 15.375 -7.75
vt 15.375 -8.25
vt 16.5 -7.6875
vt 15.5 -7.6875
vt 16.625 -8
vt 16.625 -7.75
vt 7.5 -8
vt 7.5 -8.25
vt 8 -8.25
vt 8.5 -8
vt 8.5 -8.25
vt 8 -7.75
vt 8.5 -7.75
vt 7.5 -7.75
vt 7.5 -8.3125
vt 8.5 -8.3125
vt 8.625 -8.25
vt 7.375 -7.75
vt 7.375 -8.25
vt 8.5 -7.6875
vt 7.5 -7.6875
vt 8.625 -8
vt 8.625 -7.75
vt 8.75 -7.75
vt 8.5 -7.625
vt 8.75 -8.25
vt 7.5 -7.625
vt 8.5 -8.375
vt 7.25 -7.75
vt 7.5 -8.375
vt 7.25 -8.25
vt 22.625 -12.5
vt 25 -11.3125
vt 25 -10.75
vt 21.625 -11.5
vt 23 -10.75
vt 23 -10.8125
vt 15 -10.875
vt 17 -10.875
vt 9.25 -8.353555
vt 9.5 -8.353555
vt 9.25 -7.646445
vt 8.707109 -8.625
vt 8.707109 -7.375
vt 7.292891 -8.625
vt 7.292891 -7.375
vt 6.75 -8.353555
vt 6.75 -7.646445
vt 9.25 -7.75
vt 17.25 -3.75
vt 17.25 -3.646445
vt 17.25 -4.353555
vt 16.70711 -4.625
vt 14.75 -4.353555
vt 15.29289 -4.625
vt 15.29289 -3.375
vt 14.75 -3.646445
vt 16.70711 -3.375
vt 17.5 -4.353555
vt 75.32322 -2.75
vt 75.5 -2.75
vt 73.125 -1.5625
vt 73.07322 -1.625
vt 73 -3.911609
vt 73 -4
vt 72.125 -1.5625
vt 72.07322 -1.625
vt 70.75 -2.786609
vt 70.625 -2.8125
vt 66.875 1.0625
vt 66.75 1.036609
vt 70.75 -2.286609
vt 70.625 -2.3125
vt 66.875 1.5625
vt 66.75 1.536609
vt 65.42678 0.375
vt 65.375 0.3125
vt 64.5 2.75
vt 64.5 2.661609
vt 64.42678 0.375
vt 64.375 0.3125
vt 62 1.5
vt 62.17678 1.5
vt 75.18301 -2.75
vt 73.05145 -1.684219
vt 73 -3.841508
vt 72.05145 -1.687336
vt 70.86844 -2.775727
vt 66.625 1.025891
vt 70.87467 -2.275727
vt 66.625 1.529008
vt 65.44855 0.4373359
vt 64.5 2.591508
vt 64.44855 0.4342188
vt 62.31699 1.5
vt 73 -1.746883
vt 75.00623 -2.75
vt 73 -3.753117
vt 70.99377 -2.75
vt 72 -1.75
vt 71 -2.25
vt 66.5 1
vt 65.5 0.5
vt 66.5 1.503117
vt 64.5 0.4968828
vt 64.5 2.503117
vt 62.49377 1.5
vt 70.875 -2.1875
vt 71.875 -1.6875
vt 66.625 0.9375
vt 65.625 0.4375
vt 66.5 1.5
vt 66.675 -0.0875
vt 67.8 0.35
vt 66.8 -0.15
vt 67.675 0.4125
vt 67.725 -0.6125
vt 68.85 -0.175
vt 67.85 -0.675
vt 68.725 -0.1125
vt 68.65 -1.075
vt 69.775 -0.6375
vt 68.775 -1.1375
vt 69.65 -0.575
vt 69.7 -1.6
vt 70.825 -1.1625
vt 69.825 -1.6625
vt 70.7 -1.1
vt 0.75 0.3964453
vt 1 0.5
vt 1 0.3964453
vt 0.3964453 0.75
vt 0.75 -0.3964453
vt 1 -0.5
vt 0.5 1
vt 0.3964453 -0.75
vt 0.5 -1
vt -0.5 1
vt -0.3964453 0.75
vt -0.3964453 -0.75
vt -0.5 -1
vt -1 0.5
vt -0.75 0.3964453
vt -0.75 -0.3964453
vt -1 -0.5
vt 3.375 -7
vt 3.5 -5.625
vt 3.5 -6.875
vt 3.375 -5.625
vt 5.094672 -4.25
vt 5.125 -3.155328
vt 5.125 -4.25
vt 4.75 -4.405328
vt 4.939344 -4.405328
vt 4.75 -3.594672
vt 4.405328 -4.75
vt 4.25 -5.094672
vt 3.155328 -5.125
vt 4.25 -5.125
vt 2.875 -4.844672
vt 2.905328 -3.75
vt 2.875 -3.75
vt 4.844672 -2.875
vt 3.75 -2.905328
vt 3.75 -2.875
vt 3.594672 -4.75
vt 4.405328 -3.25
vt 3.25 -4.405328
vt 3.594672 -3.25
vt 3.25 -3.594672
vt -1.125 -0.5
vt -1 -0.625
vt -1.125 -0.625
vt -2.875 -0.625
vt -2.875 -0.5
vt 10.0625 -10.4375
vt 10.8125 -10.4375
vt 10.4375 -10.8125
vt 10.4375 -10.0625
vt 0.625 2.96875
vt 1.09375 2.90625
vt 0.625 2.90625
vt 1.03125 2.96875
vt -1.09375 4.625
vt -1.03125 5.03125
vt -1.03125 4.625
vt -1.09375 5.09375
vt 1.09375 3.984375
vt 1.03125 3.953125
vt -0.046875 5.03125
vt -0.015625 5.09375
vt -1.125 0.5
vt -0.5 1.125
vt 0.5 1.125
vt 1.125 -3.5
vt 2.375 -4.5
vt 1.125 -4.5
vt 2.375 -3.5
vt -0.5 -2.875
vt 0.5 -1.125
vt 0.5 -2.875
vt -0.5 -1.125
vt -0.625 -3
vt -0.625 -1
vt 1.125 0.5
vt 1.125 -0.5
vt 2.375 -3.375
vt 1 -3.375
vt 1 -4.625
vt 2.375 -4.625
vt 0.625 -1
vt 0.625 -3
vt 2.875 -0.5
vt 3 -0.5
vt 3 -0.625
vt 2.875 0.5
vt 3 0.5
vt 3 0.625
vt 5 0.3964453
vt 4.5 1
vt 5 0.5
vt 4.75 0.3964453
vt 4.396445 0.75
vt 4.75 -0.3964453
vt 5 -0.5
vt 3.5 1
vt 3.603555 0.75
vt 4.396445 -0.75
vt 4.5 -1
vt 3.25 0.3964453
vt 3.603555 -0.75
vt 3.5 -1
vt 3.25 -0.3964453
vt -3.4375 -0.9375
vt -3 -1
vt -3.5 -1
vt -3.0625 -0.9375
vt -3 -0.5
vt -3.0625 -0.5625
vt 5.125 -0.5
vt 4.5 -1.125
vt 3.5 1.125
vt 5.125 0.5
vt 4.5 1.125
vt 8.5 -11
vt 8.625 -10.875
vt 8.625 -11
vt 8.5 -10.875
vt 9 -11.375
vt 9.125 -11.5
vt 9 -11.5
vt 9.125 -11.375
vt 9 -12.625
vt 9.125 -12.5
vt 9.125 -12.625
vt 9 -12.5
vt 6.875 -3.5
vt 7 -4.5
vt 6.875 -4.5
vt 7 -3.5
vt 7.375 -10.875
vt 7.5 -11
vt 7.375 -11
vt 7.5 -10.875
vt 1 -3.603555
vt 0.5 -3
vt 1 -3.5
vt 0.75 -3.603555
vt 0.3964453 -3.25
vt 0.75 -4.396445
vt 1 -4.5
vt -0.5 -3
vt -0.3964453 -3.25
vt 0.3964453 -4.75
vt 0.5 -5
vt -1 -3.5
vt -0.75 -3.603555
vt -0.3964453 -4.75
vt -0.5 -5
vt -1 -4.5
vt -0.75 -4.396445
vt -4.625 1
vt -4.5 1.125
vt -4.5 1
vt -4.625 1.125
vt -4.465922 -2.57132
vt -3.370594 -2.795461
vt -4.336515 -3.054281
vt -3.5 -2.3125
vt -1.125 0.625
vt -1 0.625
vt -4.5 -1.5
vt -3.5 -2
vt -4.5 -2
vt -3.5 -1.5
vt -2.875 0.5
vt -2.875 0.625
vt -3.5 1
vt -3.5 1.125
vt 5.375 -4.75
vt 5.5 -4.625
vt 5.5 -4.875
vt 5.25 -4.75
vt 5.3125 -4.8125
vt 4.75 -5.375
vt 4.75 -5.25
vt 4.8125 -5.3125
vt 4.625 -5.5
vt 4.875 -5.5
vt 5.25 -4.625
vt 4.625 -5.25
vt 3.75 -4
vt 4.25 -4
vt 4 -4.25
vt 4 -3.75
vt 4.25 -3.75
vt 3.75 -3.75
vt 3.75 -4.25
vt 4.25 -4.25
vt 3.75 -4.3125
vt 4.3125 -4.25
vt 4.25 -4.3125
vt 3.6875 -3.75
vt 3.6875 -4.25
vt 4.25 -3.6875
vt 3.75 -3.6875
vt 4.3125 -4
vt 4.3125 -3.75
vt 4.25 -3.625
vt 4.375 -3.75
vt 4.375 -4.25
vt 3.75 -3.625
vt 4.25 -4.375
vt 3.625 -3.75
vt 3.75 -4.375
vt 3.625 -4.25
vt 5 -5.625
vt 4.5 -5.625
vt 2.5 -4.625
vt 2.375 -5
vt 2.5 -5
vt 3 -5.5
vt 3.375 -5.5
vt 3 -5.625
vt 38.75 -2.75
vt 40 -2.75
vt 40 6
vt 37.5 -2.5
vt 36.5625 -1.5625
vt 33.4375 1.0625
vt 36.0625 -1.5625
vt 33.4375 1.5625
vt 32.25 3.75
vt 32.5 2.5
vt 31.25 1.75
vt 32 2.5
vt 30 1.5
vt 32.1875 0.3125
vt 31.25 1.25
vt 35.3125 -2.3125
vt 32.6875 0.3125
vt 35.3125 -2.8125
vt 36.5 -5
vt 36.25 -3.75
vt 37.5 -3
vt 36.75 -3.75
vt 40 -6
vt 28 -6
vt 28 6
vt 0.625 3
vt -1 5
vt -1 4.625
vt 1 3.9375
vt -0.0625 5
vt 0.5625 3.0625
vt 0.5 3
vt 0.9375 3.0625
vt -1 4.5
vt -0.9375 4.9375
vt -0.9375 4.5625
vt 0.9375 3.90625
vt -0.09375 4.9375
vt 1 0.625
vt 1 -0.625
vt 0.625 1.125
vt 0.625 1
vt 3.5 -2.375
vt 4.5 -2.375
vt 3.5 -1.125
vt -3.375 -1.09375
vt -2.875 -1.125
vt -3.375 -1.125
vt -2.90625 -1.09375
vt -2.90625 -0.625
vt 8.625 -8.353555
vt 8.75 -7.603555
vt 8.75 -8.353555
vt 8.625 -7.646445
vt 8.353555 -8.625
vt 8.75 -8.396445
vt 8.396445 -8.75
vt 8.396445 -7.25
vt 8.353555 -7.375
vt 7.646445 -8.625
vt 7.603555 -8.75
vt 7.603555 -7.25
vt 7.646445 -7.375
vt 7.375 -8.353555
vt 7.25 -8.396445
vt 7.25 -7.603555
vt 7.375 -7.646445
vt 8.9375 -11.4375
vt 9 -11
vt 8.9375 -11.0625
vt 8.5625 -11.0625
vt 3.646445 -4.625
vt 4.625 -4.353555
vt 4.353555 -4.625
vt 3.375 -3.646445
vt 3.375 -4.353555
vt 4.353555 -3.375
vt 3.646445 -3.375
vt 4.625 -3.75
vt 4.625 -3.646445
vt 9.03125 -11.375
vt 8.625 -10.96875
vt 9.03125 -10.96875
vt -1.5 -3.5
vt -1.5 -4.5
vt -3.054281 -4.336515
vt -2.3125 -3.5
vt -2.57132 -4.465922
vt -2.795461 -3.370594
vt -4.008883 -3.655328
vt -2.948226 -3.301781
vt -3.655328 -4.008883
vt -3.301781 -2.948226
vt -3.125 -3.125
vt -4.625 -1.125
vt -5.09375 -1.09375
vt -4.625 -1.09375
vt -5.125 -1.125
vt -4.625 1.09375
vt -5.125 1.125
vt -5.09375 1.09375
vt -4.5 -1
vt -3.5 -1.125
vt -4.5 -1.125
vt -3 1
vt -2.96875 0.625
vt -3 0.625
vt -3.375 1.03125
vt -3.375 1
vt -2.96875 1.03125
vt -3.375 -1
vt -2.96875 -1.03125
vt -3.375 -1.03125
vt -2.96875 -0.625
vt -3 -0.625
vt -3 0.5
vt -2.90625 1.09375
vt -2.90625 0.625
vt -3.375 1.125
vt -3.375 1.09375
vt -2.875 1.125
vt -4.625 -1
vt -4.5625 -0.9375
vt -4.9375 0.9375
vt -4.9375 -0.9375
vt -4.5625 0.9375
vt -3.4375 0.9375
vt -3.0625 0.5625
vt -3.0625 0.9375
vt -5 -1
vt -5 1
vt -4.625 -1.03125
vt -5.03125 -1.03125
vt -5.03125 1.03125
vt -4.625 1.03125
vt -0.25 -4
vt 0.25 -4
vt 0.25 -3.75
vt -0.25 -3.75
vt -0.25 -4.25
vt 0.25 -4.25
vt -0.25 -4.3125
vt 0.3125 -4.25
vt 0.25 -4.3125
vt -0.3125 -3.75
vt -0.3125 -4.25
vt 0.25 -3.6875
vt -0.25 -3.6875
vt 0.3125 -4
vt 0.3125 -3.75
vt 0.25 -3.625
vt 0.375 -3.75
vt 0.375 -4.25
vt -0.25 -3.625
vt 0.25 -4.375
vt -0.375 -3.75
vt -0.25 -4.375
vt -0.375 -4.25
vt 0.25 0.25
vt -0.25 0.25
vt -0.25 -0.25
vt 0.25 -0.25
vt -0.25 -0.3125
vt 0.3125 -0.25
vt -0.3125 0.25
vt 0.25 0.3125
vt -0.25 0.3125
vt 0.3125 0.25
vt 0.25 0.375
vt 0.375 0.25
vt -0.25 0.375
vt -0.375 0.25
vt -0.25 -0.375
vt 3.75 0
vt 4.25 0
vt 4 -0.25
vt 4 0.25
vt 4.25 0.25
vt 3.75 0.25
vt 3.75 -0.25
vt 4.25 -0.25
vt 3.75 -0.3125
vt 4.3125 -0.25
vt 4.25 -0.3125
vt 3.6875 0.25
vt 3.6875 -0.25
vt 4.25 0.3125
vt 3.75 0.3125
vt 4.3125 0
vt 4.3125 0.25
vt 4.25 0.375
vt 4.375 0.25
vt 4.375 -0.25
vt 3.75 0.375
vt 4.25 -0.375
vt 3.625 0.25
vt 3.75 -0.375
vt 3.625 -0.25
vt 9.1875 -9.5625
vt 9.9375 -9.5625
vt 9.5625 -9.9375
vt 9.5625 -9.1875
vt 10.75 -11.375
vt 10.75 -11.5
vt 10.75 -12.5
vt 10.75 -12.625
vt 4.625 -0.3535547
vt 4.75 -0.3535547
vt 4.625 0.3535547
vt 4.353555 -0.625
vt 4.353555 0.625
vt 3.646445 -0.625
vt 3.646445 0.625
vt 3.375 -0.3535547
vt 3.375 0.3535547
vt 4.625 0.25
vt 0.625 -3.646445
vt 0.625 -4.353555
vt 0.3535547 -4.625
vt -0.625 -4.353555
vt -0.3535547 -4.625
vt -0.3535547 -3.375
vt -0.625 -3.646445
vt 0.3535547 -3.375
vt 8.375 -7.75
vt 8.25 -7.625
vt 8.375 -8.25
vt 8.25 -8.375
vt 7.75 -7.625
vt 7.75 -8.375
vt 7.625 -7.75
vt 7.625 -8.25
vt 3.103555 -5.25
vt 4.375 -5.146445
vt 4.375 -5.25
vt 2.853555 -3.625
vt 2.75 -4.896445
vt 2.75 -3.625
vt 4.896445 -2.75
vt 3.625 -2.853555
vt 3.625 -2.75
vt 5.25 -3.375
vt 5.25 -3.103555
vt 5.125 -3.375
vt 5.25 -4.375
vt 5.146445 -4.375
vt 4.75 -4.353555
vt 0.75 -4.353555
vt 9.09375 -11.375
vt 8.625 -10.90625
vt 9.09375 -10.90625
vt -0.625 1.125
vt -0.625 1
vt -0.5 2.875
vt 0.5 2.875
vt -0.5 3
vt -4.5 2.75
vt -3.5 2.75
vt -3.375 2.75
vt -4.625 2.75
vt 2.375 -3
vt 2.5 -3
vt 2.5 -3.125
vt 3 -2.5
vt 3 -2.375
vt 3.125 -2.5
vt 4.625 -2.375
vt 4.625 -1
vt -2.8125 2.4375
vt -2.0625 2.4375
vt -2.4375 2.0625
vt -2.4375 2.8125
vt 5 -5.5
vt 5.5 -5
vt 2.75 -3.25
vt 3.1875 -2.6875
vt 3.25 -2.75
vt 2.6875 -3.1875
vt 2.625 -3.25
vt 3.25 -2.625
vt -0.9375 3.4375
vt -1 3.5
vt -0.9375 3.0625
vt -0.5625 3.0625
vt 3.375 -1
vt 3.375 -2.375
vt -1.125 2.875
vt -0.625 2.90625
vt -0.625 2.875
vt -1.09375 3.375
vt -1.125 3.375
vt -1.09375 2.90625
vt 1.125 2.875
vt 0.625 2.875
vt -1.125 4.625
vt -1.125 5.125
vt 1.125 4
vt -1.125 4.5
vt -1.125 3.5
vt 2.5 -3.375
vt -1 3.375
vt -1.03125 2.96875
vt -1.03125 3.375
vt -0.625 2.96875
vt -0.625 3
vt 5.625 -3.5
vt 5.625 -4.5
vt 3.375 -1.875
vt 3 -1.875
vt 1.875 -0.75
vt 1.875 -3
vt 0.75 -1.875
vt 9.5 -3.5
vt 20 12
vt 20 -3.663484
vt 10 -3.5
vt 10.57132 -3.534078
vt 11.05428 -3.663484
vt 20 -4.344672
vt 11.65533 -3.991117
vt 12.00888 -4.344672
vt 20 -5.428679
vt 12.33652 -4.945719
vt 12.46592 -5.428679
vt 11.5 -5.6875
vt 20 -6.5
vt 12.5 -6
vt 12.5 -6.5
vt 20 -6.875
vt 11.5 -6.5
vt 10.875 -6.875
vt 9 -7.375
vt 10.875 -7.375
vt 8.625 -7
vt 8.625 -5
vt 9.125 -4.5
vt 5.625 -3.375
vt 7 -3.375
vt 5.625 -3
vt 5 -2.375
vt -3.375 4.625
vt -4.625 3.375
vt -0.625 -1.5
vt -0.625 -2.795461
vt -0.9267812 -3.301781
vt -1.125 -3.5
vt -1.125 -4.5
vt 0.5 -5.125
vt 2.875 -7.5
vt 7 -8.625
vt 5 -8.625
vt 4.5 -9.125
vt 7.375 -9
vt 6.875 -10.875
vt 11.375 -12.625
vt 9.125 -13.125
vt 13.125 -9.125
vt 12.625 -9.125
vt 12.625 -11.375
vt 13.125 -6.875
vt 20 -20
vt 11.5 -6
vt -0.5 -5.125
vt 3.5 -9.125
vt 6.875 -12
vt 10 -4.5
vt 10.3125 -4.5
vt 10.79546 -4.629406
vt 10.94823 -4.698219
vt 11.30178 -5.051774
vt 11.37059 -5.204539
vt 8.5 -2.875
vt 2.875 -8.5
vt 8 -13.125
vt 9.5 -4.5
vt 11.125 -4.875
vt -12 -20
vt 9.125 -3.5
vt -12 12
vt 11.375 -9.5625
vt 11.375 -9.125
vt 11.375 -10.4375
vt 11.375 -10.75
vt 9.125 -10.875
vt 8.625 -9
vt 9 -8.625
vt 10.875 -9.125
vt 10.875 -8.625
vt -0.625 2.4375
vt -1.1875 1.5625
vt -0.625 1.5625
vt -1.5625 1.9375
vt -1.5625 1.1875
vt -2.75 3.375
vt -1.9375 1.5625
vt -3.5 2.8125
vt -4.5 3.3125
vt -3.3125 4.5
vt -2.75 4.5
vt -2.8125 3.5
vt -2.75 3.5
vt -2.75 4.625
vt 1.875 -0.8718828
vt 2.878117 -1.875
vt 1.875 -2.878117
vt 0.8718828 -1.875
vt 5.625 -5
vt 3.375 -2.5
vt 4.625 -2.5
vt 4.625 -7
vt 4.5 -6.875
vt 4.625 -5.625
vt 5.5 -3
vt 5 -2.5
vt 2.75 -3.375
vt 3.375 -2.75
vt 5.5 -3.103555
vt 0.625 -0.3535547
vt 0.75 -0.3535547
vt 0.625 0.3535547
vt 0.3535547 -0.625
vt 0.3535547 0.625
vt -0.3535547 -0.625
vt -0.3535547 0.625
vt -0.625 -0.3535547
vt -0.625 0.3535547
vt 9 -7.603555
vt 8.5 -7
vt 9 -7.5
vt 9 -8.5
vt 7.5 -7
vt 8.5 -9
vt 7 -7.5
vt 7.5 -9
vt 7 -8.5
vt 9.125 -7.375
vt 9.125 -7.5
vt 10.875 -7.5
vt 7.375 -10.96875
vt 6.90625 -10.90625
vt 7.375 -10.90625
vt 6.96875 -10.96875
vt 9.09375 -12.625
vt 9.03125 -13.03125
vt 9.03125 -12.625
vt 9.09375 -13.09375
vt 6.90625 -11.98438
vt 6.96875 -11.95313
vt 8.046875 -13.03125
vt 8.015625 -13.09375
vt 9.125 -8.5
vt 8.5 -9.125
vt 7.5 -9.125
vt 7.5 -5.125
vt 8.5 -6.875
vt 7.5 -6.875
vt 6.875 -7.5
vt 6.875 -8.5
vt 7.375 -5
vt 7.375 -7
vt 7 -4.625
vt 5.625 -4.625
vt 5 -7.375
vt 5.125 -7.5
vt 5 -7.5
vt 5 -8.5
vt 5.125 -8.5
vt 5 -7.603555
vt 4.5 -7
vt 4.75 -7.603555
vt 4.396445 -7.25
vt 4.75 -8.396445
vt 3.5 -7
vt 3.603555 -7.25
vt 4.396445 -8.75
vt 4.5 -9
vt 3 -7.5
vt 3.25 -7.603555
vt 3.603555 -8.75
vt 3.5 -9
vt 3 -8.5
vt 3.25 -8.396445
vt 11.0625 -7.0625
vt 11.5 -7
vt 11.4375 -7.0625
vt 11 -7.5
vt 11.0625 -7.4375
vt 11 -7
vt 8.5 -5
vt 9 -4.5
vt 7.5 -3
vt 9 -3.5
vt 8.5 -3
vt 7.375 -6.125
vt 7.25 -6.125
vt 6.125 -5
vt 6.125 -7.25
vt 7 -7.375
vt 5 -6.125
vt 10.8125 -11.5
vt 11.5 -10.75
vt 11.5 -10.8125
vt 6.125 -5.121883
vt 7.128117 -6.125
vt 6.125 -7.128117
vt 5.121883 -6.125
vt 9 -3.603555
vt 8.75 -3.603555
vt 8.396445 -3.25
vt 8.75 -4.396445
vt 7.603555 -3.25
vt 8.396445 -4.75
vt 7.25 -3.603555
vt 7.603555 -4.75
vt 7.5 -5
vt 7.25 -4.396445
vt 12.5 -9
vt 12.5 -9.125
vt 12.625 -9
vt 9.125 -8.625
vt 10.875 -8.5
vt 11.5 -9
vt 11.5 -9.125
vt 7 -11
vt 9 -13
vt 7 -11.9375
vt 8.0625 -13
vt 7.4375 -11.0625
vt 7.0625 -11.0625
vt 8.9375 -12.9375
vt 8.9375 -12.5625
vt 7.0625 -11.90625
vt 8.09375 -12.9375
vt 7.375 -9.125
vt 10.90625 -6.90625
vt 10.90625 -7.375
vt 11.375 -6.90625
vt 11.375 -6.875
vt 11.3125 -12.5
vt 12.625 -10.75
vt 12.5 -11.3125
vt 12.5 -10.75
vt 12.625 -9.09375
vt 13.09375 -9.09375
vt 12.625 -6.875
vt 13.09375 -6.90625
vt 12.625 -6.90625
vt 11.5 -6.875
vt 12.5 -7
vt 12.5 -6.875
vt 11 -8.625
vt 10.96875 -9.03125
vt 10.96875 -8.625
vt 11 -9
vt 11.375 -9.03125
vt 11.375 -9
vt 11.375 -6.96875
vt 11.375 -7
vt 10.96875 -7.375
vt 11 -7.375
vt 10.96875 -6.96875
vt 11 -8.5
vt 10.90625 -8.625
vt 10.90625 -9.09375
vt 11.375 -9.09375
vt 12.625 -7
vt 12.5625 -8.9375
vt 12.9375 -7.0625
vt 12.9375 -8.9375
vt 11.4375 -8.9375
vt 11.0625 -8.5625
vt 11.0625 -8.9375
vt 12.5625 -7.0625
vt 13 -9
vt 13 -7
vt 13.03125 -9.03125
vt 12.625 -9.03125
vt 12.625 -6.96875
vt 13.03125 -6.96875
vt 7.75 -4
vt 8.25 -4
vt 7.75 -4.25
vt 8.25 -4.25
vt 8.25 -3.75
vt 7.75 -3.75
vt 7.75 -4.3125
vt 8.3125 -4.25
vt 8.25 -4.3125
vt 7.6875 -3.75
vt 7.6875 -4.25
vt 8.25 -3.6875
vt 7.75 -3.6875
vt 8.3125 -4
vt 8.3125 -3.75
vt 8.25 -3.625
vt 8.375 -3.75
vt 8.375 -4.25
vt 7.75 -3.625
vt 8.25 -4.375
vt 7.625 -3.75
vt 7.75 -4.375
vt 7.625 -4.25
vt 7.75 -8
vt 8.25 -8
vt 7.75 -8.25
vt 8.25 -8.25
vt 8.25 -7.75
vt 7.75 -7.75
vt 7.75 -8.3125
vt 8.3125 -8.25
vt 8.25 -8.3125
vt 7.6875 -7.75
vt 7.6875 -8.25
vt 8.25 -7.6875
vt 7.75 -7.6875
vt 8.3125 -8
vt 8.3125 -7.75
vt 3.75 -8
vt 4.25 -8
vt 4 -8.25
vt 4 -7.75
vt 3.75 -8.25
vt 4.25 -8.25
vt 4.25 -7.75
vt 3.75 -7.75
vt 3.75 -8.3125
vt 4.3125 -8.25
vt 4.25 -8.3125
vt 3.6875 -7.75
vt 3.6875 -8.25
vt 4.25 -7.6875
vt 3.75 -7.6875
vt 4.3125 -8
vt 4.3125 -7.75
vt 4.25 -7.625
vt 4.375 -7.75
vt 4.375 -8.25
vt 3.75 -7.625
vt 4.25 -8.375
vt 3.625 -7.75
vt 3.75 -8.375
vt 3.625 -8.25
vt 8.625 -9.125
vt 4.625 -8.353555
vt 4.75 -8.353555
vt 4.625 -7.646445
vt 4.353555 -8.625
vt 4.353555 -7.375
vt 3.646445 -8.625
vt 3.646445 -7.375
vt 3.375 -8.353555
vt 3.375 -7.646445
vt 4.625 -7.75
vt 8.625 -3.646445
vt 8.625 -4.353555
vt 8.353555 -4.625
vt 7.375 -4.353555
vt 7.646445 -4.625
vt 7.646445 -3.375
vt 7.375 -3.646445
vt 8.353555 -3.375
vt 8.75 -4.353555
vt 34.9125 -1.6625
vt 35.4375 -2.1875
vt 35.9375 -1.6875
vt 35.4125 -1.1625
vt 34.3875 -1.1375
vt 34.85 -1.6
vt 35.35 -1.1
vt 34.8875 -0.6375
vt 33.925 -0.675
vt 34.325 -1.075
vt 34.825 -0.575
vt 34.425 -0.175
vt 33.4 -0.15
vt 33.8625 -0.6125
vt 34.3625 -0.1125
vt 33.9 0.35
vt 32.8125 0.4375
vt 33.3375 -0.0875
vt 33.8375 0.4125
vt 33.3125 0.9375
vt 32.25 2.75
vt 37.66161 -2.75
vt 37.75 -2.75
vt 36.53661 -1.625
vt 36.5 -3.911609
vt 36.5 -4
vt 36.03661 -1.625
vt 35.375 -2.786609
vt 33.375 1.036609
vt 35.375 -2.286609
vt 33.375 1.536609
vt 32.71339 0.375
vt 32.25 2.661609
vt 32.21339 0.375
vt 31 1.5
vt 31.08839 1.5
vt 37.59151 -2.75
vt 36.52573 -1.684219
vt 36.5 -3.841508
vt 36.02573 -1.687336
vt 35.43422 -2.775727
vt 33.3125 1.025891
vt 35.43734 -2.275727
vt 33.3125 1.529008
vt 32.72427 0.4373359
vt 32.25 2.591508
vt 32.22427 0.4342188
vt 31.15849 1.5
vt 36.5 -1.746883
vt 37.50312 -2.75
vt 36.5 -3.753117
vt 35.49688 -2.75
vt 36 -1.75
vt 35.5 -2.25
vt 33.25 1
vt 32.75 0.5
vt 33.25 1.503117
vt 32.25 0.4968828
vt 32.25 2.503117
vt 31.24688 1.5
vt 33.25 1.5
vt 6.75 -7
vt 6.75 -5.625
vt -2.25 -0.625
vt -2 -0.625
vt 58 -16
vt 58 -16.5
vt 59 -16
vt -1.25 -3
vt -1.25 -1
vt 4.75 -3.375
vt 2 -3.375
vt 2 -4.625
vt 4.75 -4.625
vt 1.25 -3
vt 1.25 -1
vt 6 -0.625
vt 6 0.625
vt 10.25 -0.5
vt 7 1.125
vt 10.25 0.5
vt 9 1.125
vt 64 -16
vt 64 -16.5
vt 65 -16
vt -2.25 0.625
vt -2 0.625
vt 10 -5.625
vt 4.75 -5
vt 6 -5.625
vt 2 0.625
vt 2 -0.625
vt 1.25 1.125
vt 1.25 1
vt -9 -1.125
vt -7 -1.125
vt 21.5 -11.375
vt 21.5 -12.625
vt -1.25 1.125
vt -1.25 1
vt -6.75 2.75
vt -9.25 2.75
vt 4.75 -3
vt 6 -2.375
vt 9.25 -2.375
vt 9.25 -1
vt 6.75 -1
vt 6.75 -2.375
vt -5.5 4.625
vt -9.25 3.375
vt -6.75 4.625
vt 3.75 -1.125
vt 5.25 -1.875
vt 3.75 -2.625
vt 2.25 -1.875
vt 11.25 -5
vt -5.5 3.375
vt 9.25 -7
vt 9.25 -5.625
vt -2.25 -3.5
vt 1 -5.125
vt -2.25 -4.5
vt -1 -5.125
vt 11.25 -3
vt 10 -2.375
vt 18 -7.375
vt 18.25 -7.375
vt 17.25 -7
vt 17.25 -5
vt 14.75 -5
vt 14.75 -7
vt 14 -3.375
vt 11.25 -3.375
vt 11.25 -4.625
vt 14 -4.625
vt 10 -7.375
vt 10 -8.625
vt 18.25 -4.5
vt 15 -2.875
vt 18.25 -3.5
vt 17 -2.875
vt 5.75 -7.5
vt 9 -9.125
vt 5.75 -8.5
vt 7 -9.125
vt 22.75 -10.75
vt 18 -8.625
vt 18.25 -8.625
vt 14 -8.625
vt 14 -7.375
vt 14.75 -9
vt 14.75 -9.125
vt 22.75 -12.625
vt 25.25 -10.75
vt 25.25 -11.375
vt 23 -6.875
vt 25 -6.875
vt 17.25 -9.125
vt 12.25 -5.375
vt 13.75 -6.125
vt 12.25 -6.875
vt 10.75 -6.125
vt 17.25 -9
vt 64.5 3.75
vt 64 2.5
vt 65 2.5
vt 60 1.5
vt 62.5 1.25
vt 62.5 1.75
vt 73 -5
vt 72.5 -3.75
vt 73.5 -3.75
vt 77.5 -2.75
vt 75 -3
vt 75 -2.5
vt 17.25 -16.70711
vt 17.5 -16.70711
vt 17.5 -15.20711
vt 17.25 -15.29289
vt 16.70711 -17.25
vt 17.5 -16.79289
vt 16.79289 -17.5
vt 16.79289 -14.5
vt 16.70711 -14.75
vt 15.29289 -17.25
vt 15.20711 -17.5
vt 15.20711 -14.5
vt 15.29289 -14.75
vt 14.75 -16.70711
vt 14.5 -16.79289
vt 14.5 -15.20711
vt 14.75 -15.29289
vt 9.25 -0.7071094
vt 9.5 -0.7071094
vt 9.5 0.7928906
vt 9.25 0.7071094
vt 8.707109 -1.25
vt 9.5 -0.7928906
vt 8.792891 -1.5
vt 8.792891 1.5
vt 8.707109 1.25
vt 7.292891 -1.25
vt 7.207109 -1.5
vt 7.207109 1.5
vt 7.292891 1.25
vt 6.75 -0.7071094
vt 6.5 -0.7928906
vt 6.5 0.7928906
vt 6.75 0.7071094
vt 6.207109 -10.5
vt 8.75 -10.5
vt 8.75 -10.29289
vt 5.707109 -7.25
vt 5.5 -7.25
vt 5.5 -9.792891
vt 9.792891 -5.5
vt 7.25 -5.5
vt 7.25 -5.707109
vt 10.5 -6.75
vt 10.5 -6.207109
vt 10.25 -6.310656
vt 10.25 -6.75
vt 5.810656 -7.5
vt 7.5 -5.810656
vt 7.5 -5.75
vt 10.18934 -8.5
vt 8.5 -10.18934
vt 8.5 -10.25
vt 10.5 -8.75
vt 10.29289 -8.75
vt 9.689343 -5.75
vt 6.310656 -10.25
vt 5.75 -9.689343
vt 9.25 -8.707109
vt 9.5 -8.707109
vt 9.5 -7.189344
vt 9.25 -7.292891
vt 8.707109 -9.25
vt 9.5 -8.810657
vt 8.810657 -9.5
vt 8.810657 -6.5
vt 8.707109 -6.75
vt 7.292891 -9.25
vt 7.189344 -9.5
vt 7.189344 -6.5
vt 7.292891 -6.75
vt 6.75 -8.707109
vt 6.5 -8.810657
vt 6.5 -7.189344
vt 6.75 -7.292891
vt 1.25 -8.707109
vt 1.5 -8.707109
vt 1.5 -7.207109
vt 1.25 -7.292891
vt 0.7071094 -9.25
vt 1.5 -8.792891
vt 0.7928906 -9.5
vt 0.7928906 -6.5
vt 0.7071094 -6.75
vt -0.7071094 -9.25
vt -0.7928906 -9.5
vt -0.7928906 -6.5
vt -0.7071094 -6.75
vt -1.25 -8.707109
vt -1.5 -8.792891
vt -1.5 -7.207109
vt -1.25 -7.292891
vt 1.25 -0.7071094
vt 1.5 -0.7071094
vt 1.5 0.7928906
vt 1.25 0.7071094
vt 0.7071094 -1.25
vt 1.5 -0.7928906
vt 0.7928906 -1.5
vt 0.7928906 1.5
vt 0.7071094 1.25
vt -0.7071094 -1.25
vt -0.7928906 -1.5
vt -0.7928906 1.5
vt -0.7071094 1.25
vt -1.25 -0.7071094
vt -1.5 -0.7928906
vt -1.5 0.7928906
vt -1.25 0.7071094
vt 9.25 -16.70711
vt 9.5 -16.70711
vt 9.5 -15.20711
vt 9.25 -15.29289
vt 8.707109 -17.25
vt 9.5 -16.79289
vt 8.792891 -17.5
vt 8.792891 -14.5
vt 8.707109 -14.75
vt 7.292891 -17.25
vt 7.207109 -17.5
vt 7.207109 -14.5
vt 7.292891 -14.75
vt 6.75 -16.70711
vt 6.5 -16.79289
vt 6.5 -15.20711
vt 6.75 -15.29289
vt 17.25 -8.707109
vt 17.5 -8.707109
vt 17.5 -7.207109
vt 17.25 -7.292891
vt 16.70711 -9.25
vt 17.5 -8.792891
vt 16.79289 -9.5
vt 16.79289 -6.5
vt 16.70711 -6.75
vt 15.29289 -9.25
vt 15.20711 -9.5
vt 15.20711 -6.5
vt 15.29289 -6.75
vt 14.75 -8.707109
vt 14.5 -8.792891
vt 14.5 -7.207109
vt 14.75 -7.292891
mtllib Dragonfly_00.mtl
usemtl Default
usemtl METAL
f 1/1/1 2/2/1 3/3/1
f 4/4/1 1/1/1 3/3/1
f 5/5/1 6/6/1 7/7/1
f 8/8/1 5/5/1 7/7/1
f 9/9/2 1/2/2 4/3/2
f 10/10/2 9/9/2 4/3/2
f 11/11/2 5/6/2 8/7/2
f 12/12/2 11/11/2 8/7/2
f 13/10/2 14/9/2 15/2/2 16/3/2
f 17/13/3 18/14/3 14/15/3 13/16/3
f 19/17/4 20/18/4 21/19/4
f 22/20/4 19/17/4 21/19/4
f 23/21/4 24/22/4 25/23/4
f 26/24/4 23/21/4 25/23/4
f 27/20/4 28/17/4 18/18/4 17/19/4
f 29/17/5 19/25/5 22/26/5
f 30/20/5 29/17/5 22/26/5
f 31/21/5 23/27/5 26/28/5
f 32/24/5 31/21/5 26/28/5
f 33/29/6 29/25/6 30/26/6
f 34/30/6 33/29/6 30/26/6
f 35/31/6 31/27/6 32/28/6
f 36/32/6 35/31/6 32/28/6
f 37/30/6 38/29/6 39/25/6 40/26/6
f 41/33/7 33/34/7 34/35/7
f 42/36/7 41/33/7 34/35/7
f 43/37/7 35/38/7 36/39/7
f 44/40/7 43/37/7 36/39/7
f 2/1/8 41/34/8 42/35/8
f 3/4/8 2/1/8 42/35/8
f 6/5/8 43/38/8 44/39/8
f 7/8/8 6/5/8 44/39/8
f 45/4/8 46/1/8 47/34/8 48/35/8
f 49/41/9 50/42/9 51/43/9 52/44/9
f 53/45/7 54/46/7 55/47/7 56/48/7
f 57/49/5 58/50/5 59/51/5 60/52/5
f 61/53/7 62/54/7 63/55/7 64/56/7
f 65/57/1 66/58/1 67/59/1 68/60/1
f 48/35/1 47/34/1 69/61/1 70/62/1
f 71/63/5 72/59/5 38/64/5 37/65/5
f 16/66/3 15/67/3 73/59/3 74/63/3
f 75/66/7 76/67/7 46/59/7 45/63/7
f 77/68/1 78/69/1 79/70/1 80/71/1
f 81/72/7 82/73/7 83/74/7 84/75/7
f 85/76/5 86/77/5 87/78/5 88/79/5
f 89/80/3 90/81/3 91/82/3 92/83/3
f 93/84/5 94/85/5 95/59/5 96/63/5
f 97/86/7 98/87/7 99/88/7 100/89/7
f 101/84/1 102/85/1 103/59/1 104/63/1
f 105/90/3 106/91/3 107/59/3 108/60/3
f 80/71/9 79/70/9 109/92/9 110/93/9
f 111/94/10 112/95/10 86/78/10 85/79/10
f 113/96/1 9/15/1 10/16/1
f 114/97/1 113/96/1 10/16/1
f 115/98/1 11/99/1 12/100/1
f 116/101/1 115/98/1 12/100/1
f 20/18/5 117/102/5 118/103/5
f 21/19/5 20/18/5 118/103/5
f 24/22/5 119/104/5 120/105/5
f 25/23/5 24/22/5 120/105/5
f 40/106/7 39/107/7 82/70/7 81/108/7
f 92/83/3 91/82/3 28/25/3 27/26/3
f 121/109/11 122/46/11 78/82/11 77/110/11
f 88/111/12 87/112/12 123/113/12 124/114/12
f 108/115/3 107/67/3 125/59/3 126/60/3
f 127/32/12 128/29/12 98/88/12 97/89/12
f 129/115/3 130/67/3 106/59/3 105/60/3
f 100/116/11 99/117/11 131/9/11 132/12/11
f 133/118/5 134/119/5 135/120/5
f 136/121/5 133/118/5 135/120/5
f 137/122/5 138/123/5 139/124/5
f 140/125/5 137/122/5 139/124/5
f 141/126/1 142/127/1 143/128/1
f 144/129/1 141/126/1 143/128/1
f 145/130/1 146/131/1 147/132/1
f 148/133/1 145/130/1 147/132/1
f 149/134/8 141/135/8 144/136/8
f 150/137/8 149/134/8 144/136/8
f 151/138/8 145/139/8 148/140/8
f 152/141/8 151/138/8 148/140/8
f 153/137/8 154/134/8 155/135/8 156/136/8
f 156/106/7 155/107/7 157/135/7 158/136/7
f 134/142/6 159/143/6 160/144/6
f 135/145/6 134/142/6 160/144/6
f 138/146/6 161/147/6 162/148/6
f 139/149/6 138/146/6 162/148/6
f 158/145/6 157/142/6 163/143/6 164/144/6
f 165/150/4 166/151/4 167/152/4
f 168/153/4 165/150/4 167/152/4
f 169/154/4 170/155/4 171/156/4
f 172/157/4 169/154/4 171/156/4
f 173/153/4 174/150/4 175/151/4 176/152/4
f 177/158/2 178/61/2 179/62/2
f 180/159/2 177/158/2 179/62/2
f 181/160/2 182/161/2 183/162/2
f 184/163/2 181/160/2 183/162/2
f 185/159/2 186/158/2 187/61/2 188/62/2
f 178/164/1 149/61/1 150/62/1
f 179/165/1 178/164/1 150/62/1
f 182/166/1 151/161/1 152/162/1
f 183/167/1 182/166/1 152/162/1
f 188/168/1 187/91/1 154/59/1 153/63/1
f 166/169/3 177/151/3 180/152/3
f 167/170/3 166/169/3 180/152/3
f 170/171/3 181/155/3 184/156/3
f 171/172/3 170/171/3 184/156/3
f 176/170/3 175/169/3 186/151/3 185/152/3
f 189/173/3 190/42/3 191/174/3 192/175/3
f 193/176/5 194/177/5 195/178/5 196/179/5
f 197/66/1 198/67/1 199/59/1 200/63/1
f 201/66/5 202/67/5 203/59/5 204/63/5
f 205/180/5 206/181/5 207/182/5
f 208/183/5 205/180/5 207/182/5
f 209/184/5 210/185/5 211/186/5
f 212/187/5 209/184/5 211/186/5
f 213/183/5 214/180/5 215/181/5 216/182/5
f 217/188/8 218/189/8 219/190/8
f 220/191/8 217/188/8 219/190/8
f 221/192/8 222/193/8 223/194/8
f 224/195/8 221/192/8 223/194/8
f 225/191/8 226/188/8 227/189/8 228/190/8
f 218/196/7 229/189/7 230/190/7
f 219/197/7 218/196/7 230/190/7
f 222/198/7 231/193/7 232/194/7
f 223/199/7 222/198/7 232/194/7
f 228/197/7 227/196/7 233/189/7 234/190/7
f 229/200/6 205/181/6 208/182/6
f 230/201/6 229/200/6 208/182/6
f 231/202/6 209/185/6 212/186/6
f 232/203/6 231/202/6 212/186/6
f 234/201/6 233/200/6 214/181/6 213/182/6
f 206/180/4 235/204/4 236/205/4
f 207/183/4 206/180/4 236/205/4
f 210/184/4 237/206/4 238/207/4
f 211/187/4 210/184/4 238/207/4
f 216/183/4 215/180/4 239/204/4 240/205/4
f 241/208/2 242/209/2 243/210/2
f 244/211/2 241/208/2 243/210/2
f 245/212/2 246/213/2 247/214/2
f 248/215/2 245/212/2 247/214/2
f 249/211/2 250/208/2 251/209/2 252/210/2
f 242/188/1 217/126/1 220/129/1
f 243/191/1 242/188/1 220/129/1
f 246/192/1 221/130/1 224/133/1
f 247/195/1 246/192/1 224/133/1
f 235/216/3 241/204/3 244/205/3
f 236/217/3 235/216/3 244/205/3
f 237/218/3 245/206/3 248/207/3
f 238/219/3 237/218/3 248/207/3
f 253/220/1 254/58/1 255/59/1 256/221/1
f 257/162/10 258/61/10 259/222/10 260/223/10
f 261/224/7 262/225/7 263/82/7 264/226/7
f 265/227/7 266/228/7 267/229/7 268/230/7
f 269/231/3 270/232/3 271/78/3 272/233/3
f 273/234/4 274/235/4 275/236/4 276/237/4
f 277/238/2 278/239/2 274/240/2 273/241/2
f 279/92/5 280/59/5 281/63/5
f 282/242/5 279/92/5 281/63/5
f 283/243/5 278/244/5 284/60/5
f 285/93/5 283/243/5 284/60/5
f 286/30/5 287/29/5 288/67/5 277/66/5
f 289/92/3 290/59/3 291/63/3
f 292/242/3 289/92/3 291/63/3
f 293/243/3 294/244/3 295/60/3
f 296/93/3 293/243/3 295/60/3
f 297/242/3 298/92/3 299/59/3 300/63/3
f 301/238/6 302/239/6 293/240/6 297/241/6
f 303/245/4 304/246/4 302/240/4 301/241/4
f 305/247/6 306/248/6 307/59/6 308/249/6
f 309/247/4 310/248/4 306/59/4 305/249/4
f 311/247/2 312/248/2 310/59/2 309/249/2
f 308/247/8 307/248/8 312/59/8 311/249/8
f 313/250/4 314/251/4 315/59/4 316/63/4
f 317/252/3 318/58/3 314/59/3 313/63/3
f 319/250/2 320/251/2 318/59/2 317/63/2
f 321/252/1 322/58/1 320/59/1 319/63/1
f 323/250/8 324/251/8 322/59/8 321/63/8
f 325/252/7 326/58/7 324/59/7 323/63/7
f 327/250/6 328/251/6 326/59/6 325/63/6
f 316/252/5 315/58/5 328/59/5 327/63/5
f 329/238/2 330/253/2 284/60/2 288/241/2
f 331/254/13 332/255/13 333/256/13 334/249/13
f 335/254/14 336/255/14 332/256/14 331/249/14
f 337/257/6 338/258/6 336/256/6 335/249/6
f 339/254/15 340/255/15 341/256/15 342/249/15
f 343/254/16 344/255/16 340/256/16 339/249/16
f 345/259/10 346/260/10 344/256/10 343/249/10
f 347/254/17 348/255/17 346/256/17 345/249/17
f 349/254/18 350/255/18 348/256/18 347/249/18
f 351/257/2 352/258/2 350/256/2 349/249/2
f 353/254/19 354/255/19 355/256/19 356/249/19
f 357/254/20 358/255/20 354/256/20 353/249/20
f 334/259/11 333/260/11 358/256/11 357/249/11
f 359/261/5 360/262/5 338/256/5 337/249/5
f 342/257/6 341/258/6 361/256/6 362/249/6
f 363/261/1 364/262/1 352/256/1 351/249/1
f 356/257/2 355/258/2 365/256/2 366/249/2
f 366/261/3 365/262/3 367/256/3 368/249/3
f 368/263/9 367/264/9 364/256/9 363/249/9
f 362/261/7 361/262/7 369/256/7 370/249/7
f 370/263/12 369/264/12 360/256/12 359/249/12
f 371/265/7 372/266/7 60/51/7 373/267/7
f 374/268/3 375/269/3 376/270/3 377/271/3
f 373/272/5 59/51/5 378/178/5 379/273/5
f 380/274/7 381/43/7 62/275/7 382/276/7
f 382/277/5 61/278/5 375/279/5 374/280/5
f 383/281/1 384/282/1 372/283/1 371/284/1
f 377/285/2 376/286/2 384/178/2 383/287/2
f 385/288/7 378/289/7 386/290/7 387/291/7
f 388/292/7 389/290/7 379/178/7 385/293/7
f 390/294/5 391/25/5 381/43/5 392/295/5
f 393/296/4 394/297/4 395/119/4 396/298/4
f 397/299/6 398/300/6 399/96/6 400/301/6
f 117/302/5 133/303/5 136/304/5
f 118/305/5 117/302/5 136/304/5
f 119/306/5 137/307/5 140/308/5
f 120/309/5 119/306/5 140/308/5
f 401/310/3 402/311/3 394/303/3 393/312/3
f 142/69/1 113/313/1 114/314/1
f 143/315/1 142/69/1 114/314/1
f 146/316/1 115/317/1 116/318/1
f 147/68/1 146/316/1 116/318/1
f 400/319/7 399/320/7 403/313/7 404/321/7
f 405/322/2 406/323/2 402/324/2 401/325/2
f 404/326/8 403/74/8 407/59/8 408/327/8
f 252/210/3 251/209/3 90/251/3 89/250/3
f 84/75/7 83/74/7 226/126/7 225/129/7
f 409/162/12 410/61/12 411/222/12 412/223/12
f 413/85/3 414/59/3 415/63/3
f 416/84/3 413/85/3 415/63/3
f 417/328/3 418/244/3 419/60/3
f 420/329/3 417/328/3 419/60/3
f 421/84/3 422/85/3 423/59/3 424/63/3
f 425/85/7 426/59/7 427/63/7
f 428/84/7 425/85/7 427/63/7
f 429/328/7 430/244/7 431/60/7
f 432/329/7 429/328/7 431/60/7
f 433/84/7 434/85/7 435/59/7 436/63/7
f 437/330/1 55/47/1 438/15/1 439/331/1
f 440/332/7 441/333/7 442/290/7 443/334/7
f 439/10/7 444/9/7 445/47/7 446/335/7
f 446/190/1 445/189/1 447/64/1 440/65/1
f 448/176/3 449/177/3 450/178/3 451/179/3
f 452/173/1 453/42/1 454/174/1 455/175/1
f 456/58/7 457/59/7 458/63/7
f 459/252/7 456/58/7 458/63/7
f 460/336/7 461/244/7 462/60/7
f 463/57/7 460/336/7 462/60/7
f 464/74/6 456/59/6 459/63/6
f 465/75/6 464/74/6 459/63/6
f 466/337/6 460/244/6 463/60/6
f 467/253/6 466/337/6 463/60/6
f 468/58/5 464/59/5 465/63/5
f 469/252/5 468/58/5 465/63/5
f 470/336/5 466/244/5 467/60/5
f 471/57/5 470/336/5 467/60/5
f 472/74/4 468/59/4 469/63/4
f 473/75/4 472/74/4 469/63/4
f 474/337/4 470/244/4 471/60/4
f 475/253/4 474/337/4 471/60/4
f 476/58/3 472/59/3 473/63/3
f 477/252/3 476/58/3 473/63/3
f 478/336/3 474/244/3 475/60/3
f 479/57/3 478/336/3 475/60/3
f 480/74/2 476/59/2 477/63/2
f 481/75/2 480/74/2 477/63/2
f 482/337/2 478/244/2 479/60/2
f 483/253/2 482/337/2 479/60/2
f 484/58/1 480/59/1 481/63/1
f 485/252/1 484/58/1 481/63/1
f 486/336/1 482/244/1 483/60/1
f 487/57/1 486/336/1 483/60/1
f 457/74/8 484/59/8 485/63/8
f 458/75/8 457/74/8 485/63/8
f 461/337/8 486/244/8 487/60/8
f 462/253/8 461/337/8 487/60/8
f 488/273/5 450/178/5 489/297/5 490/338/5
f 491/339/1 492/340/1 493/341/1 494/342/1
f 490/343/3 495/344/3 492/340/3 491/339/3
f 494/345/7 496/341/7 453/42/7 497/346/7
f 498/347/3 499/348/3 500/59/3 501/349/3
f 502/347/7 503/348/7 504/59/7 505/349/7
f 506/350/1 507/351/1 499/78/1 498/233/1
f 508/352/7 509/353/7 510/354/7 511/355/7
f 512/356/5 513/357/5 509/54/5 508/358/5
f 514/350/5 515/351/5 503/78/5 502/233/5
f 516/356/1 517/357/1 518/54/1 519/358/1
f 519/352/3 518/353/3 520/354/3 521/355/3
f 70/359/1 69/360/1 264/82/1 522/83/1
f 52/361/3 51/362/3 258/43/3 257/44/3
f 523/363/5 53/364/5 72/365/5 71/366/5
f 524/265/5 525/266/5 526/297/5 527/367/5
f 528/368/3 529/369/3 525/283/3 524/284/3
f 530/370/1 531/371/1 529/177/1 528/372/1
f 532/373/3 533/177/3 534/50/3 530/374/3
f 527/338/3 535/297/3 536/283/3 537/375/3
f 538/291/7 539/290/7 540/376/7 541/377/7
f 542/377/3 543/376/3 194/177/3 193/176/3
f 544/277/3 545/278/3 546/279/3 547/280/3
f 548/274/5 549/43/5 550/275/5 544/276/5
f 547/378/1 546/379/1 551/380/1 552/381/1
f 552/382/7 553/380/7 554/383/7 555/236/7
f 556/343/5 557/344/5 558/340/5 559/339/5
f 560/273/7 195/178/7 561/297/7 556/338/7
f 562/345/1 563/341/1 190/42/1 564/346/1
f 559/339/3 558/340/3 565/341/3 562/342/3
f 444/384/1 438/15/1 563/341/1 565/385/1
f 557/386/7 561/297/7 441/387/7 447/388/7
f 566/389/5 567/55/5 262/225/5 568/390/5
f 569/391/7 570/392/7 571/55/7 566/393/7
f 572/394/5 573/395/5 570/392/5 569/391/5
f 574/396/7 575/392/7 576/397/7 572/398/7
f 545/53/5 550/54/5 567/55/5 571/56/5
f 573/399/7 576/397/7 553/380/7 551/400/7
f 577/401/4 578/402/4 192/64/4 579/65/4
f 580/128/3 581/127/3 578/135/3 577/136/3
f 582/75/5 583/74/5 581/403/5 580/404/5
f 584/267/4 193/51/4 583/126/4 582/129/4
f 585/168/5 538/91/5 193/59/5 584/63/5
f 586/405/6 587/406/6 538/407/6 585/408/6
f 588/409/5 589/300/5 587/410/5 586/411/5
f 590/412/7 591/413/7 589/414/7 588/415/7
f 592/416/1 593/417/1 591/418/1 590/419/1
f 268/420/8 594/311/8 593/117/8 592/421/8
f 595/242/2 596/92/2 597/232/2 269/422/2
f 598/423/1 599/424/1 596/189/1 595/190/1
f 600/425/3 601/354/3 599/426/3 598/427/3
f 602/108/2 603/70/2 601/189/2 600/190/2
f 603/294/3 604/25/3 549/43/3 605/295/3
f 606/428/1 554/383/1 270/232/1 597/429/1
f 607/288/5 608/289/5 539/290/5 538/291/5
f 609/292/5 610/290/5 611/178/5 607/293/5
f 594/430/1 267/229/1 612/283/1 613/431/1
f 614/272/3 615/51/3 608/178/3 611/273/3
f 616/265/5 617/266/5 618/51/5 614/267/5
f 619/432/7 620/433/7 617/283/7 616/284/7
f 621/434/1 622/333/1 620/178/1 619/287/1
f 623/375/3 612/283/3 624/387/3 621/435/3
f 531/49/3 534/50/3 615/51/3 618/52/3
f 622/436/3 624/333/3 535/437/3 526/438/3
f 625/439/21 626/440/21 627/256/21 628/249/21
f 629/441/21 630/442/21 631/59/21 632/443/21
f 633/439/10 634/440/10 626/256/10 625/249/10
f 635/441/10 636/442/10 630/59/10 629/443/10
f 637/439/22 638/440/22 634/256/22 633/249/22
f 639/441/22 640/442/22 636/59/22 635/443/22
f 628/439/11 627/440/11 638/256/11 637/249/11
f 632/441/11 631/442/11 640/59/11 639/443/11
f 641/247/6 642/248/6 643/59/6 644/249/6
f 645/247/4 646/248/4 642/59/4 641/249/4
f 647/247/2 648/248/2 646/59/2 645/249/2
f 644/247/8 643/248/8 648/59/8 647/249/8
f 649/250/4 650/251/4 651/59/4 652/63/4
f 653/252/3 654/58/3 650/59/3 649/63/3
f 655/250/2 656/251/2 654/59/2 653/63/2
f 657/252/1 658/58/1 656/59/1 655/63/1
f 659/250/8 660/251/8 658/59/8 657/63/8
f 661/252/7 662/58/7 660/59/7 659/63/7
f 663/250/6 664/251/6 662/59/6 661/63/6
f 652/252/5 651/58/5 664/59/5 663/63/5
f 665/247/6 666/248/6 667/59/6 668/249/6
f 669/247/4 670/248/4 666/59/4 665/249/4
f 671/247/2 672/248/2 670/59/2 669/249/2
f 668/247/8 667/248/8 672/59/8 671/249/8
f 673/250/4 674/251/4 675/59/4 676/63/4
f 677/252/3 678/58/3 674/59/3 673/63/3
f 679/250/2 680/251/2 678/59/2 677/63/2
f 681/252/1 682/58/1 680/59/1 679/63/1
f 683/250/8 684/251/8 682/59/8 681/63/8
f 685/252/7 686/58/7 684/59/7 683/63/7
f 687/250/6 688/251/6 686/59/6 685/63/6
f 676/252/5 675/58/5 688/59/5 687/63/5
f 689/247/6 690/248/6 691/59/6 692/249/6
f 693/247/4 694/248/4 690/59/4 689/249/4
f 695/247/2 696/248/2 694/59/2 693/249/2
f 692/247/8 691/248/8 696/59/8 695/249/8
f 697/250/4 698/251/4 699/59/4 700/63/4
f 701/252/3 702/58/3 698/59/3 697/63/3
f 703/250/2 704/251/2 702/59/2 701/63/2
f 705/252/1 706/58/1 704/59/1 703/63/1
f 707/250/8 708/251/8 706/59/8 705/63/8
f 709/252/7 710/58/7 708/59/7 707/63/7
f 711/250/6 712/251/6 710/59/6 709/63/6
f 700/252/5 699/58/5 712/59/5 711/63/5
f 713/291/7 714/290/7 715/376/7 716/377/7
f 717/377/7 718/376/7 719/177/7 720/176/7
f 721/444/1 722/445/1 716/446/1 723/63/1
f 724/447/5 717/448/5 725/449/5 726/450/5
f 727/58/7 728/59/7 729/63/7
f 730/252/7 727/58/7 729/63/7
f 731/336/7 732/244/7 733/60/7
f 734/57/7 731/336/7 733/60/7
f 735/74/6 727/59/6 730/63/6
f 736/75/6 735/74/6 730/63/6
f 737/337/6 731/244/6 734/60/6
f 738/253/6 737/337/6 734/60/6
f 739/58/5 735/59/5 736/63/5
f 740/252/5 739/58/5 736/63/5
f 741/336/5 737/244/5 738/60/5
f 742/57/5 741/336/5 738/60/5
f 743/74/4 739/59/4 740/63/4
f 744/75/4 743/74/4 740/63/4
f 745/337/4 741/244/4 742/60/4
f 746/253/4 745/337/4 742/60/4
f 747/58/3 743/59/3 744/63/3
f 748/252/3 747/58/3 744/63/3
f 749/336/3 745/244/3 746/60/3
f 750/57/3 749/336/3 746/60/3
f 751/74/2 747/59/2 748/63/2
f 752/75/2 751/74/2 748/63/2
f 753/337/2 749/244/2 750/60/2
f 754/253/2 753/337/2 750/60/2
f 755/58/1 751/59/1 752/63/1
f 756/252/1 755/58/1 752/63/1
f 757/336/1 753/244/1 754/60/1
f 758/57/1 757/336/1 754/60/1
f 728/74/8 755/59/8 756/63/8
f 729/75/8 728/74/8 756/63/8
f 732/337/8 757/244/8 758/60/8
f 733/253/8 732/337/8 758/60/8
f 759/58/7 760/59/7 761/63/7
f 762/252/7 759/58/7 761/63/7
f 763/336/7 764/244/7 765/60/7
f 766/57/7 763/336/7 765/60/7
f 767/74/6 759/59/6 762/63/6
f 768/75/6 767/74/6 762/63/6
f 769/337/6 763/244/6 766/60/6
f 770/253/6 769/337/6 766/60/6
f 771/58/5 767/59/5 768/63/5
f 772/252/5 771/58/5 768/63/5
f 773/336/5 769/244/5 770/60/5
f 774/57/5 773/336/5 770/60/5
f 775/74/4 771/59/4 772/63/4
f 776/75/4 775/74/4 772/63/4
f 777/337/4 773/244/4 774/60/4
f 778/253/4 777/337/4 774/60/4
f 779/58/3 775/59/3 776/63/3
f 780/252/3 779/58/3 776/63/3
f 781/336/3 777/244/3 778/60/3
f 782/57/3 781/336/3 778/60/3
f 783/74/2 779/59/2 780/63/2
f 784/75/2 783/74/2 780/63/2
f 785/337/2 781/244/2 782/60/2
f 786/253/2 785/337/2 782/60/2
f 787/58/1 783/59/1 784/63/1
f 788/252/1 787/58/1 784/63/1
f 789/336/1 785/244/1 786/60/1
f 790/57/1 789/336/1 786/60/1
f 760/74/8 787/59/8 788/63/8
f 761/75/8 760/74/8 788/63/8
f 764/337/8 789/244/8 790/60/8
f 765/253/8 764/337/8 790/60/8
f 791/74/8 792/59/8 793/63/8
f 794/75/8 791/74/8 793/63/8
f 795/337/8 796/244/8 797/60/8
f 798/253/8 795/337/8 797/60/8
f 799/58/7 791/59/7 794/63/7
f 800/252/7 799/58/7 794/63/7
f 801/336/7 795/244/7 798/60/7
f 802/57/7 801/336/7 798/60/7
f 803/74/6 799/59/6 800/63/6
f 804/75/6 803/74/6 800/63/6
f 805/337/6 801/244/6 802/60/6
f 806/253/6 805/337/6 802/60/6
f 807/58/5 803/59/5 804/63/5
f 808/252/5 807/58/5 804/63/5
f 809/336/5 805/244/5 806/60/5
f 810/57/5 809/336/5 806/60/5
f 811/74/4 807/59/4 808/63/4
f 812/75/4 811/74/4 808/63/4
f 813/337/4 809/244/4 810/60/4
f 814/253/4 813/337/4 810/60/4
f 815/58/3 811/59/3 812/63/3
f 816/252/3 815/58/3 812/63/3
f 817/336/3 813/244/3 814/60/3
f 818/57/3 817/336/3 814/60/3
f 819/74/2 815/59/2 816/63/2
f 820/75/2 819/74/2 816/63/2
f 821/337/2 817/244/2 818/60/2
f 822/253/2 821/337/2 818/60/2
f 792/58/1 819/59/1 820/63/1
f 793/252/1 792/58/1 820/63/1
f 796/336/1 821/244/1 822/60/1
f 797/57/1 796/336/1 822/60/1
f 495/386/5 489/297/5 823/387/5 824/388/5
f 825/384/7 826/15/7 496/341/7 493/385/7
f 827/41/10 828/42/10 829/43/10 830/44/10
f 831/451/3 832/82/3 391/25/3 833/452/3
f 834/453/7 835/64/7 836/341/7 837/454/7
f 272/447/3 838/448/3 839/449/3 840/450/3
f 841/444/7 842/445/7 843/446/7 265/63/7
f 838/455/5 271/456/5 575/457/5 844/458/5
f 845/431/5 536/283/5 266/456/5 843/455/5
f 579/453/5 191/64/5 54/341/5 523/454/5
f 522/451/1 263/82/1 604/25/1 602/452/1
f 846/66/7 847/67/7 848/59/7 849/63/7
f 850/459/8 851/460/8 847/59/8 846/63/8
f 852/66/1 853/67/1 851/59/1 850/63/1
f 854/66/3 855/67/3 289/59/3 292/63/3
f 856/459/4 857/460/4 855/59/4 854/63/4
f 281/66/5 280/67/5 857/59/5 856/63/5
f 858/173/5 859/42/5 835/174/5 860/175/5
f 861/176/7 862/177/7 863/178/7 864/179/7
f 865/75/4 866/74/4 287/59/4 286/63/4
f 867/75/6 868/74/6 869/59/6 870/63/6
f 871/10/1 872/9/1 873/47/1 874/335/1
f 875/332/1 876/333/1 877/290/1 878/334/1
f 874/190/3 873/189/3 879/64/3 875/65/3
f 880/330/3 881/47/3 882/15/3 871/331/3
f 883/461/5 884/462/5 885/340/5 886/339/5
f 887/370/3 57/371/3 884/177/3 883/372/3
f 888/373/5 889/177/5 58/50/5 887/374/5
f 890/391/1 891/392/1 64/55/1 892/393/1
f 892/389/7 63/55/7 893/225/7 894/390/7
f 886/463/12 885/464/12 895/283/12 896/284/12
f 896/465/7 895/466/7 891/297/7 890/367/7
f 897/467/1 386/290/1 898/376/1 899/468/1
f 900/468/5 901/376/5 862/177/5 902/469/5
f 903/238/2 904/253/2 905/60/2 906/241/2
f 907/339/5 908/340/5 909/341/5 910/342/5
f 911/343/7 912/344/7 908/340/7 907/339/7
f 910/345/3 913/341/3 859/42/3 914/346/3
f 915/273/1 863/178/1 916/297/1 911/338/1
f 872/384/3 882/15/3 913/341/3 909/385/3
f 912/386/1 916/297/1 876/387/1 879/388/1
f 917/75/2 918/74/2 919/59/2 920/63/2
f 300/75/4 299/74/4 921/59/4 922/63/4
f 104/66/1 103/67/1 250/59/1 249/63/1
f 240/66/5 239/67/5 94/59/5 93/63/5
f 833/108/4 390/70/4 923/189/4 924/190/4
f 925/405/8 926/406/8 387/407/8 897/408/8
f 927/409/7 928/300/7 926/410/7 925/411/7
f 929/470/3 930/471/3 931/472/3 932/473/3
f 924/425/5 923/354/5 930/426/5 929/427/5
f 902/267/6 861/51/6 933/126/6 934/129/6
f 935/401/6 936/402/6 860/64/6 834/65/6
f 937/128/5 938/127/5 936/135/5 935/136/5
f 934/75/7 933/74/7 938/403/7 937/404/7
f 939/474/1 940/475/1 928/414/1 927/415/1
f 932/476/2 931/477/2 940/418/2 939/419/2
f 941/57/8 942/58/8 122/46/8 121/109/8
f 408/478/8 407/58/8 943/46/8 944/479/8
f 944/480/7 943/481/7 945/113/7 946/482/7
f 124/483/6 123/379/6 128/88/6 127/89/6
f 946/484/6 945/485/6 947/486/6 948/487/6
f 948/488/5 947/489/5 949/59/5 950/327/5
f 126/32/3 125/29/3 951/59/3 905/60/3
f 950/490/3 949/29/3 906/59/3 952/327/3
f 952/491/10 951/395/10 953/59/10 954/492/10
f 955/32/5 953/29/5 956/59/5 957/60/5
f 954/478/5 958/58/5 959/67/5 960/493/5
f 957/494/3 956/489/3 961/59/3 962/60/3
f 960/488/3 959/489/3 963/59/3 964/327/3
f 962/495/2 961/177/2 965/323/2 966/496/2
f 964/497/2 963/177/2 406/323/2 405/322/2
f 966/498/1 965/499/1 942/59/1 941/60/1
f 967/45/1 836/46/1 881/47/1 968/48/1
f 969/224/1 893/225/1 832/82/1 970/226/1
f 837/363/7 967/364/7 76/365/7 75/366/7
f 74/359/3 73/360/3 970/82/3 831/83/3
f 830/361/5 829/362/5 410/43/5 409/44/5
f 971/500/3 972/501/3 968/47/3 973/502/3
f 974/503/3 975/42/3 972/174/3 971/504/3
f 260/505/4 259/376/4 828/102/4 827/105/4
f 976/506/4 977/353/4 975/59/4 974/327/4
f 978/507/5 979/25/5 977/43/5 976/508/5
f 980/509/5 261/510/5 979/511/5 978/512/5
f 981/513/7 982/514/7 844/25/7 983/512/7
f 984/515/23 985/395/23 982/59/23 981/516/23
f 986/517/1 987/518/1 985/519/1 984/520/1
f 988/494/7 989/489/7 990/59/7 991/60/7
f 992/488/7 993/489/7 994/59/7 995/327/7
f 991/32/5 990/29/5 996/59/5 997/60/5
f 995/490/5 994/29/5 998/59/5 999/327/5
f 997/521/6 996/395/6 1000/59/6 1001/60/6
f 999/522/12 998/395/12 1002/59/12 1003/327/12
f 1004/32/1 1005/29/1 1006/59/1 1007/60/1
f 1008/490/1 1009/29/1 1010/59/1 1011/327/1
f 1007/521/2 1006/395/2 1012/59/2 1013/60/2
f 1011/522/9 1010/395/9 1014/59/9 1015/327/9
f 1013/32/3 1012/29/3 130/59/3 129/60/3
f 1015/478/3 1014/58/3 1016/67/3 1017/493/3
f 1017/488/1 1016/489/1 1018/59/1 1019/327/1
f 132/523/11 131/524/11 1020/9/11 1021/12/11
f 1019/525/8 1018/524/8 1022/9/8 1023/526/8
f 1021/527/1 1020/528/1 1024/9/1 1025/12/1
f 1023/529/1 1022/528/1 1026/9/1 1027/526/1
f 1025/527/2 1024/528/2 1028/70/2 1029/71/2
f 1027/529/9 1026/528/9 1030/70/9 1031/530/9
f 1029/68/3 1028/69/3 1032/70/3 1033/71/3
f 1031/531/3 1030/69/3 1034/70/3 1035/530/3
f 1033/532/10 1032/533/10 112/95/10 111/94/10
f 1035/534/4 1034/533/4 1036/95/4 1037/535/4
f 1037/536/3 1036/537/3 1038/92/3 1039/538/3
f 110/93/2 109/92/2 50/42/2 49/41/2
f 1039/538/2 1038/92/2 1040/42/2 1041/503/2
f 1041/503/1 1040/42/1 1042/174/1 1043/504/1
f 1043/500/1 1042/501/1 56/47/1 1044/502/1
f 1045/539/1 442/290/1 543/376/1 1046/540/1
f 1046/541/1 542/542/1 541/376/1 1047/543/1
f 1047/540/1 540/376/1 533/177/1 1048/544/1
f 1049/517/3 845/518/3 1050/519/3 1051/520/3
f 1051/545/3 1050/354/3 1052/47/3 1053/546/3
f 1053/547/24 1052/548/24 1054/59/24 1055/516/24
f 1055/545/5 1054/354/5 1056/47/5 1057/546/5
f 1057/513/5 1056/514/5 1058/25/5 1059/512/5
f 1060/509/7 969/510/7 1061/511/7 1062/512/7
f 1062/507/7 1061/25/7 1063/43/7 1064/508/7
f 412/549/6 411/550/6 1065/551/6 1066/552/6
f 1064/553/6 1063/550/6 398/551/6 397/554/6
f 1066/555/5 1065/464/5 1067/551/5 1068/552/5
f 1068/556/10 1067/311/10 1069/557/10 1070/558/10
f 396/310/4 395/311/4 1071/557/4 1072/559/4
f 1070/157/5 1069/150/5 1073/143/5 1074/148/5
f 1072/560/5 1071/91/5 1075/59/5 1076/327/5
f 1074/561/6 1073/320/6 1077/457/6 1078/562/6
f 1076/563/12 1075/564/12 1079/46/12 1080/479/12
f 1081/505/8 1082/376/8 1083/102/8 1084/105/8
f 1085/506/8 1086/353/8 1087/59/8 1088/327/8
f 1089/549/2 1090/550/2 1091/551/2 1092/552/2
f 1093/553/2 1094/550/2 1095/551/2 1096/554/2
f 1092/555/1 1091/464/1 1097/551/1 1098/552/1
f 1099/536/7 1100/537/7 1101/92/7 1102/538/7
f 1103/93/6 1104/92/6 1105/42/6 1106/41/6
f 1102/538/6 1101/92/6 1107/42/6 1108/503/6
f 1108/503/5 1107/42/5 1109/174/5 1110/504/5
f 1111/509/1 1112/565/1 1113/511/1 1114/512/1
f 1115/527/5 1116/528/5 1117/9/5 1118/12/5
f 1119/529/5 1120/528/5 1121/9/5 1122/526/5
f 1118/527/6 1117/528/6 1123/70/6 1124/71/6
f 1122/529/12 1121/528/12 1125/70/12 1126/530/12
f 1127/532/11 1128/533/11 1129/95/11 1130/94/11
f 1131/534/8 1132/533/8 1100/95/8 1099/535/8
f 1133/566/10 1134/567/10 1135/225/10 1136/568/10
f 1137/569/4 1138/570/4 1139/251/4 1140/571/4
f 1098/556/11 1097/311/11 1141/557/11 1142/558/11
f 1143/310/8 1144/311/8 1145/557/8 1146/559/8
f 1147/507/3 1148/25/3 1094/43/3 1093/508/3
f 1142/157/1 1141/150/1 1149/143/1 1150/148/1
f 1146/560/1 1145/91/1 1151/59/1 1152/327/1
f 1153/539/5 1154/290/5 1155/376/5 1156/540/5
f 1110/500/5 1109/501/5 1157/47/5 1158/502/5
f 1124/68/7 1123/69/7 1128/70/7 1127/71/7
f 1126/531/7 1125/69/7 1132/70/7 1131/530/7
f 1159/517/5 713/518/5 1160/519/5 1161/520/5
f 1114/507/1 1113/25/1 1086/43/1 1085/508/1
f 1162/513/3 1163/514/3 1164/25/3 1165/512/3
f 1156/541/5 1166/542/5 1167/376/5 1168/543/5
f 1168/540/5 1169/376/5 1170/177/5 1171/544/5
f 1172/545/7 1173/354/7 1174/47/7 1175/546/7
f 1176/509/3 1177/565/3 1148/511/3 1147/512/3
f 1178/500/7 1179/501/7 1180/47/7 1181/502/7
f 1088/503/7 1087/42/7 1179/174/7 1178/504/7
f 1182/517/7 1183/518/7 1173/519/7 1172/520/7
f 1175/547/23 1174/548/23 1184/59/23 1185/516/23
f 1185/545/1 1184/354/1 1186/47/1 1187/546/1
f 1161/515/24 1160/395/24 1163/59/24 1162/516/24
f 1136/494/3 1135/489/3 1005/59/3 1004/60/3
f 1140/488/3 1139/489/3 1009/59/3 1008/327/3
f 1188/488/5 1189/489/5 1190/59/5 1191/327/5
f 1192/523/10 1193/524/10 1116/9/10 1115/12/10
f 1191/525/4 1190/524/4 1120/9/4 1119/526/4
f 1187/513/1 1186/514/1 720/25/1 1194/512/1
f 1001/32/7 1000/29/7 1195/59/7 1196/60/7
f 1003/478/7 1002/58/7 1189/67/7 1188/493/7
f 1197/566/11 1198/567/11 989/225/11 988/568/11
f 1199/572/8 1200/573/8 993/178/8 992/574/8
f 1078/575/7 1077/570/7 1198/457/7 1197/562/7
f 1080/569/7 1079/570/7 1200/457/7 1199/576/7
f 1201/575/3 1202/570/3 1134/457/3 1133/562/3
f 1203/569/3 1204/570/3 1138/457/3 1137/576/3
f 1150/561/2 1149/320/2 1202/457/2 1201/562/2
f 1152/319/9 1151/320/9 1204/457/9 1203/576/9
f 1205/153/7 1206/150/7 842/67/7 841/66/7
f 840/577/3 839/578/3 1207/82/3 1208/83/3
f 1209/579/8 1210/580/8 1206/59/8 1205/63/8
f 1208/581/10 1207/582/10 1211/59/10 1212/63/10
f 1212/577/5 1211/578/5 1213/82/5 1214/83/5
f 1215/153/1 1216/150/1 1210/67/1 1209/66/1
f 958/238/6 955/253/6 1217/60/6 1218/241/6
f 414/67/3 165/59/3 168/63/3
f 415/66/3 414/67/3 168/63/3
f 418/583/3 169/244/3 172/60/3
f 419/115/3 418/583/3 172/60/3
f 424/66/3 423/67/3 174/59/3 173/63/3
f 159/67/7 425/59/7 428/63/7
f 160/66/7 159/67/7 428/63/7
f 161/583/7 429/244/7 432/60/7
f 162/115/7 161/583/7 432/60/7
f 164/66/7 163/67/7 434/59/7 433/63/7
f 723/468/1 715/376/1 449/177/1 1219/469/1
f 1220/467/5 1221/290/5 718/376/5 724/468/5
f 1222/74/2 413/59/2 416/63/2
f 1223/75/2 1222/74/2 416/63/2
f 1224/337/2 417/244/2 420/60/2
f 1225/253/2 1224/337/2 420/60/2
f 1226/75/2 1227/74/2 422/59/2 421/63/2
f 426/74/8 1228/59/8 1229/63/8
f 427/75/8 426/74/8 1229/63/8
f 430/337/8 1230/244/8 1231/60/8
f 431/253/8 430/337/8 1231/60/8
f 436/75/8 435/74/8 1232/59/8 1233/63/8
f 298/238/6 296/253/6 1234/60/6 1235/241/6
f 1236/330/7 1237/47/7 826/15/7 1238/331/7
f 1238/10/5 825/9/5 1239/47/5 1240/335/5
f 1241/332/5 823/333/5 714/290/5 1242/334/5
f 1240/190/7 1239/189/7 824/64/7 1241/65/7
f 1243/75/8 1244/74/8 102/59/8 101/63/8
f 96/75/6 95/74/6 1245/59/6 1246/63/6
f 1214/444/5 1213/445/5 1247/446/5 900/63/5
f 899/447/1 1248/448/1 1216/449/1 1215/450/1
f 1248/377/3 898/376/3 889/177/3 1058/176/3
f 987/291/3 877/290/3 901/376/3 1247/377/3
f 848/92/7 1249/59/7 1250/63/7
f 849/242/7 848/92/7 1250/63/7
f 1251/243/7 1252/244/7 1253/60/7
f 904/93/7 1251/243/7 1253/60/7
f 1254/242/7 903/92/7 1244/59/7 1243/63/7
f 1255/238/2 1256/239/2 1251/240/2 1254/241/2
f 1257/245/8 1258/246/8 1256/240/8 1255/241/8
f 1259/234/8 1260/235/8 1261/236/8 1262/237/8
f 1263/238/6 1264/239/6 1260/240/6 1259/241/6
f 1228/92/1 853/59/1 852/63/1
f 1229/242/1 1228/92/1 852/63/1
f 1230/243/1 1264/244/1 1217/60/1
f 1231/93/1 1230/243/1 1217/60/1
f 1233/30/1 1232/29/1 1218/67/1 1263/66/1
f 1265/85/5 279/59/5 282/63/5
f 1266/84/5 1265/85/5 282/63/5
f 1267/328/5 283/244/5 285/60/5
f 1268/329/5 1267/328/5 285/60/5
f 1269/29/5 1265/59/5 1266/63/5
f 1270/30/5 1269/29/5 1266/63/5
f 1271/31/5 1267/244/5 1268/60/5
f 1272/32/5 1271/31/5 1268/60/5
f 1273/30/5 1274/29/5 868/59/5 867/63/5
f 1275/460/6 1269/59/6 1270/63/6
f 1276/459/6 1275/460/6 1270/63/6
f 1277/584/6 1271/244/6 1272/60/6
f 1278/585/6 1277/584/6 1272/60/6
f 1279/459/6 1280/460/6 1274/59/6 1273/63/6
f 1281/29/7 1275/59/7 1276/63/7
f 1282/30/7 1281/29/7 1276/63/7
f 1283/31/7 1277/244/7 1278/60/7
f 1284/32/7 1283/31/7 1278/60/7
f 1246/30/7 1245/29/7 1280/59/7 1279/63/7
f 1249/85/7 1281/59/7 1282/63/7
f 1250/84/7 1249/85/7 1282/63/7
f 1252/328/7 1283/244/7 1284/60/7
f 1253/329/7 1252/328/7 1284/60/7
f 1285/29/1 1222/59/1 1223/63/1
f 1286/30/1 1285/29/1 1223/63/1
f 1287/31/1 1224/244/1 1225/60/1
f 1288/32/1 1287/31/1 1225/60/1
f 1289/30/1 1290/29/1 1227/59/1 1226/63/1
f 1291/460/2 1285/59/2 1286/63/2
f 1292/459/2 1291/460/2 1286/63/2
f 1293/584/2 1287/244/2 1288/60/2
f 1294/585/2 1293/584/2 1288/60/2
f 1295/459/2 1296/460/2 1290/59/2 1289/63/2
f 1297/29/3 1291/59/3 1292/63/3
f 1298/30/3 1297/29/3 1292/63/3
f 1299/31/3 1293/244/3 1294/60/3
f 1300/32/3 1299/31/3 1294/60/3
f 920/30/3 919/29/3 1296/59/3 1295/63/3
f 290/85/3 1297/59/3 1298/63/3
f 291/84/3 290/85/3 1298/63/3
f 294/328/3 1299/244/3 1300/60/3
f 295/329/3 294/328/3 1300/60/3
f 1301/58/7 1302/59/7 1303/63/7
f 1304/252/7 1301/58/7 1303/63/7
f 1305/336/7 1306/244/7 1307/60/7
f 1308/57/7 1305/336/7 1307/60/7
f 1309/74/6 1301/59/6 1304/63/6
f 1310/75/6 1309/74/6 1304/63/6
f 1311/337/6 1305/244/6 1308/60/6
f 1312/253/6 1311/337/6 1308/60/6
f 1313/58/5 1309/59/5 1310/63/5
f 1314/252/5 1313/58/5 1310/63/5
f 1315/336/5 1311/244/5 1312/60/5
f 1316/57/5 1315/336/5 1312/60/5
f 1317/74/4 1313/59/4 1314/63/4
f 1318/75/4 1317/74/4 1314/63/4
f 1319/337/4 1315/244/4 1316/60/4
f 1320/253/4 1319/337/4 1316/60/4
f 1321/58/3 1317/59/3 1318/63/3
f 1322/252/3 1321/58/3 1318/63/3
f 1323/336/3 1319/244/3 1320/60/3
f 1324/57/3 1323/336/3 1320/60/3
f 1325/74/2 1321/59/2 1322/63/2
f 1326/75/2 1325/74/2 1322/63/2
f 1327/337/2 1323/244/2 1324/60/2
f 1328/253/2 1327/337/2 1324/60/2
f 1329/58/1 1325/59/1 1326/63/1
f 1330/252/1 1329/58/1 1326/63/1
f 1331/336/1 1327/244/1 1328/60/1
f 1332/57/1 1331/336/1 1328/60/1
f 1302/74/8 1329/59/8 1330/63/8
f 1303/75/8 1302/74/8 1330/63/8
f 1306/337/8 1331/244/8 1332/60/8
f 1307/253/8 1306/337/8 1332/60/8
f 1333/1/4 1334/34/4 1335/35/4
f 1336/4/4 1333/1/4 1335/35/4
f 1337/5/4 1338/38/4 1339/39/4
f 1340/8/4 1337/5/4 1339/39/4
f 1341/4/4 1342/1/4 1343/34/4 1344/35/4
f 1334/33/3 1345/34/3 1346/35/3
f 1335/36/3 1334/33/3 1346/35/3
f 1338/37/3 1347/38/3 1348/39/3
f 1339/40/3 1338/37/3 1348/39/3
f 1345/29/2 1349/25/2 1350/26/2
f 1346/30/2 1345/29/2 1350/26/2
f 1347/31/2 1351/27/2 1352/28/2
f 1348/32/2 1347/31/2 1352/28/2
f 1353/30/2 1354/29/2 1355/25/2 1356/26/2
f 1357/17/8 1358/18/8 1359/19/8
f 1360/20/8 1357/17/8 1359/19/8
f 1361/21/8 1362/22/8 1363/23/8
f 1364/24/8 1361/21/8 1363/23/8
f 1365/20/8 1366/17/8 1367/18/8 1368/19/8
f 1368/13/7 1367/14/7 1369/15/7 1370/16/7
f 1371/9/6 1372/2/6 1373/3/6
f 1374/10/6 1371/9/6 1373/3/6
f 1375/11/6 1376/6/6 1377/7/6
f 1378/12/6 1375/11/6 1377/7/6
f 1370/10/6 1369/9/6 1379/2/6 1380/3/6
f 1349/17/1 1357/25/1 1360/26/1
f 1350/20/1 1349/17/1 1360/26/1
f 1351/21/1 1361/27/1 1364/28/1
f 1352/24/1 1351/21/1 1364/28/1
f 1372/1/5 1333/2/5 1336/3/5
f 1373/4/5 1372/1/5 1336/3/5
f 1376/5/5 1337/6/5 1340/7/5
f 1377/8/5 1376/5/5 1340/7/5
f 1106/41/12 1105/42/12 1381/43/12 1382/44/12
f 1383/45/3 1384/46/3 1385/47/3 1157/48/3
f 1386/49/1 1387/50/1 1388/51/1 1389/52/1
f 1390/53/3 1391/54/3 1392/55/3 1393/56/3
f 1344/35/5 1343/34/5 1394/61/5 1395/62/5
f 1396/63/1 1397/59/1 1354/64/1 1353/65/1
f 1380/66/7 1379/67/7 1398/59/7 1399/63/7
f 1400/66/3 1401/67/3 1342/59/3 1341/63/3
f 1402/68/5 1403/69/5 1404/70/5 1405/71/5
f 1406/72/3 1407/73/3 1408/74/3 1409/75/3
f 1410/86/3 1411/87/3 1412/88/3 1413/89/3
f 1414/76/1 1415/77/1 1416/78/1 1417/79/1
f 1418/80/7 1419/81/7 1420/82/7 1421/83/7
f 200/84/1 199/85/1 918/59/1 917/63/1
f 1422/90/7 1423/91/7 1424/59/7 1425/60/7
f 922/84/5 921/85/5 202/59/5 201/63/5
f 1405/71/12 1404/70/12 1104/92/12 1103/93/12
f 1130/94/11 1129/95/11 1415/78/11 1414/79/11
f 1426/96/5 1371/15/5 1374/16/5
f 1427/97/5 1426/96/5 1374/16/5
f 1428/98/5 1375/99/5 1378/100/5
f 1429/101/5 1428/98/5 1378/100/5
f 1358/18/1 1430/102/1 1431/103/1
f 1359/19/1 1358/18/1 1431/103/1
f 1362/22/1 1432/104/1 1433/105/1
f 1363/23/1 1362/22/1 1433/105/1
f 1356/106/3 1355/107/3 1407/70/3 1406/108/3
f 1421/83/7 1420/82/7 1366/25/7 1365/26/7
f 1434/109/10 1435/46/10 1403/82/10 1402/110/10
f 1413/116/10 1412/117/10 1193/9/10 1192/12/10
f 1417/111/9 1416/112/9 1436/113/9 1437/114/9
f 1425/115/7 1424/67/7 1438/59/7 1439/60/7
f 1196/115/7 1195/67/7 1423/59/7 1422/60/7
f 1440/32/9 1441/29/9 1411/88/9 1410/89/9
f 1442/118/1 1443/119/1 1444/120/1
f 1445/121/1 1442/118/1 1444/120/1
f 1446/122/1 1447/123/1 1448/124/1
f 1449/125/1 1446/122/1 1448/124/1
f 1450/126/5 1451/127/5 1452/128/5
f 1453/129/5 1450/126/5 1452/128/5
f 1454/130/5 1455/131/5 1456/132/5
f 1457/133/5 1454/130/5 1456/132/5
f 1458/134/4 1450/135/4 1453/136/4
f 1459/137/4 1458/134/4 1453/136/4
f 1460/138/4 1454/139/4 1457/140/4
f 1461/141/4 1460/138/4 1457/140/4
f 1462/137/4 1463/134/4 1464/135/4 1465/136/4
f 1465/106/3 1464/107/3 1466/135/3 1467/136/3
f 1443/142/2 1468/143/2 1469/144/2
f 1444/145/2 1443/142/2 1469/144/2
f 1447/146/2 1470/147/2 1471/148/2
f 1448/149/2 1447/146/2 1471/148/2
f 1467/145/2 1466/142/2 1472/143/2 1473/144/2
f 1474/150/8 1475/151/8 1476/152/8
f 1477/153/8 1474/150/8 1476/152/8
f 1478/154/8 1479/155/8 1480/156/8
f 1481/157/8 1478/154/8 1480/156/8
f 1482/153/8 1483/150/8 1484/151/8 1485/152/8
f 1486/158/6 1487/61/6 1488/62/6
f 1489/159/6 1486/158/6 1488/62/6
f 1490/160/6 1491/161/6 1492/162/6
f 1493/163/6 1490/160/6 1492/162/6
f 1494/159/6 1495/158/6 1496/61/6 1497/62/6
f 1487/164/5 1458/61/5 1459/62/5
f 1488/165/5 1487/164/5 1459/62/5
f 1491/166/5 1460/161/5 1461/162/5
f 1492/167/5 1491/166/5 1461/162/5
f 1497/168/5 1496/91/5 1463/59/5 1462/63/5
f 1475/169/7 1486/151/7 1489/152/7
f 1476/170/7 1475/169/7 1489/152/7
f 1479/171/7 1490/155/7 1493/156/7
f 1480/172/7 1479/171/7 1493/156/7
f 1485/170/7 1484/169/7 1495/151/7 1494/152/7
f 1498/173/7 1499/42/7 1500/174/7 1501/175/7
f 1502/176/1 1503/177/1 1504/178/1 1505/179/1
f 1506/389/3 1392/55/3 1507/225/3 1508/390/3
f 1509/391/5 1510/392/5 1393/55/5 1506/393/5
f 1511/461/1 1512/462/1 1513/340/1 1514/339/1
f 1515/370/7 1386/371/7 1512/177/7 1511/372/7
f 1516/373/1 719/177/1 1387/50/1 1515/374/1
f 1517/465/3 1518/466/3 1510/297/3 1509/367/3
f 1514/463/9 1513/464/9 1518/283/9 1517/284/9
f 1519/498/5 1520/499/5 1521/59/5 1522/60/5
f 1522/57/4 1521/58/4 1435/46/4 1434/109/4
f 1523/478/4 1524/58/4 1525/46/4 1526/479/4
f 1526/480/3 1525/481/3 1527/113/3 1528/482/3
f 1437/483/2 1436/379/2 1441/88/2 1440/89/2
f 1528/484/2 1527/485/2 1529/486/2 1530/487/2
f 1531/491/11 1532/395/11 1533/59/11 1534/492/11
f 1439/32/7 1438/29/7 1532/59/7 1234/60/7
f 1535/490/7 1536/29/7 1235/59/7 1531/327/7
f 1537/495/6 1538/177/6 1520/323/6 1519/496/6
f 1539/497/6 1540/177/6 1541/323/6 1542/322/6
f 1543/494/7 1544/489/7 1538/59/7 1537/60/7
f 1545/488/7 1546/489/7 1540/59/7 1539/327/7
f 330/32/1 1533/29/1 1544/59/1 1543/60/1
f 1534/478/1 329/58/1 1546/67/1 1545/493/1
f 1530/488/1 1529/489/1 1536/59/1 1535/327/1
f 1547/180/1 1548/181/1 1549/182/1
f 1550/183/1 1547/180/1 1549/182/1
f 1551/184/1 1552/185/1 1553/186/1
f 1554/187/1 1551/184/1 1553/186/1
f 1555/183/1 1556/180/1 1557/181/1 1558/182/1
f 1559/188/4 1560/189/4 1561/190/4
f 1562/191/4 1559/188/4 1561/190/4
f 1563/192/4 1564/193/4 1565/194/4
f 1566/195/4 1563/192/4 1565/194/4
f 1567/191/4 1568/188/4 1569/189/4 1570/190/4
f 1560/196/3 1571/189/3 1572/190/3
f 1561/197/3 1560/196/3 1572/190/3
f 1564/198/3 1573/193/3 1574/194/3
f 1565/199/3 1564/198/3 1574/194/3
f 1570/197/3 1569/196/3 1575/189/3 1576/190/3
f 1571/200/2 1547/181/2 1550/182/2
f 1572/201/2 1571/200/2 1550/182/2
f 1573/202/2 1551/185/2 1554/186/2
f 1574/203/2 1573/202/2 1554/186/2
f 1576/201/2 1575/200/2 1556/181/2 1555/182/2
f 1548/180/8 1577/204/8 1578/205/8
f 1549/183/8 1548/180/8 1578/205/8
f 1552/184/8 1579/206/8 1580/207/8
f 1553/187/8 1552/184/8 1580/207/8
f 1558/183/8 1557/180/8 198/204/8 197/205/8
f 1577/216/7 1581/204/7 1582/205/7
f 1578/217/7 1577/216/7 1582/205/7
f 1579/218/7 1583/206/7 1584/207/7
f 1580/219/7 1579/218/7 1584/207/7
f 1581/208/6 1585/209/6 1586/210/6
f 1582/211/6 1581/208/6 1586/210/6
f 1583/212/6 1587/213/6 1588/214/6
f 1584/215/6 1583/212/6 1588/214/6
f 204/211/6 203/208/6 1589/209/6 1590/210/6
f 1585/188/5 1559/126/5 1562/129/5
f 1586/191/5 1585/188/5 1562/129/5
f 1587/192/5 1563/130/5 1566/133/5
f 1588/195/5 1587/192/5 1566/133/5
f 1591/162/11 1592/61/11 1082/222/11 1081/223/11
f 1112/224/3 1593/225/3 1594/82/3 1595/226/3
f 1596/227/3 1597/228/3 1598/229/3 1599/230/3
f 1600/231/7 1601/232/7 1602/78/7 1603/233/7
f 1604/277/1 1390/278/1 1605/279/1 1606/280/1
f 1607/272/1 1388/51/1 1608/178/1 1609/273/1
f 1610/265/3 1611/266/3 1389/51/3 1607/267/3
f 1612/285/6 1613/286/6 1614/178/6 1615/287/6
f 1606/268/7 1605/269/7 1613/270/7 1612/271/7
f 1616/274/3 1617/43/3 1391/275/3 1604/276/3
f 1615/281/5 1614/282/5 1611/283/5 1610/284/5
f 1618/294/1 1619/25/1 1617/43/1 1620/295/1
f 1621/292/3 1622/290/3 1609/178/3 1623/293/3
f 1623/288/3 1608/289/3 1221/290/3 1624/291/3
f 1096/299/2 1095/300/2 1625/96/2 1626/301/2
f 1627/296/8 1628/297/8 1144/119/8 1143/298/8
f 1626/319/3 1625/320/3 1629/313/3 1630/321/3
f 1451/69/5 1426/313/5 1427/314/5
f 1452/315/5 1451/69/5 1427/314/5
f 1455/316/5 1428/317/5 1429/318/5
f 1456/68/5 1455/316/5 1429/318/5
f 1631/310/7 1632/311/7 1628/303/7 1627/312/7
f 1430/302/1 1442/303/1 1445/304/1
f 1431/305/1 1430/302/1 1445/304/1
f 1432/306/1 1446/307/1 1449/308/1
f 1433/309/1 1432/306/1 1449/308/1
f 1630/326/4 1629/74/4 1524/59/4 1523/327/4
f 1542/322/6 1541/323/6 1632/324/6 1631/325/6
f 1590/210/7 1589/209/7 1419/251/7 1418/250/7
f 1409/75/3 1408/74/3 1568/126/3 1567/129/3
f 1633/162/9 1634/61/9 1090/222/9 1089/223/9
f 1635/85/7 1636/59/7 1637/63/7
f 1638/84/7 1635/85/7 1637/63/7
f 1639/328/7 1640/244/7 1641/60/7
f 1642/329/7 1639/328/7 1641/60/7
f 870/84/7 869/85/7 1643/59/7 1644/63/7
f 1645/85/3 1646/59/3 1647/63/3
f 1648/84/3 1645/85/3 1647/63/3
f 1649/328/3 1650/244/3 1651/60/3
f 1652/329/3 1649/328/3 1651/60/3
f 1653/84/3 1654/85/3 866/59/3 865/63/3
f 1646/91/1 1635/59/1 1638/63/1
f 1647/168/1 1646/91/1 1638/63/1
f 1650/586/1 1639/244/1 1642/60/1
f 1651/90/1 1650/586/1 1642/60/1
f 1655/10/3 1656/9/3 1657/47/3 1658/335/3
f 1659/332/3 1660/333/3 1154/290/3 1661/334/3
f 1658/190/5 1657/189/5 1662/64/5 1659/65/5
f 1663/330/5 1385/47/5 1664/15/5 1655/331/5
f 1665/401/2 1666/402/2 455/64/2 1667/65/2
f 1219/267/2 448/51/2 1668/126/2 1669/129/2
f 1669/75/3 1668/74/3 1670/403/3 1671/404/3
f 1671/128/1 1670/127/1 1666/135/1 1665/136/1
f 1672/108/8 1618/70/8 1673/189/8 1674/190/8
f 1675/476/6 1676/477/6 1677/418/6 1678/419/6
f 1679/405/4 1680/406/4 1624/407/4 1220/408/4
f 1681/409/3 1682/300/3 1680/410/3 1679/411/3
f 1683/470/7 1684/471/7 1676/472/7 1675/473/7
f 1674/425/1 1673/354/1 1684/426/1 1683/427/1
f 1678/474/5 1677/475/5 1682/414/5 1681/415/5
f 1685/352/7 1686/353/7 1687/354/7 1688/355/7
f 1689/352/3 1690/353/3 1691/354/3 1692/355/3
f 1693/356/1 1694/357/1 1690/54/1 1689/358/1
f 1695/350/5 1696/351/5 1697/78/5 1698/233/5
f 1699/350/1 1700/351/1 1701/78/1 1702/233/1
f 1698/347/7 1697/348/7 1703/59/7 1704/349/7
f 1705/356/5 1706/357/5 1686/54/5 1685/358/5
f 1702/347/3 1701/348/3 1707/59/3 1708/349/3
f 1709/363/1 1383/364/1 1397/365/1 1396/366/1
f 1395/359/5 1394/360/5 1595/587/5 1710/83/5
f 1382/361/7 1381/362/7 1592/43/7 1591/44/7
f 1711/265/1 1712/266/1 1713/297/1 1714/367/1
f 1715/368/7 1716/369/7 1712/283/7 1711/284/7
f 1717/370/5 1718/371/5 1716/177/5 1715/372/5
f 1719/373/7 1170/177/7 1720/50/7 1717/374/7
f 1714/338/7 1721/297/7 1722/283/7 1723/375/7
f 1724/291/3 1725/290/3 1169/376/3 1167/377/3
f 1166/377/7 1155/376/7 1503/177/7 1502/176/7
f 1726/274/1 1727/43/1 1728/275/1 1729/276/1
f 1730/378/5 1731/379/5 1732/380/5 1733/381/5
f 1733/382/3 1734/380/3 1735/383/3 1736/236/3
f 1729/277/7 1737/278/7 1731/279/7 1730/280/7
f 1738/339/7 1739/340/7 1740/341/7 1741/342/7
f 1742/343/1 1743/344/1 1739/340/1 1738/339/1
f 1741/345/5 1744/341/5 1499/42/5 1745/346/5
f 1746/273/3 1504/178/3 1747/297/3 1742/338/3
f 1656/384/5 1664/15/5 1744/341/5 1740/385/5
f 1743/386/3 1747/297/3 1660/387/3 1662/388/3
f 1748/391/3 1749/392/3 1750/55/3 1751/393/3
f 1752/394/1 1753/395/1 1749/392/1 1748/391/1
f 1754/396/3 1755/392/3 1756/397/3 1752/398/3
f 1751/389/1 1757/55/1 1593/225/1 1758/390/1
f 1737/53/1 1728/54/1 1757/55/1 1750/56/1
f 1753/399/3 1756/397/3 1734/380/3 1732/400/3
f 1759/108/6 1760/70/6 1761/189/6 1762/190/6
f 1763/423/5 1764/424/5 1765/189/5 1766/190/5
f 1599/420/4 1767/311/4 1768/117/4 1769/421/4
f 1770/405/2 1771/406/2 1724/407/2 1772/408/2
f 1773/409/1 1774/300/1 1771/410/1 1770/411/1
f 1775/412/3 1776/413/3 1774/414/3 1773/415/3
f 1769/416/5 1768/417/5 1776/418/5 1775/419/5
f 1762/425/7 1761/354/7 1764/426/7 1763/427/7
f 1766/242/6 1765/92/6 1777/232/6 1600/422/6
f 1778/267/8 1502/51/8 1779/126/8 1780/129/8
f 1781/401/8 1782/402/8 1501/64/8 1783/65/8
f 1784/128/7 1785/127/7 1782/135/7 1781/136/7
f 1780/75/1 1779/74/1 1785/403/1 1784/404/1
f 1772/168/1 1724/91/1 1502/59/1 1778/63/1
f 1786/428/5 1735/383/5 1601/232/5 1777/429/5
f 1760/294/7 1787/25/7 1727/43/7 1788/295/7
f 1789/288/1 1790/289/1 1725/290/1 1724/291/1
f 1767/430/5 1598/229/5 1791/283/5 1792/431/5
f 1793/292/1 1794/290/1 1795/178/1 1789/293/1
f 1796/265/1 1797/266/1 1798/51/1 1799/267/1
f 1800/434/5 1801/333/5 1802/178/5 1803/287/5
f 1803/432/3 1802/433/3 1797/283/3 1796/284/3
f 1804/375/7 1791/283/7 1805/387/7 1800/435/7
f 1799/272/7 1806/51/7 1790/178/7 1795/273/7
f 1718/49/7 1720/50/7 1806/51/7 1798/52/7
f 1801/436/7 1805/333/7 1721/437/7 1713/438/7
f 1807/439/8 1808/440/8 1809/256/8 1810/249/8
f 1811/441/8 1812/442/8 1813/59/8 1814/443/8
f 1810/439/2 1809/440/2 1815/256/2 1816/249/2
f 1814/441/2 1813/442/2 1817/59/2 1818/443/2
f 1816/439/4 1815/440/4 1819/256/4 1820/249/4
f 1818/441/4 1817/442/4 1821/59/4 1822/443/4
f 1820/439/6 1819/440/6 1808/256/6 1807/249/6
f 1822/441/6 1821/442/6 1812/59/6 1811/443/6
f 1823/247/2 1824/248/2 1825/59/2 1826/249/2
f 1827/247/8 1828/248/8 1824/59/8 1823/249/8
f 1829/247/6 1830/248/6 1828/59/6 1827/249/6
f 1826/247/4 1825/248/4 1830/59/4 1829/249/4
f 1831/250/8 1832/251/8 1833/59/8 1834/63/8
f 1835/252/7 1836/58/7 1832/59/7 1831/63/7
f 1837/250/6 1838/251/6 1836/59/6 1835/63/6
f 1839/252/5 1840/58/5 1838/59/5 1837/63/5
f 1841/250/4 1842/251/4 1840/59/4 1839/63/4
f 1843/252/3 1844/58/3 1842/59/3 1841/63/3
f 1845/250/2 1846/251/2 1844/59/2 1843/63/2
f 1834/252/1 1833/58/1 1846/59/1 1845/63/1
f 1847/247/2 1848/248/2 1849/59/2 1850/249/2
f 1851/247/8 1852/248/8 1848/59/8 1847/249/8
f 1853/247/6 1854/248/6 1852/59/6 1851/249/6
f 1850/247/4 1849/248/4 1854/59/4 1853/249/4
f 1855/250/8 1856/251/8 1857/59/8 1858/63/8
f 1859/252/7 1860/58/7 1856/59/7 1855/63/7
f 1861/250/6 1862/251/6 1860/59/6 1859/63/6
f 1863/252/5 1864/58/5 1862/59/5 1861/63/5
f 1865/250/4 1866/251/4 1864/59/4 1863/63/4
f 1867/252/3 1868/58/3 1866/59/3 1865/63/3
f 1869/250/2 1870/251/2 1868/59/2 1867/63/2
f 1858/252/1 1857/58/1 1870/59/1 1869/63/1
f 1871/247/2 1872/248/2 1873/59/2 1874/249/2
f 1875/247/8 1876/248/8 1872/59/8 1871/249/8
f 1877/247/6 1878/248/6 1876/59/6 1875/249/6
f 1874/247/4 1873/248/4 1878/59/4 1877/249/4
f 1879/250/8 1880/251/8 1881/59/8 1882/63/8
f 1883/252/7 1884/58/7 1880/59/7 1879/63/7
f 1885/250/6 1886/251/6 1884/59/6 1883/63/6
f 1887/252/5 1888/58/5 1886/59/5 1885/63/5
f 1889/250/4 1890/251/4 1888/59/4 1887/63/4
f 1891/252/3 1892/58/3 1890/59/3 1889/63/3
f 1893/250/2 1894/251/2 1892/59/2 1891/63/2
f 1882/252/1 1881/58/1 1894/59/1 1893/63/1
f 1895/45/5 1896/46/5 1237/47/5 1180/48/5
f 1897/577/7 1898/578/7 1899/82/7 1900/83/7
f 1901/153/3 1902/150/3 1903/67/3 1904/66/3
f 1905/577/1 1906/578/1 722/82/1 721/83/1
f 1907/579/4 1908/580/4 1902/59/4 1901/63/4
f 1900/581/11 1899/582/11 1906/59/11 1905/63/11
f 726/153/5 725/150/5 1908/67/5 1907/66/5
f 1909/361/1 1910/362/1 1634/43/1 1633/44/1
f 1911/363/3 1895/364/3 1401/365/3 1400/366/3
f 1399/359/7 1398/360/7 1912/587/7 1913/83/7
f 1177/224/5 1507/225/5 1914/82/5 1912/226/5
f 1915/74/8 1916/59/8 1917/63/8
f 1918/75/8 1915/74/8 1917/63/8
f 1919/337/8 1920/244/8 1921/60/8
f 1922/253/8 1919/337/8 1921/60/8
f 1923/58/7 1915/59/7 1918/63/7
f 1924/252/7 1923/58/7 1918/63/7
f 1925/336/7 1919/244/7 1922/60/7
f 1926/57/7 1925/336/7 1922/60/7
f 1927/74/6 1923/59/6 1924/63/6
f 1928/75/6 1927/74/6 1924/63/6
f 1929/337/6 1925/244/6 1926/60/6
f 1930/253/6 1929/337/6 1926/60/6
f 1931/58/5 1927/59/5 1928/63/5
f 1932/252/5 1931/58/5 1928/63/5
f 1933/336/5 1929/244/5 1930/60/5
f 1934/57/5 1933/336/5 1930/60/5
f 1935/74/4 1931/59/4 1932/63/4
f 1936/75/4 1935/74/4 1932/63/4
f 1937/337/4 1933/244/4 1934/60/4
f 1938/253/4 1937/337/4 1934/60/4
f 1939/58/3 1935/59/3 1936/63/3
f 1940/252/3 1939/58/3 1936/63/3
f 1941/336/3 1937/244/3 1938/60/3
f 1942/57/3 1941/336/3 1938/60/3
f 1943/74/2 1939/59/2 1940/63/2
f 1944/75/2 1943/74/2 1940/63/2
f 1945/337/2 1941/244/2 1942/60/2
f 1946/253/2 1945/337/2 1942/60/2
f 1916/58/1 1943/59/1 1944/63/1
f 1917/252/1 1916/58/1 1944/63/1
f 1920/336/1 1945/244/1 1946/60/1
f 1921/57/1 1920/336/1 1946/60/1
f 1947/74/8 1948/59/8 1949/63/8
f 1950/75/8 1947/74/8 1949/63/8
f 1951/337/8 1952/244/8 1953/60/8
f 1954/253/8 1951/337/8 1953/60/8
f 1955/58/7 1947/59/7 1950/63/7
f 1956/252/7 1955/58/7 1950/63/7
f 1957/336/7 1951/244/7 1954/60/7
f 1958/57/7 1957/336/7 1954/60/7
f 1959/74/6 1955/59/6 1956/63/6
f 1960/75/6 1959/74/6 1956/63/6
f 1961/337/6 1957/244/6 1958/60/6
f 1962/253/6 1961/337/6 1958/60/6
f 1963/58/5 1959/59/5 1960/63/5
f 1964/252/5 1963/58/5 1960/63/5
f 1965/336/5 1961/244/5 1962/60/5
f 1966/57/5 1965/336/5 1962/60/5
f 1967/74/4 1963/59/4 1964/63/4
f 1968/75/4 1967/74/4 1964/63/4
f 1969/337/4 1965/244/4 1966/60/4
f 1970/253/4 1969/337/4 1966/60/4
f 1971/58/3 1967/59/3 1968/63/3
f 1972/252/3 1971/58/3 1968/63/3
f 1973/336/3 1969/244/3 1970/60/3
f 1974/57/3 1973/336/3 1970/60/3
f 1975/74/2 1971/59/2 1972/63/2
f 1976/75/2 1975/74/2 1972/63/2
f 1977/337/2 1973/244/2 1974/60/2
f 1978/253/2 1977/337/2 1974/60/2
f 1948/58/1 1975/59/1 1976/63/1
f 1949/252/1 1948/58/1 1976/63/1
f 1952/336/1 1977/244/1 1978/60/1
f 1953/57/1 1952/336/1 1978/60/1
f 1636/67/7 1474/59/7 1477/63/7
f 1637/66/7 1636/67/7 1477/63/7
f 1640/583/7 1478/244/7 1481/60/7
f 1641/115/7 1640/583/7 1481/60/7
f 1644/66/7 1643/67/7 1483/59/7 1482/63/7
f 1468/67/3 1645/59/3 1648/63/3
f 1469/66/3 1468/67/3 1648/63/3
f 1470/583/3 1649/244/3 1652/60/3
f 1471/115/3 1470/583/3 1652/60/3
f 1473/66/3 1472/67/3 1654/59/3 1653/63/3
f 1084/41/11 1083/42/11 1910/43/11 1909/44/11
f 1667/453/3 454/64/3 1896/341/3 1911/454/3
f 1913/451/7 1914/82/7 1619/25/7 1672/452/7
f 1904/444/3 1903/445/3 1979/446/3 1596/63/3
f 1603/447/7 1980/448/7 1898/449/7 1897/450/7
f 1980/455/1 1602/456/1 1755/457/1 1164/458/1
f 1183/431/1 1722/283/1 1597/456/1 1979/455/1
f 1710/451/5 1594/82/5 1787/25/5 1759/452/5
f 1783/453/1 1500/64/1 1384/341/1 1709/454/1
f 1981/383/25 1982/59/25 1983/63/25
f 1984/588/25 1981/383/25 1983/63/25
f 1985/589/25 1986/443/25 1987/221/25
f 1988/590/25 1985/589/25 1987/221/25
f 1989/591/26 1981/59/26 1984/63/26
f 1990/592/26 1989/591/26 1984/63/26
f 1991/593/26 1985/443/26 1988/221/26
f 1992/594/26 1991/593/26 1988/221/26
f 1993/58/5 1989/59/5 1990/63/5
f 1994/252/5 1993/58/5 1990/63/5
f 1995/595/5 1991/443/5 1992/221/5
f 1996/220/5 1995/595/5 1992/221/5
f 1997/596/27 1993/59/27 1994/63/27
f 1998/597/27 1997/596/27 1994/63/27
f 1999/598/27 1995/443/27 1996/221/27
f 2000/599/27 1999/598/27 1996/221/27
f 2001/58/7 1997/59/7 1998/63/7
f 2002/252/7 2001/58/7 1998/63/7
f 2003/595/7 1999/443/7 2000/221/7
f 2004/220/7 2003/595/7 2000/221/7
f 2005/591/28 2001/59/28 2002/63/28
f 2006/592/28 2005/591/28 2002/63/28
f 2007/593/28 2003/443/28 2004/221/28
f 2008/594/28 2007/593/28 2004/221/28
f 2009/383/29 2005/59/29 2006/63/29
f 2010/588/29 2009/383/29 2006/63/29
f 2011/589/29 2007/443/29 2008/221/29
f 2012/590/29 2011/589/29 2008/221/29
f 2013/383/30 2009/59/30 2010/63/30
f 2014/588/30 2013/383/30 2010/63/30
f 2015/589/30 2011/443/30 2012/221/30
f 2016/590/30 2015/589/30 2012/221/30
f 2017/600/31 2013/59/31 2014/63/31
f 2018/601/31 2017/600/31 2014/63/31
f 2019/602/31 2015/443/31 2016/221/31
f 2020/603/31 2019/602/31 2016/221/31
f 2021/383/32 2017/59/32 2018/63/32
f 2022/588/32 2021/383/32 2018/63/32
f 2023/589/32 2019/443/32 2020/221/32
f 2024/590/32 2023/589/32 2020/221/32
f 2025/383/33 2021/59/33 2022/63/33
f 2026/588/33 2025/383/33 2022/63/33
f 2027/589/33 2023/443/33 2024/221/33
f 2028/590/33 2027/589/33 2024/221/33
f 2029/591/34 2025/59/34 2026/63/34
f 2030/592/34 2029/591/34 2026/63/34
f 2031/593/34 2027/443/34 2028/221/34
f 2032/594/34 2031/593/34 2028/221/34
f 2033/58/1 2029/59/1 2030/63/1
f 2034/252/1 2033/58/1 2030/63/1
f 2035/595/1 2031/443/1 2032/221/1
f 2036/220/1 2035/595/1 2032/221/1
f 2037/596/35 2033/59/35 2034/63/35
f 2038/597/35 2037/596/35 2034/63/35
f 2039/598/35 2035/443/35 2036/221/35
f 2040/599/35 2039/598/35 2036/221/35
f 2041/58/3 2037/59/3 2038/63/3
f 2042/252/3 2041/58/3 2038/63/3
f 2043/595/3 2039/443/3 2040/221/3
f 2044/220/3 2043/595/3 2040/221/3
f 2045/591/36 2041/59/36 2042/63/36
f 2046/592/36 2045/591/36 2042/63/36
f 2047/593/36 2043/443/36 2044/221/36
f 2048/594/36 2047/593/36 2044/221/36
f 2049/383/37 2045/59/37 2046/63/37
f 2050/588/37 2049/383/37 2046/63/37
f 2051/589/37 2047/443/37 2048/221/37
f 2052/590/37 2051/589/37 2048/221/37
f 2053/383/38 2049/59/38 2050/63/38
f 2054/588/38 2053/383/38 2050/63/38
f 2055/589/38 2051/443/38 2052/221/38
f 2056/590/38 2055/589/38 2052/221/38
f 2057/600/11 2053/59/11 2054/63/11
f 2058/601/11 2057/600/11 2054/63/11
f 2059/602/11 2055/443/11 2056/221/11
f 2060/603/11 2059/602/11 2056/221/11
f 1982/383/39 2057/59/39 2058/63/39
f 1983/588/39 1982/383/39 2058/63/39
f 1986/589/39 2059/443/39 2060/221/39
f 1987/590/39 1986/589/39 2060/221/39
f 2061/604/40 2062/605/40 2063/59/40 2064/63/40
f 2065/606/41 2066/607/41 2062/59/41 2061/63/41
f 2067/252/42 2068/58/42 2066/59/42 2065/63/42
f 2069/608/43 2070/609/43 2068/59/43 2067/63/43
f 2071/159/44 2072/158/44 2070/59/44 2069/63/44
f 2073/610/7 2074/611/7 2072/59/7 2071/63/7
f 2075/612/45 2076/613/45 2074/59/45 2073/63/45
f 2077/604/46 2078/605/46 2076/59/46 2075/63/46
f 2079/606/47 2080/607/47 2078/59/47 2077/63/47
f 2081/252/48 2082/58/48 2080/59/48 2079/63/48
f 2083/608/49 2084/609/49 2082/59/49 2081/63/49
f 2085/252/50 2086/58/50 2084/59/50 2083/63/50
f 2064/606/51 2063/607/51 2086/59/51 2085/63/51
f 2087/607/52 2088/59/52 2089/63/52
f 2090/606/52 2087/607/52 2089/63/52
f 2091/614/52 2092/443/52 2093/221/52
f 2094/615/52 2091/614/52 2093/221/52
f 2095/58/53 2087/59/53 2090/63/53
f 2096/252/53 2095/58/53 2090/63/53
f 2097/595/53 2091/443/53 2094/221/53
f 2098/220/53 2097/595/53 2094/221/53
f 2099/609/54 2095/59/54 2096/63/54
f 2100/608/54 2099/609/54 2096/63/54
f 2101/616/54 2097/443/54 2098/221/54
f 2102/617/54 2101/616/54 2098/221/54
f 2103/58/55 2099/59/55 2100/63/55
f 2104/252/55 2103/58/55 2100/63/55
f 2105/595/55 2101/443/55 2102/221/55
f 2106/220/55 2105/595/55 2102/221/55
f 2107/607/41 2103/59/41 2104/63/41
f 2108/606/41 2107/607/41 2104/63/41
f 2109/614/41 2105/443/41 2106/221/41
f 2110/615/41 2109/614/41 2106/221/41
f 2111/605/40 2107/59/40 2108/63/40
f 2112/604/40 2111/605/40 2108/63/40
f 2113/618/40 2109/443/40 2110/221/40
f 2114/619/40 2113/618/40 2110/221/40
f 2115/613/56 2111/59/56 2112/63/56
f 2116/612/56 2115/613/56 2112/63/56
f 2117/620/56 2113/443/56 2114/221/56
f 2118/621/56 2117/620/56 2114/221/56
f 2119/611/3 2115/59/3 2116/63/3
f 2120/610/3 2119/611/3 2116/63/3
f 2121/622/3 2117/443/3 2118/221/3
f 2122/623/3 2121/622/3 2118/221/3
f 2123/158/57 2119/59/57 2120/63/57
f 2124/159/57 2123/158/57 2120/63/57
f 2125/624/57 2121/443/57 2122/221/57
f 2126/625/57 2125/624/57 2122/221/57
f 2127/609/58 2123/59/58 2124/63/58
f 2128/608/58 2127/609/58 2124/63/58
f 2129/616/58 2125/443/58 2126/221/58
f 2130/617/58 2129/616/58 2126/221/58
f 2131/58/59 2127/59/59 2128/63/59
f 2132/252/59 2131/58/59 2128/63/59
f 2133/595/59 2129/443/59 2130/221/59
f 2134/220/59 2133/595/59 2130/221/59
f 2135/607/47 2131/59/47 2132/63/47
f 2136/606/47 2135/607/47 2132/63/47
f 2137/614/47 2133/443/47 2134/221/47
f 2138/615/47 2137/614/47 2134/221/47
f 2088/605/46 2135/59/46 2136/63/46
f 2089/604/46 2088/605/46 2136/63/46
f 2092/618/46 2137/443/46 2138/221/46
f 2093/619/46 2092/618/46 2138/221/46
usemtl STONE4
f 2139/336/7 2140/58/7 2141/59/7 2142/244/7
f 2143/336/1 2144/58/1 2140/59/1 2139/244/1
f 2142/584/4 2141/460/4 2144/59/4 2143/244/4
f 2145/459/4 2146/460/4 2147/59/4 2148/63/4
f 2149/252/7 2150/58/7 2146/59/7 2145/63/7
f 2148/252/1 2147/58/1 2150/59/1 2149/63/1
f 2151/626/7 2152/58/7 2153/59/7 2154/349/7
f 2154/627/10 2153/460/10 2155/59/10 2156/349/10
f 2156/626/1 2155/58/1 2152/59/1 2151/349/1
f 68/57/7 67/58/7 2157/59/7 2158/60/7
f 2158/585/10 2157/460/10 66/59/10 65/60/10
f 2159/628/7 2160/58/7 2161/59/7 2162/240/7
f 2162/629/4 2161/460/4 2163/59/4 2164/240/4
f 2164/628/1 2163/58/1 2160/59/1 2159/240/1
f 2165/630/3 2166/29/3 564/59/3 189/631/3
f 196/630/5 560/29/5 2166/59/5 2165/631/5
f 256/220/7 255/58/7 2167/59/7 2168/221/7
f 2168/632/10 2167/460/10 254/59/10 253/221/10
f 2169/628/5 305/633/5 2170/634/5
f 2171/626/5 2169/628/5 2170/634/5
f 2172/635/5 2173/636/5 2174/637/5
f 2175/638/5 2172/635/5 2174/637/5
f 311/639/1 2176/240/1 2177/349/1
f 2178/634/1 311/639/1 2177/349/1
f 2179/636/1 2180/640/1 2181/641/1
f 2182/637/1 2179/636/1 2181/641/1
f 2183/628/1 311/633/1 2178/634/1
f 2184/626/1 2183/628/1 2178/634/1
f 2185/635/1 2179/636/1 2182/637/1
f 2186/638/1 2185/635/1 2182/637/1
f 2187/628/7 308/92/7 2188/634/7
f 2189/626/7 2187/628/7 2188/634/7
f 2190/635/7 2191/636/7 2192/637/7
f 2193/638/7 2190/635/7 2192/637/7
f 305/639/5 2187/240/5 2189/349/5
f 2170/634/5 305/639/5 2189/349/5
f 2173/636/5 2190/640/5 2193/641/5
f 2174/637/5 2173/636/5 2193/641/5
f 309/92/3 2169/240/3 2171/349/3
f 2194/634/3 309/92/3 2171/349/3
f 2195/636/3 2172/640/3 2175/641/3
f 2196/637/3 2195/636/3 2175/641/3
f 2176/628/3 309/92/3 2194/634/3
f 2177/626/3 2176/628/3 2194/634/3
f 2180/635/3 2195/636/3 2196/637/3
f 2181/638/3 2180/635/3 2196/637/3
f 308/92/7 2183/240/7 2184/349/7
f 2188/634/7 308/92/7 2184/349/7
f 2191/636/7 2185/640/7 2186/641/7
f 2192/637/7 2191/636/7 2186/641/7
f 2197/251/10 2198/59/10 2199/221/10
f 2200/642/10 2197/251/10 2199/221/10
f 2201/643/10 2202/644/10 2203/349/10
f 2204/645/10 2201/643/10 2203/349/10
f 2205/58/3 2197/59/3 2200/221/3
f 2206/220/3 2205/58/3 2200/221/3
f 2207/646/3 2201/644/3 2204/349/3
f 2208/626/3 2207/646/3 2204/349/3
f 2209/251/9 2205/59/9 2206/221/9
f 2210/642/9 2209/251/9 2206/221/9
f 2211/643/9 2207/644/9 2208/349/9
f 2212/645/9 2211/643/9 2208/349/9
f 2213/58/1 2209/59/1 2210/221/1
f 2214/220/1 2213/58/1 2210/221/1
f 2215/646/1 2211/644/1 2212/349/1
f 2216/626/1 2215/646/1 2212/349/1
f 2217/251/11 2213/59/11 2214/221/11
f 2218/642/11 2217/251/11 2214/221/11
f 2219/643/11 2215/644/11 2216/349/11
f 2220/645/11 2219/643/11 2216/349/11
f 2221/58/7 2217/59/7 2218/221/7
f 2222/220/7 2221/58/7 2218/221/7
f 2223/646/7 2219/644/7 2220/349/7
f 2224/626/7 2223/646/7 2220/349/7
f 2225/251/12 2221/59/12 2222/221/12
f 2226/642/12 2225/251/12 2222/221/12
f 2227/643/12 2223/644/12 2224/349/12
f 2228/645/12 2227/643/12 2224/349/12
f 2198/58/5 2225/59/5 2226/221/5
f 2199/220/5 2198/58/5 2226/221/5
f 2202/646/5 2227/644/5 2228/349/5
f 2203/626/5 2202/646/5 2228/349/5
f 2229/305/6 2230/302/6 2231/59/6 2232/63/6
f 2233/601/10 2234/600/10 2235/59/10 2236/63/10
f 2237/305/2 2238/302/2 2239/59/2 2240/63/2
f 2241/601/11 2242/600/11 2243/59/11 2244/63/11
f 2245/252/5 2246/58/5 2230/59/5 2229/63/5
f 2247/305/6 2248/302/6 2249/59/6 2250/63/6
f 2251/252/1 2252/58/1 2238/59/1 2237/63/1
f 2253/305/2 2254/302/2 2255/59/2 2256/63/2
f 2256/252/3 2255/58/3 2257/59/3 2258/63/3
f 2258/647/9 2257/648/9 2252/59/9 2251/63/9
f 2250/252/7 2249/58/7 2259/59/7 2260/63/7
f 2260/647/12 2259/648/12 2246/59/12 2245/63/12
f 392/630/5 380/29/5 2261/59/5 2262/631/5
f 2263/649/1 2264/196/1 389/113/1 388/650/1
f 2265/651/9 2266/652/9 2264/653/9 2263/654/9
f 2262/655/3 2261/91/3 2266/348/3 2265/656/3
f 2267/657/4 2268/658/4 2269/659/4 2270/660/4
f 2270/661/3 2269/662/3 2271/659/3 2272/660/3
f 2272/657/2 2271/658/2 2273/659/2 2274/660/2
f 2274/661/1 2273/662/1 2275/659/1 2276/660/1
f 2276/657/8 2275/658/8 2277/659/8 2278/660/8
f 2278/661/7 2277/662/7 2279/659/7 2280/660/7
f 2280/657/6 2279/658/6 2281/659/6 2282/660/6
f 2282/661/5 2281/662/5 2268/659/5 2267/660/5
f 2283/663/10 2284/664/10 2285/659/10 2286/660/10
f 2286/665/5 2285/666/5 2287/659/5 2288/660/5
f 2288/663/12 2287/664/12 2289/659/12 2290/660/12
f 2290/665/7 2289/666/7 2291/659/7 2292/660/7
f 2292/663/11 2291/664/11 2293/659/11 2294/660/11
f 2294/665/1 2293/666/1 2295/659/1 2296/660/1
f 2296/663/9 2295/664/9 2297/659/9 2298/660/9
f 2298/665/3 2297/666/3 2284/659/3 2283/660/3
f 451/630/3 488/29/3 2299/59/3 2300/631/3
f 2300/630/1 2299/29/1 497/59/1 452/631/1
f 605/630/3 548/29/3 2301/59/3 2302/631/3
f 2302/667/1 2301/58/1 555/67/1 606/668/1
f 2303/669/7 2304/499/7 610/59/7 609/631/7
f 613/630/1 623/29/1 2304/59/1 2303/631/1
f 2305/628/5 641/92/5 2306/634/5
f 2307/626/5 2305/628/5 2306/634/5
f 2308/635/5 2309/636/5 2310/637/5
f 2311/638/5 2308/635/5 2310/637/5
f 647/639/1 2312/240/1 2313/349/1
f 2314/634/1 647/639/1 2313/349/1
f 2315/636/1 2316/640/1 2317/641/1
f 2318/637/1 2315/636/1 2317/641/1
f 2319/628/1 647/633/1 2314/634/1
f 2320/626/1 2319/628/1 2314/634/1
f 2321/635/1 2315/636/1 2318/637/1
f 2322/638/1 2321/635/1 2318/637/1
f 2323/628/7 644/92/7 2324/634/7
f 2325/626/7 2323/628/7 2324/634/7
f 2326/635/7 2327/636/7 2328/637/7
f 2329/638/7 2326/635/7 2328/637/7
f 641/670/5 2323/240/5 2325/349/5
f 2306/634/5 641/670/5 2325/349/5
f 2309/636/5 2326/640/5 2329/641/5
f 2310/637/5 2309/636/5 2329/641/5
f 645/670/3 2305/240/3 2307/349/3
f 2330/634/3 645/670/3 2307/349/3
f 2331/636/3 2308/640/3 2311/641/3
f 2332/637/3 2331/636/3 2311/641/3
f 2312/628/3 645/633/3 2330/634/3
f 2313/626/3 2312/628/3 2330/634/3
f 2316/635/3 2331/636/3 2332/637/3
f 2317/638/3 2316/635/3 2332/637/3
f 644/639/7 2319/240/7 2320/349/7
f 2324/634/7 644/639/7 2320/349/7
f 2327/636/7 2321/640/7 2322/641/7
f 2328/637/7 2327/636/7 2322/641/7
f 2333/251/10 2334/59/10 2335/221/10
f 2336/642/10 2333/251/10 2335/221/10
f 2337/643/10 2338/644/10 2339/349/10
f 2340/645/10 2337/643/10 2339/349/10
f 2341/58/3 2333/59/3 2336/221/3
f 2342/220/3 2341/58/3 2336/221/3
f 2343/646/3 2337/644/3 2340/349/3
f 2344/626/3 2343/646/3 2340/349/3
f 2345/251/9 2341/59/9 2342/221/9
f 2346/642/9 2345/251/9 2342/221/9
f 2347/643/9 2343/644/9 2344/349/9
f 2348/645/9 2347/643/9 2344/349/9
f 2349/58/1 2345/59/1 2346/221/1
f 2350/220/1 2349/58/1 2346/221/1
f 2351/646/1 2347/644/1 2348/349/1
f 2352/626/1 2351/646/1 2348/349/1
f 2353/251/11 2349/59/11 2350/221/11
f 2354/642/11 2353/251/11 2350/221/11
f 2355/643/11 2351/644/11 2352/349/11
f 2356/645/11 2355/643/11 2352/349/11
f 2357/58/7 2353/59/7 2354/221/7
f 2358/220/7 2357/58/7 2354/221/7
f 2359/646/7 2355/644/7 2356/349/7
f 2360/626/7 2359/646/7 2356/349/7
f 2361/251/12 2357/59/12 2358/221/12
f 2362/642/12 2361/251/12 2358/221/12
f 2363/643/12 2359/644/12 2360/349/12
f 2364/645/12 2363/643/12 2360/349/12
f 2334/58/5 2361/59/5 2362/221/5
f 2335/220/5 2334/58/5 2362/221/5
f 2338/646/5 2363/644/5 2364/349/5
f 2339/626/5 2338/646/5 2364/349/5
f 2365/628/5 665/92/5 2366/634/5
f 2367/626/5 2365/628/5 2366/634/5
f 2368/635/5 2369/636/5 2370/637/5
f 2371/638/5 2368/635/5 2370/637/5
f 671/670/1 2372/240/1 2373/349/1
f 2374/634/1 671/670/1 2373/349/1
f 2375/636/1 2376/640/1 2377/641/1
f 2378/637/1 2375/636/1 2377/641/1
f 2379/628/1 671/92/1 2374/634/1
f 2380/626/1 2379/628/1 2374/634/1
f 2381/635/1 2375/636/1 2378/637/1
f 2382/638/1 2381/635/1 2378/637/1
f 2383/628/7 668/92/7 2384/634/7
f 2385/626/7 2383/628/7 2384/634/7
f 2386/635/7 2387/636/7 2388/637/7
f 2389/638/7 2386/635/7 2388/637/7
f 665/670/5 2383/240/5 2385/349/5
f 2366/634/5 665/670/5 2385/349/5
f 2369/636/5 2386/640/5 2389/641/5
f 2370/637/5 2369/636/5 2389/641/5
f 669/670/3 2365/240/3 2367/349/3
f 2390/634/3 669/670/3 2367/349/3
f 2391/636/3 2368/640/3 2371/641/3
f 2392/637/3 2391/636/3 2371/641/3
f 2372/628/3 669/92/3 2390/634/3
f 2373/626/3 2372/628/3 2390/634/3
f 2376/635/3 2391/636/3 2392/637/3
f 2377/638/3 2376/635/3 2392/637/3
f 668/670/7 2379/240/7 2380/349/7
f 2384/634/7 668/670/7 2380/349/7
f 2387/636/7 2381/640/7 2382/641/7
f 2388/637/7 2387/636/7 2382/641/7
f 2393/251/10 2394/59/10 2395/221/10
f 2396/642/10 2393/251/10 2395/221/10
f 2397/643/10 2398/644/10 2399/349/10
f 2400/645/10 2397/643/10 2399/349/10
f 2401/58/3 2393/59/3 2396/221/3
f 2402/220/3 2401/58/3 2396/221/3
f 2403/646/3 2397/644/3 2400/349/3
f 2404/626/3 2403/646/3 2400/349/3
f 2405/251/9 2401/59/9 2402/221/9
f 2406/642/9 2405/251/9 2402/221/9
f 2407/643/9 2403/644/9 2404/349/9
f 2408/645/9 2407/643/9 2404/349/9
f 2409/58/1 2405/59/1 2406/221/1
f 2410/220/1 2409/58/1 2406/221/1
f 2411/646/1 2407/644/1 2408/349/1
f 2412/626/1 2411/646/1 2408/349/1
f 2413/251/11 2409/59/11 2410/221/11
f 2414/642/11 2413/251/11 2410/221/11
f 2415/643/11 2411/644/11 2412/349/11
f 2416/645/11 2415/643/11 2412/349/11
f 2417/58/7 2413/59/7 2414/221/7
f 2418/220/7 2417/58/7 2414/221/7
f 2419/646/7 2415/644/7 2416/349/7
f 2420/626/7 2419/646/7 2416/349/7
f 2421/251/12 2417/59/12 2418/221/12
f 2422/642/12 2421/251/12 2418/221/12
f 2423/643/12 2419/644/12 2420/349/12
f 2424/645/12 2423/643/12 2420/349/12
f 2394/58/5 2421/59/5 2422/221/5
f 2395/220/5 2394/58/5 2422/221/5
f 2398/646/5 2423/644/5 2424/349/5
f 2399/626/5 2398/646/5 2424/349/5
f 2425/628/5 689/92/5 2426/634/5
f 2427/626/5 2425/628/5 2426/634/5
f 2428/635/5 2429/636/5 2430/637/5
f 2431/638/5 2428/635/5 2430/637/5
f 695/670/1 2432/240/1 2433/349/1
f 2434/634/1 695/670/1 2433/349/1
f 2435/636/1 2436/640/1 2437/641/1
f 2438/637/1 2435/636/1 2437/641/1
f 2439/628/1 695/633/1 2434/634/1
f 2440/626/1 2439/628/1 2434/634/1
f 2441/635/1 2435/636/1 2438/637/1
f 2442/638/1 2441/635/1 2438/637/1
f 2443/628/7 692/633/7 2444/634/7
f 2445/626/7 2443/628/7 2444/634/7
f 2446/635/7 2447/636/7 2448/637/7
f 2449/638/7 2446/635/7 2448/637/7
f 689/639/5 2443/240/5 2445/349/5
f 2426/634/5 689/639/5 2445/349/5
f 2429/636/5 2446/640/5 2449/641/5
f 2430/637/5 2429/636/5 2449/641/5
f 693/670/3 2425/240/3 2427/349/3
f 2450/634/3 693/670/3 2427/349/3
f 2451/636/3 2428/640/3 2431/641/3
f 2452/637/3 2451/636/3 2431/641/3
f 2432/628/3 693/92/3 2450/634/3
f 2433/626/3 2432/628/3 2450/634/3
f 2436/635/3 2451/636/3 2452/637/3
f 2437/638/3 2436/635/3 2452/637/3
f 692/639/7 2439/240/7 2440/349/7
f 2444/634/7 692/639/7 2440/349/7
f 2447/636/7 2441/640/7 2442/641/7
f 2448/637/7 2447/636/7 2442/641/7
f 2453/251/10 2454/59/10 2455/221/10
f 2456/642/10 2453/251/10 2455/221/10
f 2457/643/10 2458/644/10 2459/349/10
f 2460/645/10 2457/643/10 2459/349/10
f 2461/58/3 2453/59/3 2456/221/3
f 2462/220/3 2461/58/3 2456/221/3
f 2463/646/3 2457/644/3 2460/349/3
f 2464/626/3 2463/646/3 2460/349/3
f 2465/251/9 2461/59/9 2462/221/9
f 2466/642/9 2465/251/9 2462/221/9
f 2467/643/9 2463/644/9 2464/349/9
f 2468/645/9 2467/643/9 2464/349/9
f 2469/58/1 2465/59/1 2466/221/1
f 2470/220/1 2469/58/1 2466/221/1
f 2471/646/1 2467/644/1 2468/349/1
f 2472/626/1 2471/646/1 2468/349/1
f 2473/251/11 2469/59/11 2470/221/11
f 2474/642/11 2473/251/11 2470/221/11
f 2475/643/11 2471/644/11 2472/349/11
f 2476/645/11 2475/643/11 2472/349/11
f 2477/58/7 2473/59/7 2474/221/7
f 2478/220/7 2477/58/7 2474/221/7
f 2479/646/7 2475/644/7 2476/349/7
f 2480/626/7 2479/646/7 2476/349/7
f 2481/251/12 2477/59/12 2478/221/12
f 2482/642/12 2481/251/12 2478/221/12
f 2483/643/12 2479/644/12 2480/349/12
f 2484/645/12 2483/643/12 2480/349/12
f 2454/58/5 2481/59/5 2482/221/5
f 2455/220/5 2454/58/5 2482/221/5
f 2458/646/5 2483/644/5 2484/349/5
f 2459/626/5 2458/646/5 2484/349/5
f 2485/657/60 2486/658/60 2487/659/60 2488/660/60
f 2489/661/5 2490/662/5 2486/659/5 2485/660/5
f 2491/657/61 2492/658/61 2490/659/61 2489/660/61
f 2493/661/7 2494/662/7 2492/659/7 2491/660/7
f 2495/657/62 2496/658/62 2494/659/62 2493/660/62
f 2497/661/1 2498/662/1 2496/659/1 2495/660/1
f 2499/657/63 2500/658/63 2498/659/63 2497/660/63
f 2488/661/3 2487/662/3 2500/659/3 2499/660/3
f 2501/665/44 2502/666/44 2503/659/44 2504/660/44
f 2505/663/64 2506/664/64 2502/659/64 2501/660/64
f 2507/665/5 2508/666/5 2506/659/5 2505/660/5
f 2509/663/65 2510/664/65 2508/659/65 2507/660/65
f 2511/665/57 2512/666/57 2510/659/57 2509/660/57
f 2513/663/66 2514/664/66 2512/659/66 2511/660/66
f 2515/665/1 2516/666/1 2514/659/1 2513/660/1
f 2504/663/67 2503/664/67 2516/659/67 2515/660/67
f 2517/671/3 2518/672/3 2519/659/3 2520/660/3
f 2521/673/5 2522/674/5 2518/659/5 2517/660/5
f 2523/675/10 2524/676/10 2522/659/10 2521/660/10
f 2525/673/3 2526/674/3 2524/659/3 2523/660/3
f 2527/671/5 2528/672/5 2526/659/5 2525/660/5
f 2529/677/5 2530/678/5 2528/659/5 2527/660/5
f 2531/657/6 2532/658/6 2530/659/6 2529/660/6
f 2533/677/7 2534/678/7 2532/659/7 2531/660/7
f 2535/671/7 2536/672/7 2534/659/7 2533/660/7
f 2537/673/1 2538/674/1 2536/659/1 2535/660/1
f 2539/675/11 2540/676/11 2538/659/11 2537/660/11
f 2541/673/7 2542/674/7 2540/659/7 2539/660/7
f 2543/671/1 2544/672/1 2542/659/1 2541/660/1
f 2545/677/1 2546/678/1 2544/659/1 2543/660/1
f 2547/657/2 2548/658/2 2546/659/2 2545/660/2
f 2520/677/3 2519/678/3 2548/659/3 2547/660/3
f 2549/679/7 2550/680/7 2551/659/7 2552/660/7
f 2553/681/7 2554/682/7 2550/659/7 2549/660/7
f 2555/683/68 2556/684/68 2554/659/68 2553/660/68
f 2557/681/5 2558/682/5 2556/659/5 2555/660/5
f 2559/679/5 2560/680/5 2558/659/5 2557/660/5
f 2561/685/57 2562/686/57 2560/659/57 2559/660/57
f 2563/687/10 2564/688/10 2562/659/10 2561/660/10
f 2565/685/69 2566/686/69 2564/659/69 2563/660/69
f 2567/679/3 2568/680/3 2566/659/3 2565/660/3
f 2569/681/3 2570/682/3 2568/659/3 2567/660/3
f 2571/683/70 2572/684/70 2570/659/70 2569/660/70
f 2573/681/1 2574/682/1 2572/659/1 2571/660/1
f 2575/679/1 2576/680/1 2574/659/1 2573/660/1
f 2577/685/7 2578/686/7 2576/659/7 2575/660/7
f 2579/687/11 2580/688/11 2578/659/11 2577/660/11
f 2552/685/1 2551/686/1 2580/659/1 2579/660/1
f 2581/689/10 2582/690/10 2583/659/10 2584/660/10
f 2585/691/5 2586/692/5 2582/659/5 2581/660/5
f 2587/689/71 2588/690/71 2586/659/71 2585/660/71
f 2589/691/7 2590/692/7 2588/659/7 2587/660/7
f 2591/689/11 2592/690/11 2590/659/11 2589/660/11
f 2593/691/1 2594/692/1 2592/659/1 2591/660/1
f 2595/689/72 2596/690/72 2594/659/72 2593/660/72
f 2584/691/3 2583/692/3 2596/659/3 2595/660/3
f 2597/665/7 2598/666/7 2599/659/7 2600/660/7
f 2601/663/12 2602/664/12 2598/659/12 2597/660/12
f 2603/665/5 2604/666/5 2602/659/5 2601/660/5
f 2605/663/10 2606/664/10 2604/659/10 2603/660/10
f 2607/665/3 2608/666/3 2606/659/3 2605/660/3
f 2609/663/9 2610/664/9 2608/659/9 2607/660/9
f 2611/665/1 2612/666/1 2610/659/1 2609/660/1
f 2600/663/11 2599/664/11 2612/659/11 2611/660/11
f 2613/657/73 2614/658/73 2615/659/73 2616/660/73
f 2617/661/5 2618/662/5 2614/659/5 2613/660/5
f 2619/657/74 2620/658/74 2618/659/74 2617/660/74
f 2621/661/7 2622/662/7 2620/659/7 2619/660/7
f 2623/657/75 2624/658/75 2622/659/75 2621/660/75
f 2625/661/1 2626/662/1 2624/659/1 2623/660/1
f 2627/657/76 2628/658/76 2626/659/76 2625/660/76
f 2616/661/3 2615/662/3 2628/659/3 2627/660/3
f 2629/665/7 2630/666/7 2631/659/7 2632/660/7
f 2633/663/77 2634/664/77 2630/659/77 2629/660/77
f 2635/665/69 2636/666/69 2634/659/69 2633/660/69
f 2637/663/78 2638/664/78 2636/659/78 2635/660/78
f 2639/665/3 2640/666/3 2638/659/3 2637/660/3
f 2641/663/79 2642/664/79 2640/659/79 2639/660/79
f 2643/665/80 2644/666/80 2642/659/80 2641/660/80
f 2632/663/81 2631/664/81 2644/659/81 2643/660/81
f 864/630/7 915/29/7 2645/59/7 2646/631/7
f 2646/630/5 2645/29/5 914/59/5 858/631/5
f 2647/693/3 2648/694/3 878/92/3 986/695/3
f 973/696/1 880/58/1 2648/59/1 2647/697/1
f 2649/698/7 2650/228/7 568/457/7 980/699/7
f 983/698/5 574/228/5 2650/457/5 2649/699/5
f 2651/700/9 2652/353/9 2653/59/9 2654/697/9
f 2654/700/10 2653/353/10 2655/59/10 2656/697/10
f 2656/700/12 2655/353/12 2657/59/12 2658/697/12
f 2658/700/11 2657/353/11 2652/59/11 2651/697/11
f 2659/701/11 2660/353/11 2661/59/11 2662/702/11
f 2662/701/9 2661/353/9 2663/59/9 2664/702/9
f 2664/701/10 2663/353/10 2665/59/10 2666/702/10
f 2666/701/12 2665/353/12 2660/59/12 2659/702/12
f 2667/703/1 2668/564/1 2669/578/1 2670/704/1
f 2670/705/3 2669/248/3 2671/578/3 2672/704/3
f 2672/706/5 2671/91/5 2673/59/5 2674/707/5
f 2674/703/7 2673/564/7 2668/248/7 2667/705/7
f 2675/708/82 2676/91/82 2677/59/82 2678/709/82
f 2678/710/83 2677/58/83 2679/59/83 2680/709/83
f 2680/708/84 2679/91/84 2681/59/84 2682/709/84
f 2682/710/85 2681/58/85 2676/59/85 2675/709/85
f 2683/711/86 2684/91/86 2685/59/86 2686/712/86
f 2686/713/9 2685/58/9 2687/59/9 2688/712/9
f 2688/711/87 2687/91/87 2689/59/87 2690/712/87
f 2690/714/88 2689/92/88 2691/59/88 2692/712/88
f 2692/714/89 2691/92/89 2684/59/89 2683/712/89
f 2693/715/90 2694/58/90 2695/59/90 2696/716/90
f 2696/717/91 2695/91/91 2697/59/91 2698/716/91
f 2698/715/92 2697/58/92 2699/59/92 2700/716/92
f 2700/717/93 2699/91/93 2694/59/93 2693/716/93
f 2701/718/1 2702/58/1 2703/59/1 2704/719/1
f 2704/720/3 2703/91/3 2705/59/3 2706/719/3
f 2706/718/5 2705/58/5 2707/59/5 2708/719/5
f 2708/720/7 2707/91/7 2702/59/7 2701/719/7
f 1044/696/7 437/58/7 2709/59/7 2710/697/7
f 2710/693/1 2709/694/1 443/92/1 1045/695/1
f 1048/721/1 532/417/1 2711/300/1 2712/722/1
f 2712/723/3 2711/537/3 2713/59/3 2714/697/3
f 2714/724/5 2713/266/5 537/283/5 1049/725/5
f 1059/721/3 888/417/3 2715/300/3 2716/722/3
f 2716/726/5 2715/85/5 2717/67/5 2718/727/5
f 2718/728/6 2717/548/6 2719/229/6 2720/729/6
f 2720/730/7 2719/269/7 2721/283/7 2722/725/7
f 2722/698/1 2721/228/1 894/457/1 1060/699/1
f 2723/723/7 2724/537/7 2725/59/7 2726/697/7
f 1158/696/3 1663/58/3 2727/59/3 2728/697/3
f 2729/698/3 2730/228/3 1758/457/3 1111/699/3
f 1165/698/1 1754/228/1 2730/457/1 2729/699/1
f 1171/721/5 1719/417/5 2724/300/5 2723/722/5
f 2731/693/7 2732/694/7 1242/92/7 1159/695/7
f 2726/724/1 2725/266/1 1723/283/1 1182/725/1
f 2733/718/1 2734/58/1 2735/59/1 2736/719/1
f 2737/720/7 2738/91/7 2734/59/7 2733/719/7
f 2739/718/5 2740/58/5 2738/59/5 2737/719/5
f 2736/720/3 2735/91/3 2740/59/3 2739/719/3
f 2741/715/94 2742/58/94 2743/59/94 2744/716/94
f 2745/717/95 2746/91/95 2742/59/95 2741/716/95
f 2747/715/96 2748/58/96 2746/59/96 2745/716/96
f 2744/717/97 2743/91/97 2748/59/97 2747/716/97
f 2749/714/98 2750/92/98 2751/59/98 2752/712/98
f 2753/711/99 2754/91/99 2755/59/99 2756/712/99
f 2757/713/100 2758/58/100 2754/59/100 2753/712/100
f 2752/711/101 2751/91/101 2758/59/101 2757/712/101
f 2756/714/102 2755/92/102 2750/59/102 2749/712/102
f 2759/703/3 2760/564/3 2761/248/3 2762/705/3
f 2762/703/5 2761/564/5 2763/578/5 2764/704/5
f 2764/705/7 2763/248/7 2765/578/7 2766/704/7
f 2767/710/103 2768/58/103 2769/59/103 2770/709/103
f 2770/708/104 2769/91/104 2771/59/104 2772/709/104
f 2772/710/105 2771/58/105 2773/59/105 2774/709/105
f 2774/708/106 2773/91/106 2768/59/106 2767/709/106
f 2766/706/1 2765/91/1 2760/59/1 2759/707/1
f 2728/693/5 2727/694/5 1661/92/5 1153/695/5
f 2775/701/12 2776/353/12 2777/59/12 2778/702/12
f 2779/701/10 2780/353/10 2776/59/10 2775/702/10
f 2781/701/9 2782/353/9 2780/59/9 2779/702/9
f 2778/701/11 2777/353/11 2782/59/11 2781/702/11
f 2783/700/12 2784/353/12 2785/59/12 2786/697/12
f 2787/700/10 2788/353/10 2784/59/10 2783/697/10
f 2789/700/9 2790/353/9 2788/59/9 2787/697/9
f 2786/700/11 2785/353/11 2790/59/11 2789/697/11
f 1181/696/5 1236/58/5 2732/59/5 2731/697/5
f 2791/698/5 2792/228/5 1508/457/5 1176/699/5
f 1194/721/7 1516/417/7 2793/300/7 2794/722/7
f 2795/730/3 2796/269/3 2792/283/3 2791/725/3
f 2797/728/2 2798/548/2 2796/229/2 2795/729/2
f 2794/726/1 2793/85/1 2798/67/1 2797/727/1
f 2799/731/12 2800/732/12 2801/29/12 2802/733/12
f 2803/734/10 2804/383/10 2800/178/10 2799/735/10
f 513/736/10 2805/737/10 2804/738/10 500/249/10
f 2806/739/4 512/460/4 501/59/4 2803/443/4
f 2807/740/10 2808/17/10 2805/290/10 2806/741/10
f 2809/742/9 2810/743/9 2808/95/9 2807/744/9
f 2811/745/11 2812/746/11 2810/354/11 2809/747/11
f 517/736/11 2813/737/11 2812/738/11 504/249/11
f 2814/739/8 516/460/8 505/59/8 2811/443/8
f 2802/748/11 2801/749/11 2813/189/11 2814/750/11
f 2815/751/107 2816/216/107 2817/59/107 2818/249/107
f 2819/752/108 2820/216/108 2821/59/108 2822/753/108
f 2823/751/10 2824/216/10 2816/59/10 2815/249/10
f 2825/752/10 2826/216/10 2820/59/10 2819/753/10
f 2827/751/109 2828/216/109 2824/59/109 2823/249/109
f 2829/752/110 2830/216/110 2826/59/110 2825/753/110
f 2818/751/11 2817/216/11 2828/59/11 2827/249/11
f 2822/752/11 2821/216/11 2830/59/11 2829/753/11
f 2831/657/11 2832/658/11 2833/659/11 2834/660/11
f 2835/661/1 2836/662/1 2832/659/1 2831/660/1
f 2837/657/9 2838/658/9 2836/659/9 2835/660/9
f 2839/661/3 2840/662/3 2838/659/3 2837/660/3
f 2841/657/10 2842/658/10 2840/659/10 2839/660/10
f 2843/661/5 2844/662/5 2842/659/5 2841/660/5
f 2845/657/12 2846/658/12 2844/659/12 2843/660/12
f 2834/661/7 2833/662/7 2846/659/7 2845/660/7
f 2847/665/44 2848/666/44 2849/659/44 2850/660/44
f 2851/663/12 2852/664/12 2848/659/12 2847/660/12
f 2853/665/69 2854/666/69 2852/659/69 2851/660/69
f 2855/663/10 2856/664/10 2854/659/10 2853/660/10
f 2857/665/57 2858/666/57 2856/659/57 2855/660/57
f 2859/663/9 2860/664/9 2858/659/9 2857/660/9
f 2861/665/80 2862/666/80 2860/659/80 2859/660/80
f 2850/663/11 2849/664/11 2862/659/11 2861/660/11
f 1505/630/1 1746/29/1 2863/59/1 2864/631/1
f 2864/630/7 2863/29/7 1745/59/7 1498/631/7
f 2865/751/6 2866/754/6 2867/755/6 2868/249/6
f 2869/752/12 2870/216/12 2871/59/12 2872/753/12
f 2868/751/8 2867/754/8 2873/755/8 2874/249/8
f 2872/752/11 2871/216/11 2875/59/11 2876/753/11
f 2874/751/2 2873/754/2 2877/755/2 2878/249/2
f 2876/752/9 2875/216/9 2879/59/9 2880/753/9
f 2878/751/4 2877/754/4 2866/755/4 2865/249/4
f 2880/752/10 2879/216/10 2870/59/10 2869/753/10
f 1620/630/1 1616/29/1 2881/59/1 2882/631/1
f 2883/651/12 2884/652/12 2885/653/12 2886/654/12
f 2882/655/7 2881/91/7 2884/348/7 2883/656/7
f 2886/649/5 2885/196/5 1622/113/5 1621/650/5
f 1788/630/7 1726/29/7 2887/59/7 2888/631/7
f 2888/667/5 2887/58/5 1736/67/5 1786/668/5
f 2889/669/3 2890/499/3 1794/59/3 1793/631/3
f 1792/630/5 1804/29/5 2890/59/5 2889/631/5
f 2891/628/1 1823/639/1 2892/634/1
f 2893/626/1 2891/628/1 2892/634/1
f 2894/635/1 2895/636/1 2896/637/1
f 2897/638/1 2894/635/1 2896/637/1
f 1829/639/5 2898/240/5 2899/349/5
f 2900/634/5 1829/639/5 2899/349/5
f 2901/636/5 2902/640/5 2903/641/5
f 2904/637/5 2901/636/5 2903/641/5
f 2905/628/5 1829/633/5 2900/634/5
f 2906/626/5 2905/628/5 2900/634/5
f 2907/635/5 2901/636/5 2904/637/5
f 2908/638/5 2907/635/5 2904/637/5
f 2909/628/3 1826/92/3 2910/634/3
f 2911/626/3 2909/628/3 2910/634/3
f 2912/635/3 2913/636/3 2914/637/3
f 2915/638/3 2912/635/3 2914/637/3
f 1823/670/1 2909/240/1 2911/349/1
f 2892/634/1 1823/670/1 2911/349/1
f 2895/636/1 2912/640/1 2915/641/1
f 2896/637/1 2895/636/1 2915/641/1
f 1827/756/7 2891/240/7 2893/349/7
f 2916/634/7 1827/756/7 2893/349/7
f 2917/636/7 2894/640/7 2897/641/7
f 2918/637/7 2917/636/7 2897/641/7
f 2898/628/7 1827/633/7 2916/634/7
f 2899/626/7 2898/628/7 2916/634/7
f 2902/635/7 2917/636/7 2918/637/7
f 2903/638/7 2902/635/7 2918/637/7
f 1826/92/3 2905/240/3 2906/349/3
f 2910/634/3 1826/92/3 2906/349/3
f 2913/636/3 2907/640/3 2908/641/3
f 2914/637/3 2913/636/3 2908/641/3
f 2919/251/11 2920/59/11 2921/221/11
f 2922/642/11 2919/251/11 2921/221/11
f 2923/643/11 2924/644/11 2925/349/11
f 2926/645/11 2923/643/11 2925/349/11
f 2927/58/7 2919/59/7 2922/221/7
f 2928/220/7 2927/58/7 2922/221/7
f 2929/646/7 2923/644/7 2926/349/7
f 2930/626/7 2929/646/7 2926/349/7
f 2931/251/12 2927/59/12 2928/221/12
f 2932/642/12 2931/251/12 2928/221/12
f 2933/643/12 2929/644/12 2930/349/12
f 2934/645/12 2933/643/12 2930/349/12
f 2935/58/5 2931/59/5 2932/221/5
f 2936/220/5 2935/58/5 2932/221/5
f 2937/646/5 2933/644/5 2934/349/5
f 2938/626/5 2937/646/5 2934/349/5
f 2939/251/10 2935/59/10 2936/221/10
f 2940/642/10 2939/251/10 2936/221/10
f 2941/643/10 2937/644/10 2938/349/10
f 2942/645/10 2941/643/10 2938/349/10
f 2943/58/3 2939/59/3 2940/221/3
f 2944/220/3 2943/58/3 2940/221/3
f 2945/646/3 2941/644/3 2942/349/3
f 2946/626/3 2945/646/3 2942/349/3
f 2947/251/9 2943/59/9 2944/221/9
f 2948/642/9 2947/251/9 2944/221/9
f 2949/643/9 2945/644/9 2946/349/9
f 2950/645/9 2949/643/9 2946/349/9
f 2920/58/1 2947/59/1 2948/221/1
f 2921/220/1 2920/58/1 2948/221/1
f 2924/646/1 2949/644/1 2950/349/1
f 2925/626/1 2924/646/1 2950/349/1
f 2951/628/1 1847/639/1 2952/634/1
f 2953/626/1 2951/628/1 2952/634/1
f 2954/635/1 2955/636/1 2956/637/1
f 2957/638/1 2954/635/1 2956/637/1
f 1853/639/5 2958/240/5 2959/349/5
f 2960/634/5 1853/639/5 2959/349/5
f 2961/636/5 2962/640/5 2963/641/5
f 2964/637/5 2961/636/5 2963/641/5
f 2965/628/5 1853/633/5 2960/634/5
f 2966/626/5 2965/628/5 2960/634/5
f 2967/635/5 2961/636/5 2964/637/5
f 2968/638/5 2967/635/5 2964/637/5
f 2969/628/3 1850/92/3 2970/634/3
f 2971/626/3 2969/628/3 2970/634/3
f 2972/635/3 2973/636/3 2974/637/3
f 2975/638/3 2972/635/3 2974/637/3
f 1847/639/1 2969/240/1 2971/349/1
f 2952/634/1 1847/639/1 2971/349/1
f 2955/636/1 2972/640/1 2975/641/1
f 2956/637/1 2955/636/1 2975/641/1
f 1851/756/7 2951/240/7 2953/349/7
f 2976/634/7 1851/756/7 2953/349/7
f 2977/636/7 2954/640/7 2957/641/7
f 2978/637/7 2977/636/7 2957/641/7
f 2958/628/7 1851/92/7 2976/634/7
f 2959/626/7 2958/628/7 2976/634/7
f 2962/635/7 2977/636/7 2978/637/7
f 2963/638/7 2962/635/7 2978/637/7
f 1850/92/3 2965/240/3 2966/349/3
f 2970/634/3 1850/92/3 2966/349/3
f 2973/636/3 2967/640/3 2968/641/3
f 2974/637/3 2973/636/3 2968/641/3
f 2979/251/11 2980/59/11 2981/221/11
f 2982/642/11 2979/251/11 2981/221/11
f 2983/643/11 2984/644/11 2985/349/11
f 2986/645/11 2983/643/11 2985/349/11
f 2987/58/7 2979/59/7 2982/221/7
f 2988/220/7 2987/58/7 2982/221/7
f 2989/646/7 2983/644/7 2986/349/7
f 2990/626/7 2989/646/7 2986/349/7
f 2991/251/12 2987/59/12 2988/221/12
f 2992/642/12 2991/251/12 2988/221/12
f 2993/643/12 2989/644/12 2990/349/12
f 2994/645/12 2993/643/12 2990/349/12
f 2995/58/5 2991/59/5 2992/221/5
f 2996/220/5 2995/58/5 2992/221/5
f 2997/646/5 2993/644/5 2994/349/5
f 2998/626/5 2997/646/5 2994/349/5
f 2999/251/10 2995/59/10 2996/221/10
f 3000/642/10 2999/251/10 2996/221/10
f 3001/643/10 2997/644/10 2998/349/10
f 3002/645/10 3001/643/10 2998/349/10
f 3003/58/3 2999/59/3 3000/221/3
f 3004/220/3 3003/58/3 3000/221/3
f 3005/646/3 3001/644/3 3002/349/3
f 3006/626/3 3005/646/3 3002/349/3
f 3007/251/9 3003/59/9 3004/221/9
f 3008/642/9 3007/251/9 3004/221/9
f 3009/643/9 3005/644/9 3006/349/9
f 3010/645/9 3009/643/9 3006/349/9
f 2980/58/1 3007/59/1 3008/221/1
f 2981/220/1 2980/58/1 3008/221/1
f 2984/646/1 3009/644/1 3010/349/1
f 2985/626/1 2984/646/1 3010/349/1
f 3011/628/1 1871/639/1 3012/634/1
f 3013/626/1 3011/628/1 3012/634/1
f 3014/635/1 3015/636/1 3016/637/1
f 3017/638/1 3014/635/1 3016/637/1
f 1877/670/5 3018/240/5 3019/349/5
f 3020/634/5 1877/670/5 3019/349/5
f 3021/636/5 3022/640/5 3023/641/5
f 3024/637/5 3021/636/5 3023/641/5
f 3025/628/5 1877/633/5 3020/634/5
f 3026/626/5 3025/628/5 3020/634/5
f 3027/635/5 3021/636/5 3024/637/5
f 3028/638/5 3027/635/5 3024/637/5
f 3029/628/3 1874/633/3 3030/634/3
f 3031/626/3 3029/628/3 3030/634/3
f 3032/635/3 3033/636/3 3034/637/3
f 3035/638/3 3032/635/3 3034/637/3
f 1871/639/1 3029/240/1 3031/349/1
f 3012/634/1 1871/639/1 3031/349/1
f 3015/636/1 3032/640/1 3035/641/1
f 3016/637/1 3015/636/1 3035/641/1
f 1875/756/7 3011/240/7 3013/349/7
f 3036/634/7 1875/756/7 3013/349/7
f 3037/636/7 3014/640/7 3017/641/7
f 3038/637/7 3037/636/7 3017/641/7
f 3018/628/7 1875/92/7 3036/634/7
f 3019/626/7 3018/628/7 3036/634/7
f 3022/635/7 3037/636/7 3038/637/7
f 3023/638/7 3022/635/7 3038/637/7
f 1874/92/3 3025/240/3 3026/349/3
f 3030/634/3 1874/92/3 3026/349/3
f 3033/636/3 3027/640/3 3028/641/3
f 3034/637/3 3033/636/3 3028/641/3
f 3039/251/11 3040/59/11 3041/221/11
f 3042/642/11 3039/251/11 3041/221/11
f 3043/643/11 3044/644/11 3045/349/11
f 3046/645/11 3043/643/11 3045/349/11
f 3047/58/7 3039/59/7 3042/221/7
f 3048/220/7 3047/58/7 3042/221/7
f 3049/646/7 3043/644/7 3046/349/7
f 3050/626/7 3049/646/7 3046/349/7
f 3051/251/12 3047/59/12 3048/221/12
f 3052/642/12 3051/251/12 3048/221/12
f 3053/643/12 3049/644/12 3050/349/12
f 3054/645/12 3053/643/12 3050/349/12
f 3055/58/5 3051/59/5 3052/221/5
f 3056/220/5 3055/58/5 3052/221/5
f 3057/646/5 3053/644/5 3054/349/5
f 3058/626/5 3057/646/5 3054/349/5
f 3059/251/10 3055/59/10 3056/221/10
f 3060/642/10 3059/251/10 3056/221/10
f 3061/643/10 3057/644/10 3058/349/10
f 3062/645/10 3061/643/10 3058/349/10
f 3063/58/3 3059/59/3 3060/221/3
f 3064/220/3 3063/58/3 3060/221/3
f 3065/646/3 3061/644/3 3062/349/3
f 3066/626/3 3065/646/3 3062/349/3
f 3067/251/9 3063/59/9 3064/221/9
f 3068/642/9 3067/251/9 3064/221/9
f 3069/643/9 3065/644/9 3066/349/9
f 3070/645/9 3069/643/9 3066/349/9
f 3040/58/1 3067/59/1 3068/221/1
f 3041/220/1 3040/58/1 3068/221/1
f 3044/646/1 3069/644/1 3070/349/1
f 3045/626/1 3044/646/1 3070/349/1
f 3071/657/8 3072/658/8 3073/659/8 3074/660/8
f 3074/661/7 3073/662/7 3075/659/7 3076/660/7
f 3076/657/6 3075/658/6 3077/659/6 3078/660/6
f 3078/661/5 3077/662/5 3079/659/5 3080/660/5
f 3080/657/4 3079/658/4 3081/659/4 3082/660/4
f 3082/661/3 3081/662/3 3083/659/3 3084/660/3
f 3084/657/2 3083/658/2 3085/659/2 3086/660/2
f 3086/661/1 3085/662/1 3072/659/1 3071/660/1
f 3087/665/1 3088/666/1 3089/659/1 3090/660/1
f 3090/663/9 3089/664/9 3091/659/9 3092/660/9
f 3092/665/3 3091/666/3 3093/659/3 3094/660/3
f 3094/663/10 3093/664/10 3095/659/10 3096/660/10
f 3096/665/5 3095/666/5 3097/659/5 3098/660/5
f 3098/663/12 3097/664/12 3099/659/12 3100/660/12
f 3100/665/7 3099/666/7 3101/659/7 3102/660/7
f 3102/663/11 3101/664/11 3088/659/11 3087/660/11
f 3103/757/10 3104/746/10 3105/354/10 3106/758/10
f 3106/759/6 3105/743/6 3107/95/6 3108/760/6
f 3109/761/11 3110/383/11 3111/178/11 3112/762/11
f 3112/763/2 3111/732/2 3113/29/2 3114/764/2
f 3114/765/10 3113/749/10 3115/189/10 3116/766/10
f 3108/767/11 3107/17/11 3117/290/11 3118/768/11
f 1706/736/4 3115/769/4 3104/770/4 1707/249/4
f 3116/739/4 1705/460/4 1708/59/4 3103/443/4
f 1694/736/8 3117/769/8 3110/770/8 1703/249/8
f 3118/739/8 1693/460/8 1704/59/8 3109/443/8
f 3119/657/8 3120/658/8 3121/659/8 3122/660/8
f 3122/661/7 3121/662/7 3123/659/7 3124/660/7
f 3124/657/6 3123/658/6 3125/659/6 3126/660/6
f 3126/661/5 3125/662/5 3127/659/5 3128/660/5
f 3128/657/4 3127/658/4 3129/659/4 3130/660/4
f 3130/661/3 3129/662/3 3131/659/3 3132/660/3
f 3132/657/2 3131/658/2 3133/659/2 3134/660/2
f 3134/661/1 3133/662/1 3120/659/1 3119/660/1
f 3135/665/1 3136/666/1 3137/659/1 3138/660/1
f 3138/663/9 3137/664/9 3139/659/9 3140/660/9
f 3140/665/3 3139/666/3 3141/659/3 3142/660/3
f 3142/663/10 3141/664/10 3143/659/10 3144/660/10
f 3144/665/5 3143/666/5 3145/659/5 3146/660/5
f 3146/663/12 3145/664/12 3147/659/12 3148/660/12
f 3148/665/7 3147/666/7 3149/659/7 3150/660/7
f 3150/663/11 3149/664/11 3136/659/11 3135/660/11
f 3151/771/111 3152/772/111 3153/773/111 3154/63/111
f 3155/736/4 3156/774/4 3152/775/4 3151/249/4
f 3157/771/112 3158/772/112 3159/773/112 3160/63/112
f 3161/736/8 3162/774/8 3158/775/8 3157/249/8
f 3163/776/113 3164/777/113 3165/773/113 3166/63/113
f 3167/771/111 3168/772/111 3162/773/111 3161/63/111
f 3169/771/112 3170/772/112 3156/773/112 3155/63/112
f 3160/736/4 3159/774/4 3168/775/4 3167/249/4
f 3166/736/8 3165/774/8 3171/775/8 3172/249/8
f 3172/776/114 3171/777/114 3173/773/114 3174/63/114
f 3174/736/4 3173/774/4 3164/775/4 3163/249/4
f 3175/736/8 3176/774/8 3177/775/8 3178/249/8
f 3178/343/115 3177/778/115 3179/773/115 3180/63/115
f 3181/776/116 3182/777/116 3183/773/116 3184/63/116
f 3180/736/117 3179/774/117 3185/775/117 3186/249/117
f 3187/736/118 3188/774/118 3182/775/118 3181/249/118
f 3186/343/119 3185/778/119 3176/773/119 3175/63/119
f 3184/736/4 3183/774/4 3189/775/4 3190/249/4
f 3154/736/8 3153/774/8 3170/775/8 3169/249/8
f 3190/776/120 3189/777/120 3188/773/120 3187/63/120
f 2236/779/4 2235/248/4 3191/59/4 3192/63/4
f 3192/779/6 3191/248/6 2248/59/6 2247/63/6
f 3193/588/25 3194/383/25 3195/59/25 3196/63/25
f 3197/780/26 3198/781/26 3194/383/26 3193/588/26
f 3199/782/5 3200/112/5 3198/251/5 3197/250/5
f 3201/783/27 3202/784/27 3200/251/27 3199/250/27
f 3203/785/7 3204/564/7 3202/248/7 3201/779/7
f 3205/786/28 3206/787/28 3204/248/28 3203/779/28
f 3207/788/29 3208/653/29 3206/550/29 3205/789/29
f 3209/378/30 3210/379/30 3208/653/30 3207/788/30
f 3211/790/31 3212/791/31 3210/279/31 3209/280/31
f 3213/420/32 3214/311/32 3212/383/32 3211/588/32
f 3215/792/33 3216/486/33 3214/297/33 3213/367/33
f 3217/793/34 3218/794/34 3216/486/34 3215/792/34
f 3219/20/1 3220/17/1 3218/232/1 3217/422/1
f 3221/795/35 3222/796/35 3220/232/35 3219/422/35
f 3223/797/3 3224/533/3 3222/70/3 3221/108/3
f 3225/798/36 3226/799/36 3224/70/36 3223/108/36
f 3227/434/37 3228/333/37 3226/279/37 3225/280/37
f 3229/800/38 3230/801/38 3228/387/38 3227/802/38
f 3231/803/11 3232/804/11 3230/801/11 3229/800/11
f 3196/776/39 3195/805/39 3232/486/39 3231/792/39
f 3233/779/4 3234/248/4 2234/59/4 2233/63/4
f 2240/779/2 2239/248/2 3234/59/2 3233/63/2
f 3235/779/2 3236/248/2 2254/59/2 2253/63/2
f 2244/779/8 2243/248/8 3236/59/8 3235/63/8
f 3237/779/8 3238/248/8 2242/59/8 2241/63/8
f 2232/779/6 2231/248/6 3238/59/6 3237/63/6
f 3239/806/121 3240/216/121 3241/59/121 3242/240/121
f 3243/806/122 3244/216/122 3240/59/122 3239/240/122
f 3245/628/42 3246/58/42 3244/59/42 3243/240/42
f 3247/807/7 3248/808/7 3249/418/7 3250/809/7
f 3251/809/7 3252/418/7 3248/418/7 3247/809/7
f 3253/810/123 3254/607/123 3252/426/123 3251/811/123
f 3255/806/124 3256/216/124 3254/59/124 3253/240/124
f 3257/812/125 3258/364/125 3256/813/125 3255/814/125
f 3259/807/48 3260/808/48 3258/418/48 3257/809/48
f 3261/815/50 3262/816/50 3263/437/50 3264/817/50
f 3242/806/126 3241/216/126 3262/59/126 3261/240/126
f 3265/818/112 3266/819/112 3267/820/112 3268/821/112
f 3268/821/6 3267/820/6 3246/29/6 3245/235/6
f 3264/822/2 3263/354/2 3269/397/2 3270/398/2
f 3271/823/111 3272/824/111 3273/229/111 3274/825/111
f 3250/826/6 3249/827/6 3275/229/6 3276/825/6
f 3274/825/2 3273/229/2 3260/251/2 3259/246/2
f 3277/828/116 3278/200/116 3279/270/116 3280/829/116
f 3276/830/112 3275/269/112 3281/70/112 3282/831/112
f 3270/832/111 3269/395/111 3283/51/111 3284/272/111
f 3285/833/127 3286/805/127 3287/59/127 3288/240/127
f 3288/825/128 3287/229/128 3272/251/128 3271/246/128
f 3282/826/6 3281/827/6 3278/229/6 3277/825/6
f 3289/834/129 3290/835/129 3291/418/129 3292/809/129
f 3292/825/2 3291/229/2 3286/251/2 3285/246/2
f 3280/826/6 3279/827/6 3293/229/6 3294/825/6
f 3295/836/113 3296/188/113 3297/142/113 3298/837/113
f 3294/838/130 3293/839/130 3299/611/130 3300/840/130
f 3298/825/2 3297/229/2 3290/251/2 3289/246/2
f 3300/826/6 3299/827/6 3301/229/6 3302/825/6
f 3302/841/131 3301/842/131 3303/383/131 3304/236/131
f 3284/825/2 3283/229/2 3296/251/2 3295/246/2
f 3304/826/6 3303/827/6 3266/229/6 3265/825/6
usemtl BRONZE1
f 3305/245/6 3306/246/6 304/240/6 303/241/6
f 3307/843/4 3308/629/4 3306/240/4 3305/241/4
f 276/245/2 275/246/2 3308/240/2 3307/241/2
f 521/844/2 520/582/2 507/251/2 506/645/2
f 511/844/6 510/582/6 515/251/6 514/645/6
f 3309/245/2 3310/246/2 1258/240/2 1257/241/2
f 3311/843/8 3312/629/8 3310/240/8 3309/241/8
f 1262/245/6 1261/246/6 3312/240/6 3311/241/6
f 1688/844/6 1687/582/6 1696/251/6 1695/645/6
f 1692/844/2 1691/582/2 1700/251/2 1699/645/2
usemtl ASHWALL3
f 3313/845/1 3314/846/1 3315/59/1 3316/847/1
f 3317/845/3 3318/846/3 3314/59/3 3313/847/3
f 3319/845/5 3320/846/5 3318/59/5 3317/847/5
f 3316/845/7 3315/846/7 3320/59/7 3319/847/7
f 3321/658/7 3322/848/7 3323/849/7 3324/659/7
f 3325/850/12 3326/851/12 3322/849/12 3321/659/12
f 3327/658/5 3328/848/5 3326/849/5 3325/659/5
f 3329/850/10 3330/851/10 3328/849/10 3327/659/10
f 3331/658/3 3332/848/3 3330/849/3 3329/659/3
f 3333/850/9 3334/851/9 3332/849/9 3331/659/9
f 3335/658/1 3336/848/1 3334/849/1 3333/659/1
f 3324/850/11 3323/851/11 3336/849/11 3335/659/11
f 3337/658/7 3338/848/7 3339/849/7 3340/659/7
f 3341/850/12 3342/851/12 3338/849/12 3337/659/12
f 3343/658/5 3344/848/5 3342/849/5 3341/659/5
f 3345/850/10 3346/851/10 3344/849/10 3343/659/10
f 3347/658/3 3348/848/3 3346/849/3 3345/659/3
f 3349/850/9 3350/851/9 3348/849/9 3347/659/9
f 3351/658/1 3352/848/1 3350/849/1 3349/659/1
f 3340/850/11 3339/851/11 3352/849/11 3351/659/11
f 3353/658/7 3354/848/7 3355/849/7 3356/659/7
f 3357/850/12 3358/851/12 3354/849/12 3353/659/12
f 3359/658/5 3360/848/5 3358/849/5 3357/659/5
f 3361/850/10 3362/851/10 3360/849/10 3359/659/10
f 3363/658/3 3364/848/3 3362/849/3 3361/659/3
f 3365/850/9 3366/851/9 3364/849/9 3363/659/9
f 3367/658/1 3368/848/1 3366/849/1 3365/659/1
f 3356/850/11 3355/851/11 3368/849/11 3367/659/11
f 3369/850/11 3370/851/11 3371/849/11 3372/659/11
f 3373/658/7 3374/848/7 3370/849/7 3369/659/7
f 3375/850/12 3376/851/12 3374/849/12 3373/659/12
f 3377/658/5 3378/848/5 3376/849/5 3375/659/5
f 3379/850/10 3380/851/10 3378/849/10 3377/659/10
f 3381/658/3 3382/848/3 3380/849/3 3379/659/3
f 3383/850/9 3384/851/9 3382/849/9 3381/659/9
f 3372/658/1 3371/848/1 3384/849/1 3383/659/1
f 3385/658/7 3386/848/7 3387/849/7 3388/659/7
f 3389/850/12 3390/851/12 3386/849/12 3385/659/12
f 3391/658/5 3392/848/5 3390/849/5 3389/659/5
f 3393/850/10 3394/851/10 3392/849/10 3391/659/10
f 3395/658/3 3396/848/3 3394/849/3 3393/659/3
f 3397/850/9 3398/851/9 3396/849/9 3395/659/9
f 3399/658/1 3400/848/1 3398/849/1 3397/659/1
f 3388/850/11 3387/851/11 3400/849/11 3399/659/11
f 3401/850/11 3402/851/11 3403/849/11 3404/659/11
f 3405/658/7 3406/848/7 3402/849/7 3401/659/7
f 3407/850/12 3408/851/12 3406/849/12 3405/659/12
f 3409/658/5 3410/848/5 3408/849/5 3407/659/5
f 3411/850/10 3412/851/10 3410/849/10 3409/659/10
f 3413/658/3 3414/848/3 3412/849/3 3411/659/3
f 3415/850/9 3416/851/9 3414/849/9 3413/659/9
f 3404/658/1 3403/848/1 3416/849/1 3415/659/1
f 3417/850/11 3418/851/11 3419/849/11 3420/659/11
f 3421/658/7 3422/848/7 3418/849/7 3417/659/7
f 3423/850/12 3424/851/12 3422/849/12 3421/659/12
f 3425/658/5 3426/848/5 3424/849/5 3423/659/5
f 3427/850/10 3428/851/10 3426/849/10 3425/659/10
f 3429/658/3 3430/848/3 3428/849/3 3427/659/3
f 3431/850/9 3432/851/9 3430/849/9 3429/659/9
f 3420/658/1 3419/848/1 3432/849/1 3431/659/1
usemtl FIRELAV2
f 3433/852/9 3434/853/9 3435/854/9 3436/249/9
f 3436/852/10 3435/853/10 3437/854/10 3438/249/10
f 3438/852/12 3437/853/12 3439/854/12 3440/249/12
f 3440/852/11 3439/853/11 3434/854/11 3433/249/11
f 3441/855/3 3442/856/3 3443/59/3 3444/857/3
f 3445/855/5 3446/856/5 3442/59/5 3441/857/5
f 3447/855/7 3448/856/7 3446/59/7 3445/857/7
f 3444/855/1 3443/856/1 3448/59/1 3447/857/1
f 3449/852/11 3450/853/11 3451/854/11 3452/249/11
f 3453/852/12 3454/853/12 3450/854/12 3449/249/12
f 3455/852/10 3456/853/10 3454/854/10 3453/249/10
f 3452/852/9 3451/853/9 3456/854/9 3455/249/9
usemtl Default
usemtl STONE4
f 2838/858/132 3457/859/132 13/860/132
f 2836/861/132 2838/858/132 13/860/132
f 3457/859/132 2838/858/132 2840/862/132
f 17/863/132 3457/859/132 2840/862/132
f 2836/861/133 13/860/133 16/864/133
f 17/863/132 2840/862/132 2842/865/132
f 27/261/132 17/863/132 2842/865/132
f 2836/861/132 16/864/132 45/866/132
f 2832/867/132 2836/861/132 45/866/132
f 27/261/132 2842/865/132 2844/868/132
f 40/869/132 27/261/132 2844/868/132
f 2832/867/132 45/866/132 48/870/132
f 2833/871/132 2832/867/132 48/870/132
f 40/869/132 2844/868/132 2846/872/132
f 37/873/132 40/869/132 2846/872/132
f 2833/871/132 48/870/132 37/873/132
f 2846/872/132 2833/871/132 37/873/132
f 3458/858/132 3459/859/132 10/860/132
f 3460/861/132 3458/858/132 10/860/132
f 3459/859/132 3458/858/132 3461/862/132
f 21/863/132 3459/859/132 3461/862/132
f 3460/861/133 10/860/133 4/864/133
f 21/863/132 3461/862/132 3462/865/132
f 22/261/132 21/863/132 3462/865/132
f 3460/861/132 4/864/132 3/866/132
f 3463/867/132 3460/861/132 3/866/132
f 22/261/132 3462/865/132 3464/868/132
f 30/869/132 22/261/132 3464/868/132
f 3463/867/132 3/866/132 42/870/132
f 3465/871/132 3463/867/132 42/870/132
f 30/869/132 3464/868/132 3466/872/132
f 34/873/132 30/869/132 3466/872/132
f 3465/871/132 42/870/132 34/873/132
f 3466/872/132 3465/871/132 34/873/132
f 3467/858/134 11/860/134 3468/859/134
f 3469/861/134 11/860/134 3467/858/134
f 3468/859/134 3470/862/134 3467/858/134
f 24/863/134 3470/862/134 3468/859/134
f 3469/861/134 5/864/134 11/860/134
f 24/863/134 3471/865/134 3470/862/134
f 23/261/134 3471/865/134 24/863/134
f 3469/861/134 6/866/134 5/864/134
f 3472/867/134 6/866/134 3469/861/134
f 23/261/134 3473/868/134 3471/865/134
f 31/869/134 3473/868/134 23/261/134
f 3472/867/135 43/870/135 6/866/135
f 3474/871/134 43/870/134 3472/867/134
f 31/869/134 3475/872/134 3473/868/134
f 35/873/134 3475/872/134 31/869/134
f 3474/871/134 35/873/134 43/870/134
f 3475/872/134 35/873/134 3474/871/134
f 2139/874/132 2142/875/132 2143/876/132
f 2140/874/134 2144/876/134 2141/875/134
f 2580/877/132 2551/878/132 2554/879/132
f 2583/880/132 3476/881/132 2580/877/132
f 2596/882/132 2583/880/132 2580/877/132
f 3476/881/132 2583/880/132 2582/883/132
f 2578/884/132 3476/881/132 2582/883/132
f 2572/885/132 2576/886/132 2578/884/132
f 2570/887/133 2572/885/133 2578/884/133
f 2564/888/132 2566/889/132 2570/887/132
f 2556/890/132 2560/891/132 2562/892/132
f 2554/879/132 2556/890/132 2562/892/132
f 2596/882/132 2580/877/132 2554/879/132
f 2578/884/132 2582/883/132 2586/893/132
f 2570/887/132 2578/884/132 2586/893/132
f 2594/894/132 2596/882/132 2554/879/132
f 2570/887/132 2586/893/132 2588/895/132
f 2594/894/132 2554/879/132 2562/892/132
f 2592/896/132 2594/894/132 2562/892/132
f 2570/887/132 2588/895/132 2590/897/132
f 2564/888/132 2570/887/132 2590/897/132
f 2592/896/132 2562/892/132 2564/888/132
f 2590/897/132 2592/896/132 2564/888/132
f 3477/877/132 3478/878/132 3479/879/132
f 3480/880/132 3481/881/132 3477/877/132
f 3482/882/132 3480/880/132 3477/877/132
f 3481/881/132 3480/880/132 3483/883/132
f 3484/884/132 3481/881/132 3483/883/132
f 3485/885/132 3486/886/132 3484/884/132
f 3487/887/133 3485/885/133 3484/884/133
f 3488/888/132 3489/889/132 3487/887/132
f 3490/890/132 3491/891/132 3492/892/132
f 3479/879/132 3490/890/132 3492/892/132
f 3482/882/132 3477/877/132 3479/879/132
f 3484/884/132 3483/883/132 3493/893/132
f 3487/887/132 3484/884/132 3493/893/132
f 3494/894/132 3482/882/132 3479/879/132
f 3487/887/132 3493/893/132 3495/895/132
f 3494/894/132 3479/879/132 3492/892/132
f 3496/896/132 3494/894/132 3492/892/132
f 3487/887/132 3495/895/132 3497/897/132
f 3488/888/132 3487/887/132 3497/897/132
f 3496/896/132 3492/892/132 3488/888/132
f 3497/897/132 3496/896/132 3488/888/132
f 3498/877/134 3499/879/134 3500/878/134
f 3501/880/134 3498/877/134 3502/881/134
f 3503/882/134 3498/877/134 3501/880/134
f 3502/881/134 3504/883/134 3501/880/134
f 3505/884/134 3504/883/134 3502/881/134
f 3506/885/134 3505/884/134 3507/886/134
f 3508/887/135 3505/884/135 3506/885/135
f 3509/888/134 3508/887/134 3510/889/134
f 3511/890/134 3512/892/134 3513/891/134
f 3499/879/134 3512/892/134 3511/890/134
f 3503/882/134 3499/879/134 3498/877/134
f 3505/884/134 3514/893/134 3504/883/134
f 3508/887/134 3514/893/134 3505/884/134
f 3515/894/134 3499/879/134 3503/882/134
f 3508/887/134 3516/895/134 3514/893/134
f 3515/894/134 3512/892/134 3499/879/134
f 3517/896/134 3512/892/134 3515/894/134
f 3508/887/134 3518/897/134 3516/895/134
f 3509/888/134 3518/897/134 3508/887/134
f 3517/896/134 3509/888/134 3512/892/134
f 3518/897/134 3509/888/134 3517/896/134
f 2149/898/132 2145/899/132 2148/900/132
f 2150/898/134 2147/900/134 2146/899/134
f 2788/901/132 2790/902/132 2785/903/132
f 2784/904/132 2788/901/132 2785/903/132
f 2151/905/132 2154/906/132 2156/907/132
f 2152/905/134 2155/907/134 2153/906/134
f 2159/908/132 2162/909/132 2164/910/132
f 2160/908/134 2163/910/134 2161/909/134
f 70/911/132 71/912/132 37/873/132
f 48/870/132 70/911/132 37/873/132
f 75/913/132 45/866/132 16/864/132
f 74/914/132 75/913/132 16/864/132
f 104/915/132 93/916/132 96/917/132
f 101/918/132 104/915/132 96/917/132
f 84/919/132 89/920/132 92/921/132
f 81/922/132 84/919/132 92/921/132
f 21/863/132 118/923/132 114/924/132
f 10/860/132 21/863/132 114/924/132
f 24/863/134 115/924/134 119/923/134
f 11/860/134 115/924/134 24/863/134
f 81/922/132 92/921/132 27/261/132
f 40/869/132 81/922/132 27/261/132
f 143/925/132 136/926/132 135/927/132
f 144/928/132 143/925/132 135/927/132
f 146/925/134 138/927/134 137/926/134
f 145/928/134 138/927/134 146/925/134
f 3519/929/132 185/930/132 188/931/132
f 2500/932/132 3519/929/132 188/931/132
f 2498/933/132 2500/932/132 188/931/132
f 3519/929/132 2500/932/132 2487/934/132
f 176/935/132 3519/929/132 2487/934/132
f 2498/933/132 188/931/132 153/936/132
f 2496/937/132 2498/933/132 153/936/132
f 176/935/132 2487/934/132 2486/938/132
f 173/939/132 176/935/132 2486/938/132
f 2496/937/132 153/936/132 156/928/132
f 2494/940/132 2496/937/132 156/928/132
f 173/939/132 2486/938/132 2490/941/132
f 164/942/132 173/939/132 2490/941/132
f 2494/940/132 156/928/132 158/927/132
f 2492/943/132 2494/940/132 158/927/132
f 164/942/132 2490/941/132 2492/943/132
f 158/927/132 164/942/132 2492/943/132
f 3520/929/132 180/930/132 179/931/132
f 3521/932/132 3520/929/132 179/931/132
f 3522/933/132 3521/932/132 179/931/132
f 3520/929/132 3521/932/132 3523/934/132
f 167/935/132 3520/929/132 3523/934/132
f 3522/933/132 179/931/132 150/936/132
f 3524/937/132 3522/933/132 150/936/132
f 167/935/132 3523/934/132 3525/938/132
f 168/939/132 167/935/132 3525/938/132
f 3524/937/132 150/936/132 144/928/132
f 3526/940/132 3524/937/132 144/928/132
f 168/939/132 3525/938/132 3527/941/132
f 160/942/132 168/939/132 3527/941/132
f 3526/940/132 144/928/132 135/927/132
f 3528/943/132 3526/940/132 135/927/132
f 160/942/132 3527/941/132 3528/943/132
f 135/927/132 160/942/132 3528/943/132
f 3529/929/134 182/931/134 181/930/134
f 3530/932/134 182/931/134 3529/929/134
f 3531/933/134 182/931/134 3530/932/134
f 3529/929/134 3532/934/134 3530/932/134
f 170/935/134 3532/934/134 3529/929/134
f 3531/933/134 151/936/134 182/931/134
f 3533/937/134 151/936/134 3531/933/134
f 170/935/134 3534/938/134 3532/934/134
f 169/939/134 3534/938/134 170/935/134
f 3533/937/134 145/928/134 151/936/134
f 3535/940/134 145/928/134 3533/937/134
f 169/939/134 3536/941/134 3534/938/134
f 161/942/134 3536/941/134 169/939/134
f 3535/940/134 138/927/134 145/928/134
f 3537/943/134 138/927/134 3535/940/134
f 161/942/134 3537/943/134 3536/941/134
f 138/927/134 3537/943/134 161/942/134
f 200/944/132 201/945/132 204/946/132
f 197/947/132 200/944/132 204/946/132
f 3538/948/132 249/949/132 252/950/132
f 2628/951/132 3538/948/132 252/950/132
f 2626/952/132 2628/951/132 252/950/132
f 3538/948/132 2628/951/132 2615/953/132
f 240/954/132 3538/948/132 2615/953/132
f 2626/952/132 252/950/132 225/955/132
f 2624/956/132 2626/952/132 225/955/132
f 240/954/132 2615/953/132 2614/957/132
f 216/958/132 240/954/132 2614/957/132
f 2624/956/132 225/955/132 228/959/132
f 2622/960/132 2624/956/132 228/959/132
f 216/958/132 2614/957/132 2618/961/132
f 213/962/132 216/958/132 2618/961/132
f 2622/960/132 228/959/132 234/963/132
f 2620/964/132 2622/960/132 234/963/132
f 213/962/132 2618/961/132 2620/964/132
f 234/963/132 213/962/132 2620/964/132
f 3539/948/132 244/949/132 243/950/132
f 3540/951/132 3539/948/132 243/950/132
f 3541/952/132 3540/951/132 243/950/132
f 3539/948/132 3540/951/132 3542/953/132
f 236/954/132 3539/948/132 3542/953/132
f 3541/952/132 243/950/132 220/955/132
f 3543/956/132 3541/952/132 220/955/132
f 236/954/132 3542/953/132 3544/957/132
f 207/958/132 236/954/132 3544/957/132
f 3543/956/132 220/955/132 219/959/132
f 3545/960/132 3543/956/132 219/959/132
f 207/958/132 3544/957/132 3546/961/132
f 208/962/132 207/958/132 3546/961/132
f 3545/960/132 219/959/132 230/963/132
f 3547/964/132 3545/960/132 230/963/132
f 208/962/132 3546/961/132 3547/964/132
f 230/963/132 208/962/132 3547/964/132
f 3548/948/134 246/950/134 245/949/134
f 3549/951/134 246/950/134 3548/948/134
f 3550/952/134 246/950/134 3549/951/134
f 3548/948/134 3551/953/134 3549/951/134
f 237/954/134 3551/953/134 3548/948/134
f 3550/952/134 221/955/134 246/950/134
f 3552/956/134 221/955/134 3550/952/134
f 237/954/134 3553/957/134 3551/953/134
f 210/958/134 3553/957/134 237/954/134
f 3552/956/135 222/959/135 221/955/135
f 3554/960/134 222/959/134 3552/956/134
f 210/958/134 3555/961/134 3553/957/134
f 209/962/134 3555/961/134 210/958/134
f 3554/960/134 231/963/134 222/959/134
f 3556/964/134 231/963/134 3554/960/134
f 209/962/134 3556/964/134 3555/961/134
f 231/963/134 3556/964/134 209/962/134
f 2679/965/133 2677/966/133 2676/967/133
f 2681/968/133 2679/965/133 2676/967/133
f 2671/969/132 2669/970/132 2668/971/132
f 2673/972/132 2671/969/132 2668/971/132
f 265/973/132 268/974/132 269/975/132
f 272/976/132 265/973/132 269/975/132
f 301/977/132 297/978/132 300/979/132
f 3305/980/132 303/981/132 301/977/132
f 273/982/132 276/983/132 3307/984/132
f 286/985/132 277/986/132 273/982/132
f 301/977/132 300/979/132 3557/987/132
f 3305/980/132 301/977/132 3557/987/132
f 286/985/132 273/982/132 3307/984/132
f 3558/988/132 286/985/132 3307/984/132
f 3305/980/132 3557/987/132 3558/988/132
f 3307/984/132 3305/980/132 3558/988/132
f 3559/977/132 292/978/132 291/979/132
f 3560/980/132 3561/981/132 3559/977/132
f 3562/982/132 3563/983/132 3564/984/132
f 282/985/132 281/986/132 3562/982/132
f 3559/977/132 291/979/132 3565/987/132
f 3560/980/132 3559/977/132 3565/987/132
f 282/985/132 3562/982/132 3564/984/132
f 3566/988/132 282/985/132 3564/984/132
f 3560/980/132 3565/987/132 3566/988/132
f 3564/984/132 3560/980/132 3566/988/132
f 302/977/134 294/979/134 293/978/134
f 3306/980/134 302/977/134 304/981/134
f 274/982/134 3308/984/134 275/983/134
f 283/985/134 274/982/134 278/986/134
f 302/977/134 3567/987/134 294/979/134
f 3306/980/134 3567/987/134 302/977/134
f 283/985/134 3308/984/134 274/982/134
f 3568/988/134 3308/984/134 283/985/134
f 3306/980/134 3568/988/134 3567/987/134
f 3308/984/134 3568/988/134 3306/980/134
f 2187/989/136 305/990/136 308/991/136
f 2169/992/137 309/993/137 305/990/137
f 309/993/138 2176/994/138 311/995/138
f 308/991/139 311/995/139 2183/996/139
f 2209/997/132 2213/998/132 2217/999/132
f 2197/1000/132 2205/1001/132 2209/997/132
f 2225/1002/132 2198/1003/132 2197/1000/132
f 3569/1004/132 2221/1005/132 2225/1002/132
f 2189/989/132 2188/991/132 3569/1004/132
f 3569/1004/132 2188/991/132 2184/996/132
f 2217/999/132 3569/1004/132 2184/996/132
f 2189/989/132 3569/1004/132 2225/1002/132
f 2209/997/132 2217/999/132 2177/994/132
f 2171/992/132 2189/989/132 2225/1002/132
f 2197/1000/132 2209/997/132 2171/992/132
f 2171/992/132 2225/1002/132 2197/1000/132
f 2212/997/134 2220/999/134 2216/998/134
f 2204/1000/134 2212/997/134 2208/1001/134
f 2228/1002/134 2204/1000/134 2203/1003/134
f 3570/1004/134 2228/1002/134 2224/1005/134
f 2190/989/134 3570/1004/134 2191/991/134
f 3570/1004/134 2185/996/134 2191/991/134
f 2220/999/134 2185/996/134 3570/1004/134
f 2190/989/134 2228/1002/134 3570/1004/134
f 2212/997/134 2180/994/134 2220/999/134
f 2172/992/134 2228/1002/134 2190/989/134
f 2204/1000/134 2172/992/134 2212/997/134
f 2172/992/134 2204/1000/134 2228/1002/134
f 325/1005/132 3322/1006/132 3326/1007/132
f 327/1002/132 325/1005/132 3326/1007/132
f 3322/1006/132 325/1005/132 323/999/132
f 3323/1008/132 3322/1006/132 323/999/132
f 327/1002/132 3326/1007/132 3328/1009/132
f 316/1003/132 327/1002/132 3328/1009/132
f 3323/1008/132 323/999/132 321/998/132
f 3336/1010/132 3323/1008/132 321/998/132
f 316/1003/132 3328/1009/132 3330/1011/132
f 313/1000/132 316/1003/132 3330/1011/132
f 3336/1010/132 321/998/132 319/997/132
f 3334/1012/132 3336/1010/132 319/997/132
f 313/1000/132 3330/1011/132 3332/1013/132
f 317/1001/132 313/1000/132 3332/1013/132
f 3334/1012/132 319/997/132 317/1001/132
f 3332/1013/132 3334/1012/132 317/1001/132
f 380/1014/132 382/1015/132 374/1016/132
f 2261/1017/132 380/1014/132 374/1016/132
f 373/1018/132 379/1019/132 389/1020/132
f 371/1021/132 373/1018/132 389/1020/132
f 2261/1017/132 374/1016/132 377/1022/132
f 2266/1023/132 2261/1017/132 377/1022/132
f 371/1021/132 389/1020/132 2264/1024/132
f 383/1025/132 371/1021/132 2264/1024/132
f 2266/1023/132 377/1022/132 383/1025/132
f 2264/1024/132 2266/1023/132 383/1025/132
f 114/924/132 118/923/132 136/926/132
f 143/925/132 114/924/132 136/926/132
f 115/924/134 137/926/134 119/923/134
f 146/925/134 137/926/134 115/924/134
f 84/919/132 225/955/132 252/950/132
f 89/920/132 84/919/132 252/950/132
f 436/1026/132 421/1027/132 424/1028/132
f 433/1029/132 436/1026/132 424/1028/132
f 427/1026/132 416/1027/132 415/1028/132
f 428/1029/132 427/1026/132 415/1028/132
f 430/1026/134 418/1028/134 417/1027/134
f 429/1029/134 418/1028/134 430/1026/134
f 440/1030/132 443/1031/132 2709/1032/132
f 446/1033/132 440/1030/132 2709/1032/132
f 437/1034/132 439/1035/132 446/1033/132
f 2709/1032/132 437/1034/132 446/1033/132
f 3571/1036/132 3572/1037/132 3573/1038/132
f 3574/1039/132 3571/1036/132 3573/1038/132
f 3572/1037/132 3571/1036/132 3575/1040/132
f 3576/1041/132 3572/1037/132 3575/1040/132
f 3577/1042/132 3576/1041/132 3575/1040/132
f 3574/1039/132 3573/1038/132 3578/1043/132
f 3579/1044/132 3574/1039/132 3578/1043/132
f 3577/1042/132 3575/1040/132 3580/1045/132
f 3581/1046/132 3577/1042/132 3580/1045/132
f 3579/1044/132 3578/1043/132 3582/1047/132
f 3583/1048/132 3579/1044/132 3582/1047/132
f 3581/1046/132 3580/1045/132 3584/1049/132
f 3585/1050/132 3581/1046/132 3584/1049/132
f 3583/1048/132 3582/1047/132 3586/1051/132
f 3587/1052/132 3583/1048/132 3586/1051/132
f 3585/1050/132 3584/1049/132 3587/1052/132
f 3586/1051/132 3585/1050/132 3587/1052/132
f 3588/1036/134 3589/1038/134 3590/1037/134
f 3591/1039/134 3589/1038/134 3588/1036/134
f 3590/1037/134 3592/1040/134 3588/1036/134
f 3593/1041/134 3592/1040/134 3590/1037/134
f 3594/1042/134 3592/1040/134 3593/1041/134
f 3591/1039/134 3595/1043/134 3589/1038/134
f 3596/1044/134 3595/1043/134 3591/1039/134
f 3594/1042/134 3597/1045/134 3592/1040/134
f 3598/1046/134 3597/1045/134 3594/1042/134
f 3596/1044/134 3599/1047/134 3595/1043/134
f 3600/1048/134 3599/1047/134 3596/1044/134
f 3598/1046/134 3601/1049/134 3597/1045/134
f 3602/1050/134 3601/1049/134 3598/1046/134
f 3600/1048/134 3603/1051/134 3599/1047/134
f 3604/1052/134 3603/1051/134 3600/1048/134
f 3602/1050/134 3604/1052/134 3601/1049/134
f 3603/1051/134 3604/1052/134 3602/1050/134
f 2610/1053/132 2612/1054/132 2599/1055/132
f 2606/1056/132 2608/1057/132 2610/1053/132
f 2602/1058/132 2604/1059/132 2606/1056/132
f 3605/1060/132 2598/1061/132 2602/1058/132
f 3321/1006/132 3605/1060/132 2602/1058/132
f 3325/1007/132 3321/1006/132 2602/1058/132
f 3605/1060/132 3321/1006/132 3324/1008/132
f 2599/1055/132 3605/1060/132 3324/1008/132
f 3327/1009/132 3325/1007/132 2602/1058/132
f 2599/1055/132 3324/1008/132 3335/1010/132
f 3327/1009/132 2602/1058/132 2606/1056/132
f 2610/1053/132 2599/1055/132 3335/1010/132
f 3329/1011/132 3327/1009/132 2606/1056/132
f 2610/1053/132 3335/1010/132 3333/1012/132
f 3331/1013/132 3329/1011/132 2606/1056/132
f 2610/1053/132 3333/1012/132 3331/1013/132
f 3331/1013/132 2606/1056/132 2610/1053/132
f 3606/1053/132 3607/1054/132 3608/1055/132
f 3609/1056/132 3610/1057/132 3606/1053/132
f 3611/1058/132 3612/1059/132 3609/1056/132
f 3613/1060/132 3614/1061/132 3611/1058/132
f 459/1006/132 3613/1060/132 3611/1058/132
f 465/1007/132 459/1006/132 3611/1058/132
f 3613/1060/132 459/1006/132 458/1008/132
f 3608/1055/132 3613/1060/132 458/1008/132
f 469/1009/132 465/1007/132 3611/1058/132
f 3608/1055/132 458/1008/132 485/1010/132
f 469/1009/132 3611/1058/132 3609/1056/132
f 3606/1053/132 3608/1055/132 485/1010/132
f 473/1011/132 469/1009/132 3609/1056/132
f 3606/1053/132 485/1010/132 481/1012/132
f 477/1013/132 473/1011/132 3609/1056/132
f 3606/1053/132 481/1012/132 477/1013/132
f 477/1013/132 3609/1056/132 3606/1053/132
f 3615/1053/135 3616/1055/135 3617/1054/135
f 3618/1056/135 3615/1053/135 3619/1057/135
f 3620/1058/135 3618/1056/135 3621/1059/135
f 3622/1060/135 3620/1058/135 3623/1061/135
f 460/1006/134 3620/1058/134 3622/1060/134
f 466/1007/134 3620/1058/134 460/1006/134
f 3622/1060/134 461/1008/134 460/1006/134
f 3616/1055/134 461/1008/134 3622/1060/134
f 470/1009/134 3620/1058/134 466/1007/134
f 3616/1055/134 486/1010/134 461/1008/134
f 470/1009/135 3618/1056/135 3620/1058/135
f 3615/1053/134 486/1010/134 3616/1055/134
f 474/1011/134 3618/1056/134 470/1009/134
f 3615/1053/134 482/1012/134 486/1010/134
f 478/1013/134 3618/1056/134 474/1011/134
f 3615/1053/134 478/1013/134 482/1012/134
f 478/1013/135 3615/1053/135 3618/1056/135
f 2299/1062/132 488/1063/132 490/1064/132
f 494/1065/132 497/1066/132 2299/1062/132
f 491/1067/132 494/1065/132 2299/1062/132
f 2299/1062/132 490/1064/132 491/1067/132
f 2703/1068/132 2702/1069/132 2707/1070/132
f 2705/1071/132 2703/1068/132 2707/1070/132
f 2695/1072/132 2694/1073/132 2699/1074/132
f 2697/1075/132 2695/1072/132 2699/1074/132
f 2687/1076/132 2685/1077/132 2684/1078/132
f 2689/1079/132 2687/1076/132 2684/1078/132
f 2691/1080/132 2689/1079/132 2684/1078/132
f 502/1081/132 505/1082/132 516/1083/132
f 511/1084/132 514/1085/132 502/1081/132
f 508/1086/132 511/1084/132 502/1081/132
f 501/1087/132 512/1088/132 508/1086/132
f 498/1089/132 501/1087/132 508/1086/132
f 521/1090/132 506/1091/132 498/1089/132
f 519/1092/132 521/1090/132 498/1089/132
f 502/1081/132 516/1083/132 519/1092/132
f 498/1089/132 508/1086/132 502/1081/132
f 519/1092/132 498/1089/132 502/1081/132
f 503/1081/134 517/1083/134 504/1082/134
f 510/1084/134 503/1081/134 515/1085/134
f 509/1086/134 503/1081/134 510/1084/134
f 500/1087/134 509/1086/134 513/1088/134
f 499/1089/134 509/1086/134 500/1087/134
f 520/1090/134 499/1089/134 507/1091/134
f 518/1092/134 499/1089/134 520/1090/134
f 503/1081/134 518/1092/134 517/1083/134
f 499/1089/134 503/1081/134 509/1086/134
f 518/1092/134 503/1081/134 499/1089/134
f 523/1093/140 71/912/140 70/911/140
f 522/1094/140 523/1093/140 70/911/140
f 532/1095/132 530/1096/132 528/1097/132
f 2711/1098/132 532/1095/132 528/1097/132
f 527/1099/132 537/1100/132 2713/1101/132
f 524/1102/132 527/1099/132 2713/1101/132
f 2711/1098/132 528/1097/132 524/1102/132
f 2713/1101/132 2711/1098/132 524/1102/132
f 2301/1103/132 548/1104/132 544/1105/132
f 552/1106/132 555/1107/132 2301/1103/132
f 547/1108/132 552/1106/132 2301/1103/132
f 2301/1103/132 544/1105/132 547/1108/132
f 560/1109/132 556/1110/132 559/1111/132
f 2166/1112/132 560/1109/132 559/1111/132
f 562/1113/132 564/1114/132 2166/1112/132
f 559/1111/132 562/1113/132 2166/1112/132
f 569/1115/132 566/1116/132 568/1117/132
f 574/1118/132 572/1119/132 569/1115/132
f 2650/1120/132 574/1118/132 569/1115/132
f 569/1115/132 568/1117/132 2650/1120/132
f 582/1121/132 580/1122/132 577/1123/132
f 585/1124/132 584/1125/132 582/1121/132
f 586/1126/132 585/1124/132 582/1121/132
f 590/1127/132 588/1128/132 586/1126/132
f 592/1129/132 590/1127/132 586/1126/132
f 269/975/132 268/974/132 592/1129/132
f 595/1130/132 269/975/132 592/1129/132
f 600/1131/132 598/1132/132 595/1130/132
f 579/1133/132 602/1134/132 600/1131/132
f 577/1123/132 579/1133/132 600/1131/132
f 582/1121/132 577/1123/132 600/1131/132
f 586/1126/132 582/1121/132 600/1131/132
f 592/1129/132 586/1126/132 600/1131/132
f 595/1130/132 592/1129/132 600/1131/132
f 614/1135/132 611/1136/132 610/1137/132
f 616/1138/132 614/1135/132 610/1137/132
f 623/1139/132 621/1140/132 619/1141/132
f 2304/1142/132 623/1139/132 619/1141/132
f 616/1138/132 610/1137/132 2304/1142/132
f 619/1141/132 616/1138/132 2304/1142/132
f 632/1143/132 2821/1144/132 2820/1145/132
f 629/1146/132 632/1143/132 2820/1145/132
f 2821/1144/132 632/1143/132 639/1147/132
f 2830/1148/132 2821/1144/132 639/1147/132
f 629/1146/132 2820/1145/132 2826/1149/132
f 635/1150/132 629/1146/132 2826/1149/132
f 2830/1148/132 639/1147/132 635/1150/132
f 2826/1149/132 2830/1148/132 635/1150/132
f 627/1143/134 2815/1145/134 2818/1144/134
f 626/1146/134 2815/1145/134 627/1143/134
f 2818/1144/134 638/1147/134 627/1143/134
f 2827/1148/134 638/1147/134 2818/1144/134
f 626/1146/134 2823/1149/134 2815/1145/134
f 634/1150/134 2823/1149/134 626/1146/134
f 2827/1148/134 634/1150/134 638/1147/134
f 2823/1149/134 634/1150/134 2827/1148/134
f 2323/1151/136 641/1152/136 644/1153/136
f 2305/1154/137 645/1155/137 641/1152/137
f 645/1155/138 2312/1156/138 647/1157/138
f 644/1153/139 647/1157/139 2319/1158/139
f 2345/1159/132 2349/1160/132 2353/1161/132
f 2333/1162/132 2341/1163/132 2345/1159/132
f 2361/1164/132 2334/1165/132 2333/1162/132
f 3624/1166/132 2357/1167/132 2361/1164/132
f 2325/1151/132 2324/1153/132 3624/1166/132
f 3624/1166/132 2324/1153/132 2320/1158/132
f 2353/1161/132 3624/1166/132 2320/1158/132
f 2325/1151/132 3624/1166/132 2361/1164/132
f 2345/1159/132 2353/1161/132 2313/1156/132
f 2307/1154/132 2325/1151/132 2361/1164/132
f 2333/1162/132 2345/1159/132 2307/1154/132
f 2307/1154/132 2361/1164/132 2333/1162/132
f 2348/1159/134 2356/1161/134 2352/1160/134
f 2340/1162/134 2348/1159/134 2344/1163/134
f 2364/1164/134 2340/1162/134 2339/1165/134
f 3625/1166/134 2364/1164/134 2360/1167/134
f 2326/1151/134 3625/1166/134 2327/1153/134
f 3625/1166/134 2321/1158/134 2327/1153/134
f 2356/1161/134 2321/1158/134 3625/1166/134
f 2326/1151/134 2364/1164/134 3625/1166/134
f 2348/1159/134 2316/1156/134 2356/1161/134
f 2308/1154/134 2364/1164/134 2326/1151/134
f 2340/1162/134 2308/1154/134 2348/1159/134
f 2308/1154/134 2340/1162/134 2364/1164/134
f 661/1167/132 3354/1168/132 3358/1169/132
f 663/1164/132 661/1167/132 3358/1169/132
f 3354/1168/132 661/1167/132 659/1161/132
f 3355/1170/132 3354/1168/132 659/1161/132
f 663/1164/132 3358/1169/132 3360/1171/132
f 652/1165/132 663/1164/132 3360/1171/132
f 3355/1170/132 659/1161/132 657/1160/132
f 3368/1172/132 3355/1170/132 657/1160/132
f 652/1165/132 3360/1171/132 3362/1173/132
f 649/1162/132 652/1165/132 3362/1173/132
f 3368/1172/132 657/1160/132 655/1159/132
f 3366/1174/132 3368/1172/132 655/1159/132
f 649/1162/132 3362/1173/132 3364/1175/132
f 653/1163/132 649/1162/132 3364/1175/132
f 3366/1174/132 655/1159/132 653/1163/132
f 3364/1175/132 3366/1174/132 653/1163/132
f 2383/1176/136 665/1177/136 668/92/136
f 2365/1178/137 669/341/137 665/1177/137
f 669/341/138 2372/345/138 671/240/138
f 668/92/139 671/240/139 2379/1179/139
f 2405/1180/132 2409/243/132 2413/1181/132
f 2393/1182/132 2401/1183/132 2405/1180/132
f 2421/1184/132 2394/1185/132 2393/1182/132
f 3626/9/132 2417/1186/132 2421/1184/132
f 2385/1176/132 2384/92/132 3626/9/132
f 3626/9/132 2384/92/132 2380/1179/132
f 2413/1181/132 3626/9/132 2380/1179/132
f 2385/1176/132 3626/9/132 2421/1184/132
f 2405/1180/132 2413/1181/132 2373/345/132
f 2367/1178/132 2385/1176/132 2421/1184/132
f 2393/1182/132 2405/1180/132 2367/1178/132
f 2367/1178/132 2421/1184/132 2393/1182/132
f 2408/1180/134 2416/1181/134 2412/243/134
f 2400/1182/134 2408/1180/134 2404/1183/134
f 2424/1184/134 2400/1182/134 2399/1185/134
f 3627/9/134 2424/1184/134 2420/1186/134
f 2386/1176/134 3627/9/134 2387/92/134
f 3627/9/134 2381/1179/134 2387/92/134
f 2416/1181/134 2381/1179/134 3627/9/134
f 2386/1176/134 2424/1184/134 3627/9/134
f 2408/1180/134 2376/345/134 2416/1181/134
f 2368/1178/134 2424/1184/134 2386/1176/134
f 2400/1182/134 2368/1178/134 2408/1180/134
f 2368/1178/134 2400/1182/134 2424/1184/134
f 685/1186/132 3386/1187/132 3390/1188/132
f 687/1184/132 685/1186/132 3390/1188/132
f 3386/1187/132 685/1186/132 683/1181/132
f 3387/235/132 3386/1187/132 683/1181/132
f 687/1184/132 3390/1188/132 3392/1189/132
f 676/1185/132 687/1184/132 3392/1189/132
f 3387/235/132 683/1181/132 681/243/132
f 3400/93/132 3387/235/132 681/243/132
f 676/1185/132 3392/1189/132 3394/1190/132
f 673/1182/132 676/1185/132 3394/1190/132
f 3400/93/132 681/243/132 679/1180/132
f 3398/1191/132 3400/93/132 679/1180/132
f 673/1182/132 3394/1190/132 3396/1192/132
f 677/1183/132 673/1182/132 3396/1192/132
f 3398/1191/132 679/1180/132 677/1183/132
f 3396/1192/132 3398/1191/132 677/1183/132
f 2443/1193/136 689/1194/136 692/1195/136
f 2425/1196/137 693/1197/137 689/1194/137
f 693/1197/138 2432/1198/138 695/1199/138
f 692/1195/139 695/1199/139 2439/1200/139
f 2465/1201/132 2469/1202/132 2473/1203/132
f 2453/1204/132 2461/1205/132 2465/1201/132
f 2481/1206/132 2454/1207/132 2453/1204/132
f 3628/1208/132 2477/1209/132 2481/1206/132
f 2445/1193/132 2444/1195/132 3628/1208/132
f 3628/1208/132 2444/1195/132 2440/1200/132
f 2473/1203/132 3628/1208/132 2440/1200/132
f 2445/1193/132 3628/1208/132 2481/1206/132
f 2465/1201/132 2473/1203/132 2433/1198/132
f 2427/1196/132 2445/1193/132 2481/1206/132
f 2453/1204/132 2465/1201/132 2427/1196/132
f 2427/1196/132 2481/1206/132 2453/1204/132
f 2468/1201/134 2476/1203/134 2472/1202/134
f 2460/1204/134 2468/1201/134 2464/1205/134
f 2484/1206/134 2460/1204/134 2459/1207/134
f 3629/1208/134 2484/1206/134 2480/1209/134
f 2446/1193/134 3629/1208/134 2447/1195/134
f 3629/1208/134 2441/1200/134 2447/1195/134
f 2476/1203/134 2441/1200/134 3629/1208/134
f 2446/1193/134 2484/1206/134 3629/1208/134
f 2468/1201/134 2436/1198/134 2476/1203/134
f 2428/1196/134 2484/1206/134 2446/1193/134
f 2460/1204/134 2428/1196/134 2468/1201/134
f 2428/1196/134 2460/1204/134 2484/1206/134
f 709/1209/132 3338/1210/132 3342/1211/132
f 711/1206/132 709/1209/132 3342/1211/132
f 3338/1210/132 709/1209/132 707/1203/132
f 3339/1212/132 3338/1210/132 707/1203/132
f 711/1206/132 3342/1211/132 3344/1213/132
f 700/1207/132 711/1206/132 3344/1213/132
f 3339/1212/132 707/1203/132 705/1202/132
f 3352/1214/132 3339/1212/132 705/1202/132
f 700/1207/132 3344/1213/132 3346/1215/132
f 697/1204/132 700/1207/132 3346/1215/132
f 3352/1214/132 705/1202/132 703/1201/132
f 3350/1216/132 3352/1214/132 703/1201/132
f 697/1204/132 3346/1215/132 3348/1217/132
f 701/1205/132 697/1204/132 3348/1217/132
f 3350/1216/132 703/1201/132 701/1205/132
f 3348/1217/132 3350/1216/132 701/1205/132
f 2780/1218/132 2782/1219/132 2777/1220/132
f 2776/1221/132 2780/1218/132 2777/1220/132
f 724/1222/141 726/1223/141 721/1224/141
f 723/1225/141 724/1222/141 721/1224/141
f 3630/1226/132 3631/1227/132 3521/932/132
f 3632/1228/133 3630/1226/133 3521/932/133
f 3631/1227/132 3630/1226/132 3633/1229/132
f 3523/934/132 3631/1227/132 3633/1229/132
f 3525/938/132 3523/934/132 3633/1229/132
f 3632/1228/133 3521/932/133 3522/933/133
f 3634/1230/132 3632/1228/132 3522/933/132
f 3525/938/132 3633/1229/132 3635/1231/132
f 3527/941/132 3525/938/132 3635/1231/132
f 3634/1230/132 3522/933/132 3524/937/132
f 3636/1232/132 3634/1230/132 3524/937/132
f 3527/941/132 3635/1231/132 3637/1233/132
f 3528/943/132 3527/941/132 3637/1233/132
f 3636/1232/132 3524/937/132 3526/940/132
f 3638/1234/132 3636/1232/132 3526/940/132
f 3528/943/133 3637/1233/133 3638/1234/133
f 3526/940/132 3528/943/132 3638/1234/132
f 3639/1226/134 3530/932/134 3640/1227/134
f 3641/1228/135 3530/932/135 3639/1226/135
f 3640/1227/134 3642/1229/134 3639/1226/134
f 3532/934/134 3642/1229/134 3640/1227/134
f 3534/938/134 3642/1229/134 3532/934/134
f 3641/1228/134 3531/933/134 3530/932/134
f 3643/1230/134 3531/933/134 3641/1228/134
f 3534/938/134 3644/1231/134 3642/1229/134
f 3536/941/134 3644/1231/134 3534/938/134
f 3643/1230/134 3533/937/134 3531/933/134
f 3645/1232/134 3533/937/134 3643/1230/134
f 3536/941/134 3646/1233/134 3644/1231/134
f 3537/943/135 3646/1233/135 3536/941/135
f 3645/1232/134 3535/940/134 3533/937/134
f 3647/1234/134 3535/940/134 3645/1232/134
f 3537/943/135 3647/1234/135 3646/1233/135
f 3535/940/134 3647/1234/134 3537/943/134
f 3337/1210/132 3648/1235/132 2502/1228/132
f 3341/1211/133 3337/1210/133 2502/1228/133
f 3648/1235/132 3337/1210/132 3340/1212/132
f 2503/1226/132 3648/1235/132 3340/1212/132
f 2516/1229/133 2503/1226/133 3340/1212/133
f 2512/1233/132 2514/1231/132 2516/1229/132
f 2508/1232/132 2510/1234/132 2512/1233/132
f 2502/1228/132 2506/1230/132 2508/1232/132
f 3341/1211/132 2502/1228/132 2508/1232/132
f 2516/1229/132 3340/1212/132 3351/1214/132
f 3343/1213/132 3341/1211/132 2508/1232/132
f 2516/1229/132 3351/1214/132 3349/1216/132
f 3345/1215/132 3343/1213/132 2508/1232/132
f 2512/1233/132 2516/1229/132 3349/1216/132
f 3345/1215/133 2508/1232/133 2512/1233/133
f 2512/1233/133 3349/1216/133 3347/1217/133
f 3347/1217/132 3345/1215/132 2512/1233/132
f 730/1210/132 3649/1235/132 3632/1228/132
f 736/1211/133 730/1210/133 3632/1228/133
f 3649/1235/132 730/1210/132 729/1212/132
f 3630/1226/132 3649/1235/132 729/1212/132
f 3633/1229/133 3630/1226/133 729/1212/133
f 3637/1233/132 3635/1231/132 3633/1229/132
f 3636/1232/132 3638/1234/132 3637/1233/132
f 3632/1228/132 3634/1230/132 3636/1232/132
f 736/1211/132 3632/1228/132 3636/1232/132
f 3633/1229/132 729/1212/132 756/1214/132
f 740/1213/132 736/1211/132 3636/1232/132
f 3633/1229/132 756/1214/132 752/1216/132
f 744/1215/132 740/1213/132 3636/1232/132
f 3637/1233/132 3633/1229/132 752/1216/132
f 744/1215/133 3636/1232/133 3637/1233/133
f 3637/1233/133 752/1216/133 748/1217/133
f 748/1217/132 744/1215/132 3637/1233/132
f 731/1210/134 3641/1228/134 3650/1235/134
f 737/1211/135 3641/1228/135 731/1210/135
f 3650/1235/134 732/1212/134 731/1210/134
f 3639/1226/134 732/1212/134 3650/1235/134
f 3642/1229/135 732/1212/135 3639/1226/135
f 3646/1233/134 3642/1229/134 3644/1231/134
f 3645/1232/134 3646/1233/134 3647/1234/134
f 3641/1228/134 3645/1232/134 3643/1230/134
f 737/1211/134 3645/1232/134 3641/1228/134
f 3642/1229/134 757/1214/134 732/1212/134
f 741/1213/134 3645/1232/134 737/1211/134
f 3642/1229/134 753/1216/134 757/1214/134
f 745/1215/134 3645/1232/134 741/1213/134
f 3646/1233/134 753/1216/134 3642/1229/134
f 745/1215/134 3646/1233/134 3645/1232/134
f 3646/1233/135 749/1217/135 753/1216/135
f 749/1217/134 3646/1233/134 745/1215/134
f 3353/1168/132 3651/1236/132 2630/1237/132
f 3357/1169/132 3353/1168/132 2630/1237/132
f 3651/1236/132 3353/1168/132 3356/1170/132
f 2631/1238/132 3651/1236/132 3356/1170/132
f 2644/1239/132 2631/1238/132 3356/1170/132
f 2640/1240/132 2642/1241/132 2644/1239/132
f 2636/1242/132 2638/1243/132 2640/1240/132
f 2630/1237/132 2634/1244/132 2636/1242/132
f 3357/1169/133 2630/1237/133 2636/1242/133
f 2644/1239/133 3356/1170/133 3367/1172/133
f 3359/1171/132 3357/1169/132 2636/1242/132
f 2644/1239/132 3367/1172/132 3365/1174/132
f 3361/1173/133 3359/1171/133 2636/1242/133
f 2640/1240/132 2644/1239/132 3365/1174/132
f 3361/1173/132 2636/1242/132 2640/1240/132
f 2640/1240/132 3365/1174/132 3363/1175/132
f 3363/1175/132 3361/1173/132 2640/1240/132
f 762/1168/132 3652/1236/132 3653/1237/132
f 768/1169/132 762/1168/132 3653/1237/132
f 3652/1236/132 762/1168/132 761/1170/132
f 3654/1238/132 3652/1236/132 761/1170/132
f 3655/1239/132 3654/1238/132 761/1170/132
f 3656/1240/132 3657/1241/132 3655/1239/132
f 3658/1242/132 3659/1243/132 3656/1240/132
f 3653/1237/132 3660/1244/132 3658/1242/132
f 768/1169/133 3653/1237/133 3658/1242/133
f 3655/1239/133 761/1170/133 788/1172/133
f 772/1171/132 768/1169/132 3658/1242/132
f 3655/1239/132 788/1172/132 784/1174/132
f 776/1173/133 772/1171/133 3658/1242/133
f 3656/1240/132 3655/1239/132 784/1174/132
f 776/1173/132 3658/1242/132 3656/1240/132
f 3656/1240/132 784/1174/132 780/1175/132
f 780/1175/132 776/1173/132 3656/1240/132
f 763/1168/134 3661/1237/134 3662/1236/134
f 769/1169/134 3661/1237/134 763/1168/134
f 3662/1236/134 764/1170/134 763/1168/134
f 3663/1238/134 764/1170/134 3662/1236/134
f 3664/1239/134 764/1170/134 3663/1238/134
f 3665/1240/134 3664/1239/134 3666/1241/134
f 3667/1242/134 3665/1240/134 3668/1243/134
f 3661/1237/134 3667/1242/134 3669/1244/134
f 769/1169/134 3667/1242/134 3661/1237/134
f 3664/1239/135 789/1172/135 764/1170/135
f 773/1171/134 3667/1242/134 769/1169/134
f 3664/1239/134 785/1174/134 789/1172/134
f 777/1173/135 3667/1242/135 773/1171/135
f 3665/1240/135 785/1174/135 3664/1239/135
f 777/1173/134 3665/1240/134 3667/1242/134
f 3665/1240/134 781/1175/134 785/1174/134
f 781/1175/134 3665/1240/134 777/1173/134
f 3373/1245/132 3670/1246/132 2289/1039/132
f 3375/1247/132 3373/1245/132 2289/1039/132
f 3670/1246/132 3373/1245/132 3369/1248/132
f 2291/1036/132 3670/1246/132 3369/1248/132
f 2293/1040/133 2291/1036/133 3369/1248/133
f 2297/1049/133 2295/1045/133 2293/1040/133
f 2285/1048/133 2284/1052/133 2297/1049/133
f 2289/1039/133 2287/1044/133 2285/1048/133
f 3375/1247/133 2289/1039/133 2285/1048/133
f 2293/1040/132 3369/1248/132 3372/1249/132
f 3377/1250/132 3375/1247/132 2285/1048/132
f 2293/1040/132 3372/1249/132 3383/1251/132
f 3379/1252/132 3377/1250/132 2285/1048/132
f 2297/1049/132 2293/1040/132 3383/1251/132
f 3379/1252/133 2285/1048/133 2297/1049/133
f 2297/1049/132 3383/1251/132 3381/1253/132
f 3381/1253/132 3379/1252/132 2297/1049/132
f 800/1245/132 3671/1246/132 3574/1039/132
f 804/1247/132 800/1245/132 3574/1039/132
f 3671/1246/132 800/1245/132 794/1248/132
f 3571/1036/132 3671/1246/132 794/1248/132
f 3575/1040/133 3571/1036/133 794/1248/133
f 3584/1049/133 3580/1045/133 3575/1040/133
f 3583/1048/133 3587/1052/133 3584/1049/133
f 3574/1039/133 3579/1044/133 3583/1048/133
f 804/1247/133 3574/1039/133 3583/1048/133
f 3575/1040/132 794/1248/132 793/1249/132
f 808/1250/132 804/1247/132 3583/1048/132
f 3575/1040/132 793/1249/132 820/1251/132
f 812/1252/132 808/1250/132 3583/1048/132
f 3584/1049/132 3575/1040/132 820/1251/132
f 812/1252/133 3583/1048/133 3584/1049/133
f 3584/1049/132 820/1251/132 816/1253/132
f 816/1253/132 812/1252/132 3584/1049/132
f 801/1245/134 3591/1039/134 3672/1246/134
f 805/1247/134 3591/1039/134 801/1245/134
f 3672/1246/134 795/1248/134 801/1245/134
f 3588/1036/134 795/1248/134 3672/1246/134
f 3592/1040/135 795/1248/135 3588/1036/135
f 3601/1049/135 3592/1040/135 3597/1045/135
f 3600/1048/135 3601/1049/135 3604/1052/135
f 3591/1039/135 3600/1048/135 3596/1044/135
f 805/1247/134 3600/1048/134 3591/1039/134
f 3592/1040/134 796/1249/134 795/1248/134
f 809/1250/134 3600/1048/134 805/1247/134
f 3592/1040/134 821/1251/134 796/1249/134
f 813/1252/134 3600/1048/134 809/1250/134
f 3601/1049/135 821/1251/135 3592/1040/135
f 813/1252/134 3601/1049/134 3600/1048/134
f 3601/1049/134 817/1253/134 821/1251/134
f 817/1253/134 3601/1049/134 813/1252/134
f 3673/1254/132 3674/1255/132 3675/1256/132
f 3676/1257/132 3677/1258/132 3678/1259/132
f 3679/1260/132 3680/1261/132 3681/1262/132
f 3682/1263/132 3683/1264/132 3679/1260/132
f 3479/879/132 3684/1265/132 3682/1263/132
f 3488/888/133 3492/892/133 3491/891/133
f 3489/889/132 3488/888/132 3491/891/132
f 3477/877/132 3484/884/132 3486/886/132
f 3478/878/132 3477/877/132 3486/886/132
f 3682/1263/132 3684/1265/132 3478/878/132
f 3685/1266/132 3682/1263/132 3478/878/132
f 3686/1267/132 3685/1266/132 3478/878/132
f 3479/879/132 3682/1263/132 3679/1260/132
f 3686/1267/132 3478/878/132 3486/886/132
f 3675/1256/132 3686/1267/132 3486/886/132
f 3490/890/133 3479/879/133 3679/1260/133
f 3675/1256/132 3486/886/132 3485/885/132
f 3673/1254/132 3675/1256/132 3485/885/132
f 3490/890/133 3679/1260/133 3681/1262/133
f 3491/891/132 3490/890/132 3681/1262/132
f 3673/1254/133 3485/885/133 3487/887/133
f 3678/1259/133 3673/1254/133 3487/887/133
f 3491/891/132 3681/1262/132 3676/1257/132
f 3489/889/132 3491/891/132 3676/1257/132
f 3678/1259/132 3487/887/132 3489/889/132
f 3676/1257/132 3678/1259/132 3489/889/132
f 3608/1055/132 3687/1268/132 3482/882/132
f 3614/1061/132 3608/1055/132 3482/882/132
f 3687/1268/132 3608/1055/132 3607/1054/132
f 3480/880/133 3687/1268/133 3607/1054/133
f 3483/883/133 3480/880/133 3607/1054/133
f 3614/1061/132 3482/882/132 3494/894/132
f 3611/1058/132 3614/1061/132 3494/894/132
f 3483/883/132 3607/1054/132 3606/1053/132
f 3493/893/132 3483/883/132 3606/1053/132
f 3611/1058/132 3494/894/132 3496/896/132
f 3612/1059/132 3611/1058/132 3496/896/132
f 3493/893/132 3606/1053/132 3610/1057/132
f 3495/895/132 3493/893/132 3610/1057/132
f 3612/1059/132 3496/896/132 3497/897/132
f 3609/1056/132 3612/1059/132 3497/897/132
f 3495/895/132 3610/1057/132 3609/1056/132
f 3497/897/132 3495/895/132 3609/1056/132
f 3688/1254/134 3689/1256/134 3690/1255/134
f 3691/1257/134 3692/1259/134 3693/1258/134
f 3694/1260/134 3695/1262/134 3696/1261/134
f 3697/1263/135 3694/1260/135 3698/1264/135
f 3499/879/134 3697/1263/134 3699/1265/134
f 3509/888/135 3513/891/135 3512/892/135
f 3510/889/135 3513/891/135 3509/888/135
f 3498/877/134 3507/886/134 3505/884/134
f 3500/878/134 3507/886/134 3498/877/134
f 3697/1263/134 3500/878/134 3699/1265/134
f 3700/1266/134 3500/878/134 3697/1263/134
f 3701/1267/134 3500/878/134 3700/1266/134
f 3499/879/134 3694/1260/134 3697/1263/134
f 3701/1267/134 3507/886/134 3500/878/134
f 3689/1256/134 3507/886/134 3701/1267/134
f 3511/890/135 3694/1260/135 3499/879/135
f 3689/1256/134 3506/885/134 3507/886/134
f 3688/1254/134 3506/885/134 3689/1256/134
f 3511/890/134 3695/1262/134 3694/1260/134
f 3513/891/134 3695/1262/134 3511/890/134
f 3688/1254/135 3508/887/135 3506/885/135
f 3692/1259/134 3508/887/134 3688/1254/134
f 3513/891/134 3691/1257/134 3695/1262/134
f 3510/889/134 3691/1257/134 3513/891/134
f 3692/1259/134 3510/889/134 3508/887/134
f 3691/1257/134 3510/889/134 3692/1259/134
f 3616/1055/134 3503/882/134 3702/1268/134
f 3623/1061/134 3503/882/134 3616/1055/134
f 3702/1268/134 3617/1054/134 3616/1055/134
f 3501/880/134 3617/1054/134 3702/1268/134
f 3504/883/134 3617/1054/134 3501/880/134
f 3623/1061/134 3515/894/134 3503/882/134
f 3620/1058/134 3515/894/134 3623/1061/134
f 3504/883/134 3615/1053/134 3617/1054/134
f 3514/893/134 3615/1053/134 3504/883/134
f 3620/1058/134 3517/896/134 3515/894/134
f 3621/1059/134 3517/896/134 3620/1058/134
f 3514/893/134 3619/1057/134 3615/1053/134
f 3516/895/135 3619/1057/135 3514/893/135
f 3621/1059/134 3518/897/134 3517/896/134
f 3618/1056/134 3518/897/134 3621/1059/134
f 3516/895/134 3618/1056/134 3619/1057/134
f 3518/897/134 3618/1056/134 3516/895/134
f 3654/1238/132 3703/1269/132 3540/951/132
f 3653/1237/132 3654/1238/132 3540/951/132
f 3703/1269/132 3654/1238/132 3655/1239/132
f 3542/953/132 3703/1269/132 3655/1239/132
f 3544/957/132 3542/953/132 3655/1239/132
f 3653/1237/132 3540/951/132 3541/952/132
f 3660/1244/132 3653/1237/132 3541/952/132
f 3544/957/133 3655/1239/133 3657/1241/133
f 3546/961/132 3544/957/132 3657/1241/132
f 3660/1244/132 3541/952/132 3543/956/132
f 3658/1242/133 3660/1244/133 3543/956/133
f 3546/961/132 3657/1241/132 3656/1240/132
f 3547/964/132 3546/961/132 3656/1240/132
f 3658/1242/133 3543/956/133 3545/960/133
f 3659/1243/132 3658/1242/132 3545/960/132
f 3547/964/132 3656/1240/132 3659/1243/132
f 3545/960/132 3547/964/132 3659/1243/132
f 3663/1238/134 3549/951/134 3704/1269/134
f 3661/1237/134 3549/951/134 3663/1238/134
f 3704/1269/134 3664/1239/134 3663/1238/134
f 3551/953/134 3664/1239/134 3704/1269/134
f 3553/957/135 3664/1239/135 3551/953/135
f 3661/1237/134 3550/952/134 3549/951/134
f 3669/1244/134 3550/952/134 3661/1237/134
f 3553/957/135 3666/1241/135 3664/1239/135
f 3555/961/134 3666/1241/134 3553/957/134
f 3669/1244/134 3552/956/134 3550/952/134
f 3667/1242/135 3552/956/135 3669/1244/135
f 3555/961/134 3665/1240/134 3666/1241/134
f 3556/964/134 3665/1240/134 3555/961/134
f 3667/1242/134 3554/960/134 3552/956/134
f 3668/1243/134 3554/960/134 3667/1242/134
f 3556/964/134 3668/1243/134 3665/1240/134
f 3554/960/134 3668/1243/134 3556/964/134
f 837/1270/132 831/1271/132 833/1272/132
f 834/1273/132 837/1270/132 833/1272/132
f 841/1274/142 265/973/142 272/976/142
f 840/1275/142 841/1274/142 272/976/142
f 579/1133/132 523/1093/132 522/1094/132
f 602/1134/132 579/1133/132 522/1094/132
f 2653/1276/132 2652/1277/132 2657/1278/132
f 2655/1279/132 2653/1276/132 2657/1278/132
f 856/1280/132 854/1281/132 292/978/132
f 281/986/132 856/1280/132 292/978/132
f 3562/982/132 281/986/132 292/978/132
f 3563/983/132 3562/982/132 292/978/132
f 3560/980/132 3564/984/132 3563/983/132
f 3561/981/132 3560/980/132 3563/983/132
f 292/978/132 3559/977/132 3561/981/132
f 3561/981/132 3563/983/132 292/978/132
f 3705/1282/132 3706/1283/132 3707/1284/132
f 3708/1285/132 3705/1282/132 3707/1284/132
f 849/1286/132 3709/1287/132 3708/1285/132
f 846/1288/132 849/1286/132 3708/1285/132
f 850/1289/132 846/1288/132 3708/1285/132
f 852/1290/132 850/1289/132 3708/1285/132
f 3710/1291/132 852/1290/132 3708/1285/132
f 870/1292/132 865/1293/132 286/985/132
f 867/1294/132 870/1292/132 286/985/132
f 2648/1295/132 880/1296/132 871/1297/132
f 875/1298/132 878/1299/132 2648/1295/132
f 874/1300/132 875/1298/132 2648/1295/132
f 2648/1295/132 871/1297/132 874/1300/132
f 892/1301/132 894/1302/132 2721/1303/132
f 890/1304/132 892/1301/132 2721/1303/132
f 888/1305/132 887/1306/132 883/1307/132
f 2715/1308/132 888/1305/132 883/1307/132
f 890/1304/132 2721/1303/132 2719/1309/132
f 896/1310/132 890/1304/132 2719/1309/132
f 2715/1308/132 883/1307/132 886/1311/132
f 2717/1312/132 2715/1308/132 886/1311/132
f 896/1310/132 2719/1309/132 2717/1312/132
f 886/1311/132 896/1310/132 2717/1312/132
f 899/1313/132 900/1314/132 902/1315/132
f 897/1316/132 899/1313/132 902/1315/132
f 915/1317/132 911/1318/132 907/1319/132
f 2645/1320/132 915/1317/132 907/1319/132
f 910/1321/132 914/1322/132 2645/1320/132
f 907/1319/132 910/1321/132 2645/1320/132
f 300/979/132 922/1323/132 917/1324/132
f 920/1325/132 300/979/132 917/1324/132
f 240/954/132 93/916/132 104/915/132
f 249/949/132 240/954/132 104/915/132
f 834/1273/132 833/1272/132 924/1326/132
f 935/1327/132 834/1273/132 924/1326/132
f 934/1328/132 937/1329/132 935/1327/132
f 897/1316/132 902/1315/132 934/1328/132
f 925/1330/132 897/1316/132 934/1328/132
f 939/1331/132 927/1332/132 925/1330/132
f 932/1333/132 939/1331/132 925/1330/132
f 929/1334/132 932/1333/132 925/1330/132
f 924/1326/132 929/1334/132 925/1330/132
f 935/1327/132 924/1326/132 925/1330/132
f 934/1328/132 935/1327/132 925/1330/132
f 837/1270/143 75/913/143 74/914/143
f 831/1271/143 837/1270/143 74/914/143
f 841/1274/132 840/1275/132 1208/1335/132
f 1205/1336/132 841/1274/132 1208/1335/132
f 1209/1337/132 1205/1336/132 1208/1335/132
f 1215/1338/132 1209/1337/132 1208/1335/132
f 1212/1339/132 1214/1340/132 1215/1338/132
f 1215/1338/132 1208/1335/132 1212/1339/132
f 433/1029/132 424/1028/132 173/939/132
f 164/942/132 433/1029/132 173/939/132
f 428/1029/132 415/1028/132 168/939/132
f 160/942/132 428/1029/132 168/939/132
f 429/1029/134 169/939/134 418/1028/134
f 161/942/134 169/939/134 429/1029/134
f 1220/1341/132 724/1222/132 723/1225/132
f 1219/1342/132 1220/1341/132 723/1225/132
f 436/1026/132 1233/1343/132 1226/1344/132
f 421/1027/132 436/1026/132 1226/1344/132
f 427/1026/132 1229/1343/132 1223/1344/132
f 416/1027/132 427/1026/132 1223/1344/132
f 430/1026/134 1224/1344/134 1230/1343/134
f 417/1027/134 1224/1344/134 430/1026/134
f 1240/1345/132 1241/1346/132 1242/1347/132
f 1236/1348/132 1238/1349/132 1240/1345/132
f 2732/1350/132 1236/1348/132 1240/1345/132
f 1240/1345/132 1242/1347/132 2732/1350/132
f 96/917/132 1246/1351/132 1243/1352/132
f 101/918/132 96/917/132 1243/1352/132
f 2663/1353/132 2661/1354/132 2660/1355/132
f 2665/1356/132 2663/1353/132 2660/1355/132
f 1215/1338/144 1214/1340/144 900/1314/144
f 899/1313/144 1215/1338/144 900/1314/144
f 1255/1287/132 1254/1286/132 1243/1352/132
f 3309/1282/132 1257/1285/132 1255/1287/132
f 1259/1291/132 1262/1284/132 3311/1283/132
f 1233/1343/132 1263/1290/132 1259/1291/132
f 1255/1287/132 1243/1352/132 3711/1357/132
f 3309/1282/132 1255/1287/132 3711/1357/132
f 1233/1343/132 1259/1291/132 3311/1283/132
f 3712/1358/132 1233/1343/132 3311/1283/132
f 3309/1282/132 3711/1357/132 3712/1358/132
f 3311/1283/132 3309/1282/132 3712/1358/132
f 3709/1287/132 849/1286/132 1250/1352/132
f 3705/1282/132 3708/1285/132 3709/1287/132
f 3710/1291/132 3707/1284/132 3706/1283/132
f 1229/1343/132 852/1290/132 3710/1291/132
f 3709/1287/132 1250/1352/132 3713/1357/132
f 3705/1282/132 3709/1287/132 3713/1357/132
f 1229/1343/132 3710/1291/132 3706/1283/132
f 3714/1358/132 1229/1343/132 3706/1283/132
f 3705/1282/132 3713/1357/132 3714/1358/132
f 3706/1283/132 3705/1282/132 3714/1358/132
f 1256/1287/134 1252/1352/134 1251/1286/134
f 3310/1282/134 1256/1287/134 1258/1285/134
f 1260/1291/134 3312/1283/134 1261/1284/134
f 1230/1343/134 1260/1291/134 1264/1290/134
f 1256/1287/134 3715/1357/134 1252/1352/134
f 3310/1282/134 3715/1357/134 1256/1287/134
f 1230/1343/134 3312/1283/134 1260/1291/134
f 3716/1358/134 3312/1283/134 1230/1343/134
f 3310/1282/134 3716/1358/134 3715/1357/134
f 3312/1283/134 3716/1358/134 3310/1282/134
f 1273/1359/132 286/985/132 3558/988/132
f 3711/1357/132 1243/1352/132 1279/1360/132
f 1289/1361/132 1233/1343/132 3712/1358/132
f 3717/1362/132 1295/1363/132 1289/1361/132
f 2548/1264/132 3717/1362/132 1289/1361/132
f 2546/1260/132 2548/1264/132 1289/1361/132
f 2538/1257/132 2540/1262/132 2542/1261/132
f 2536/1258/132 2538/1257/132 2542/1261/132
f 2522/1267/132 2524/1256/132 2526/1255/132
f 2518/1266/132 2522/1267/132 2526/1255/132
f 3717/1362/132 2548/1264/132 2518/1266/132
f 300/979/132 3717/1362/132 2518/1266/132
f 3557/987/132 300/979/132 2518/1266/132
f 2542/1261/132 2546/1260/132 1289/1361/132
f 3557/987/132 2518/1266/132 2526/1255/132
f 3558/988/132 3557/987/132 2526/1255/132
f 2542/1261/132 1289/1361/132 3712/1358/132
f 1273/1359/132 3558/988/132 2530/1254/132
f 2542/1261/132 3712/1358/132 3711/1357/132
f 2536/1258/132 2542/1261/132 3711/1357/132
f 1273/1359/132 2530/1254/132 2532/1259/132
f 1279/1360/132 1273/1359/132 2532/1259/132
f 2536/1258/132 3711/1357/132 1279/1360/132
f 2532/1259/132 2536/1258/132 1279/1360/132
f 1270/1359/132 282/985/132 3566/988/132
f 3713/1357/132 1250/1352/132 1276/1360/132
f 1286/1361/132 1229/1343/132 3714/1358/132
f 3718/1362/132 1292/1363/132 1286/1361/132
f 3683/1264/132 3718/1362/132 1286/1361/132
f 3679/1260/132 3683/1264/132 1286/1361/132
f 3676/1257/132 3681/1262/132 3680/1261/132
f 3677/1258/132 3676/1257/132 3680/1261/132
f 3686/1267/132 3675/1256/132 3674/1255/132
f 3685/1266/132 3686/1267/132 3674/1255/132
f 3718/1362/132 3683/1264/132 3685/1266/132
f 291/979/132 3718/1362/132 3685/1266/132
f 3565/987/132 291/979/132 3685/1266/132
f 3680/1261/132 3679/1260/132 1286/1361/132
f 3565/987/132 3685/1266/132 3674/1255/132
f 3566/988/132 3565/987/132 3674/1255/132
f 3680/1261/132 1286/1361/132 3714/1358/132
f 1270/1359/132 3566/988/132 3673/1254/132
f 3680/1261/132 3714/1358/132 3713/1357/132
f 3677/1258/132 3680/1261/132 3713/1357/132
f 1270/1359/132 3673/1254/132 3678/1259/132
f 1276/1360/132 1270/1359/132 3678/1259/132
f 3677/1258/132 3713/1357/132 1276/1360/132
f 3678/1259/132 3677/1258/132 1276/1360/132
f 1271/1359/134 3568/988/134 283/985/134
f 3715/1357/134 1277/1360/134 1252/1352/134
f 1287/1361/134 3716/1358/134 1230/1343/134
f 3719/1362/134 1287/1361/134 1293/1363/134
f 3698/1264/134 1287/1361/134 3719/1362/134
f 3694/1260/134 1287/1361/134 3698/1264/134
f 3691/1257/134 3696/1261/134 3695/1262/134
f 3693/1258/134 3696/1261/134 3691/1257/134
f 3701/1267/134 3690/1255/134 3689/1256/134
f 3700/1266/134 3690/1255/134 3701/1267/134
f 3719/1362/134 3700/1266/134 3698/1264/134
f 294/979/134 3700/1266/134 3719/1362/134
f 3567/987/134 3700/1266/134 294/979/134
f 3696/1261/134 1287/1361/134 3694/1260/134
f 3567/987/134 3690/1255/134 3700/1266/134
f 3568/988/134 3690/1255/134 3567/987/134
f 3696/1261/134 3716/1358/134 1287/1361/134
f 1271/1359/134 3688/1254/134 3568/988/134
f 3696/1261/134 3715/1357/134 3716/1358/134
f 3693/1258/134 3715/1357/134 3696/1261/134
f 1271/1359/134 3692/1259/134 3688/1254/134
f 1277/1360/134 3692/1259/134 1271/1359/134
f 3693/1258/134 1277/1360/134 3715/1357/134
f 3692/1259/134 1277/1360/134 3693/1258/134
f 3720/1364/132 3721/1365/132 3458/858/132
f 3722/1366/133 3720/1364/133 3458/858/133
f 3721/1365/132 3720/1364/132 3723/1367/132
f 3461/862/132 3721/1365/132 3723/1367/132
f 3462/865/132 3461/862/132 3723/1367/132
f 3722/1366/132 3458/858/132 3460/861/132
f 3724/1368/132 3722/1366/132 3460/861/132
f 3462/865/133 3723/1367/133 3725/1369/133
f 3464/868/132 3462/865/132 3725/1369/132
f 3724/1368/132 3460/861/132 3463/867/132
f 3726/1370/133 3724/1368/133 3463/867/133
f 3464/868/132 3725/1369/132 3727/1371/132
f 3466/872/132 3464/868/132 3727/1371/132
f 3726/1370/132 3463/867/132 3465/871/132
f 3728/1372/132 3726/1370/132 3465/871/132
f 3466/872/133 3727/1371/133 3728/1372/133
f 3465/871/132 3466/872/132 3728/1372/132
f 3729/1364/134 3467/858/134 3730/1365/134
f 3731/1366/135 3467/858/135 3729/1364/135
f 3730/1365/134 3732/1367/134 3729/1364/134
f 3470/862/134 3732/1367/134 3730/1365/134
f 3471/865/134 3732/1367/134 3470/862/134
f 3731/1366/134 3469/861/134 3467/858/134
f 3733/1368/134 3469/861/134 3731/1366/134
f 3471/865/135 3734/1369/135 3732/1367/135
f 3473/868/134 3734/1369/134 3471/865/134
f 3733/1368/134 3472/867/134 3469/861/134
f 3735/1370/135 3472/867/135 3733/1368/135
f 3473/868/134 3736/1371/134 3734/1369/134
f 3475/872/134 3736/1371/134 3473/868/134
f 3735/1370/134 3474/871/134 3472/867/134
f 3737/1372/134 3474/871/134 3735/1370/134
f 3475/872/135 3737/1372/135 3736/1371/135
f 3474/871/134 3737/1372/134 3475/872/134
f 2860/1369/132 2862/1367/132 2849/1364/132
f 2856/1372/132 2858/1371/132 2860/1369/132
f 2852/1368/132 2854/1370/132 2856/1372/132
f 3738/1373/132 2848/1366/132 2852/1368/132
f 3385/1187/132 3738/1373/132 2852/1368/132
f 3389/1188/133 3385/1187/133 2852/1368/133
f 3738/1373/132 3385/1187/132 3388/235/132
f 2849/1364/132 3738/1373/132 3388/235/132
f 3391/1189/132 3389/1188/132 2852/1368/132
f 2849/1364/133 3388/235/133 3399/93/133
f 3391/1189/132 2852/1368/132 2856/1372/132
f 2860/1369/132 2849/1364/132 3399/93/132
f 3393/1190/133 3391/1189/133 2856/1372/133
f 2860/1369/132 3399/93/132 3397/1191/132
f 3395/1192/132 3393/1190/132 2856/1372/132
f 2860/1369/133 3397/1191/133 3395/1192/133
f 3395/1192/132 2856/1372/132 2860/1369/132
f 3725/1369/132 3723/1367/132 3720/1364/132
f 3728/1372/132 3727/1371/132 3725/1369/132
f 3724/1368/132 3726/1370/132 3728/1372/132
f 3739/1373/132 3722/1366/132 3724/1368/132
f 1304/1187/132 3739/1373/132 3724/1368/132
f 1310/1188/133 1304/1187/133 3724/1368/133
f 3739/1373/132 1304/1187/132 1303/235/132
f 3720/1364/132 3739/1373/132 1303/235/132
f 1314/1189/132 1310/1188/132 3724/1368/132
f 3720/1364/133 1303/235/133 1330/93/133
f 1314/1189/132 3724/1368/132 3728/1372/132
f 3725/1369/132 3720/1364/132 1330/93/132
f 1318/1190/133 1314/1189/133 3728/1372/133
f 3725/1369/132 1330/93/132 1326/1191/132
f 1322/1192/132 1318/1190/132 3728/1372/132
f 3725/1369/133 1326/1191/133 1322/1192/133
f 1322/1192/132 3728/1372/132 3725/1369/132
f 3734/1369/134 3729/1364/134 3732/1367/134
f 3737/1372/134 3734/1369/134 3736/1371/134
f 3733/1368/134 3737/1372/134 3735/1370/134
f 3740/1373/135 3733/1368/135 3731/1366/135
f 1305/1187/134 3733/1368/134 3740/1373/134
f 1311/1188/135 3733/1368/135 1305/1187/135
f 3740/1373/134 1306/235/134 1305/1187/134
f 3729/1364/134 1306/235/134 3740/1373/134
f 1315/1189/134 3733/1368/134 1311/1188/134
f 3729/1364/135 1331/93/135 1306/235/135
f 1315/1189/134 3737/1372/134 3733/1368/134
f 3734/1369/134 1331/93/134 3729/1364/134
f 1319/1190/135 3737/1372/135 1315/1189/135
f 3734/1369/134 1327/1191/134 1331/93/134
f 1323/1192/134 3737/1372/134 1319/1190/134
f 3734/1369/135 1323/1192/135 1327/1191/135
f 1323/1192/134 3734/1369/134 3737/1372/134
f 3741/1374/132 1353/1375/132 1356/1376/132
f 2271/1038/132 3741/1374/132 1356/1376/132
f 2273/1043/132 2271/1038/132 1356/1376/132
f 3741/1374/132 2271/1038/132 2269/1041/132
f 1344/1377/132 3741/1374/132 2269/1041/132
f 2273/1043/132 1356/1376/132 1365/1378/132
f 2275/1047/132 2273/1043/132 1365/1378/132
f 1344/1377/132 2269/1041/132 2268/1042/132
f 1341/1379/132 1344/1377/132 2268/1042/132
f 2275/1047/132 1365/1378/132 1368/1380/132
f 2277/1051/132 2275/1047/132 1368/1380/132
f 1341/1379/132 2268/1042/132 2281/1046/132
f 1380/1381/132 1341/1379/132 2281/1046/132
f 2277/1051/132 1368/1380/132 1370/1382/132
f 2279/1050/132 2277/1051/132 1370/1382/132
f 1380/1381/132 2281/1046/132 2279/1050/132
f 1370/1382/132 1380/1381/132 2279/1050/132
f 3742/1374/132 1346/1375/132 1350/1376/132
f 3573/1038/132 3742/1374/132 1350/1376/132
f 3578/1043/132 3573/1038/132 1350/1376/132
f 3742/1374/132 3573/1038/132 3576/1041/132
f 1335/1377/132 3742/1374/132 3576/1041/132
f 3578/1043/132 1350/1376/132 1360/1378/132
f 3582/1047/132 3578/1043/132 1360/1378/132
f 1335/1377/132 3576/1041/132 3577/1042/132
f 1336/1379/132 1335/1377/132 3577/1042/132
f 3582/1047/132 1360/1378/132 1359/1380/132
f 3586/1051/132 3582/1047/132 1359/1380/132
f 1336/1379/132 3577/1042/132 3581/1046/132
f 1373/1381/132 1336/1379/132 3581/1046/132
f 3586/1051/132 1359/1380/132 1374/1382/132
f 3585/1050/132 3586/1051/132 1374/1382/132
f 1373/1381/132 3581/1046/132 3585/1050/132
f 1374/1382/132 1373/1381/132 3585/1050/132
f 3743/1374/134 1351/1376/134 1347/1375/134
f 3589/1038/134 1351/1376/134 3743/1374/134
f 3595/1043/134 1351/1376/134 3589/1038/134
f 3743/1374/134 3593/1041/134 3589/1038/134
f 1338/1377/134 3593/1041/134 3743/1374/134
f 3595/1043/134 1361/1378/134 1351/1376/134
f 3599/1047/134 1361/1378/134 3595/1043/134
f 1338/1377/134 3594/1042/134 3593/1041/134
f 1337/1379/134 3594/1042/134 1338/1377/134
f 3599/1047/134 1362/1380/134 1361/1378/134
f 3603/1051/134 1362/1380/134 3599/1047/134
f 1337/1379/134 3598/1046/134 3594/1042/134
f 1376/1381/134 3598/1046/134 1337/1379/134
f 3603/1051/134 1375/1382/134 1362/1380/134
f 3602/1050/134 1375/1382/134 3603/1051/134
f 1376/1381/134 3602/1050/134 3598/1046/134
f 1375/1382/134 3602/1050/134 1376/1381/134
f 1353/1375/132 1344/1377/132 1395/1383/132
f 1396/1384/132 1353/1375/132 1395/1383/132
f 1380/1381/132 1399/1385/132 1400/1386/132
f 1341/1379/132 1380/1381/132 1400/1386/132
f 1418/1387/132 1421/1388/132 1406/1389/132
f 1409/1390/132 1418/1387/132 1406/1389/132
f 917/1324/132 922/1323/132 201/945/132
f 200/944/132 917/1324/132 201/945/132
f 1431/1391/132 1427/1392/132 1374/1382/132
f 1359/1380/132 1431/1391/132 1374/1382/132
f 1432/1391/134 1375/1382/134 1428/1392/134
f 1362/1380/134 1375/1382/134 1432/1391/134
f 1421/1388/132 1365/1378/132 1356/1376/132
f 1406/1389/132 1421/1388/132 1356/1376/132
f 1453/1393/132 1452/1394/132 1445/1395/132
f 1444/1396/132 1453/1393/132 1445/1395/132
f 1454/1393/134 1446/1395/134 1455/1394/134
f 1447/1396/134 1446/1395/134 1454/1393/134
f 3744/1397/132 1467/1396/132 1473/1398/132
f 3083/1399/132 3744/1397/132 1473/1398/132
f 3085/1400/132 3083/1399/132 1473/1398/132
f 3744/1397/132 3083/1399/132 3081/1401/132
f 1465/1393/132 3744/1397/132 3081/1401/132
f 3085/1400/132 1473/1398/132 1482/1402/132
f 3072/1403/132 3085/1400/132 1482/1402/132
f 1465/1393/132 3081/1401/132 3079/1404/132
f 1462/1405/132 1465/1393/132 3079/1404/132
f 3072/1403/132 1482/1402/132 1485/1406/132
f 3073/1407/132 3072/1403/132 1485/1406/132
f 1462/1405/132 3079/1404/132 3077/1408/132
f 1497/1409/132 1462/1405/132 3077/1408/132
f 3073/1407/132 1485/1406/132 1494/1410/132
f 3075/1411/132 3073/1407/132 1494/1410/132
f 1497/1409/132 3077/1408/132 3075/1411/132
f 1494/1410/132 1497/1409/132 3075/1411/132
f 3745/1397/132 1444/1396/132 1469/1398/132
f 3746/1399/132 3745/1397/132 1469/1398/132
f 3747/1400/132 3746/1399/132 1469/1398/132
f 3745/1397/132 3746/1399/132 3748/1401/132
f 1453/1393/132 3745/1397/132 3748/1401/132
f 3747/1400/132 1469/1398/132 1477/1402/132
f 3749/1403/132 3747/1400/132 1477/1402/132
f 1453/1393/132 3748/1401/132 3750/1404/132
f 1459/1405/132 1453/1393/132 3750/1404/132
f 3749/1403/132 1477/1402/132 1476/1406/132
f 3751/1407/132 3749/1403/132 1476/1406/132
f 1459/1405/132 3750/1404/132 3752/1408/132
f 1488/1409/132 1459/1405/132 3752/1408/132
f 3751/1407/132 1476/1406/132 1489/1410/132
f 3753/1411/132 3751/1407/132 1489/1410/132
f 1488/1409/132 3752/1408/132 3753/1411/132
f 1489/1410/132 1488/1409/132 3753/1411/132
f 3754/1397/134 1470/1398/134 1447/1396/134
f 3755/1399/134 1470/1398/134 3754/1397/134
f 3756/1400/134 1470/1398/134 3755/1399/134
f 3754/1397/134 3757/1401/134 3755/1399/134
f 1454/1393/134 3757/1401/134 3754/1397/134
f 3756/1400/134 1478/1402/134 1470/1398/134
f 3758/1403/134 1478/1402/134 3756/1400/134
f 1454/1393/134 3759/1404/134 3757/1401/134
f 1460/1405/134 3759/1404/134 1454/1393/134
f 3758/1403/134 1479/1406/134 1478/1402/134
f 3760/1407/134 1479/1406/134 3758/1403/134
f 1460/1405/134 3761/1408/134 3759/1404/134
f 1491/1409/134 3761/1408/134 1460/1405/134
f 3760/1407/134 1490/1410/134 1479/1406/134
f 3762/1411/134 1490/1410/134 3760/1407/134
f 1491/1409/134 3762/1411/134 3761/1408/134
f 1490/1410/134 3762/1411/134 1491/1409/134
f 1506/1412/132 1508/1413/132 2792/1414/132
f 1509/1415/132 1506/1412/132 2792/1414/132
f 1516/1416/132 1515/1417/132 1511/1418/132
f 2793/1419/132 1516/1416/132 1511/1418/132
f 1509/1415/132 2792/1414/132 2796/1420/132
f 1517/1421/132 1509/1415/132 2796/1420/132
f 2793/1419/132 1511/1418/132 1514/1422/132
f 2798/1423/132 2793/1419/132 1514/1422/132
f 1517/1421/132 2796/1420/132 2798/1423/132
f 1514/1422/132 1517/1421/132 2798/1423/132
f 3763/1424/132 1576/1425/132 1555/1426/132
f 3131/1427/132 3763/1424/132 1555/1426/132
f 3133/1428/132 3131/1427/132 1555/1426/132
f 3763/1424/132 3131/1427/132 3129/1429/132
f 1570/1430/132 3763/1424/132 3129/1429/132
f 3133/1428/132 1555/1426/132 1558/1431/132
f 3120/1432/132 3133/1428/132 1558/1431/132
f 1570/1430/132 3129/1429/132 3127/1433/132
f 1567/1434/132 1570/1430/132 3127/1433/132
f 3120/1432/132 1558/1431/132 197/947/132
f 3121/1435/132 3120/1432/132 197/947/132
f 1567/1434/132 3127/1433/132 3125/1436/132
f 1590/1437/132 1567/1434/132 3125/1436/132
f 3121/1435/132 197/947/132 204/946/132
f 3123/1438/132 3121/1435/132 204/946/132
f 1590/1437/132 3125/1436/132 3123/1438/132
f 204/946/132 1590/1437/132 3123/1438/132
f 3764/1424/132 1572/1425/132 1550/1426/132
f 3765/1427/132 3764/1424/132 1550/1426/132
f 3766/1428/132 3765/1427/132 1550/1426/132
f 3764/1424/132 3765/1427/132 3767/1429/132
f 1561/1430/132 3764/1424/132 3767/1429/132
f 3766/1428/132 1550/1426/132 1549/1431/132
f 3768/1432/132 3766/1428/132 1549/1431/132
f 1561/1430/132 3767/1429/132 3769/1433/132
f 1562/1434/132 1561/1430/132 3769/1433/132
f 3768/1432/132 1549/1431/132 1578/947/132
f 3770/1435/132 3768/1432/132 1578/947/132
f 1562/1434/132 3769/1433/132 3771/1436/132
f 1586/1437/132 1562/1434/132 3771/1436/132
f 3770/1435/132 1578/947/132 1582/946/132
f 3772/1438/132 3770/1435/132 1582/946/132
f 1586/1437/132 3771/1436/132 3772/1438/132
f 1582/946/132 1586/1437/132 3772/1438/132
f 3773/1424/134 1551/1426/134 1573/1425/134
f 3774/1427/134 1551/1426/134 3773/1424/134
f 3775/1428/134 1551/1426/134 3774/1427/134
f 3773/1424/134 3776/1429/134 3774/1427/134
f 1564/1430/134 3776/1429/134 3773/1424/134
f 3775/1428/134 1552/1431/134 1551/1426/134
f 3777/1432/134 1552/1431/134 3775/1428/134
f 1564/1430/134 3778/1433/134 3776/1429/134
f 1563/1434/134 3778/1433/134 1564/1430/134
f 3777/1432/134 1579/947/134 1552/1431/134
f 3779/1435/134 1579/947/134 3777/1432/134
f 1563/1434/134 3780/1436/134 3778/1433/134
f 1587/1437/134 3780/1436/134 1563/1434/134
f 3779/1435/134 1583/946/134 1579/947/134
f 3781/1438/134 1583/946/134 3779/1435/134
f 1587/1437/134 3781/1438/134 3780/1436/134
f 1583/946/134 3781/1438/134 1587/1437/134
f 2769/1439/132 2768/1440/132 2773/1441/132
f 2771/1442/133 2769/1439/133 2773/1441/133
f 2760/1443/132 2765/1444/132 2763/1445/132
f 2761/1446/132 2760/1443/132 2763/1445/132
f 1600/1447/132 1603/1448/132 1596/1449/132
f 1599/1450/132 1600/1447/132 1596/1449/132
f 1616/1451/132 1604/1452/132 1606/1453/132
f 2881/1454/132 1616/1451/132 1606/1453/132
f 1607/1455/132 1609/1456/132 1622/1457/132
f 1610/1458/132 1607/1455/132 1622/1457/132
f 2881/1454/132 1606/1453/132 1612/1459/132
f 2884/1460/132 2881/1454/132 1612/1459/132
f 1610/1458/132 1622/1457/132 2885/1461/132
f 1615/1462/132 1610/1458/132 2885/1461/132
f 2884/1460/132 1612/1459/132 1615/1462/132
f 2885/1461/132 2884/1460/132 1615/1462/132
f 1452/1394/132 1427/1392/132 1431/1391/132
f 1445/1395/132 1452/1394/132 1431/1391/132
f 1455/1394/134 1432/1391/134 1428/1392/134
f 1446/1395/134 1432/1391/134 1455/1394/134
f 1418/1387/132 1409/1390/132 1567/1434/132
f 1590/1437/132 1418/1387/132 1567/1434/132
f 870/1292/132 1644/1463/132 1653/1464/132
f 865/1293/132 870/1292/132 1653/1464/132
f 1638/1292/132 1637/1463/132 1648/1464/132
f 1647/1293/132 1638/1292/132 1648/1464/132
f 1639/1292/134 1649/1464/134 1640/1463/134
f 1650/1293/134 1649/1464/134 1639/1292/134
f 1663/1465/132 1655/1466/132 1658/1467/132
f 2727/1468/132 1663/1465/132 1658/1467/132
f 1659/1469/132 1661/1470/132 2727/1468/132
f 1658/1467/132 1659/1469/132 2727/1468/132
f 1679/1471/132 1220/1341/132 1219/1342/132
f 1678/1472/132 1681/1473/132 1679/1471/132
f 1675/1474/132 1678/1472/132 1679/1471/132
f 1683/1475/132 1675/1474/132 1679/1471/132
f 1674/1476/132 1683/1475/132 1679/1471/132
f 1667/1477/132 1672/1478/132 1674/1476/132
f 1665/1479/132 1667/1477/132 1674/1476/132
f 1669/1480/132 1671/1481/132 1665/1479/132
f 1679/1471/132 1219/1342/132 1669/1480/132
f 1674/1476/132 1679/1471/132 1669/1480/132
f 1665/1479/132 1674/1476/132 1669/1480/132
f 2740/1482/132 2735/1483/132 2734/1484/132
f 2738/1485/132 2740/1482/132 2734/1484/132
f 2743/1486/133 2742/1487/133 2746/1488/133
f 2748/1489/132 2743/1486/132 2746/1488/132
f 2750/1490/132 2755/1491/132 2754/1492/132
f 2751/1493/132 2750/1490/132 2754/1492/132
f 2758/1494/133 2751/1493/133 2754/1492/133
f 1698/1495/132 1704/1496/132 1693/1497/132
f 1688/1498/132 1695/1499/132 1698/1495/132
f 1685/1500/132 1688/1498/132 1698/1495/132
f 1708/1501/132 1705/1502/132 1685/1500/132
f 1702/1503/132 1708/1501/132 1685/1500/132
f 1692/1504/132 1699/1505/132 1702/1503/132
f 1689/1506/132 1692/1504/132 1702/1503/132
f 1698/1495/132 1693/1497/132 1689/1506/132
f 1702/1503/132 1685/1500/132 1698/1495/132
f 1689/1506/132 1702/1503/132 1698/1495/132
f 1697/1495/134 1694/1497/134 1703/1496/134
f 1687/1498/134 1697/1495/134 1696/1499/134
f 1686/1500/134 1697/1495/134 1687/1498/134
f 1707/1501/134 1686/1500/134 1706/1502/134
f 1701/1503/134 1686/1500/134 1707/1501/134
f 1691/1504/134 1701/1503/134 1700/1505/134
f 1690/1506/134 1701/1503/134 1691/1504/134
f 1697/1495/134 1690/1506/134 1694/1497/134
f 1701/1503/134 1697/1495/134 1686/1500/134
f 1690/1506/134 1697/1495/134 1701/1503/134
f 1395/1383/145 1710/1507/145 1709/1508/145
f 1396/1384/145 1395/1383/145 1709/1508/145
f 1714/1509/132 1723/1510/132 2725/1511/132
f 1711/1512/132 1714/1509/132 2725/1511/132
f 1719/1513/132 1717/1514/132 1715/1515/132
f 2724/1516/132 1719/1513/132 1715/1515/132
f 1711/1512/132 2725/1511/132 2724/1516/132
f 1715/1515/132 1711/1512/132 2724/1516/132
f 1726/1517/132 1729/1518/132 1730/1519/132
f 2887/1520/132 1726/1517/132 1730/1519/132
f 1733/1521/132 1736/1522/132 2887/1520/132
f 1730/1519/132 1733/1521/132 2887/1520/132
f 2863/1523/132 1746/1524/132 1742/1525/132
f 1741/1526/132 1745/1527/132 2863/1523/132
f 1738/1528/132 1741/1526/132 2863/1523/132
f 2863/1523/132 1742/1525/132 1738/1528/132
f 1751/1529/132 1758/1530/132 2730/1531/132
f 1748/1532/132 1751/1529/132 2730/1531/132
f 1754/1533/132 1752/1534/132 1748/1532/132
f 2730/1531/132 1754/1533/132 1748/1532/132
f 1769/1535/132 1775/1536/132 1773/1537/132
f 1600/1447/132 1599/1450/132 1769/1535/132
f 1766/1538/132 1600/1447/132 1769/1535/132
f 1762/1539/132 1763/1540/132 1766/1538/132
f 1783/1541/132 1759/1542/132 1762/1539/132
f 1781/1543/132 1783/1541/132 1762/1539/132
f 1780/1544/132 1784/1545/132 1781/1543/132
f 1772/1546/132 1778/1547/132 1780/1544/132
f 1770/1548/132 1772/1546/132 1780/1544/132
f 1769/1535/132 1773/1537/132 1770/1548/132
f 1766/1538/132 1769/1535/132 1770/1548/132
f 1762/1539/132 1766/1538/132 1770/1548/132
f 1781/1543/132 1762/1539/132 1770/1548/132
f 1780/1544/132 1781/1543/132 1770/1548/132
f 1804/1549/132 1800/1550/132 1803/1551/132
f 2890/1552/132 1804/1549/132 1803/1551/132
f 1799/1553/132 1795/1554/132 1794/1555/132
f 1796/1556/132 1799/1553/132 1794/1555/132
f 2890/1552/132 1803/1551/132 1796/1556/132
f 1794/1555/132 2890/1552/132 1796/1556/132
f 1811/1557/132 2871/1558/132 2870/1559/132
f 1822/1560/133 1811/1557/133 2870/1559/133
f 2871/1558/132 1811/1557/132 1814/1561/132
f 2875/1562/132 2871/1558/132 1814/1561/132
f 1822/1560/132 2870/1559/132 2879/1563/132
f 1818/1564/133 1822/1560/133 2879/1563/133
f 2875/1562/132 1814/1561/132 1818/1564/132
f 2879/1563/132 2875/1562/132 1818/1564/132
f 1808/1557/134 2865/1559/134 2868/1558/134
f 1819/1560/134 2865/1559/134 1808/1557/134
f 2868/1558/135 1809/1561/135 1808/1557/135
f 2874/1562/134 1809/1561/134 2868/1558/134
f 1819/1560/134 2878/1563/134 2865/1559/134
f 1815/1564/134 2878/1563/134 1819/1560/134
f 2874/1562/135 1815/1564/135 1809/1561/135
f 2878/1563/134 1815/1564/134 2874/1562/134
f 1826/1565/138 2909/1566/138 1823/1567/138
f 1827/1568/139 1823/1567/139 2891/1569/139
f 1829/1570/136 1827/1568/136 2898/1571/136
f 2905/1572/137 1826/1565/137 1829/1570/137
f 2947/1573/132 2920/1574/132 2919/1575/132
f 2939/1576/132 2943/1577/132 2947/1573/132
f 2931/1578/132 2935/1579/132 2939/1576/132
f 3782/1580/132 2927/1581/132 2931/1578/132
f 2899/1571/132 2916/1568/132 3782/1580/132
f 3782/1580/132 2916/1568/132 2893/1569/132
f 2919/1575/132 3782/1580/132 2893/1569/132
f 2899/1571/132 3782/1580/132 2931/1578/132
f 2947/1573/132 2919/1575/132 2911/1566/132
f 2906/1572/132 2899/1571/132 2931/1578/132
f 2939/1576/132 2947/1573/132 2906/1572/132
f 2906/1572/132 2931/1578/132 2939/1576/132
f 2950/1573/134 2926/1575/134 2925/1574/134
f 2942/1576/134 2950/1573/134 2946/1577/134
f 2934/1578/134 2942/1576/134 2938/1579/134
f 3783/1580/134 2934/1578/134 2930/1581/134
f 2902/1571/134 3783/1580/134 2917/1568/134
f 3783/1580/134 2894/1569/134 2917/1568/134
f 2926/1575/134 2894/1569/134 3783/1580/134
f 2902/1571/134 2934/1578/134 3783/1580/134
f 2950/1573/134 2912/1566/134 2926/1575/134
f 2907/1572/134 2934/1578/134 2902/1571/134
f 2942/1576/134 2907/1572/134 2950/1573/134
f 2907/1572/134 2942/1576/134 2934/1578/134
f 1835/1581/132 3422/1582/132 3424/1583/132
f 1837/1578/132 1835/1581/132 3424/1583/132
f 3422/1582/132 1835/1581/132 1831/1575/132
f 3418/1584/132 3422/1582/132 1831/1575/132
f 1837/1578/132 3424/1583/132 3426/1585/132
f 1839/1579/132 1837/1578/132 3426/1585/132
f 3418/1584/132 1831/1575/132 1834/1574/132
f 3419/1586/132 3418/1584/132 1834/1574/132
f 1839/1579/132 3426/1585/132 3428/1587/132
f 1841/1576/132 1839/1579/132 3428/1587/132
f 3419/1586/132 1834/1574/132 1845/1573/132
f 3432/1588/132 3419/1586/132 1845/1573/132
f 1841/1576/132 3428/1587/132 3430/1589/132
f 1843/1577/132 1841/1576/132 3430/1589/132
f 3432/1588/132 1845/1573/132 1843/1577/132
f 3430/1589/132 3432/1588/132 1843/1577/132
f 1850/1590/138 2969/1591/138 1847/1592/138
f 1851/1593/139 1847/1592/139 2951/1594/139
f 1853/1595/136 1851/1593/136 2958/1596/136
f 2965/1597/137 1850/1590/137 1853/1595/137
f 3007/1598/132 2980/1599/132 2979/1600/132
f 2999/1601/132 3003/1602/132 3007/1598/132
f 2991/1603/132 2995/1604/132 2999/1601/132
f 3784/1605/132 2987/1606/132 2991/1603/132
f 2959/1596/132 2976/1593/132 3784/1605/132
f 3784/1605/132 2976/1593/132 2953/1594/132
f 2979/1600/132 3784/1605/132 2953/1594/132
f 2959/1596/132 3784/1605/132 2991/1603/132
f 3007/1598/132 2979/1600/132 2971/1591/132
f 2966/1597/132 2959/1596/132 2991/1603/132
f 2999/1601/132 3007/1598/132 2966/1597/132
f 2966/1597/132 2991/1603/132 2999/1601/132
f 3010/1598/134 2986/1600/134 2985/1599/134
f 3002/1601/134 3010/1598/134 3006/1602/134
f 2994/1603/134 3002/1601/134 2998/1604/134
f 3785/1605/134 2994/1603/134 2990/1606/134
f 2962/1596/134 3785/1605/134 2977/1593/134
f 3785/1605/134 2954/1594/134 2977/1593/134
f 2986/1600/134 2954/1594/134 3785/1605/134
f 2962/1596/134 2994/1603/134 3785/1605/134
f 3010/1598/134 2972/1591/134 2986/1600/134
f 2967/1597/134 2994/1603/134 2962/1596/134
f 3002/1601/134 2967/1597/134 3010/1598/134
f 2967/1597/134 3002/1601/134 2994/1603/134
f 1859/1606/132 3374/1245/132 3376/1247/132
f 1861/1603/132 1859/1606/132 3376/1247/132
f 3374/1245/132 1859/1606/132 1855/1600/132
f 3370/1248/132 3374/1245/132 1855/1600/132
f 1861/1603/132 3376/1247/132 3378/1250/132
f 1863/1604/132 1861/1603/132 3378/1250/132
f 3370/1248/132 1855/1600/132 1858/1599/132
f 3371/1249/132 3370/1248/132 1858/1599/132
f 1863/1604/132 3378/1250/132 3380/1252/132
f 1865/1601/132 1863/1604/132 3380/1252/132
f 3371/1249/132 1858/1599/132 1869/1598/132
f 3384/1251/132 3371/1249/132 1869/1598/132
f 1865/1601/132 3380/1252/132 3382/1253/132
f 1867/1602/132 1865/1601/132 3382/1253/132
f 3384/1251/132 1869/1598/132 1867/1602/132
f 3382/1253/132 3384/1251/132 1867/1602/132
f 1874/1607/138 3029/1608/138 1871/1609/138
f 1875/1610/139 1871/1609/139 3011/1611/139
f 1877/1612/136 1875/1610/136 3018/1613/136
f 3025/1614/137 1874/1607/137 1877/1612/137
f 3067/1615/132 3040/1616/132 3039/1617/132
f 3059/1618/132 3063/1619/132 3067/1615/132
f 3051/1620/132 3055/1621/132 3059/1618/132
f 3786/1622/132 3047/1623/132 3051/1620/132
f 3019/1613/132 3036/1610/132 3786/1622/132
f 3786/1622/132 3036/1610/132 3013/1611/132
f 3039/1617/132 3786/1622/132 3013/1611/132
f 3019/1613/132 3786/1622/132 3051/1620/132
f 3067/1615/132 3039/1617/132 3031/1608/132
f 3026/1614/132 3019/1613/132 3051/1620/132
f 3059/1618/132 3067/1615/132 3026/1614/132
f 3026/1614/132 3051/1620/132 3059/1618/132
f 3070/1615/134 3046/1617/134 3045/1616/134
f 3062/1618/134 3070/1615/134 3066/1619/134
f 3054/1620/134 3062/1618/134 3058/1621/134
f 3787/1622/134 3054/1620/134 3050/1623/134
f 3022/1613/134 3787/1622/134 3037/1610/134
f 3787/1622/134 3014/1611/134 3037/1610/134
f 3046/1617/134 3014/1611/134 3787/1622/134
f 3022/1613/134 3054/1620/134 3787/1622/134
f 3070/1615/134 3032/1608/134 3046/1617/134
f 3027/1614/134 3054/1620/134 3022/1613/134
f 3062/1618/134 3027/1614/134 3070/1615/134
f 3027/1614/134 3062/1618/134 3054/1620/134
f 1883/1623/132 3406/1624/132 3408/1625/132
f 1885/1620/132 1883/1623/132 3408/1625/132
f 3406/1624/132 1883/1623/132 1879/1617/132
f 3402/1626/132 3406/1624/132 1879/1617/132
f 1885/1620/132 3408/1625/132 3410/1627/132
f 1887/1621/132 1885/1620/132 3410/1627/132
f 3402/1626/132 1879/1617/132 1882/1616/132
f 3403/1628/132 3402/1626/132 1882/1616/132
f 1887/1621/132 3410/1627/132 3412/1629/132
f 1889/1618/132 1887/1621/132 3412/1629/132
f 3403/1628/132 1882/1616/132 1893/1615/132
f 3416/1630/132 3403/1628/132 1893/1615/132
f 1889/1618/132 3412/1629/132 3414/1631/132
f 1891/1619/132 1889/1618/132 3414/1631/132
f 3416/1630/132 1893/1615/132 1891/1619/132
f 3414/1631/132 3416/1630/132 1891/1619/132
f 1907/1632/132 1901/1633/132 1904/1634/132
f 726/1223/132 1907/1632/132 1904/1634/132
f 1905/1635/132 721/1224/132 726/1223/132
f 1904/1634/132 1897/1636/132 1900/1637/132
f 1905/1635/132 726/1223/132 1904/1634/132
f 1900/1637/132 1905/1635/132 1904/1634/132
f 1399/1385/146 1913/1638/146 1911/1639/146
f 1400/1386/146 1399/1385/146 1911/1639/146
f 3788/1640/132 3789/1641/132 3746/1399/132
f 3790/1642/132 3788/1640/132 3746/1399/132
f 3789/1641/132 3788/1640/132 3791/1643/132
f 3748/1401/132 3789/1641/132 3791/1643/132
f 3750/1404/132 3748/1401/132 3791/1643/132
f 3790/1642/132 3746/1399/132 3747/1400/132
f 3792/1644/132 3790/1642/132 3747/1400/132
f 3750/1404/132 3791/1643/132 3793/1645/132
f 3752/1408/132 3750/1404/132 3793/1645/132
f 3792/1644/132 3747/1400/132 3749/1403/132
f 3794/1646/132 3792/1644/132 3749/1403/132
f 3752/1408/132 3793/1645/132 3795/1647/132
f 3753/1411/132 3752/1408/132 3795/1647/132
f 3794/1646/132 3749/1403/132 3751/1407/132
f 3796/1648/132 3794/1646/132 3751/1407/132
f 3753/1411/132 3795/1647/132 3796/1648/132
f 3751/1407/132 3753/1411/132 3796/1648/132
f 3797/1640/134 3755/1399/134 3798/1641/134
f 3799/1642/134 3755/1399/134 3797/1640/134
f 3798/1641/134 3800/1643/134 3797/1640/134
f 3757/1401/134 3800/1643/134 3798/1641/134
f 3759/1404/134 3800/1643/134 3757/1401/134
f 3799/1642/134 3756/1400/134 3755/1399/134
f 3801/1644/134 3756/1400/134 3799/1642/134
f 3759/1404/134 3802/1645/134 3800/1643/134
f 3761/1408/134 3802/1645/134 3759/1404/134
f 3801/1644/134 3758/1403/134 3756/1400/134
f 3803/1646/134 3758/1403/134 3801/1644/134
f 3761/1408/134 3804/1647/134 3802/1645/134
f 3762/1411/134 3804/1647/134 3761/1408/134
f 3803/1646/134 3760/1407/134 3758/1403/134
f 3805/1648/134 3760/1407/134 3803/1646/134
f 3762/1411/134 3805/1648/134 3804/1647/134
f 3760/1407/134 3805/1648/134 3762/1411/134
f 3405/1624/132 3806/1649/132 3099/1642/132
f 3407/1625/132 3405/1624/132 3099/1642/132
f 3806/1649/132 3405/1624/132 3401/1626/132
f 3101/1640/132 3806/1649/132 3401/1626/132
f 3088/1643/133 3101/1640/133 3401/1626/133
f 3091/1647/133 3089/1645/133 3088/1643/133
f 3095/1646/133 3093/1648/133 3091/1647/133
f 3099/1642/133 3097/1644/133 3095/1646/133
f 3407/1625/133 3099/1642/133 3095/1646/133
f 3088/1643/132 3401/1626/132 3404/1628/132
f 3409/1627/132 3407/1625/132 3095/1646/132
f 3088/1643/132 3404/1628/132 3415/1630/132
f 3411/1629/132 3409/1627/132 3095/1646/132
f 3091/1647/132 3088/1643/132 3415/1630/132
f 3411/1629/133 3095/1646/133 3091/1647/133
f 3091/1647/132 3415/1630/132 3413/1631/132
f 3413/1631/132 3411/1629/132 3091/1647/132
f 1924/1624/132 3807/1649/132 3790/1642/132
f 1928/1625/132 1924/1624/132 3790/1642/132
f 3807/1649/132 1924/1624/132 1918/1626/132
f 3788/1640/132 3807/1649/132 1918/1626/132
f 3791/1643/133 3788/1640/133 1918/1626/133
f 3795/1647/133 3793/1645/133 3791/1643/133
f 3794/1646/133 3796/1648/133 3795/1647/133
f 3790/1642/133 3792/1644/133 3794/1646/133
f 1928/1625/133 3790/1642/133 3794/1646/133
f 3791/1643/132 1918/1626/132 1917/1628/132
f 1932/1627/132 1928/1625/132 3794/1646/132
f 3791/1643/132 1917/1628/132 1944/1630/132
f 1936/1629/132 1932/1627/132 3794/1646/132
f 3795/1647/132 3791/1643/132 1944/1630/132
f 1936/1629/133 3794/1646/133 3795/1647/133
f 3795/1647/132 1944/1630/132 1940/1631/132
f 1940/1631/132 1936/1629/132 3795/1647/132
f 1925/1624/134 3799/1642/134 3808/1649/134
f 1929/1625/134 3799/1642/134 1925/1624/134
f 3808/1649/134 1919/1626/134 1925/1624/134
f 3797/1640/134 1919/1626/134 3808/1649/134
f 3800/1643/135 1919/1626/135 3797/1640/135
f 3804/1647/135 3800/1643/135 3802/1645/135
f 3803/1646/135 3804/1647/135 3805/1648/135
f 3799/1642/135 3803/1646/135 3801/1644/135
f 1929/1625/134 3803/1646/134 3799/1642/134
f 3800/1643/134 1920/1628/134 1919/1626/134
f 1933/1627/134 3803/1646/134 1929/1625/134
f 3800/1643/134 1945/1630/134 1920/1628/134
f 1937/1629/134 3803/1646/134 1933/1627/134
f 3804/1647/135 1945/1630/135 3800/1643/135
f 1937/1629/134 3804/1647/134 3803/1646/134
f 3804/1647/134 1941/1631/134 1945/1630/134
f 1941/1631/134 3804/1647/134 1937/1629/134
f 3421/1582/132 3809/1650/132 3147/1651/132
f 3423/1583/132 3421/1582/132 3147/1651/132
f 3809/1650/132 3421/1582/132 3417/1584/132
f 3149/1652/132 3809/1650/132 3417/1584/132
f 3136/1653/133 3149/1652/133 3417/1584/133
f 3139/1654/133 3137/1655/133 3136/1653/133
f 3143/1656/133 3141/1657/133 3139/1654/133
f 3147/1651/133 3145/1658/133 3143/1656/133
f 3423/1583/133 3147/1651/133 3143/1656/133
f 3136/1653/132 3417/1584/132 3420/1586/132
f 3425/1585/132 3423/1583/132 3143/1656/132
f 3136/1653/132 3420/1586/132 3431/1588/132
f 3427/1587/132 3425/1585/132 3143/1656/132
f 3139/1654/132 3136/1653/132 3431/1588/132
f 3427/1587/133 3143/1656/133 3139/1654/133
f 3139/1654/132 3431/1588/132 3429/1589/132
f 3429/1589/132 3427/1587/132 3139/1654/132
f 1956/1582/132 3810/1650/132 3811/1651/132
f 1960/1583/132 1956/1582/132 3811/1651/132
f 3810/1650/132 1956/1582/132 1950/1584/132
f 3812/1652/132 3810/1650/132 1950/1584/132
f 3813/1653/133 3812/1652/133 1950/1584/133
f 3814/1654/133 3815/1655/133 3813/1653/133
f 3816/1656/133 3817/1657/133 3814/1654/133
f 3811/1651/133 3818/1658/133 3816/1656/133
f 1960/1583/133 3811/1651/133 3816/1656/133
f 3813/1653/132 1950/1584/132 1949/1586/132
f 1964/1585/132 1960/1583/132 3816/1656/132
f 3813/1653/132 1949/1586/132 1976/1588/132
f 1968/1587/132 1964/1585/132 3816/1656/132
f 3814/1654/132 3813/1653/132 1976/1588/132
f 1968/1587/133 3816/1656/133 3814/1654/133
f 3814/1654/132 1976/1588/132 1972/1589/132
f 1972/1589/132 1968/1587/132 3814/1654/132
f 1957/1582/134 3819/1651/134 3820/1650/134
f 1961/1583/134 3819/1651/134 1957/1582/134
f 3820/1650/134 1951/1584/134 1957/1582/134
f 3821/1652/134 1951/1584/134 3820/1650/134
f 3822/1653/135 1951/1584/135 3821/1652/135
f 3823/1654/135 3822/1653/135 3824/1655/135
f 3825/1656/135 3823/1654/135 3826/1657/135
f 3819/1651/135 3825/1656/135 3827/1658/135
f 1961/1583/134 3825/1656/134 3819/1651/134
f 3822/1653/134 1952/1586/134 1951/1584/134
f 1965/1585/134 3825/1656/134 1961/1583/134
f 3822/1653/134 1977/1588/134 1952/1586/134
f 1969/1587/134 3825/1656/134 1965/1585/134
f 3823/1654/135 1977/1588/135 3822/1653/135
f 1969/1587/134 3823/1654/134 3825/1656/134
f 3823/1654/134 1973/1589/134 1977/1588/134
f 1973/1589/134 3823/1654/134 1969/1587/134
f 3812/1652/132 3828/1659/132 3765/1427/132
f 3811/1651/132 3812/1652/132 3765/1427/132
f 3828/1659/132 3812/1652/132 3813/1653/132
f 3767/1429/132 3828/1659/132 3813/1653/132
f 3769/1433/132 3767/1429/132 3813/1653/132
f 3811/1651/132 3765/1427/132 3766/1428/132
f 3818/1658/132 3811/1651/132 3766/1428/132
f 3769/1433/132 3813/1653/132 3815/1655/132
f 3771/1436/132 3769/1433/132 3815/1655/132
f 3818/1658/132 3766/1428/132 3768/1432/132
f 3816/1656/132 3818/1658/132 3768/1432/132
f 3771/1436/132 3815/1655/132 3814/1654/132
f 3772/1438/132 3771/1436/132 3814/1654/132
f 3816/1656/132 3768/1432/132 3770/1435/132
f 3817/1657/132 3816/1656/132 3770/1435/132
f 3772/1438/132 3814/1654/132 3817/1657/132
f 3770/1435/132 3772/1438/132 3817/1657/132
f 3821/1652/134 3774/1427/134 3829/1659/134
f 3819/1651/134 3774/1427/134 3821/1652/134
f 3829/1659/134 3822/1653/134 3821/1652/134
f 3776/1429/134 3822/1653/134 3829/1659/134
f 3778/1433/134 3822/1653/134 3776/1429/134
f 3819/1651/134 3775/1428/134 3774/1427/134
f 3827/1658/134 3775/1428/134 3819/1651/134
f 3778/1433/134 3824/1655/134 3822/1653/134
f 3780/1436/134 3824/1655/134 3778/1433/134
f 3827/1658/134 3777/1432/134 3775/1428/134
f 3825/1656/134 3777/1432/134 3827/1658/134
f 3780/1436/134 3823/1654/134 3824/1655/134
f 3781/1438/134 3823/1654/134 3780/1436/134
f 3825/1656/134 3779/1435/134 3777/1432/134
f 3826/1657/134 3779/1435/134 3825/1656/134
f 3781/1438/134 3826/1657/134 3823/1654/134
f 3779/1435/134 3826/1657/134 3781/1438/134
f 1644/1463/132 1482/1402/132 1473/1398/132
f 1653/1464/132 1644/1463/132 1473/1398/132
f 1637/1463/132 1477/1402/132 1469/1398/132
f 1648/1464/132 1637/1463/132 1469/1398/132
f 1640/1463/134 1470/1398/134 1478/1402/134
f 1649/1464/134 1470/1398/134 1640/1463/134
f 1672/1478/132 1667/1477/132 1911/1639/132
f 1913/1638/132 1672/1478/132 1911/1639/132
f 1603/1448/147 1897/1636/147 1904/1634/147
f 1596/1449/147 1603/1448/147 1904/1634/147
f 1709/1508/132 1710/1507/132 1759/1542/132
f 1783/1541/132 1709/1508/132 1759/1542/132
f 1983/1660/132 3238/1661/132 2230/1662/132
f 1990/1663/132 1983/1660/132 2230/1662/132
f 3238/1661/132 1983/1660/132 2050/1664/132
f 3236/1665/132 3238/1661/132 2050/1664/132
f 1990/1663/132 2230/1662/132 2246/1666/132
f 1994/1667/132 1990/1663/132 2246/1666/132
f 3236/1665/132 2050/1664/132 2042/1668/132
f 2255/1669/132 3236/1665/132 2042/1668/132
f 1994/1667/132 2246/1666/132 2259/1670/132
f 1998/1671/132 1994/1667/132 2259/1670/132
f 2255/1669/132 2042/1668/132 2038/1672/132
f 2257/1673/132 2255/1669/132 2038/1672/132
f 1998/1671/132 2259/1670/132 2249/1674/132
f 2002/1675/132 1998/1671/132 2249/1674/132
f 2257/1673/132 2038/1672/132 2034/1676/132
f 2252/1677/132 2257/1673/132 2034/1676/132
f 2002/1675/133 2249/1674/133 3191/1678/133
f 2010/1679/133 2002/1675/133 3191/1678/133
f 2252/1677/132 2034/1676/132 2030/1680/132
f 2238/1681/132 2252/1677/132 2030/1680/132
f 2010/1679/132 3191/1678/132 3234/1682/132
f 2022/1683/132 2010/1679/132 3234/1682/132
f 2238/1681/132 2030/1680/132 2022/1683/132
f 3234/1682/132 2238/1681/132 2022/1683/132
f 1986/1660/134 2229/1662/134 3237/1661/134
f 1991/1663/134 2229/1662/134 1986/1660/134
f 3237/1661/134 2051/1664/134 1986/1660/134
f 3235/1665/134 2051/1664/134 3237/1661/134
f 1991/1663/134 2245/1666/134 2229/1662/134
f 1995/1667/134 2245/1666/134 1991/1663/134
f 3235/1665/135 2043/1668/135 2051/1664/135
f 2256/1669/135 2043/1668/135 3235/1665/135
f 1995/1667/134 2260/1670/134 2245/1666/134
f 1999/1671/134 2260/1670/134 1995/1667/134
f 2256/1669/134 2039/1672/134 2043/1668/134
f 2258/1673/134 2039/1672/134 2256/1669/134
f 1999/1671/134 2250/1674/134 2260/1670/134
f 2003/1675/134 2250/1674/134 1999/1671/134
f 2258/1673/134 2035/1676/134 2039/1672/134
f 2251/1677/134 2035/1676/134 2258/1673/134
f 2003/1675/134 3192/1678/134 2250/1674/134
f 2011/1679/134 3192/1678/134 2003/1675/134
f 2251/1677/134 2031/1680/134 2035/1676/134
f 2237/1681/134 2031/1680/134 2251/1677/134
f 2011/1679/134 3233/1682/134 3192/1678/134
f 2023/1683/134 3233/1682/134 2011/1679/134
f 2237/1681/134 2023/1683/134 2031/1680/134
f 3233/1682/134 2023/1683/134 2237/1681/134
f 2062/1684/134 3197/1663/134 3196/1660/134
f 2066/1685/134 3197/1663/134 2062/1684/134
f 3196/1660/135 2063/1686/135 2062/1684/135
f 3227/1664/134 2063/1686/134 3196/1660/134
f 2066/1685/134 3199/1667/134 3197/1663/134
f 2068/1687/134 3199/1667/134 2066/1685/134
f 3227/1664/134 2086/1688/134 2063/1686/134
f 3223/1668/134 2086/1688/134 3227/1664/134
f 2068/1687/134 3201/1671/134 3199/1667/134
f 2070/1689/134 3201/1671/134 2068/1687/134
f 3223/1668/134 2084/1690/134 2086/1688/134
f 3221/1672/135 2084/1690/135 3223/1668/135
f 2070/1689/134 3203/1675/134 3201/1671/134
f 2074/1691/134 3203/1675/134 2070/1689/134
f 3221/1672/134 2082/1692/134 2084/1690/134
f 3219/1676/135 2082/1692/135 3221/1672/135
f 2074/1691/134 3207/1679/134 3203/1675/134
f 2076/1693/134 3207/1679/134 2074/1691/134
f 3219/1676/134 2080/1694/134 2082/1692/134
f 3217/1680/134 2080/1694/134 3219/1676/134
f 2076/1693/134 3213/1683/134 3207/1679/134
f 2078/1695/135 3213/1683/135 2076/1693/135
f 3217/1680/134 2078/1695/134 2080/1694/134
f 3213/1683/134 2078/1695/134 3217/1680/134
f 3243/1696/132 3239/1697/132 2136/1684/132
f 2136/1684/132 3239/1697/132 3242/1698/132
f 2089/1686/132 2136/1684/132 3242/1698/132
f 3243/1696/133 2136/1684/133 2132/1685/133
f 2089/1686/132 3242/1698/132 3261/1699/132
f 2090/1688/132 2089/1686/132 3261/1699/132
f 3243/1696/132 2132/1685/132 2128/1687/132
f 3245/1700/132 3243/1696/132 2128/1687/132
f 2090/1688/132 3261/1699/132 3264/1701/132
f 2096/1690/132 2090/1688/132 3264/1701/132
f 3245/1700/132 2128/1687/132 2124/1689/132
f 3250/1702/132 3245/1700/132 2124/1689/132
f 2096/1690/132 3264/1701/132 3259/1703/132
f 2100/1692/133 2096/1690/133 3259/1703/133
f 3250/1702/132 2124/1689/132 2116/1691/132
f 3251/1704/132 3250/1702/132 2116/1691/132
f 2100/1692/132 3259/1703/132 3257/1705/132
f 2104/1694/132 2100/1692/132 3257/1705/132
f 3251/1704/132 2116/1691/132 2112/1693/132
f 3253/1706/133 3251/1704/133 2112/1693/133
f 2104/1694/132 3257/1705/132 3255/1707/132
f 2108/1695/133 2104/1694/133 3255/1707/133
f 3253/1706/132 2112/1693/132 2108/1695/132
f 3255/1707/132 3253/1706/132 2108/1695/132
f 3830/1696/134 2137/1684/134 3831/1697/134
f 2137/1684/134 3832/1698/134 3831/1697/134
f 2092/1686/134 3832/1698/134 2137/1684/134
f 3830/1696/134 2133/1685/134 2137/1684/134
f 2092/1686/134 3833/1699/134 3832/1698/134
f 2091/1688/134 3833/1699/134 2092/1686/134
f 3830/1696/134 2129/1687/134 2133/1685/134
f 3834/1700/134 2129/1687/134 3830/1696/134
f 2091/1688/134 3835/1701/134 3833/1699/134
f 2097/1690/134 3835/1701/134 2091/1688/134
f 3834/1700/134 2125/1689/134 2129/1687/134
f 3836/1702/134 2125/1689/134 3834/1700/134
f 2097/1690/134 3837/1703/134 3835/1701/134
f 2101/1692/135 3837/1703/135 2097/1690/135
f 3836/1702/134 2117/1691/134 2125/1689/134
f 3838/1704/134 2117/1691/134 3836/1702/134
f 2101/1692/134 3839/1705/134 3837/1703/134
f 2105/1694/134 3839/1705/134 2101/1692/134
f 3838/1704/134 2113/1693/134 2117/1691/134
f 3840/1706/135 2113/1693/135 3838/1704/135
f 2105/1694/134 3841/1707/134 3839/1705/134
f 2109/1695/134 3841/1707/134 2105/1694/134
f 3840/1706/134 2109/1695/134 2113/1693/134
f 3841/1707/134 2109/1695/134 3840/1706/134
f 3155/1708/134 3834/1700/134 3835/1701/134
f 3151/1709/134 3834/1700/134 3155/1708/134
f 3833/1699/134 3831/1697/134 3832/1698/134
f 3835/1701/134 3831/1697/134 3833/1699/134
f 3834/1700/134 3831/1697/134 3835/1701/134
f 3830/1696/134 3831/1697/134 3834/1700/134
f 3837/1703/134 3161/1710/134 3157/1711/134
f 3836/1702/134 3161/1710/134 3837/1703/134
f 3839/1705/134 3836/1702/134 3837/1703/134
f 3842/1712/134 3836/1702/134 3839/1705/134
f 3160/1713/134 3166/1714/134 3172/1715/134
f 3167/1716/134 3166/1714/134 3160/1713/134
f 3174/1717/134 3175/1718/134 3178/1719/134
f 3163/1720/134 3175/1718/134 3174/1717/134
f 3180/1721/134 3187/1722/134 3181/1723/134
f 3186/1724/134 3187/1722/134 3180/1721/134
f 3184/1725/134 3154/1726/134 3169/1727/134
f 3190/1728/134 3154/1726/134 3184/1725/134
f 3841/1707/134 3842/1712/134 3839/1705/134
f 3840/1706/134 3842/1712/134 3841/1707/134
f 3838/1704/134 3842/1712/134 3840/1706/134
usemtl FIRELAV2
f 3843/1729/134 3844/1730/134 3845/1731/134
f 3846/1732/134 3844/1730/134 3843/1729/134
f 3845/1731/134 3847/1733/134 3843/1729/134
f 3848/1734/134 3847/1733/134 3845/1731/134
f 3846/1732/134 3849/1735/134 3844/1730/134
f 3848/1734/134 3850/1736/134 3847/1733/134
f 3851/1737/134 3850/1736/134 3848/1734/134
f 3846/1732/134 3852/1738/134 3849/1735/134
f 3853/1739/134 3852/1738/134 3846/1732/134
f 3851/1737/134 3854/1740/134 3850/1736/134
f 3855/1741/134 3854/1740/134 3851/1737/134
f 3853/1739/135 3856/1742/135 3852/1738/135
f 3857/1743/134 3856/1742/134 3853/1739/134
f 3855/1741/134 3858/1744/134 3854/1740/134
f 3859/1745/134 3858/1744/134 3855/1741/134
f 3857/1743/134 3859/1745/134 3856/1742/134
f 3858/1744/134 3859/1745/134 3857/1743/134
f 3860/1746/134 3861/1747/134 3862/1748/134
f 3863/1749/134 3861/1747/134 3860/1746/134
f 3864/1750/134 3865/1751/134 3866/1752/134
f 3867/1753/134 3864/1750/134 3868/1754/134
f 3869/1755/134 3864/1750/134 3867/1753/134
f 3868/1754/134 3870/1756/134 3867/1753/134
f 3871/1757/134 3870/1756/134 3868/1754/134
f 3872/1758/134 3871/1757/134 3873/1759/134
f 3874/1760/135 3871/1757/135 3872/1758/135
f 3875/1761/134 3874/1760/134 3876/1762/134
f 3877/1763/134 3878/1764/134 3879/1765/134
f 3865/1751/134 3878/1764/134 3877/1763/134
f 3869/1755/134 3865/1751/134 3864/1750/134
f 3871/1757/134 3880/1766/134 3870/1756/134
f 3874/1760/134 3880/1766/134 3871/1757/134
f 3881/1767/134 3865/1751/134 3869/1755/134
f 3874/1760/134 3882/1768/134 3880/1766/134
f 3881/1767/134 3878/1764/134 3865/1751/134
f 3883/1769/134 3878/1764/134 3881/1767/134
f 3874/1760/134 3884/1770/134 3882/1768/134
f 3875/1761/134 3884/1770/134 3874/1760/134
f 3883/1769/134 3875/1761/134 3878/1764/134
f 3884/1770/134 3875/1761/134 3883/1769/134
f 3885/1771/134 3886/1772/134 3887/1773/134
f 3888/1774/134 3885/1771/134 3887/1773/134
f 3889/1775/134 3885/1771/134 3888/1774/134
f 3890/1776/134 3891/1777/134 3892/1778/134
f 3893/1779/134 3891/1777/134 3890/1776/134
f 3894/1780/134 3895/1781/134 3896/1782/134
f 3897/1783/134 3895/1781/134 3894/1780/134
f 3898/1784/134 3899/1785/134 3900/1786/134
f 3901/1787/134 3899/1785/134 3898/1784/134
f 3897/1783/134 3902/1788/134 3895/1781/134
f 3903/1789/134 3902/1788/134 3897/1783/134
f 3901/1787/134 3904/1790/134 3899/1785/134
f 3905/1791/134 3904/1790/134 3901/1787/134
f 3903/1789/134 3905/1791/134 3902/1788/134
f 3904/1790/134 3905/1791/134 3903/1789/134
f 3906/1792/134 3859/1745/134 3885/1771/134
f 3856/1742/134 3859/1745/134 3906/1792/134
f 3907/1793/134 3849/1735/134 3852/1738/134
f 3908/1794/134 3849/1735/134 3907/1793/134
f 3909/1795/134 3910/1796/134 3911/1797/134
f 3912/1798/134 3910/1796/134 3909/1795/134
f 3913/1799/134 3914/1800/134 3915/1801/134
f 3916/1802/134 3914/1800/134 3913/1799/134
f 3917/1803/134 3916/1802/134 3913/1799/134
f 3918/1804/134 3916/1802/134 3917/1803/134
f 3848/1734/134 3919/1805/134 3920/1806/134
f 3844/1730/134 3919/1805/134 3848/1734/134
f 3851/1737/134 3920/1806/134 3914/1800/134
f 3848/1734/134 3920/1806/134 3851/1737/134
f 3916/1802/134 3851/1737/134 3914/1800/134
f 3855/1741/134 3851/1737/134 3916/1802/134
f 3885/1771/134 3855/1741/134 3916/1802/134
f 3859/1745/134 3855/1741/134 3885/1771/134
f 3909/1795/134 3921/1807/134 3912/1798/134
f 3922/1808/134 3921/1807/134 3909/1795/134
f 3923/1809/134 3910/1796/134 3924/1810/134
f 3911/1797/134 3910/1796/134 3923/1809/134
f 3915/1801/134 3925/1811/134 3926/1812/134
f 3914/1800/134 3925/1811/134 3915/1801/134
f 3927/1813/134 3928/1814/134 3929/1815/134
f 3930/1816/134 3928/1814/134 3927/1813/134
f 3931/1817/134 3928/1814/134 3930/1816/134
f 3930/1816/134 3932/1818/134 3931/1817/134
f 3933/1819/134 3934/1820/134 3935/1821/134
f 3936/1822/134 3934/1820/134 3933/1819/134
f 3937/1823/134 3934/1820/134 3936/1822/134
f 3933/1819/134 3938/1824/134 3936/1822/134
f 3939/1825/134 3938/1824/134 3933/1819/134
f 3937/1823/134 3940/1826/134 3934/1820/134
f 3941/1827/134 3940/1826/134 3937/1823/134
f 3939/1825/134 3942/1828/134 3938/1824/134
f 3943/1829/134 3942/1828/134 3939/1825/134
f 3941/1827/134 3931/1817/134 3940/1826/134
f 3944/1830/134 3931/1817/134 3941/1827/134
f 3943/1829/134 3945/1831/134 3942/1828/134
f 3946/1832/134 3945/1831/134 3943/1829/134
f 3944/1830/134 3928/1814/134 3931/1817/134
f 3947/1833/134 3928/1814/134 3944/1830/134
f 3946/1832/134 3947/1833/134 3945/1831/134
f 3928/1814/134 3947/1833/134 3946/1832/134
f 3948/1834/134 3949/1835/134 3950/1836/134
f 3951/1837/134 3949/1835/134 3948/1834/134
f 3952/1838/134 3951/1837/134 3953/1839/134
f 3949/1835/134 3951/1837/134 3952/1838/134
f 3943/1829/134 3954/1840/134 3955/1841/134
f 3939/1825/134 3954/1840/134 3943/1829/134
f 3932/1818/134 3940/1826/134 3931/1817/134
f 3956/1842/134 3940/1826/134 3932/1818/134
f 3939/1825/134 3957/1843/134 3954/1840/134
f 3935/1821/134 3957/1843/134 3939/1825/134
f 3956/1842/134 3934/1820/134 3940/1826/134
f 3958/1844/134 3934/1820/134 3956/1842/134
f 3935/1821/134 3958/1844/134 3957/1843/134
f 3934/1820/134 3958/1844/134 3935/1821/134
f 3959/1845/134 3960/1846/134 3961/1847/134
f 3962/1848/134 3960/1846/134 3959/1845/134
f 3963/1849/134 3964/1850/134 3965/1851/134
f 3966/1852/134 3964/1850/134 3963/1849/134
f 3967/1853/134 3968/1854/134 3969/1855/134
f 3970/1856/134 3968/1854/134 3967/1853/134
f 3971/1857/134 3972/1858/134 3973/1859/134
f 3974/1860/134 3972/1858/134 3971/1857/134
f 3975/1861/134 3976/1862/134 3977/1863/134
f 3978/1864/134 3976/1862/134 3975/1861/134
f 3979/1865/134 3980/1866/134 3981/1867/134
f 3982/1868/134 3980/1866/134 3979/1865/134
f 3983/1869/134 3980/1866/134 3982/1868/134
f 3979/1865/134 3984/1870/134 3982/1868/134
f 3985/1871/134 3984/1870/134 3979/1865/134
f 3983/1869/134 3986/1872/134 3980/1866/134
f 3987/1873/134 3986/1872/134 3983/1869/134
f 3985/1871/134 3988/1874/134 3984/1870/134
f 3989/1875/134 3988/1874/134 3985/1871/134
f 3987/1873/135 3990/1876/135 3986/1872/135
f 3991/1877/134 3990/1876/134 3987/1873/134
f 3989/1875/134 3992/1878/134 3988/1874/134
f 3993/1879/134 3992/1878/134 3989/1875/134
f 3991/1877/134 3994/1880/134 3990/1876/134
f 3995/1881/134 3994/1880/134 3991/1877/134
f 3993/1879/134 3995/1881/134 3992/1878/134
f 3994/1880/134 3995/1881/134 3993/1879/134
f 3996/1882/134 3997/1883/134 3998/1884/134
f 3999/1885/134 3997/1883/134 3996/1882/134
f 4000/1886/135 4001/1887/135 4002/1888/135
f 4003/1889/135 4001/1887/135 4000/1886/135
f 4004/1890/134 4005/1891/134 3906/1792/134
f 4006/1892/134 4007/1893/134 4008/1894/134
f 4009/1895/134 4007/1893/134 4006/1892/134
f 4010/1896/134 4004/1890/134 3906/1792/134
f 4011/1897/134 4004/1890/134 4010/1896/134
f 3997/1883/134 4012/1898/134 3998/1884/134
f 4013/1899/134 4012/1898/134 3997/1883/134
f 4014/1900/134 4015/1901/134 4016/1902/134
f 4017/1903/134 4014/1900/134 4018/1904/134
f 4019/1905/134 4020/1906/134 4021/1907/134
f 4022/1908/134 4019/1905/134 4023/1909/134
f 4014/1900/134 4024/1910/134 4015/1901/134
f 4017/1903/134 4024/1910/134 4014/1900/134
f 4022/1908/134 4020/1906/134 4019/1905/134
f 4025/1911/134 4020/1906/134 4022/1908/134
f 4017/1903/134 4025/1911/134 4024/1910/134
f 4020/1906/134 4025/1911/134 4017/1903/134
f 4026/1912/134 4027/1913/134 4028/1914/134
f 4029/1915/134 4027/1913/134 4026/1912/134
f 4030/1916/134 4027/1913/134 4029/1915/134
f 4031/1917/134 4029/1915/134 4026/1912/134
f 4026/1912/134 4028/1914/134 4032/1918/134
f 4027/1913/134 4033/1919/134 4028/1914/134
f 4034/1920/134 4035/1921/134 4036/1922/134
f 4037/1923/134 4034/1920/134 4038/1924/134
f 4039/1925/134 4037/1923/134 4040/1926/134
f 4041/1927/134 4039/1925/134 4042/1928/134
f 4030/1916/134 4041/1927/134 4027/1913/134
f 4041/1927/134 4033/1919/134 4027/1913/134
f 4035/1921/134 4033/1919/134 4041/1927/134
f 4030/1916/134 4039/1925/134 4041/1927/134
f 4034/1920/134 4032/1918/134 4035/1921/134
f 4031/1917/134 4039/1925/134 4030/1916/134
f 4037/1923/134 4031/1917/134 4034/1920/134
f 4031/1917/134 4037/1923/134 4039/1925/134
f 4042/1928/134 4043/1929/134 4044/1930/134
f 4039/1925/134 4043/1929/134 4042/1928/134
f 4044/1930/134 4035/1921/134 4042/1928/134
f 4045/1931/134 4035/1921/134 4044/1930/134
f 4039/1925/134 4046/1932/134 4043/1929/134
f 4040/1926/134 4046/1932/134 4039/1925/134
f 4045/1931/134 4036/1922/134 4035/1921/134
f 4047/1933/134 4036/1922/134 4045/1931/134
f 4040/1926/134 4048/1934/134 4046/1932/134
f 4037/1923/134 4048/1934/134 4040/1926/134
f 4047/1933/134 4034/1920/134 4036/1922/134
f 4049/1935/134 4034/1920/134 4047/1933/134
f 4037/1923/134 4050/1936/134 4048/1934/134
f 4038/1924/134 4050/1936/134 4037/1923/134
f 4049/1935/134 4038/1924/134 4034/1920/134
f 4050/1936/134 4038/1924/134 4049/1935/134
f 3980/1866/134 3909/1795/134 3981/1867/134
f 3926/1812/134 3909/1795/134 3980/1866/134
f 4022/1908/134 4051/1937/134 4052/1938/134
f 4023/1909/134 4051/1937/134 4022/1908/134
f 4053/1939/134 4054/1940/134 3910/1796/134
f 4055/1941/134 4054/1940/134 4053/1939/134
f 3861/1747/134 4056/1942/134 4057/1943/134
f 4058/1944/134 4056/1942/134 3861/1747/134
f 4055/1941/134 4058/1944/134 4054/1940/134
f 4056/1942/134 4058/1944/134 4055/1941/134
f 4059/1945/132 4060/1946/132 3313/1947/132
f 4061/1948/132 4059/1945/132 3313/1947/132
f 4062/1949/132 4061/1948/132 3313/1947/132
f 4063/1950/132 4064/1951/132 4062/1949/132
f 4065/1952/132 4063/1950/132 4062/1949/132
f 4066/1953/132 4067/1954/132 4065/1952/132
f 4068/1955/132 4069/1956/132 4066/1953/132
f 4070/1957/132 4068/1955/132 4066/1953/132
f 4071/1958/132 4072/1959/132 4070/1957/132
f 4073/1960/132 4074/1961/132 4071/1958/132
f 4075/1962/132 4073/1960/132 4071/1958/132
f 4076/1963/132 4077/1964/132 4075/1962/132
f 4078/1965/132 4079/1966/132 4076/1963/132
f 4059/1945/132 4078/1965/132 4076/1963/132
f 4060/1946/132 4059/1945/132 4076/1963/132
f 3317/1967/132 4060/1946/132 4076/1963/132
f 4065/1952/132 4062/1949/132 3313/1947/132
f 4066/1953/132 4065/1952/132 3313/1947/132
f 4075/1962/132 4071/1958/132 4070/1957/132
f 4076/1963/132 4075/1962/132 4070/1957/132
f 3319/1968/132 3317/1967/132 4076/1963/132
f 4066/1953/132 3313/1947/132 3316/1969/132
f 3319/1968/132 4076/1963/132 4070/1957/132
f 4070/1957/132 4066/1953/132 3316/1969/132
f 3316/1969/132 3319/1968/132 4070/1957/132
f 332/1945/134 3314/1947/134 4080/1946/134
f 336/1948/134 3314/1947/134 332/1945/134
f 338/1949/134 3314/1947/134 336/1948/134
f 369/1950/134 338/1949/134 360/1951/134
f 361/1952/134 338/1949/134 369/1950/134
f 340/1953/134 361/1952/134 341/1954/134
f 346/1955/134 340/1953/134 344/1956/134
f 348/1957/134 340/1953/134 346/1955/134
f 352/1958/134 348/1957/134 350/1959/134
f 367/1960/134 352/1958/134 364/1961/134
f 365/1962/134 352/1958/134 367/1960/134
f 354/1963/134 365/1962/134 355/1964/134
f 333/1965/134 354/1963/134 358/1966/134
f 332/1945/134 354/1963/134 333/1965/134
f 4080/1946/134 354/1963/134 332/1945/134
f 3318/1967/134 354/1963/134 4080/1946/134
f 361/1952/134 3314/1947/134 338/1949/134
f 340/1953/134 3314/1947/134 361/1952/134
f 365/1962/134 348/1957/134 352/1958/134
f 354/1963/134 348/1957/134 365/1962/134
f 3320/1968/134 354/1963/134 3318/1967/134
f 340/1953/134 3315/1969/134 3314/1947/134
f 3320/1968/134 348/1957/134 354/1963/134
f 348/1957/134 3315/1969/134 340/1953/134
f 3315/1969/134 348/1957/134 3320/1968/134
f 4081/1970/134 3897/1783/134 3894/1780/134
f 4082/1272/134 3897/1783/134 4081/1970/134
f 3900/1786/134 4083/1971/134 4084/1972/134
f 3899/1785/134 4083/1971/134 3900/1786/134
f 4082/1272/134 3903/1789/134 3897/1783/134
f 4085/1973/134 3903/1789/134 4082/1272/134
f 3899/1785/134 4086/1974/134 4083/1971/134
f 3904/1790/134 4086/1974/134 3899/1785/134
f 4085/1973/134 3904/1790/134 3903/1789/134
f 4086/1974/134 3904/1790/134 4085/1973/134
f 4087/1975/134 4082/1272/134 4088/1976/134
f 4089/1977/134 4082/1272/134 4087/1975/134
f 4090/1978/134 4091/1979/134 4092/1980/134
f 4083/1971/134 4091/1979/134 4090/1978/134
f 4089/1977/134 4085/1973/134 4082/1272/134
f 4093/1981/134 4085/1973/134 4089/1977/134
f 4083/1971/134 4094/1982/134 4091/1979/134
f 4086/1974/134 4094/1982/134 4083/1971/134
f 4093/1981/134 4086/1974/134 4085/1973/134
f 4094/1982/134 4086/1974/134 4093/1981/134
f 400/1805/132 393/1816/132 396/1818/132
f 397/1983/132 400/1805/132 396/1818/132
f 3919/1805/134 3932/1818/134 3930/1816/134
f 4095/1983/134 3932/1818/134 3919/1805/134
f 400/1805/132 404/1806/132 401/1813/132
f 393/1816/132 400/1805/132 401/1813/132
f 3919/1805/134 3927/1813/134 3920/1806/134
f 3930/1816/134 3927/1813/134 3919/1805/134
f 404/1806/132 408/1984/132 405/1815/132
f 401/1813/132 404/1806/132 405/1815/132
f 3920/1806/134 3929/1815/134 4096/1984/134
f 3927/1813/134 3929/1815/134 3920/1806/134
f 3913/1799/134 3986/1872/134 3917/1803/134
f 3913/1799/134 3980/1866/134 3986/1872/134
f 3915/1801/134 3980/1866/134 3913/1799/134
f 3915/1801/134 3926/1812/134 3980/1866/134
f 4097/1985/134 4098/1986/134 3908/1794/134
f 4099/1987/134 3955/1841/134 4100/1988/134
f 4101/1989/134 3955/1841/134 4099/1987/134
f 3928/1814/134 4101/1989/134 3929/1815/134
f 3946/1832/134 4101/1989/134 3928/1814/134
f 4102/1990/134 4103/1991/134 4104/1992/134
f 4105/1993/134 4103/1991/134 4102/1990/134
f 3888/1774/134 4105/1993/134 4106/1994/134
f 4103/1991/134 4105/1993/134 3888/1774/134
f 4107/1995/134 4108/1996/134 4109/1997/134
f 4110/1998/134 4108/1996/134 4107/1995/134
f 4109/1997/134 4111/1999/134 4107/1995/134
f 4112/2000/134 4111/1999/134 4109/1997/134
f 4113/2001/134 4111/1999/134 4112/2000/134
f 4110/1998/134 4114/2002/134 4108/1996/134
f 4115/2003/134 4114/2002/134 4110/1998/134
f 4113/2001/134 4116/2004/134 4111/1999/134
f 4117/2005/134 4116/2004/134 4113/2001/134
f 4115/2003/134 4118/2006/134 4114/2002/134
f 4119/2007/134 4118/2006/134 4115/2003/134
f 4117/2005/134 4120/2008/134 4116/2004/134
f 4121/2009/134 4120/2008/134 4117/2005/134
f 4119/2007/134 4122/2010/134 4118/2006/134
f 4123/2011/134 4122/2010/134 4119/2007/134
f 4121/2009/134 4123/2011/134 4120/2008/134
f 4122/2010/134 4123/2011/134 4121/2009/134
f 4124/2012/134 4125/2013/134 3965/1851/134
f 4126/2014/134 4125/2013/134 4124/2012/134
f 3959/1845/134 4126/2014/134 4127/2015/134
f 4125/2013/134 4126/2014/134 3959/1845/134
f 4128/2016/135 4129/2017/135 4130/2018/135
f 4131/2019/135 4128/2016/135 4132/2020/135
f 4133/2021/135 4131/2019/135 4134/2022/135
f 4135/2023/135 4133/2021/135 4136/2024/135
f 4044/1930/134 4133/2021/134 4135/2023/134
f 4043/1929/134 4133/2021/134 4044/1930/134
f 4135/2023/134 4045/1931/134 4044/1930/134
f 4129/2017/134 4045/1931/134 4135/2023/134
f 4046/1932/134 4133/2021/134 4043/1929/134
f 4129/2017/134 4047/1933/134 4045/1931/134
f 4046/1932/135 4131/2019/135 4133/2021/135
f 4128/2016/134 4047/1933/134 4129/2017/134
f 4048/1934/134 4131/2019/134 4046/1932/134
f 4128/2016/134 4049/1935/134 4047/1933/134
f 4050/1936/134 4131/2019/134 4048/1934/134
f 4128/2016/134 4050/1936/134 4049/1935/134
f 4050/1936/135 4128/2016/135 4131/2019/135
f 4125/2013/134 4137/2025/134 3963/1849/134
f 4138/2026/134 4125/2013/134 3961/1847/134
f 4139/2027/134 4125/2013/134 4138/2026/134
f 4125/2013/134 4139/2027/134 4137/2025/134
f 4140/963/134 4141/2028/134 4142/2029/134
f 4143/959/134 4141/2028/134 4140/963/134
f 4144/2030/134 4145/2031/134 4146/2032/134
f 4147/2033/134 4145/2031/134 4144/2030/134
f 4148/2034/134 4149/2035/134 4150/2036/134
f 4151/2037/134 4149/2035/134 4148/2034/134
f 4152/2038/134 4149/2035/134 4151/2037/134
f 3889/1775/134 3906/1792/134 3885/1771/134
f 4010/1896/134 3906/1792/134 3889/1775/134
f 4153/2039/134 4154/2040/134 4155/2041/134
f 4156/2042/134 4154/2040/134 4153/2039/134
f 4157/2043/134 4158/2044/134 3999/1885/134
f 4159/2045/134 4158/2044/134 4157/2043/134
f 4156/2042/134 4159/2045/134 4154/2040/134
f 4158/2044/134 4159/2045/134 4156/2042/134
f 4160/2046/134 4161/2047/134 4162/2048/134
f 3950/1836/134 4161/2047/134 4160/2046/134
f 4163/2049/134 4164/2050/134 4165/2051/134
f 4166/2052/134 4163/2049/134 4167/2053/134
f 4168/2054/134 4163/2049/134 4166/2052/134
f 4163/2049/134 4168/2054/134 4164/2050/134
f 4169/2055/134 4170/2056/134 4171/2057/134
f 3949/1835/134 4170/2056/134 4169/2055/134
f 4172/2058/134 3949/1835/134 4173/2059/134
f 4170/2056/134 3949/1835/134 4172/2058/134
f 4171/2057/134 4105/1993/134 4102/1990/134
f 4170/2056/134 4105/1993/134 4171/2057/134
f 4106/1994/134 4170/2056/134 4172/2058/134
f 4105/1993/134 4170/2056/134 4106/1994/134
f 4165/2051/134 4010/1896/134 4174/2060/134
f 4011/1897/134 4010/1896/134 4165/2051/134
f 4175/2061/134 4011/1897/134 4176/2062/134
f 4177/2063/134 4175/2061/134 4178/2064/134
f 4179/2065/134 4175/2061/134 4177/2063/134
f 4175/2061/134 4179/2065/134 4011/1897/134
f 4164/2050/134 4175/2061/134 4176/2062/134
f 4168/2054/134 4175/2061/134 4164/2050/134
f 4178/2064/134 4168/2054/134 4166/2052/134
f 4175/2061/134 4168/2054/134 4178/2064/134
f 4153/2039/134 4160/2046/134 4162/2048/134
f 4180/2066/134 4160/2046/134 4153/2039/134
f 4161/2047/134 4169/2055/134 4104/1992/134
f 3950/1836/134 4169/2055/134 4161/2047/134
f 4173/2059/134 3889/1775/134 3888/1774/134
f 3952/1838/134 3889/1775/134 4173/2059/134
f 3948/1834/134 3953/1839/134 3951/1837/134
f 4160/2046/134 3948/1834/134 3950/1836/134
f 4181/2067/134 3948/1834/134 4160/2046/134
f 4182/2068/134 4181/2067/134 4183/2069/134
f 4184/2070/134 4181/2067/134 4182/2068/134
f 4012/1898/134 4184/2070/134 3998/1884/134
f 4185/2071/134 4184/2070/134 4012/1898/134
f 4186/2072/134 4185/2071/134 4187/2073/134
f 3952/1838/134 4186/2072/134 4174/2060/134
f 3953/1839/134 4186/2072/134 3952/1838/134
f 3948/1834/134 4186/2072/134 3953/1839/134
f 4181/2067/134 4186/2072/134 3948/1834/134
f 4184/2070/134 4186/2072/134 4181/2067/134
f 4185/2071/134 4186/2072/134 4184/2070/134
f 4187/2073/134 4174/2060/134 4186/2072/134
f 4012/1898/134 4187/2073/134 4185/2071/134
f 4163/2049/134 4187/2073/134 4012/1898/134
f 4187/2073/134 4163/2049/134 4174/2060/134
f 4182/2068/134 3998/1884/134 4184/2070/134
f 4160/2046/134 4183/2069/134 4181/2067/134
f 4188/2074/134 4183/2069/134 4160/2046/134
f 4182/2068/134 4189/2075/134 3998/1884/134
f 4188/2074/134 4182/2068/134 4183/2069/134
f 4189/2075/134 4182/2068/134 4188/2074/134
f 4013/1899/134 4167/2053/134 4012/1898/134
f 4177/2063/134 4167/2053/134 4013/1899/134
f 4190/2076/134 4188/2074/134 4180/2066/134
f 4191/2077/134 4188/2074/134 4190/2076/134
f 3996/1882/134 4192/2078/134 4193/2079/134
f 4189/2075/134 4192/2078/134 3996/1882/134
f 4191/2077/134 4189/2075/134 4188/2074/134
f 4192/2078/134 4189/2075/134 4191/2077/134
f 4155/2041/134 4191/2077/134 4190/2076/134
f 4154/2040/134 4191/2077/134 4155/2041/134
f 4193/2079/134 4159/2045/134 4157/2043/134
f 4192/2078/134 4159/2045/134 4193/2079/134
f 4154/2040/134 4192/2078/134 4191/2077/134
f 4159/2045/134 4192/2078/134 4154/2040/134
f 4194/2080/134 4195/2081/134 4196/1157/134
f 4197/1152/134 4195/2081/134 4194/2080/134
f 4198/2082/134 4195/2081/134 4197/1152/134
f 4199/2083/134 4197/1152/134 4194/2080/134
f 4194/2080/134 4196/1157/134 4200/2084/134
f 4195/2081/134 4201/2085/134 4196/1157/134
f 4202/2086/134 4203/2087/134 4204/2088/134
f 4205/2089/134 4202/2086/134 4206/2090/134
f 4207/2091/134 4205/2089/134 4208/2092/134
f 4209/2093/134 4207/2091/134 4210/2094/134
f 4198/2082/134 4209/2093/134 4195/2081/134
f 4209/2093/134 4201/2085/134 4195/2081/134
f 4203/2087/134 4201/2085/134 4209/2093/134
f 4198/2082/134 4207/2091/134 4209/2093/134
f 4202/2086/134 4200/2084/134 4203/2087/134
f 4199/2083/134 4207/2091/134 4198/2082/134
f 4205/2089/134 4199/2083/134 4202/2086/134
f 4199/2083/134 4205/2089/134 4207/2091/134
f 4210/2094/134 4211/2095/134 4212/2096/134
f 4207/2091/134 4211/2095/134 4210/2094/134
f 4212/2096/134 4203/2087/134 4210/2094/134
f 4213/2097/134 4203/2087/134 4212/2096/134
f 4207/2091/134 4214/2098/134 4211/2095/134
f 4208/2092/134 4214/2098/134 4207/2091/134
f 4213/2097/134 4204/2088/134 4203/2087/134
f 4215/2099/134 4204/2088/134 4213/2097/134
f 4208/2092/134 4216/2100/134 4214/2098/134
f 4205/2089/134 4216/2100/134 4208/2092/134
f 4215/2099/134 4202/2086/134 4204/2088/134
f 4217/2101/134 4202/2086/134 4215/2099/134
f 4205/2089/134 4218/2102/134 4216/2100/134
f 4206/2090/134 4218/2102/134 4205/2089/134
f 4217/2101/134 4206/2090/134 4202/2086/134
f 4218/2102/134 4206/2090/134 4217/2101/134
f 4219/64/134 4220/67/134 4221/240/134
f 4222/1177/134 4220/67/134 4219/64/134
f 4223/2103/134 4220/67/134 4222/1177/134
f 4224/2104/134 4222/1177/134 4219/64/134
f 4219/64/134 4221/240/134 4225/2105/134
f 4220/67/134 4226/2106/134 4221/240/134
f 4227/2107/134 4228/2108/134 4229/583/134
f 4230/2109/134 4227/2107/134 4231/330/134
f 4232/2110/134 4230/2109/134 4233/2111/134
f 4234/340/134 4232/2110/134 4235/2112/134
f 4223/2103/134 4234/340/134 4220/67/134
f 4234/340/134 4226/2106/134 4220/67/134
f 4228/2108/134 4226/2106/134 4234/340/134
f 4223/2103/134 4232/2110/134 4234/340/134
f 4227/2107/134 4225/2105/134 4228/2108/134
f 4224/2104/134 4232/2110/134 4223/2103/134
f 4230/2109/134 4224/2104/134 4227/2107/134
f 4224/2104/134 4230/2109/134 4232/2110/134
f 4235/2112/134 4236/2113/134 4237/2114/134
f 4232/2110/134 4236/2113/134 4235/2112/134
f 4237/2114/134 4228/2108/134 4235/2112/134
f 4238/829/134 4228/2108/134 4237/2114/134
f 4232/2110/134 4239/2115/134 4236/2113/134
f 4233/2111/134 4239/2115/134 4232/2110/134
f 4238/829/134 4229/583/134 4228/2108/134
f 4240/115/134 4229/583/134 4238/829/134
f 4233/2111/134 4241/2116/134 4239/2115/134
f 4230/2109/134 4241/2116/134 4233/2111/134
f 4240/115/134 4227/2107/134 4229/583/134
f 4242/2117/134 4227/2107/134 4240/115/134
f 4230/2109/134 4243/331/134 4241/2116/134
f 4231/330/134 4243/331/134 4230/2109/134
f 4242/2117/134 4231/330/134 4227/2107/134
f 4243/331/134 4231/330/134 4242/2117/134
f 4244/2118/134 4245/2119/134 4246/2120/134
f 4247/2121/134 4245/2119/134 4244/2118/134
f 4248/2122/134 4245/2119/134 4247/2121/134
f 4249/2123/134 4247/2121/134 4244/2118/134
f 4244/2118/134 4246/2120/134 4250/2124/134
f 4245/2119/134 4251/2125/134 4246/2120/134
f 4252/2126/134 4253/2127/134 4254/2128/134
f 4255/2129/134 4252/2126/134 4256/2130/134
f 4257/2131/134 4255/2129/134 4258/2132/134
f 4259/2133/134 4257/2131/134 4260/2134/134
f 4248/2122/134 4259/2133/134 4245/2119/134
f 4259/2133/134 4251/2125/134 4245/2119/134
f 4253/2127/134 4251/2125/134 4259/2133/134
f 4248/2122/134 4257/2131/134 4259/2133/134
f 4252/2126/134 4250/2124/134 4253/2127/134
f 4249/2123/134 4257/2131/134 4248/2122/134
f 4255/2129/134 4249/2123/134 4252/2126/134
f 4249/2123/134 4255/2129/134 4257/2131/134
f 4260/2134/134 4261/2135/134 4262/2136/134
f 4257/2131/134 4261/2135/134 4260/2134/134
f 4262/2136/134 4253/2127/134 4260/2134/134
f 4263/2137/134 4253/2127/134 4262/2136/134
f 4257/2131/134 4264/2138/134 4261/2135/134
f 4258/2132/134 4264/2138/134 4257/2131/134
f 4263/2137/134 4254/2128/134 4253/2127/134
f 4265/2139/134 4254/2128/134 4263/2137/134
f 4258/2132/134 4266/2140/134 4264/2138/134
f 4255/2129/134 4266/2140/134 4258/2132/134
f 4265/2139/134 4252/2126/134 4254/2128/134
f 4267/2141/134 4252/2126/134 4265/2139/134
f 4255/2129/134 4268/2142/134 4266/2140/134
f 4256/2130/134 4268/2142/134 4255/2129/134
f 4267/2141/134 4256/2130/134 4252/2126/134
f 4268/2142/134 4256/2130/134 4267/2141/134
f 4269/2143/134 4270/2144/134 4271/2145/134
f 4272/2146/134 4270/2144/134 4269/2143/134
f 3964/1850/134 4273/2147/134 4274/2148/134
f 3966/1852/134 4273/2147/134 3964/1850/134
f 3969/1855/134 4275/2149/134 4276/2150/134
f 3968/1854/134 4275/2149/134 3969/1855/134
f 3968/1854/134 4274/2148/134 4275/2149/134
f 3964/1850/134 4274/2148/134 3968/1854/134
f 4277/2151/134 3936/1822/134 4278/2152/134
f 4279/2153/135 3936/1822/135 4277/2151/135
f 4278/2152/134 4280/2154/134 4277/2151/134
f 3938/1824/134 4280/2154/134 4278/2152/134
f 3942/1828/134 4280/2154/134 3938/1824/134
f 4279/2153/134 3937/1823/134 3936/1822/134
f 4281/2155/134 3937/1823/134 4279/2153/134
f 3942/1828/134 4282/2156/134 4280/2154/134
f 3945/1831/134 4282/2156/134 3942/1828/134
f 4281/2155/134 3941/1827/134 3937/1823/134
f 4283/2157/134 3941/1827/134 4281/2155/134
f 3945/1831/134 4284/2158/134 4282/2156/134
f 3947/1833/135 4284/2158/135 3945/1831/135
f 4283/2157/134 3944/1830/134 3941/1827/134
f 4285/2159/134 3944/1830/134 4283/2157/134
f 3947/1833/135 4285/2159/135 4284/2158/135
f 3944/1830/134 4285/2159/134 3947/1833/134
f 4262/2136/134 4279/2153/134 4286/2160/134
f 4261/2135/135 4279/2153/135 4262/2136/135
f 4286/2160/134 4263/2137/134 4262/2136/134
f 4277/2151/134 4263/2137/134 4286/2160/134
f 4280/2154/135 4263/2137/135 4277/2151/135
f 4284/2158/134 4280/2154/134 4282/2156/134
f 4283/2157/134 4284/2158/134 4285/2159/134
f 4279/2153/134 4283/2157/134 4281/2155/134
f 4261/2135/134 4283/2157/134 4279/2153/134
f 4280/2154/134 4265/2139/134 4263/2137/134
f 4264/2138/134 4283/2157/134 4261/2135/134
f 4280/2154/134 4267/2141/134 4265/2139/134
f 4266/2140/134 4283/2157/134 4264/2138/134
f 4284/2158/134 4267/2141/134 4280/2154/134
f 4266/2140/134 4284/2158/134 4283/2157/134
f 4284/2158/135 4268/2142/135 4267/2141/135
f 4268/2142/134 4284/2158/134 4266/2140/134
f 4212/2096/134 4287/2161/134 4288/1167/134
f 4211/2095/134 4287/2161/134 4212/2096/134
f 4288/1167/134 4213/2097/134 4212/2096/134
f 4289/2162/134 4213/2097/134 4288/1167/134
f 4290/2163/134 4213/2097/134 4289/2162/134
f 4291/2164/134 4290/2163/134 4292/2165/134
f 4293/2166/134 4291/2164/134 4294/2167/134
f 4287/2161/134 4293/2166/134 4295/2168/134
f 4211/2095/134 4293/2166/134 4287/2161/134
f 4290/2163/135 4215/2099/135 4213/2097/135
f 4214/2098/134 4293/2166/134 4211/2095/134
f 4290/2163/134 4217/2101/134 4215/2099/134
f 4216/2100/135 4293/2166/135 4214/2098/135
f 4291/2164/135 4217/2101/135 4290/2163/135
f 4216/2100/134 4291/2164/134 4293/2166/134
f 4291/2164/134 4218/2102/134 4217/2101/134
f 4218/2102/134 4291/2164/134 4216/2100/134
f 4296/2169/134 4110/1998/134 4297/1623/134
f 4298/2170/134 4110/1998/134 4296/2169/134
f 4297/1623/134 4299/2171/134 4296/2169/134
f 4107/1995/134 4299/2171/134 4297/1623/134
f 4111/1999/135 4299/2171/135 4107/1995/135
f 4120/2008/135 4111/1999/135 4116/2004/135
f 4119/2007/135 4120/2008/135 4123/2011/135
f 4110/1998/135 4119/2007/135 4115/2003/135
f 4298/2170/134 4119/2007/134 4110/1998/134
f 4111/1999/134 4300/2172/134 4299/2171/134
f 4301/2173/134 4119/2007/134 4298/2170/134
f 4111/1999/134 4302/2174/134 4300/2172/134
f 4303/2175/134 4119/2007/134 4301/2173/134
f 4120/2008/135 4302/2174/135 4111/1999/135
f 4303/2175/134 4120/2008/134 4119/2007/134
f 4120/2008/134 4304/2176/134 4302/2174/134
f 4304/2176/134 4120/2008/134 4303/2175/134
f 4305/2177/134 4306/2178/134 4307/2179/134
f 4308/2180/134 4309/2181/134 4310/2182/134
f 4311/2183/134 4312/2184/134 4313/2185/134
f 4314/2186/135 4311/2183/135 4315/2187/135
f 3865/1751/134 4314/2186/134 4316/2188/134
f 3875/1761/135 3879/1765/135 3878/1764/135
f 3876/1762/135 3879/1765/135 3875/1761/135
f 3864/1750/134 3873/1759/134 3871/1757/134
f 3866/1752/134 3873/1759/134 3864/1750/134
f 4314/2186/134 3866/1752/134 4316/2188/134
f 4317/2189/134 3866/1752/134 4314/2186/134
f 4318/2190/134 3866/1752/134 4317/2189/134
f 3865/1751/134 4311/2183/134 4314/2186/134
f 4318/2190/134 3873/1759/134 3866/1752/134
f 4306/2178/134 3873/1759/134 4318/2190/134
f 3877/1763/135 4311/2183/135 3865/1751/135
f 4306/2178/134 3872/1758/134 3873/1759/134
f 4305/2177/134 3872/1758/134 4306/2178/134
f 3877/1763/134 4312/2184/134 4311/2183/134
f 3879/1765/134 4312/2184/134 3877/1763/134
f 4305/2177/135 3874/1760/135 3872/1758/135
f 4309/2181/134 3874/1760/134 4305/2177/134
f 3879/1765/134 4308/2180/134 4312/2184/134
f 3876/1762/134 4308/2180/134 3879/1765/134
f 4309/2181/134 3876/1762/134 3874/1760/134
f 4308/2180/134 3876/1762/134 4309/2181/134
f 4129/2017/134 3869/1755/134 4319/2191/134
f 4136/2024/134 3869/1755/134 4129/2017/134
f 4319/2191/134 4130/2018/134 4129/2017/134
f 3867/1753/134 4130/2018/134 4319/2191/134
f 3870/1756/134 4130/2018/134 3867/1753/134
f 4136/2024/134 3881/1767/134 3869/1755/134
f 4133/2021/134 3881/1767/134 4136/2024/134
f 3870/1756/134 4128/2016/134 4130/2018/134
f 3880/1766/134 4128/2016/134 3870/1756/134
f 4133/2021/134 3883/1769/134 3881/1767/134
f 4134/2022/134 3883/1769/134 4133/2021/134
f 3880/1766/134 4132/2020/134 4128/2016/134
f 3882/1768/135 4132/2020/135 3880/1766/135
f 4134/2022/134 3884/1770/134 3883/1769/134
f 4131/2019/134 3884/1770/134 4134/2022/134
f 3882/1768/134 4131/2019/134 4132/2020/134
f 3884/1770/134 4131/2019/134 3882/1768/134
f 4289/2162/134 3982/1868/134 4320/2192/134
f 4287/2161/134 3982/1868/134 4289/2162/134
f 4320/2192/134 4290/2163/134 4289/2162/134
f 3984/1870/134 4290/2163/134 4320/2192/134
f 3988/1874/135 4290/2163/135 3984/1870/135
f 4287/2161/134 3983/1869/134 3982/1868/134
f 4295/2168/134 3983/1869/134 4287/2161/134
f 3988/1874/135 4292/2165/135 4290/2163/135
f 3992/1878/134 4292/2165/134 3988/1874/134
f 4295/2168/134 3987/1873/134 3983/1869/134
f 4293/2166/135 3987/1873/135 4295/2168/135
f 3992/1878/134 4291/2164/134 4292/2165/134
f 3995/1881/134 4291/2164/134 3992/1878/134
f 4293/2166/134 3991/1877/134 3987/1873/134
f 4294/2167/134 3991/1877/134 4293/2166/134
f 3995/1881/134 4294/2167/134 4291/2164/134
f 3991/1877/134 4294/2167/134 3995/1881/134
f 4139/2027/134 4321/2193/134 4137/2025/134
f 4322/2194/134 4139/2027/134 4138/2026/134
f 4323/2195/134 4139/2027/134 4322/2194/134
f 4139/2027/134 4323/2195/134 4321/2193/134
f 4324/2196/134 3907/1793/134 4325/2197/134
f 4326/2198/134 4088/1976/134 4327/2199/134
f 4328/2200/134 4088/1976/134 4326/2198/134
f 4329/2201/134 4013/1899/134 3997/1883/134
f 4330/2202/134 4013/1899/134 4329/2201/134
f 3856/1742/134 3907/1793/134 3852/1738/134
f 3906/1792/134 3907/1793/134 3856/1742/134
f 3849/1735/134 3919/1805/134 3844/1730/134
f 3908/1794/134 3919/1805/134 3849/1735/134
f 4330/2202/134 4177/2063/134 4013/1899/134
f 4331/2203/134 4177/2063/134 4330/2202/134
f 4332/2204/134 3997/1883/134 3999/1885/134
f 4329/2201/134 3997/1883/134 4332/2204/134
f 3952/1838/134 4010/1896/134 3889/1775/134
f 4174/2060/134 4010/1896/134 3952/1838/134
f 4333/2205/134 4334/2206/134 4335/2207/134
f 4336/2208/134 4337/2209/134 4338/2210/134
f 4333/2205/134 4336/2208/134 4334/2206/134
f 4337/2209/134 4336/2208/134 4333/2205/134
f 3955/1841/134 4339/2211/134 4100/1988/134
f 4340/2212/134 4339/2211/134 3955/1841/134
f 4341/2213/134 4342/2214/134 4343/2215/134
f 4344/2216/134 4342/2214/134 4341/2213/134
f 4345/2217/134 4016/1902/134 4346/2218/134
f 4023/1909/134 4016/1902/134 4345/2217/134
f 4019/1905/134 4016/1902/134 4023/1909/134
f 4021/1907/134 4016/1902/134 4019/1905/134
f 4017/1903/134 4021/1907/134 4020/1906/134
f 4018/1904/134 4021/1907/134 4017/1903/134
f 4016/1902/134 4018/1904/134 4014/1900/134
f 4018/1904/134 4016/1902/134 4021/1907/134
f 4347/2219/134 4348/2220/134 4349/2221/134
f 4350/2222/134 4348/2220/134 4347/2219/134
f 4335/2207/134 4350/2222/134 4351/2223/134
f 4334/2206/134 4350/2222/134 4335/2207/134
f 4336/2208/134 4350/2222/134 4334/2206/134
f 4338/2210/134 4350/2222/134 4336/2208/134
f 4352/2224/134 4350/2222/134 4338/2210/134
f 4353/2225/134 4354/1273/134 4355/2226/134
f 4356/2227/134 4354/1273/134 4353/2225/134
f 4328/2200/134 4356/2227/134 4357/2228/134
f 4354/1273/134 4356/2227/134 4328/2200/134
f 3861/1747/134 4022/1908/134 4052/1938/134
f 4057/1943/134 4022/1908/134 3861/1747/134
f 4358/2229/134 4099/1987/134 4359/2230/134
f 4101/1989/134 4099/1987/134 4358/2229/134
f 4360/2231/134 4361/2232/134 4362/2233/134
f 4363/2234/134 4360/2231/134 4364/2235/134
f 4365/2236/134 4360/2231/134 4363/2234/134
f 4360/2231/134 4365/2236/134 4361/2232/134
f 3896/1782/134 4366/2237/134 4367/2238/134
f 3895/1781/134 4366/2237/134 3896/1782/134
f 4368/2239/134 3901/1787/134 3898/1784/134
f 4369/2240/134 3901/1787/134 4368/2239/134
f 3895/1781/134 4370/2241/134 4366/2237/134
f 3902/1788/134 4370/2241/134 3895/1781/134
f 4369/2240/134 3905/1791/134 3901/1787/134
f 4371/1312/134 3905/1791/134 4369/2240/134
f 3902/1788/134 4371/1312/134 4370/2241/134
f 3905/1791/134 4371/1312/134 3902/1788/134
f 4372/2242/134 4355/2226/134 4373/2243/134
f 4090/1978/134 4355/2226/134 4372/2242/134
f 3912/1798/134 4335/2207/134 4374/2244/134
f 4333/2205/134 4335/2207/134 3912/1798/134
f 4375/2245/134 4376/2246/134 4377/2247/134
f 4354/1273/134 4376/2246/134 4375/2245/134
f 4378/2248/134 4354/1273/134 4379/2249/134
f 4376/2246/134 4354/1273/134 4378/2248/134
f 4377/2247/134 4365/2236/134 4363/2234/134
f 4376/2246/134 4365/2236/134 4377/2247/134
f 4361/2232/134 4376/2246/134 4378/2248/134
f 4365/2236/134 4376/2246/134 4361/2232/134
f 4088/1976/134 4367/2238/134 4327/2199/134
f 4081/1970/134 4367/2238/134 4088/1976/134
f 4015/1901/134 4380/2250/134 4381/2251/134
f 4382/1357/134 4380/2250/134 4015/1901/134
f 3985/1871/134 3909/1795/134 3911/1797/134
f 3981/1867/134 3909/1795/134 3985/1871/134
f 4368/2239/134 4090/1978/134 4372/2242/134
f 4084/1972/134 4090/1978/134 4368/2239/134
f 4364/2235/134 4355/2226/134 4375/2245/134
f 4373/2243/134 4355/2226/134 4364/2235/134
f 4379/2249/134 4326/2198/134 4362/2233/134
f 4328/2200/134 4326/2198/134 4379/2249/134
f 4328/2200/134 4087/1975/134 4088/1976/134
f 4357/2228/134 4087/1975/134 4328/2200/134
f 4353/2225/134 4357/2228/134 4356/2227/134
f 4090/1978/134 4353/2225/134 4355/2226/134
f 4092/1980/134 4353/2225/134 4090/1978/134
f 4094/1982/134 4092/1980/134 4091/1979/134
f 4093/1981/134 4092/1980/134 4094/1982/134
f 4089/1977/134 4092/1980/134 4093/1981/134
f 4087/1975/134 4092/1980/134 4089/1977/134
f 4357/2228/134 4092/1980/134 4087/1975/134
f 4353/2225/134 4092/1980/134 4357/2228/134
f 948/1808/132 950/1807/132 952/2205/132
f 4383/2252/132 964/2229/132 405/1815/132
f 4384/2253/132 4383/2252/132 405/1815/132
f 4385/2254/132 4384/2253/132 405/1815/132
f 4383/2252/132 4384/2253/132 4386/2255/132
f 954/2209/132 960/2230/132 4383/2252/132
f 4385/2254/132 405/1815/132 408/1984/132
f 954/2209/132 4383/2252/132 4386/2255/132
f 952/2205/132 954/2209/132 4386/2255/132
f 4385/2254/132 408/1984/132 944/1811/132
f 4387/2256/132 4385/2254/132 944/1811/132
f 948/1808/132 952/2205/132 4386/2255/132
f 4387/2256/132 944/1811/132 946/1812/132
f 948/1808/132 4386/2255/132 4387/2256/132
f 946/1812/132 948/1808/132 4387/2256/132
f 3922/1808/134 4333/2205/134 3921/1807/134
f 4388/2252/134 3929/1815/134 4358/2229/134
f 3439/2253/134 3929/1815/134 4388/2252/134
f 3437/2254/134 3929/1815/134 3439/2253/134
f 4388/2252/134 3434/2255/134 3439/2253/134
f 4337/2209/134 4388/2252/134 4359/2230/134
f 3437/2254/134 4096/1984/134 3929/1815/134
f 4337/2209/134 3434/2255/134 4388/2252/134
f 4333/2205/134 3434/2255/134 4337/2209/134
f 3437/2254/134 3925/1811/134 4096/1984/134
f 3435/2256/134 3925/1811/134 3437/2254/134
f 3922/1808/134 3434/2255/134 4333/2205/134
f 3435/2256/134 3926/1812/134 3925/1811/134
f 3922/1808/134 3435/2256/134 3434/2255/134
f 3926/1812/134 3435/2256/134 3922/1808/134
f 4324/2196/134 4326/2198/134 3907/1793/134
f 4362/2233/134 4326/2198/134 4324/2196/134
f 3908/1794/134 4367/2238/134 4097/1985/134
f 4327/2199/134 4367/2238/134 3908/1794/134
f 4326/2198/134 3908/1794/134 3907/1793/134
f 4327/2199/134 3908/1794/134 4326/2198/134
f 2739/2257/132 4389/1485/132 3444/2258/132
f 4390/2259/132 4389/1485/132 2737/2260/132
f 2747/2261/132 2745/2262/132 4390/2259/132
f 4391/2263/133 4390/2259/133 2745/2262/133
f 2757/2264/132 2753/2265/132 4391/2263/132
f 4392/2266/132 4391/2263/132 2753/2265/132
f 2772/2267/132 2774/2268/132 4392/2266/132
f 4392/2266/132 2774/2268/132 2767/2269/132
f 4393/2270/132 4392/2266/132 2767/2269/132
f 2764/2271/132 2766/2272/132 4393/2270/132
f 4394/2273/132 4393/2270/132 2759/2274/132
f 2728/2275/132 4394/2273/132 2759/2274/132
f 1108/2276/132 1158/2277/132 2728/2275/132
f 1102/2278/132 1108/2276/132 2728/2275/132
f 1099/2279/132 1102/2278/132 2728/2275/132
f 1131/2280/132 1099/2279/132 2728/2275/132
f 1188/2281/132 1191/2282/132 1119/891/132
f 1003/2283/132 1188/2281/132 1119/891/132
f 992/2212/132 995/2211/132 999/2284/132
f 1199/1840/132 992/2212/132 999/2284/132
f 397/1983/132 396/1818/132 1072/1842/132
f 1064/1986/132 397/1983/132 1072/1842/132
f 1060/2238/132 1064/1986/132 1072/1842/132
f 2722/2237/132 1060/2238/132 1072/1842/132
f 1055/2285/132 1059/2239/132 2716/2240/132
f 2714/2044/132 1049/1885/132 1053/2286/132
f 1041/1772/132 1044/1774/132 2710/1991/132
f 1039/1804/132 1041/1772/132 2710/1991/132
f 4395/2287/132 1039/1804/132 2710/1991/132
f 2672/1892/132 4395/2287/132 2710/1991/132
f 4395/2287/132 2674/1895/132 2667/1893/132
f 4396/2288/133 4395/2287/133 2667/1893/133
f 2675/1887/132 4396/2288/132 2667/1893/132
f 2682/1889/132 2675/1887/132 2667/1893/132
f 1037/1803/132 4396/2288/132 2675/1887/132
f 4397/2289/132 1037/1803/132 2675/1887/132
f 2683/2035/132 4397/2289/132 2675/1887/132
f 2692/2038/132 2683/2035/132 2675/1887/132
f 1035/2290/133 4397/2289/133 2683/2035/133
f 2700/2031/132 1035/2290/132 2683/2035/132
f 2698/2033/132 2700/2031/132 2683/2035/132
f 2706/959/132 2700/2031/132 2693/2032/132
f 2704/963/132 2706/959/132 2693/2032/132
f 1035/2290/132 2708/2028/132 2701/2029/132
f 1031/2291/132 1035/2290/132 2701/2029/132
f 1017/1810/132 1019/1809/132 1023/2292/132
f 1015/1940/132 1017/1810/132 1023/2292/132
f 1140/1746/132 1008/1749/132 1011/1944/132
f 1137/2293/132 1140/1746/132 1011/1944/132
f 1096/2294/132 1143/2295/132 1146/2296/132
f 1093/2297/132 1096/2294/132 1146/2296/132
f 1176/1861/132 1093/2297/132 1146/2296/132
f 2791/2298/132 1176/1861/132 1146/2296/132
f 1185/2299/132 1194/1855/132 2794/2300/132
f 2726/2301/132 1182/2302/132 1175/2303/132
f 4394/2273/132 2723/2304/132 2726/2301/132
f 3441/2305/132 4394/2273/132 2726/2301/132
f 2747/2261/132 4390/2259/132 2737/2260/132
f 2757/2264/132 4391/2263/132 2745/2262/132
f 2772/2267/132 4392/2266/132 2753/2265/132
f 2764/2271/132 4393/2270/132 2767/2269/132
f 2728/2275/132 2759/2274/132 2762/2306/132
f 1131/2280/132 2728/2275/132 2762/2306/132
f 999/2284/132 1003/2283/132 1119/891/132
f 1199/1840/132 999/2284/132 1119/891/132
f 2722/2237/132 1072/1842/132 1076/1844/132
f 2720/2241/132 2722/2237/132 1076/1844/132
f 2672/1892/132 2710/1991/132 2712/2042/132
f 2682/1889/132 2667/1893/132 2670/1894/132
f 2680/1886/132 2682/1889/132 2670/1894/132
f 2690/2037/132 2692/2038/132 2675/1887/132
f 2698/2033/132 2683/2035/132 2686/2036/132
f 2696/2030/132 2698/2033/132 2686/2036/132
f 1027/2307/132 1031/2291/132 2704/963/132
f 1011/1944/132 1015/1940/132 1023/2292/132
f 1137/2293/132 1011/1944/132 1023/2292/132
f 2791/2298/132 1146/2296/132 1152/2308/132
f 2795/2309/132 2791/2298/132 1152/2308/132
f 3441/2305/132 2726/2301/132 1175/2303/132
f 2747/2261/132 2737/2260/132 2733/2310/132
f 2744/2311/132 2747/2261/132 2733/2310/132
f 2757/2264/132 2745/2262/132 2741/2312/132
f 2752/2313/132 2757/2264/132 2741/2312/132
f 2772/2267/132 2753/2265/132 2756/2314/132
f 2770/2315/132 2772/2267/132 2756/2314/132
f 2762/2306/132 2764/2271/132 2767/2269/132
f 1199/1840/132 1119/891/132 1122/2316/132
f 1080/1843/132 1199/1840/132 1122/2316/132
f 2718/1312/132 2720/2241/132 1076/1844/132
f 2670/1894/132 2672/1892/132 2712/2042/132
f 2690/2037/132 2675/1887/132 2678/1888/132
f 2688/2034/132 2690/2037/132 2678/1888/132
f 1027/2307/132 2704/963/132 2693/2032/132
f 1137/2293/132 1023/2292/132 1027/2307/132
f 1203/2317/132 1137/2293/132 1027/2307/132
f 2797/2318/132 2795/2309/132 1152/2308/132
f 3441/2305/132 1175/2303/132 1185/2299/132
f 2741/2312/132 2744/2311/132 2736/2319/132
f 2752/2313/132 2741/2312/132 2736/2319/132
f 2749/2320/132 2752/2313/132 2736/2319/132
f 2770/2315/132 2756/2314/132 2749/2320/132
f 2767/2269/132 2770/2315/132 2749/2320/132
f 2762/2306/132 2767/2269/132 2749/2320/132
f 1131/2280/132 2762/2306/132 2749/2320/132
f 2680/1886/132 2670/1894/132 2712/2042/132
f 1027/2307/132 2693/2032/132 2696/2030/132
f 1203/2317/132 1027/2307/132 2696/2030/132
f 1152/2308/133 1203/2317/133 2696/2030/133
f 3441/2305/132 1185/2299/132 2794/2300/132
f 3445/2321/132 3441/2305/132 2794/2300/132
f 1131/2280/132 2749/2320/132 2736/2319/132
f 2678/1888/132 2680/1886/132 2712/2042/132
f 1152/2308/132 2696/2030/132 2686/2036/132
f 2797/2318/132 1152/2308/132 2686/2036/132
f 3445/2321/132 2794/2300/132 2797/2318/132
f 1131/2280/132 2736/2319/132 2739/2257/132
f 1126/2322/132 1131/2280/132 2739/2257/132
f 3445/2321/132 2797/2318/132 2686/2036/132
f 1126/2322/132 2739/2257/132 3444/2258/132
f 1076/1844/132 1126/2322/132 3444/2258/132
f 3445/2321/132 2686/2036/132 2688/2034/132
f 2718/1312/132 1076/1844/132 3444/2258/132
f 3445/2321/132 2688/2034/132 2678/1888/132
f 2718/1312/132 3444/2258/132 3447/2323/132
f 2716/2240/132 2718/1312/132 3447/2323/132
f 3445/2321/133 2678/1888/133 2712/2042/133
f 3447/2323/132 3445/2321/132 2712/2042/132
f 1055/2285/132 2716/2240/132 3447/2323/132
f 3447/2323/132 2712/2042/132 2714/2044/132
f 1053/2286/132 1055/2285/132 3447/2323/132
f 3447/2323/132 2714/2044/132 1053/2286/132
f 2778/2144/133 4398/2324/133 1165/2325/133
f 2775/2146/132 2778/2144/132 1165/2325/132
f 4398/2324/132 2778/2144/132 2781/2145/132
f 2786/1777/132 4399/2326/132 4398/2324/132
f 2783/1779/132 2786/1777/132 4398/2324/132
f 4399/2326/132 2786/1777/132 2789/1778/132
f 1162/2327/132 4399/2326/132 2789/1778/132
f 1161/2147/132 1162/2327/132 2789/1778/132
f 1159/1852/132 1161/2147/132 2789/1778/132
f 2731/2328/132 1159/1852/132 2789/1778/132
f 1088/2329/132 1181/1846/132 2731/2328/132
f 1085/2330/132 1088/2329/132 2731/2328/132
f 2729/2331/132 1111/2332/132 1085/2330/132
f 2775/2146/132 1165/2325/132 2729/2331/132
f 2783/1779/132 4398/2324/132 2781/2145/132
f 2731/2328/132 2789/1778/132 2787/1776/132
f 2775/2146/132 2729/2331/132 1085/2330/132
f 2787/1776/132 2783/1779/132 2781/2145/132
f 2731/2328/132 2787/1776/132 2781/2145/132
f 2779/2143/132 2775/2146/132 1085/2330/132
f 2731/2328/132 2781/2145/132 2779/2143/132
f 2779/2143/132 1085/2330/132 2731/2328/132
f 2658/2214/133 4400/2333/133 973/2233/133
f 2656/2216/132 2658/2214/132 973/2233/132
f 4400/2333/132 2658/2214/132 2651/2215/132
f 2659/2334/132 4401/2335/132 4400/2333/132
f 2666/2336/132 2659/2334/132 4400/2333/132
f 4401/2335/132 2659/2334/132 2662/2337/132
f 974/2197/132 4401/2335/132 2662/2337/132
f 976/1891/132 974/2197/132 2662/2337/132
f 980/1897/132 976/1891/132 2662/2337/132
f 2649/2065/132 980/1897/132 2662/2337/132
f 981/2203/132 983/2063/132 2649/2065/132
f 986/2235/132 984/2338/132 981/2203/132
f 2656/2216/132 973/2233/132 2647/2231/132
f 2666/2336/132 4400/2333/132 2651/2215/132
f 2649/2065/132 2662/2337/132 2664/2339/132
f 981/2203/132 2649/2065/132 2664/2339/132
f 2656/2216/132 2647/2231/132 986/2235/132
f 2664/2339/132 2666/2336/132 2651/2215/132
f 2656/2216/132 986/2235/132 981/2203/132
f 981/2203/132 2664/2339/132 2654/2213/132
f 2654/2213/132 2656/2216/132 981/2203/132
f 4402/2257/134 3443/2258/134 4403/1485/134
f 4404/2259/134 4405/2260/134 4403/1485/134
f 4406/2261/134 4404/2259/134 4407/2262/134
f 4408/2263/135 4407/2262/135 4404/2259/135
f 4409/2264/134 4408/2263/134 4410/2265/134
f 4411/2266/134 4410/2265/134 4408/2263/134
f 4412/2267/134 4411/2266/134 4413/2268/134
f 4411/2266/134 4414/2269/134 4413/2268/134
f 4415/2270/134 4414/2269/134 4411/2266/134
f 4416/2271/134 4415/2270/134 4417/2272/134
f 4418/2273/134 4419/2274/134 4415/2270/134
f 4420/2275/134 4419/2274/134 4418/2273/134
f 4421/2276/134 4420/2275/134 4422/2277/134
f 4423/2278/134 4420/2275/134 4421/2276/134
f 4424/2279/134 4420/2275/134 4423/2278/134
f 4425/2280/134 4420/2275/134 4424/2279/134
f 4426/2281/134 4427/891/134 4428/2282/134
f 4429/2283/134 4427/891/134 4426/2281/134
f 4340/2212/134 4430/2284/134 4339/2211/134
f 3954/1840/134 4430/2284/134 4340/2212/134
f 4095/1983/134 3956/1842/134 3932/1818/134
f 4098/1986/134 3956/1842/134 4095/1983/134
f 4367/2238/134 3956/1842/134 4098/1986/134
f 4366/2237/134 3956/1842/134 4367/2238/134
f 4431/2285/134 4369/2240/134 4368/2239/134
f 4158/2044/134 4432/2286/134 3999/1885/134
f 3886/1772/134 4103/1991/134 3888/1774/134
f 3918/1804/134 4103/1991/134 3886/1772/134
f 4433/2287/134 4103/1991/134 3918/1804/134
f 4006/1892/134 4103/1991/134 4433/2287/134
f 4433/2287/134 4007/1893/134 4009/1895/134
f 4434/2288/135 4007/1893/135 4433/2287/135
f 4001/1887/134 4007/1893/134 4434/2288/134
f 4003/1889/134 4007/1893/134 4001/1887/134
f 3917/1803/134 4001/1887/134 4434/2288/134
f 4435/2289/134 4001/1887/134 3917/1803/134
f 4149/2035/134 4001/1887/134 4435/2289/134
f 4152/2038/134 4001/1887/134 4149/2035/134
f 4436/2290/135 4149/2035/135 4435/2289/135
f 4145/2031/134 4149/2035/134 4436/2290/134
f 4147/2033/134 4149/2035/134 4145/2031/134
f 4143/959/134 4146/2032/134 4145/2031/134
f 4140/963/134 4146/2032/134 4143/959/134
f 4436/2290/134 4142/2029/134 4141/2028/134
f 4437/2291/134 4142/2029/134 4436/2290/134
f 3924/1810/134 4438/2292/134 3923/1809/134
f 4054/1940/134 4438/2292/134 3924/1810/134
f 3860/1746/134 4058/1944/134 3863/1749/134
f 4439/2293/134 4058/1944/134 3860/1746/134
f 4440/2294/134 4441/2296/134 4442/2295/134
f 4443/2297/134 4441/2296/134 4440/2294/134
f 3975/1861/134 4441/2296/134 4443/2297/134
f 4444/2298/134 4441/2296/134 3975/1861/134
f 4445/2299/134 4446/2300/134 3969/1855/134
f 4447/2301/134 4448/2303/134 4449/2302/134
f 4418/2273/134 4447/2301/134 4450/2304/134
f 3442/2305/134 4447/2301/134 4418/2273/134
f 4406/2261/134 4405/2260/134 4404/2259/134
f 4409/2264/134 4407/2262/134 4408/2263/134
f 4412/2267/134 4410/2265/134 4411/2266/134
f 4416/2271/134 4414/2269/134 4415/2270/134
f 4420/2275/134 4451/2306/134 4419/2274/134
f 4425/2280/134 4451/2306/134 4420/2275/134
f 4430/2284/134 4427/891/134 4429/2283/134
f 3954/1840/134 4427/891/134 4430/2284/134
f 4366/2237/134 3958/1844/134 3956/1842/134
f 4370/2241/134 3958/1844/134 4366/2237/134
f 4006/1892/134 4156/2042/134 4103/1991/134
f 4003/1889/134 4008/1894/134 4007/1893/134
f 4000/1886/134 4008/1894/134 4003/1889/134
f 4151/2037/134 4001/1887/134 4152/2038/134
f 4147/2033/134 4150/2036/134 4149/2035/134
f 4144/2030/134 4150/2036/134 4147/2033/134
f 4452/2307/134 4140/963/134 4437/2291/134
f 4058/1944/134 4438/2292/134 4054/1940/134
f 4439/2293/134 4438/2292/134 4058/1944/134
f 4444/2298/134 4453/2308/134 4441/2296/134
f 4454/2309/134 4453/2308/134 4444/2298/134
f 3442/2305/134 4448/2303/134 4447/2301/134
f 4406/2261/134 4455/2310/134 4405/2260/134
f 4456/2311/134 4455/2310/134 4406/2261/134
f 4409/2264/134 4457/2312/134 4407/2262/134
f 4458/2313/134 4457/2312/134 4409/2264/134
f 4412/2267/134 4459/2314/134 4410/2265/134
f 4460/2315/134 4459/2314/134 4412/2267/134
f 4451/2306/134 4414/2269/134 4416/2271/134
f 3954/1840/134 4461/2316/134 4427/891/134
f 3957/1843/134 4461/2316/134 3954/1840/134
f 4371/1312/134 3958/1844/134 4370/2241/134
f 4008/1894/134 4156/2042/134 4006/1892/134
f 4151/2037/134 4002/1888/134 4001/1887/134
f 4148/2034/134 4002/1888/134 4151/2037/134
f 4452/2307/134 4146/2032/134 4140/963/134
f 4439/2293/134 4452/2307/134 4438/2292/134
f 4462/2317/134 4452/2307/134 4439/2293/134
f 4463/2318/134 4453/2308/134 4454/2309/134
f 3442/2305/134 4445/2299/134 4448/2303/134
f 4457/2312/134 4464/2319/134 4456/2311/134
f 4458/2313/134 4464/2319/134 4457/2312/134
f 4465/2320/134 4464/2319/134 4458/2313/134
f 4460/2315/134 4465/2320/134 4459/2314/134
f 4414/2269/134 4465/2320/134 4460/2315/134
f 4451/2306/134 4465/2320/134 4414/2269/134
f 4425/2280/134 4465/2320/134 4451/2306/134
f 4000/1886/134 4156/2042/134 4008/1894/134
f 4452/2307/134 4144/2030/134 4146/2032/134
f 4462/2317/134 4144/2030/134 4452/2307/134
f 4453/2308/135 4144/2030/135 4462/2317/135
f 3442/2305/134 4446/2300/134 4445/2299/134
f 3446/2321/134 4446/2300/134 3442/2305/134
f 4425/2280/134 4464/2319/134 4465/2320/134
f 4002/1888/134 4156/2042/134 4000/1886/134
f 4453/2308/134 4150/2036/134 4144/2030/134
f 4463/2318/134 4150/2036/134 4453/2308/134
f 3446/2321/134 4463/2318/134 4446/2300/134
f 4425/2280/134 4402/2257/134 4464/2319/134
f 4466/2322/134 4402/2257/134 4425/2280/134
f 3446/2321/134 4150/2036/134 4463/2318/134
f 4466/2322/134 3443/2258/134 4402/2257/134
f 3958/1844/134 3443/2258/134 4466/2322/134
f 3446/2321/134 4148/2034/134 4150/2036/134
f 4371/1312/134 3443/2258/134 3958/1844/134
f 3446/2321/134 4002/1888/134 4148/2034/134
f 4371/1312/134 3448/2323/134 3443/2258/134
f 4369/2240/134 3448/2323/134 4371/1312/134
f 3446/2321/135 4156/2042/135 4002/1888/135
f 3448/2323/134 4156/2042/134 3446/2321/134
f 4431/2285/134 3448/2323/134 4369/2240/134
f 3448/2323/134 4158/2044/134 4156/2042/134
f 4432/2286/134 3448/2323/134 4431/2285/134
f 3448/2323/134 4432/2286/134 4158/2044/134
f 4270/2144/135 4467/2325/135 4468/2324/135
f 4272/2146/134 4467/2325/134 4270/2144/134
f 4468/2324/134 4271/2145/134 4270/2144/134
f 3891/1777/134 4468/2324/134 4469/2326/134
f 3893/1779/134 4468/2324/134 3891/1777/134
f 4469/2326/134 3892/1778/134 3891/1777/134
f 4470/2327/134 3892/1778/134 4469/2326/134
f 4273/2147/134 3892/1778/134 4470/2327/134
f 3966/1852/134 3892/1778/134 4273/2147/134
f 4471/2328/134 3892/1778/134 3966/1852/134
f 4472/2329/134 4471/2328/134 3960/1846/134
f 4473/2330/134 4471/2328/134 4472/2329/134
f 4474/2331/134 4473/2330/134 4475/2332/134
f 4272/2146/134 4474/2331/134 4467/2325/134
f 3893/1779/134 4271/2145/134 4468/2324/134
f 4471/2328/134 3890/1776/134 3892/1778/134
f 4272/2146/134 4473/2330/134 4474/2331/134
f 3890/1776/134 4271/2145/134 3893/1779/134
f 4471/2328/134 4271/2145/134 3890/1776/134
f 4269/2143/134 4473/2330/134 4272/2146/134
f 4471/2328/134 4269/2143/134 4271/2145/134
f 4269/2143/134 4471/2328/134 4473/2330/134
f 4342/2214/135 4362/2233/135 4476/2333/135
f 4344/2216/134 4362/2233/134 4342/2214/134
f 4476/2333/134 4343/2215/134 4342/2214/134
f 4477/2334/134 4476/2333/134 4478/2335/134
f 4479/2336/134 4476/2333/134 4477/2334/134
f 4478/2335/134 4480/2337/134 4477/2334/134
f 4325/2197/134 4480/2337/134 4478/2335/134
f 4005/1891/134 4480/2337/134 4325/2197/134
f 4011/1897/134 4480/2337/134 4005/1891/134
f 4179/2065/134 4480/2337/134 4011/1897/134
f 4331/2203/134 4179/2065/134 4177/2063/134
f 4364/2235/134 4331/2203/134 4481/2338/134
f 4344/2216/134 4360/2231/134 4362/2233/134
f 4479/2336/134 4343/2215/134 4476/2333/134
f 4179/2065/134 4482/2339/134 4480/2337/134
f 4331/2203/134 4482/2339/134 4179/2065/134
f 4344/2216/134 4364/2235/134 4360/2231/134
f 4482/2339/134 4343/2215/134 4479/2336/134
f 4344/2216/134 4331/2203/134 4364/2235/134
f 4331/2203/134 4341/2213/134 4482/2339/134
f 4341/2213/134 4331/2203/134 4344/2216/134
f 4329/2201/134 4483/2340/134 4330/2202/134
f 4484/2341/134 4483/2340/134 4329/2201/134
f 4485/2342/134 4483/2340/134 4484/2341/134
f 4486/2343/134 4483/2340/134 4485/2342/134
f 4487/2344/134 4486/2343/134 4488/2345/134
f 4486/2343/134 4487/2344/134 4483/2340/134
f 4485/2342/134 4489/2346/134 4486/2343/134
f 4332/2204/134 4484/2341/134 4329/2201/134
f 4432/2286/134 4484/2341/134 4332/2204/134
f 4485/2342/134 4431/2285/134 4489/2346/134
f 4432/2286/134 4485/2342/134 4484/2341/134
f 4431/2285/134 4485/2342/134 4432/2286/134
f 2819/2347/132 2822/2348/132 4384/2253/132
f 4384/2253/132 2822/2348/132 2829/2349/132
f 4386/2255/132 4384/2253/132 2829/2349/132
f 2819/2347/132 4384/2253/132 4385/2254/132
f 4386/2255/132 2829/2349/132 2825/2350/132
f 4387/2256/132 4386/2255/132 2825/2350/132
f 2819/2347/132 4385/2254/132 4387/2256/132
f 2825/2350/133 2819/2347/133 4387/2256/133
f 2816/2347/134 3440/2253/134 2817/2348/134
f 3440/2253/134 2828/2349/134 2817/2348/134
f 3433/2255/134 2828/2349/134 3440/2253/134
f 2816/2347/134 3438/2254/134 3440/2253/134
f 3433/2255/134 2824/2350/134 2828/2349/134
f 3436/2256/134 2824/2350/134 3433/2255/134
f 2816/2347/134 3436/2256/134 3438/2254/134
f 2824/2350/134 3436/2256/134 2816/2347/134
f 4345/2217/134 4051/1937/134 4023/1909/134
f 4490/2351/134 4346/2218/134 4016/1902/134
f 4345/2217/134 4490/2351/134 4051/1937/134
f 4346/2218/134 4490/2351/134 4345/2217/134
f 4338/2210/134 4099/1987/134 4491/2352/134
f 4337/2209/134 4099/1987/134 4338/2210/134
f 4331/2203/134 4488/2345/134 4481/2338/134
f 4330/2202/134 4488/2345/134 4331/2203/134
f 4483/2340/134 4488/2345/134 4330/2202/134
f 4487/2344/134 4488/2345/134 4483/2340/134
f 4101/1989/134 3943/1829/134 3955/1841/134
f 3946/1832/134 3943/1829/134 4101/1989/134
f 3970/1856/134 3964/1850/134 3968/1854/134
f 3965/1851/134 3964/1850/134 3970/1856/134
f 4099/1987/134 4492/2353/134 4491/2352/134
f 4100/1988/134 4492/2353/134 4099/1987/134
f 4052/1938/134 4493/2354/134 4494/2355/134
f 4495/2356/134 4493/2354/134 4052/1938/134
f 3986/1872/134 4436/2290/134 3917/1803/134
f 3990/1876/134 4436/2290/134 3986/1872/134
f 3911/1797/134 3989/1875/134 3985/1871/134
f 4438/2292/134 3989/1875/134 3911/1797/134
f 3990/1876/134 4437/2291/134 4436/2290/134
f 3994/1880/134 4437/2291/134 3990/1876/134
f 4438/2292/134 3993/1879/134 3989/1875/134
f 4452/2307/134 3993/1879/134 4438/2292/134
f 3994/1880/134 4452/2307/134 4437/2291/134
f 3993/1879/134 4452/2307/134 3994/1880/134
f 4382/1357/134 4429/2283/134 4380/2250/134
f 4496/2357/134 4429/2283/134 4382/1357/134
f 4100/1988/134 4497/2358/134 4492/2353/134
f 4430/2284/134 4497/2358/134 4100/1988/134
f 4496/2357/134 4430/2284/134 4429/2283/134
f 4497/2358/134 4430/2284/134 4496/2357/134
f 4015/1901/134 4490/2351/134 4016/1902/134
f 4381/2251/134 4490/2351/134 4015/1901/134
f 4323/2195/134 3966/1852/134 4321/2193/134
f 3960/1846/134 4323/2195/134 4322/2194/134
f 4471/2328/134 4323/2195/134 3960/1846/134
f 4323/2195/134 4471/2328/134 3966/1852/134
f 3910/1796/134 4374/2244/134 4053/1939/134
f 3912/1798/134 4374/2244/134 3910/1796/134
f 4482/2339/134 4477/2334/134 4480/2337/134
f 4479/2336/134 4477/2334/134 4482/2339/134
f 4486/2343/134 4373/2243/134 4488/2345/134
f 4372/2242/134 4373/2243/134 4486/2343/134
f 4486/2343/134 4368/2239/134 4372/2242/134
f 4489/2346/134 4368/2239/134 4486/2343/134
f 4481/2338/134 4373/2243/134 4364/2235/134
f 4488/2345/134 4373/2243/134 4481/2338/134
f 4351/2223/134 4374/2244/134 4335/2207/134
f 4347/2219/134 4351/2223/134 4350/2222/134
f 4352/2224/134 4349/2221/134 4348/2220/134
f 4491/2352/134 4352/2224/134 4338/2210/134
f 4351/2223/134 4498/2359/134 4374/2244/134
f 4347/2219/134 4498/2359/134 4351/2223/134
f 4491/2352/134 4349/2221/134 4352/2224/134
f 4499/2360/134 4349/2221/134 4491/2352/134
f 4347/2219/134 4499/2360/134 4498/2359/134
f 4349/2221/134 4499/2360/134 4347/2219/134
f 4056/1942/134 4025/1911/134 4022/1908/134
f 4498/2359/134 4055/1941/134 4374/2244/134
f 4497/2358/134 4499/2360/134 4491/2352/134
f 4500/2361/134 4497/2358/134 4496/2357/134
f 4315/2187/134 4497/2358/134 4500/2361/134
f 4311/2183/134 4497/2358/134 4315/2187/134
f 4308/2180/134 4313/2185/134 4312/2184/134
f 4310/2182/134 4313/2185/134 4308/2180/134
f 4318/2190/134 4307/2179/134 4306/2178/134
f 4317/2189/134 4307/2179/134 4318/2190/134
f 4500/2361/134 4317/2189/134 4315/2187/134
f 4015/1901/134 4317/2189/134 4500/2361/134
f 4024/1910/134 4317/2189/134 4015/1901/134
f 4313/2185/134 4497/2358/134 4311/2183/134
f 4024/1910/134 4307/2179/134 4317/2189/134
f 4025/1911/134 4307/2179/134 4024/1910/134
f 4313/2185/134 4499/2360/134 4497/2358/134
f 4056/1942/134 4305/2177/134 4025/1911/134
f 4313/2185/134 4498/2359/134 4499/2360/134
f 4310/2182/134 4498/2359/134 4313/2185/134
f 4056/1942/134 4309/2181/134 4305/2177/134
f 4055/1941/134 4309/2181/134 4056/1942/134
f 4310/2182/134 4055/1941/134 4498/2359/134
f 4309/2181/134 4055/1941/134 4310/2182/134
f 4501/2362/134 3843/1729/134 4502/2363/134
f 4503/2364/135 3843/1729/135 4501/2362/135
f 4502/2363/134 4504/2365/134 4501/2362/134
f 3847/1733/134 4504/2365/134 4502/2363/134
f 3850/1736/134 4504/2365/134 3847/1733/134
f 4503/2364/134 3846/1732/134 3843/1729/134
f 4505/2366/134 3846/1732/134 4503/2364/134
f 3850/1736/135 4506/2367/135 4504/2365/135
f 3854/1740/134 4506/2367/134 3850/1736/134
f 4505/2366/134 3853/1739/134 3846/1732/134
f 4507/2368/135 3853/1739/135 4505/2366/135
f 3854/1740/134 4508/2369/134 4506/2367/134
f 3858/1744/134 4508/2369/134 3854/1740/134
f 4507/2368/134 3857/1743/134 3853/1739/134
f 4509/2370/134 3857/1743/134 4507/2368/134
f 3858/1744/135 4509/2370/135 4508/2369/135
f 3857/1743/134 4509/2370/134 3858/1744/134
f 4506/2367/134 4501/2362/134 4504/2365/134
f 4509/2370/134 4506/2367/134 4508/2369/134
f 4505/2366/134 4509/2370/134 4507/2368/134
f 4510/1186/135 4505/2366/135 4503/2364/135
f 4237/2114/134 4505/2366/134 4510/1186/134
f 4236/2113/135 4505/2366/135 4237/2114/135
f 4510/1186/134 4238/829/134 4237/2114/134
f 4501/2362/134 4238/829/134 4510/1186/134
f 4239/2115/134 4505/2366/134 4236/2113/134
f 4501/2362/135 4240/115/135 4238/829/135
f 4239/2115/134 4509/2370/134 4505/2366/134
f 4506/2367/134 4240/115/134 4501/2362/134
f 4241/2116/135 4509/2370/135 4239/2115/135
f 4506/2367/134 4242/2117/134 4240/115/134
f 4243/331/134 4509/2370/134 4241/2116/134
f 4506/2367/135 4243/331/135 4242/2117/135
f 4243/331/134 4506/2367/134 4509/2370/134
f 4511/2371/134 4512/2372/134 4513/2373/134
f 4108/1996/134 4512/2372/134 4511/2371/134
f 4114/2002/134 4512/2372/134 4108/1996/134
f 4511/2371/134 4112/2000/134 4108/1996/134
f 4514/2374/134 4112/2000/134 4511/2371/134
f 4114/2002/134 4515/2375/134 4512/2372/134
f 4118/2006/134 4515/2375/134 4114/2002/134
f 4514/2374/134 4113/2001/134 4112/2000/134
f 4516/2376/134 4113/2001/134 4514/2374/134
f 4118/2006/134 4517/2377/134 4515/2375/134
f 4122/2010/134 4517/2377/134 4118/2006/134
f 4516/2376/134 4117/2005/134 4113/2001/134
f 4518/2378/134 4117/2005/134 4516/2376/134
f 4122/2010/134 4519/2379/134 4517/2377/134
f 4121/2009/134 4519/2379/134 4122/2010/134
f 4518/2378/134 4121/2009/134 4117/2005/134
f 4519/2379/134 4121/2009/134 4518/2378/134
f 4421/2276/134 4520/2380/134 4521/2381/134
f 4520/2380/134 4522/2382/134 4521/2381/134
f 4422/2277/134 4522/2382/134 4520/2380/134
f 4523/2383/134 4524/2384/134 4525/2385/134
f 4526/2386/134 4524/2384/134 4523/2383/134
f 4527/2387/134 4528/2388/134 4529/2389/134
f 4530/2390/134 4528/2388/134 4527/2387/134
f 4526/2386/134 4531/2391/134 4524/2384/134
f 4532/2392/134 4531/2391/134 4526/2386/134
f 4530/2390/134 4533/2393/134 4528/2388/134
f 4534/2394/134 4533/2393/134 4530/2390/134
f 4532/2392/134 4534/2394/134 4531/2391/134
f 4533/2393/134 4534/2394/134 4532/2392/134
f 4513/2373/134 4535/2395/134 4514/2374/134
f 4521/2381/134 4535/2395/134 4513/2373/134
f 4518/2378/134 4536/2396/134 4537/2397/134
f 4516/2376/134 4536/2396/134 4518/2378/134
f 4538/2398/134 4539/2399/134 4540/2400/134
f 4541/886/134 4539/2399/134 4538/2398/134
f 4380/2250/134 3973/1859/134 4381/2251/134
f 3971/1857/134 3973/1859/134 4380/2250/134
f 4539/2399/134 4424/2279/134 4423/2278/134
f 4541/886/134 4424/2279/134 4539/2399/134
f 4542/2401/134 4519/2379/134 4543/2402/134
f 4517/2377/134 4519/2379/134 4542/2401/134
f 4542/2401/134 4515/2375/134 4517/2377/134
f 4540/2400/134 4515/2375/134 4542/2401/134
f 4540/2400/134 4512/2372/134 4515/2375/134
f 4539/2399/134 4512/2372/134 4540/2400/134
f 4512/2372/134 4521/2381/134 4513/2373/134
f 4539/2399/134 4521/2381/134 4512/2372/134
f 4544/2403/134 4540/2400/134 4545/2404/134
f 4538/2398/134 4540/2400/134 4544/2403/134
f 4380/2250/134 4428/2282/134 3971/1857/134
f 4426/2281/134 4428/2282/134 4380/2250/134
f 4381/2251/134 4546/2405/134 4547/2406/134
f 3973/1859/134 4546/2405/134 4381/2251/134
f 4548/2407/134 4549/2408/134 4550/2409/134
f 4551/2410/134 4549/2408/134 4552/2411/134
f 4550/2409/134 4549/2408/134 4551/2410/134
f 4551/2410/134 4552/2411/134 4442/2295/134
f 4553/2412/134 4554/2413/134 4550/2409/134
f 4555/2414/134 4554/2413/134 4553/2412/134
f 4556/2415/134 4554/2413/134 4555/2414/134
f 4553/2412/134 4557/2416/134 4555/2414/134
f 4551/2410/134 4557/2416/134 4553/2412/134
f 4556/2415/134 4558/2417/134 4554/2413/134
f 4559/2418/134 4558/2417/134 4556/2415/134
f 4551/2410/134 4560/2419/134 4557/2416/134
f 4561/2420/134 4560/2419/134 4551/2410/134
f 4559/2418/134 4562/2421/134 4558/2417/134
f 4563/2422/134 4562/2421/134 4559/2418/134
f 4561/2420/134 4564/2423/134 4560/2419/134
f 4565/2424/134 4564/2423/134 4561/2420/134
f 4563/2422/134 4566/2425/134 4562/2421/134
f 4567/2426/134 4566/2425/134 4563/2422/134
f 4565/2424/134 4567/2426/134 4564/2423/134
f 4566/2425/134 4567/2426/134 4565/2424/134
f 4568/2427/134 4569/2428/134 4570/2429/134
f 4571/2430/134 4568/2427/134 4572/2431/134
f 4573/2432/134 4568/2427/134 4571/2430/134
f 4568/2427/134 4573/2432/134 4569/2428/134
f 4525/2385/134 4444/2298/134 3975/1861/134
f 4524/2384/134 4444/2298/134 4525/2385/134
f 3969/1855/134 4530/2390/134 4527/2387/134
f 4446/2300/134 4530/2390/134 3969/1855/134
f 4524/2384/134 4454/2309/134 4444/2298/134
f 4531/2391/134 4454/2309/134 4524/2384/134
f 4446/2300/134 4534/2394/134 4530/2390/134
f 4463/2318/134 4534/2394/134 4446/2300/134
f 4531/2391/134 4463/2318/134 4454/2309/134
f 4534/2394/134 4463/2318/134 4531/2391/134
f 4574/2433/134 4425/2280/134 4424/2279/134
f 4575/2434/134 4425/2280/134 4574/2433/134
f 3971/1857/134 4576/2435/134 3974/1860/134
f 4427/891/134 4576/2435/134 3971/1857/134
f 4575/2434/134 4466/2322/134 4425/2280/134
f 4577/2436/134 4466/2322/134 4575/2434/134
f 4427/891/134 4578/2437/134 4576/2435/134
f 4461/2316/134 4578/2437/134 4427/891/134
f 4577/2436/134 4461/2316/134 4466/2322/134
f 4578/2437/134 4461/2316/134 4577/2436/134
f 4558/2417/134 4439/2293/134 3862/1748/134
f 4562/2421/134 4439/2293/134 4558/2417/134
f 4442/2295/134 4561/2420/134 4551/2410/134
f 4441/2296/134 4561/2420/134 4442/2295/134
f 4562/2421/134 4462/2317/134 4439/2293/134
f 4566/2425/134 4462/2317/134 4562/2421/134
f 4441/2296/134 4565/2424/134 4561/2420/134
f 4453/2308/134 4565/2424/134 4441/2296/134
f 4566/2425/134 4453/2308/134 4462/2317/134
f 4565/2424/134 4453/2308/134 4566/2425/134
f 1545/2356/132 1539/2354/132 1542/2407/132
f 1530/2405/132 1535/2406/132 1531/2351/132
f 4579/2438/132 1528/2403/132 1530/2405/132
f 4580/2439/132 4579/2438/132 1530/2405/132
f 4581/2440/132 4580/2439/132 1530/2405/132
f 4579/2438/132 4580/2439/132 4582/2441/132
f 1526/2404/132 4579/2438/132 4582/2441/132
f 1523/2442/132 1526/2404/132 4582/2441/132
f 4581/2440/132 1530/2405/132 1531/2351/132
f 1542/2407/132 1523/2442/132 4582/2441/132
f 4581/2440/132 1531/2351/132 1534/1937/132
f 4583/2443/132 4581/2440/132 1534/1937/132
f 1542/2407/132 4582/2441/132 4583/2443/132
f 4583/2443/132 1534/1937/132 1545/2356/132
f 1542/2407/132 4583/2443/132 1545/2356/132
f 4495/2356/134 4548/2407/134 4493/2354/134
f 4546/2405/134 4490/2351/134 4547/2406/134
f 4584/2438/134 4546/2405/134 4544/2403/134
f 3450/2439/134 4546/2405/134 4584/2438/134
f 3454/2440/134 4546/2405/134 3450/2439/134
f 4584/2438/134 3451/2441/134 3450/2439/134
f 4545/2404/134 3451/2441/134 4584/2438/134
f 4585/2442/134 3451/2441/134 4545/2404/134
f 3454/2440/134 4490/2351/134 4546/2405/134
f 4548/2407/134 3451/2441/134 4585/2442/134
f 3454/2440/134 4051/1937/134 4490/2351/134
f 3456/2443/134 4051/1937/134 3454/2440/134
f 4548/2407/134 3456/2443/134 3451/2441/134
f 3456/2443/134 4495/2356/134 4051/1937/134
f 4548/2407/134 4495/2356/134 3456/2443/134
f 4586/2444/134 4587/2445/134 4588/2446/134
f 4274/2148/134 4587/2445/134 4586/2444/134
f 4273/2147/134 4587/2445/134 4274/2148/134
f 4470/2327/134 4587/2445/134 4273/2147/134
f 2869/2447/132 2872/2448/132 4580/2439/132
f 4580/2439/132 2872/2448/132 2876/2449/132
f 4582/2441/132 4580/2439/132 2876/2449/132
f 2869/2447/132 4580/2439/132 4581/2440/132
f 4582/2441/132 2876/2449/132 2880/2450/132
f 4583/2443/132 4582/2441/132 2880/2450/132
f 2869/2447/132 4581/2440/132 4583/2443/132
f 2880/2450/132 2869/2447/132 4583/2443/132
f 2866/2447/134 3449/2439/134 2867/2448/134
f 3449/2439/134 2873/2449/134 2867/2448/134
f 3452/2441/134 2873/2449/134 3449/2439/134
f 2866/2447/134 3453/2440/134 3449/2439/134
f 3452/2441/134 2877/2450/134 2873/2449/134
f 3455/2443/134 2877/2450/134 3452/2441/134
f 2866/2447/134 3455/2443/134 3453/2440/134
f 2877/2450/134 3455/2443/134 2866/2447/134
f 4589/2451/134 4578/2437/134 4577/2436/134
f 4590/2452/134 4578/2437/134 4589/2451/134
f 4591/2453/134 4578/2437/134 4590/2452/134
f 4589/2451/134 4592/2454/134 4590/2452/134
f 4575/2434/134 4592/2454/134 4589/2451/134
f 4591/2453/134 4576/2435/134 4578/2437/134
f 4593/2455/134 4576/2435/134 4591/2453/134
f 4575/2434/134 4594/2456/134 4592/2454/134
f 4574/2433/134 4594/2456/134 4575/2434/134
f 4593/2455/134 3974/1860/134 4576/2435/134
f 4595/2457/134 3974/1860/134 4593/2455/134
f 4574/2433/134 4596/2458/134 4594/2456/134
f 4597/2459/134 4596/2458/134 4574/2433/134
f 4595/2457/134 3972/1858/134 3974/1860/134
f 4598/2460/134 3972/1858/134 4595/2457/134
f 4597/2459/134 4598/2460/134 4596/2458/134
f 3972/1858/134 4598/2460/134 4597/2459/134
f 4599/2461/134 4449/2302/134 4600/2462/134
f 4601/2463/134 4449/2302/134 4599/2461/134
f 4460/2315/134 4413/2268/134 4414/2269/134
f 4412/2267/134 4413/2268/134 4460/2315/134
f 4473/2330/134 4535/2395/134 4602/2464/134
f 4419/2274/134 4416/2271/134 4417/2272/134
f 4451/2306/134 4416/2271/134 4419/2274/134
f 4602/2464/134 4603/2465/134 4475/2332/134
f 4535/2395/134 4603/2465/134 4602/2464/134
f 4604/2466/134 4600/2462/134 4605/2467/134
f 4599/2461/134 4600/2462/134 4604/2466/134
f 3973/1859/134 4597/2459/134 4544/2403/134
f 3972/1858/134 4597/2459/134 3973/1859/134
f 3977/1863/134 4526/2386/134 4523/2383/134
f 4606/2468/134 4526/2386/134 3977/1863/134
f 4529/2389/134 4607/2469/134 3967/1853/134
f 4528/2388/134 4607/2469/134 4529/2389/134
f 4606/2468/134 4532/2392/134 4526/2386/134
f 4608/2470/134 4532/2392/134 4606/2468/134
f 4528/2388/134 4609/2471/134 4607/2469/134
f 4533/2393/134 4609/2471/134 4528/2388/134
f 4608/2470/134 4533/2393/134 4532/2392/134
f 4609/2471/134 4533/2393/134 4608/2470/134
f 4610/2472/134 4606/2468/134 3976/1862/134
f 4611/2473/134 4606/2468/134 4610/2472/134
f 3970/1856/134 4612/2474/134 4613/2475/134
f 4607/2469/134 4612/2474/134 3970/1856/134
f 4611/2473/134 4608/2470/134 4606/2468/134
f 4614/2476/134 4608/2470/134 4611/2473/134
f 4607/2469/134 4615/2477/134 4612/2474/134
f 4609/2471/134 4615/2477/134 4607/2469/134
f 4614/2476/134 4609/2471/134 4608/2470/134
f 4615/2477/134 4609/2471/134 4614/2476/134
f 1627/2411/132 1143/2295/132 1096/2294/132
f 1626/2402/132 1627/2411/132 1096/2294/132
f 4552/2411/134 4440/2294/134 4442/2295/134
f 4543/2402/134 4440/2294/134 4552/2411/134
f 1627/2411/132 1626/2402/132 1630/2401/132
f 1631/2408/132 1627/2411/132 1630/2401/132
f 4552/2411/134 4542/2401/134 4543/2402/134
f 4549/2408/134 4542/2401/134 4552/2411/134
f 1631/2408/132 1630/2401/132 1523/2442/132
f 1542/2407/132 1631/2408/132 1523/2442/132
f 4549/2408/134 4585/2442/134 4542/2401/134
f 4548/2407/134 4585/2442/134 4549/2408/134
f 4574/2433/134 4424/2279/134 4541/886/134
f 4538/2398/134 4574/2433/134 4541/886/134
f 4597/2459/134 4574/2433/134 4538/2398/134
f 4544/2403/134 4597/2459/134 4538/2398/134
f 4443/2297/134 4537/2397/134 4616/2478/134
f 3861/1747/134 4494/2355/134 3862/1748/134
f 4052/1938/134 4494/2355/134 3861/1747/134
f 4494/2355/134 4550/2409/134 4554/2413/134
f 4548/2407/134 4550/2409/134 4494/2355/134
f 4422/2277/134 4617/2479/134 4618/2480/134
f 4420/2275/134 4617/2479/134 4422/2277/134
f 4619/2481/134 4420/2275/134 4620/2482/134
f 4617/2479/134 4420/2275/134 4619/2481/134
f 4275/2149/134 4445/2299/134 4276/2150/134
f 4621/2483/134 4445/2299/134 4275/2149/134
f 4622/2484/134 4623/2485/134 4624/2486/134
f 4448/2303/134 4623/2485/134 4622/2484/134
f 4621/2483/134 4448/2303/134 4445/2299/134
f 4623/2485/134 4448/2303/134 4621/2483/134
f 4613/2475/134 3965/1851/134 3970/1856/134
f 4615/2477/134 4613/2475/134 4612/2474/134
f 4614/2476/134 4613/2475/134 4615/2477/134
f 4611/2473/134 4613/2475/134 4614/2476/134
f 4610/2472/134 4613/2475/134 4611/2473/134
f 3959/1845/134 4610/2472/134 3976/1862/134
f 4127/2015/134 4610/2472/134 3959/1845/134
f 4124/2012/134 4127/2015/134 4126/2014/134
f 4613/2475/134 4124/2012/134 3965/1851/134
f 4610/2472/134 4124/2012/134 4613/2475/134
f 4127/2015/134 4124/2012/134 4610/2472/134
f 4402/2257/134 4455/2310/134 4464/2319/134
f 4405/2260/134 4455/2310/134 4402/2257/134
f 4456/2311/135 4407/2262/135 4457/2312/135
f 4406/2261/134 4407/2262/134 4456/2311/134
f 4465/2320/134 4410/2265/134 4459/2314/134
f 4458/2313/134 4410/2265/134 4465/2320/134
f 4409/2264/135 4410/2265/135 4458/2313/135
f 4535/2395/134 4522/2382/134 4603/2465/134
f 4521/2381/134 4522/2382/134 4535/2395/134
f 4625/2487/134 4447/2301/134 4449/2302/134
f 4626/2488/134 4447/2301/134 4625/2487/134
f 4627/2489/134 4628/2490/134 4629/2491/134
f 4450/2304/134 4628/2490/134 4627/2489/134
f 4626/2488/134 4450/2304/134 4447/2301/134
f 4628/2490/134 4450/2304/134 4626/2488/134
f 4630/2492/134 4631/2493/134 4569/2428/134
f 4632/2494/134 4631/2493/134 4630/2492/134
f 4633/2495/134 4634/2496/134 4635/2497/134
f 4636/2498/134 4634/2496/134 4633/2495/134
f 4637/2499/134 4636/2498/134 4638/2500/134
f 4634/2496/134 4636/2498/134 4637/2499/134
f 4573/2432/134 4639/2501/134 4640/2502/134
f 4641/2503/134 4573/2432/134 4642/2504/134
f 4643/2505/134 4573/2432/134 4641/2503/134
f 4573/2432/134 4643/2505/134 4639/2501/134
f 4618/2480/134 4643/2505/134 4641/2503/134
f 4617/2479/134 4643/2505/134 4618/2480/134
f 4639/2501/134 4617/2479/134 4619/2481/134
f 4643/2505/134 4617/2479/134 4639/2501/134
f 4603/2465/134 4633/2495/134 4475/2332/134
f 4644/2506/134 4633/2495/134 4603/2465/134
f 4645/2507/134 4474/2331/134 4475/2332/134
f 4646/2508/134 4474/2331/134 4645/2507/134
f 4467/2325/134 4646/2508/134 4647/2509/134
f 4474/2331/134 4646/2508/134 4467/2325/134
f 4635/2497/134 4646/2508/134 4645/2507/134
f 4634/2496/134 4646/2508/134 4635/2497/134
f 4647/2509/134 4634/2496/134 4637/2499/134
f 4646/2508/134 4634/2496/134 4647/2509/134
f 4631/2493/134 4627/2489/134 4648/2510/134
f 4632/2494/134 4627/2489/134 4631/2493/134
f 4640/2502/134 4630/2492/134 4569/2428/134
f 4620/2482/134 4630/2492/134 4640/2502/134
f 4422/2277/134 4571/2430/134 4522/2382/134
f 4642/2504/134 4571/2430/134 4422/2277/134
f 4649/2511/134 4650/2512/134 4651/2513/134
f 4604/2466/134 4649/2511/134 4599/2461/134
f 4652/2514/134 4649/2511/134 4604/2466/134
f 4653/2515/134 4652/2514/134 4654/2516/134
f 4571/2430/134 4653/2515/134 4644/2506/134
f 4572/2431/134 4653/2515/134 4571/2430/134
f 4570/2429/134 4572/2431/134 4568/2427/134
f 4631/2493/134 4570/2429/134 4569/2428/134
f 4655/2517/134 4570/2429/134 4631/2493/134
f 4649/2511/134 4655/2517/134 4650/2512/134
f 4652/2514/134 4655/2517/134 4649/2511/134
f 4653/2515/134 4655/2517/134 4652/2514/134
f 4572/2431/134 4655/2517/134 4653/2515/134
f 4570/2429/134 4655/2517/134 4572/2431/134
f 4653/2515/134 4636/2498/134 4644/2506/134
f 4654/2516/134 4636/2498/134 4653/2515/134
f 4604/2466/134 4654/2516/134 4652/2514/134
f 4636/2498/134 4654/2516/134 4604/2466/134
f 4649/2511/134 4656/2518/134 4599/2461/134
f 4651/2513/134 4656/2518/134 4649/2511/134
f 4631/2493/134 4650/2512/134 4655/2517/134
f 4657/2519/134 4650/2512/134 4631/2493/134
f 4651/2513/134 4657/2519/134 4656/2518/134
f 4650/2512/134 4657/2519/134 4651/2513/134
f 4467/2325/134 4604/2466/134 4605/2467/134
f 4638/2500/134 4604/2466/134 4467/2325/134
f 4601/2463/134 4658/2520/134 4659/2521/134
f 4656/2518/134 4658/2520/134 4601/2463/134
f 4660/2522/134 4657/2519/134 4648/2510/134
f 4661/2523/134 4657/2519/134 4660/2522/134
f 4656/2518/134 4661/2523/134 4658/2520/134
f 4657/2519/134 4661/2523/134 4656/2518/134
f 4659/2521/134 4626/2488/134 4625/2487/134
f 4658/2520/134 4626/2488/134 4659/2521/134
f 4629/2491/134 4661/2523/134 4660/2522/134
f 4628/2490/134 4661/2523/134 4629/2491/134
f 4658/2520/134 4628/2490/134 4626/2488/134
f 4661/2523/134 4628/2490/134 4658/2520/134
f 4662/2524/134 4663/2525/134 4664/995/134
f 4665/990/134 4663/2525/134 4662/2524/134
f 4662/2524/134 4664/995/134 4666/2526/134
f 4663/2525/134 4667/2527/134 4664/995/134
f 4665/990/134 4668/2528/134 4663/2525/134
f 4669/2529/134 4665/990/134 4662/2524/134
f 4670/2530/134 4671/2531/134 4672/2532/134
f 4673/2533/134 4670/2530/134 4674/2534/134
f 4675/2535/134 4673/2533/134 4676/2536/134
f 4677/2537/134 4675/2535/134 4678/2538/134
f 4668/2528/134 4677/2537/134 4663/2525/134
f 4677/2537/134 4667/2527/134 4663/2525/134
f 4671/2531/134 4667/2527/134 4677/2537/134
f 4668/2528/134 4675/2535/134 4677/2537/134
f 4670/2530/134 4666/2526/134 4671/2531/134
f 4669/2529/134 4675/2535/134 4668/2528/134
f 4673/2533/134 4669/2529/134 4670/2530/134
f 4669/2529/134 4673/2533/134 4675/2535/134
f 4678/2538/134 4679/2539/134 4680/2540/134
f 4675/2535/134 4679/2539/134 4678/2538/134
f 4680/2540/134 4671/2531/134 4678/2538/134
f 4681/2541/134 4671/2531/134 4680/2540/134
f 4675/2535/134 4682/2542/134 4679/2539/134
f 4676/2536/134 4682/2542/134 4675/2535/134
f 4681/2541/134 4672/2532/134 4671/2531/134
f 4683/2543/134 4672/2532/134 4681/2541/134
f 4676/2536/134 4684/2544/134 4682/2542/134
f 4673/2533/134 4684/2544/134 4676/2536/134
f 4683/2543/134 4670/2530/134 4672/2532/134
f 4685/2545/134 4670/2530/134 4683/2543/134
f 4673/2533/134 4686/2546/134 4684/2544/134
f 4674/2534/134 4686/2546/134 4673/2533/134
f 4685/2545/134 4674/2534/134 4670/2530/134
f 4686/2546/134 4674/2534/134 4685/2545/134
f 4687/2547/134 4688/2548/134 4689/1609/134
f 4690/1612/134 4688/2548/134 4687/2547/134
f 4687/2547/134 4689/1609/134 4691/2549/134
f 4688/2548/134 4692/2550/134 4689/1609/134
f 4690/1612/134 4693/2551/134 4688/2548/134
f 4694/2552/134 4690/1612/134 4687/2547/134
f 4695/2553/134 4696/2554/134 4697/2555/134
f 4698/2556/134 4695/2553/134 4699/2557/134
f 4700/2558/134 4698/2556/134 4701/2559/134
f 4702/2560/134 4700/2558/134 4703/2561/134
f 4693/2551/134 4702/2560/134 4688/2548/134
f 4702/2560/134 4692/2550/134 4688/2548/134
f 4696/2554/134 4692/2550/134 4702/2560/134
f 4693/2551/134 4700/2558/134 4702/2560/134
f 4695/2553/134 4691/2549/134 4696/2554/134
f 4694/2552/134 4700/2558/134 4693/2551/134
f 4698/2556/134 4694/2552/134 4695/2553/134
f 4694/2552/134 4698/2556/134 4700/2558/134
f 4703/2561/134 4298/2170/134 4296/2169/134
f 4700/2558/134 4298/2170/134 4703/2561/134
f 4296/2169/134 4696/2554/134 4703/2561/134
f 4299/2171/134 4696/2554/134 4296/2169/134
f 4700/2558/134 4301/2173/134 4298/2170/134
f 4701/2559/134 4301/2173/134 4700/2558/134
f 4299/2171/134 4697/2555/134 4696/2554/134
f 4300/2172/134 4697/2555/134 4299/2171/134
f 4701/2559/134 4303/2175/134 4301/2173/134
f 4698/2556/134 4303/2175/134 4701/2559/134
f 4300/2172/134 4695/2553/134 4697/2555/134
f 4302/2174/134 4695/2553/134 4300/2172/134
f 4698/2556/134 4304/2176/134 4303/2175/134
f 4699/2557/134 4304/2176/134 4698/2556/134
f 4302/2174/134 4699/2557/134 4695/2553/134
f 4304/2176/134 4699/2557/134 4302/2174/134
f 4704/2562/134 4705/2563/134 4706/2564/134
f 4707/2565/134 4705/2563/134 4704/2562/134
f 4704/2562/134 4706/2564/134 4708/2566/134
f 4705/2563/134 4709/2567/134 4706/2564/134
f 4707/2565/134 4710/2568/134 4705/2563/134
f 4711/2569/134 4707/2565/134 4704/2562/134
f 4712/2570/134 4713/2571/134 4714/2572/134
f 4715/2573/134 4712/2570/134 4716/2574/134
f 4717/2575/134 4715/2573/134 4718/2576/134
f 4719/2577/134 4717/2575/134 4720/2578/134
f 4710/2568/134 4719/2577/134 4705/2563/134
f 4719/2577/134 4709/2567/134 4705/2563/134
f 4713/2571/134 4709/2567/134 4719/2577/134
f 4710/2568/134 4717/2575/134 4719/2577/134
f 4712/2570/134 4708/2566/134 4713/2571/134
f 4711/2569/134 4717/2575/134 4710/2568/134
f 4715/2573/134 4711/2569/134 4712/2570/134
f 4711/2569/134 4715/2573/134 4717/2575/134
f 4720/2578/134 4721/2579/134 4722/2580/134
f 4717/2575/134 4721/2579/134 4720/2578/134
f 4722/2580/134 4713/2571/134 4720/2578/134
f 4723/2581/134 4713/2571/134 4722/2580/134
f 4717/2575/134 4724/2582/134 4721/2579/134
f 4718/2576/134 4724/2582/134 4717/2575/134
f 4723/2581/134 4714/2572/134 4713/2571/134
f 4725/2583/134 4714/2572/134 4723/2581/134
f 4718/2576/134 4726/2584/134 4724/2582/134
f 4715/2573/134 4726/2584/134 4718/2576/134
f 4725/2583/134 4712/2570/134 4714/2572/134
f 4727/2585/134 4712/2570/134 4725/2583/134
f 4715/2573/134 4728/2586/134 4726/2584/134
f 4716/2574/134 4728/2586/134 4715/2573/134
f 4727/2585/134 4716/2574/134 4712/2570/134
f 4728/2586/134 4716/2574/134 4727/2585/134
f 3962/1848/134 4729/2587/134 3960/1846/134
f 4536/2396/134 4729/2587/134 3962/1848/134
f 4621/2483/134 4624/2486/134 4623/2485/134
f 4275/2149/134 4624/2486/134 4621/2483/134
f 4586/2444/134 4275/2149/134 4274/2148/134
f 4624/2486/134 4588/2446/134 4587/2445/134
f 4586/2444/134 4624/2486/134 4275/2149/134
f 4588/2446/134 4624/2486/134 4586/2444/134
f 4537/2397/134 3962/1848/134 3978/1864/134
f 4536/2396/134 3962/1848/134 4537/2397/134
f 3975/1861/134 4537/2397/134 3978/1864/134
f 4616/2478/134 4537/2397/134 3975/1861/134
f 4730/2588/134 4555/2414/134 4731/2589/134
f 4732/2590/134 4555/2414/134 4730/2588/134
f 4731/2589/134 4733/2591/134 4730/2588/134
f 4557/2416/134 4733/2591/134 4731/2589/134
f 4560/2419/134 4733/2591/134 4557/2416/134
f 4732/2590/134 4556/2415/134 4555/2414/134
f 4734/2592/134 4556/2415/134 4732/2590/134
f 4560/2419/134 4735/2593/134 4733/2591/134
f 4564/2423/134 4735/2593/134 4560/2419/134
f 4734/2592/134 4559/2418/134 4556/2415/134
f 4736/2594/134 4559/2418/134 4734/2592/134
f 4564/2423/134 4737/2595/134 4735/2593/134
f 4567/2426/134 4737/2595/134 4564/2423/134
f 4736/2594/134 4563/2422/134 4559/2418/134
f 4738/2596/134 4563/2422/134 4736/2594/134
f 4567/2426/134 4738/2596/134 4737/2595/134
f 4563/2422/134 4738/2596/134 4567/2426/134
f 4722/2580/134 4732/2590/134 4739/2597/134
f 4721/2579/134 4732/2590/134 4722/2580/134
f 4739/2597/134 4723/2581/134 4722/2580/134
f 4730/2588/134 4723/2581/134 4739/2597/134
f 4733/2591/135 4723/2581/135 4730/2588/135
f 4737/2595/135 4733/2591/135 4735/2593/135
f 4736/2594/135 4737/2595/135 4738/2596/135
f 4732/2590/135 4736/2594/135 4734/2592/135
f 4721/2579/134 4736/2594/134 4732/2590/134
f 4733/2591/134 4725/2583/134 4723/2581/134
f 4724/2582/134 4736/2594/134 4721/2579/134
f 4733/2591/134 4727/2585/134 4725/2583/134
f 4726/2584/134 4736/2594/134 4724/2582/134
f 4737/2595/135 4727/2585/135 4733/2591/135
f 4726/2584/134 4737/2595/134 4736/2594/134
f 4737/2595/134 4728/2586/134 4727/2585/134
f 4728/2586/134 4737/2595/134 4726/2584/134
f 4680/2540/134 4740/2598/134 4741/1005/134
f 4679/2539/134 4740/2598/134 4680/2540/134
f 4741/1005/134 4681/2541/134 4680/2540/134
f 4742/2599/134 4681/2541/134 4741/1005/134
f 4743/2600/135 4681/2541/135 4742/2599/135
f 4744/2601/135 4743/2600/135 4745/2602/135
f 4746/2603/135 4744/2601/135 4747/2604/135
f 4740/2598/135 4746/2603/135 4748/2605/135
f 4679/2539/134 4746/2603/134 4740/2598/134
f 4743/2600/134 4683/2543/134 4681/2541/134
f 4682/2542/134 4746/2603/134 4679/2539/134
f 4743/2600/134 4685/2545/134 4683/2543/134
f 4684/2544/134 4746/2603/134 4682/2542/134
f 4744/2601/135 4685/2545/135 4743/2600/135
f 4684/2544/134 4744/2601/134 4746/2603/134
f 4744/2601/134 4686/2546/134 4685/2545/134
f 4686/2546/134 4744/2601/134 4684/2544/134
f 4742/2599/134 4590/2452/134 4749/2606/134
f 4740/2598/134 4590/2452/134 4742/2599/134
f 4749/2606/134 4743/2600/134 4742/2599/134
f 4592/2454/134 4743/2600/134 4749/2606/134
f 4594/2456/134 4743/2600/134 4592/2454/134
f 4740/2598/134 4591/2453/134 4590/2452/134
f 4748/2605/134 4591/2453/134 4740/2598/134
f 4594/2456/134 4745/2602/134 4743/2600/134
f 4596/2458/134 4745/2602/134 4594/2456/134
f 4748/2605/134 4593/2455/134 4591/2453/134
f 4746/2603/134 4593/2455/134 4748/2605/134
f 4596/2458/134 4744/2601/134 4745/2602/134
f 4598/2460/134 4744/2601/134 4596/2458/134
f 4746/2603/134 4595/2457/134 4593/2455/134
f 4747/2604/134 4595/2457/134 4746/2603/134
f 4598/2460/134 4747/2604/134 4744/2601/134
f 4595/2457/134 4747/2604/134 4598/2460/134
f 3862/1748/134 4554/2413/134 4558/2417/134
f 4494/2355/134 4554/2413/134 3862/1748/134
f 4472/2329/134 4729/2587/134 4536/2396/134
f 3976/1862/134 3962/1848/134 3959/1845/134
f 3978/1864/134 3962/1848/134 3976/1862/134
f 4605/2467/134 4624/2486/134 4587/2445/134
f 4600/2462/134 4624/2486/134 4605/2467/134
f 4516/2376/134 4535/2395/134 4536/2396/134
f 4514/2374/134 4535/2395/134 4516/2376/134
f 4543/2402/134 4518/2378/134 4537/2397/134
f 4519/2379/134 4518/2378/134 4543/2402/134
f 4467/2325/134 4587/2445/134 4470/2327/134
f 4605/2467/134 4587/2445/134 4467/2325/134
f 4624/2486/134 4449/2302/134 4622/2484/134
f 4600/2462/134 4449/2302/134 4624/2486/134
f 4522/2382/134 4644/2506/134 4603/2465/134
f 4571/2430/134 4644/2506/134 4522/2382/134
f 4750/2607/132 4751/2608/132 4752/2609/132
f 4753/2610/132 4750/2607/132 4752/2609/132
f 4754/2611/133 4755/2612/133 4756/2613/133
f 4757/2614/133 4754/2611/133 4756/2613/133
f 4758/2615/132 4759/2616/132 4760/2617/132
f 4761/2618/132 4758/2615/132 4760/2617/132
f 4762/2619/133 4763/2620/133 4764/2621/133
f 4765/2622/133 4762/2619/133 4764/2621/133
f 4766/2623/132 4767/2624/132 4768/2625/132
f 4769/2626/132 4766/2623/132 4768/2625/132
f 4066/1953/132 4069/1956/132 4770/2627/132
f 4770/2627/132 4067/1954/132 4066/1953/132
f 4771/2628/132 4772/2629/132 4062/1949/132
f 4773/2630/132 4771/2628/132 4062/1949/132
f 4772/2629/132 4771/2628/132 4774/2631/132
f 4775/2632/132 4772/2629/132 4774/2631/132
f 4773/2630/132 4062/1949/132 4064/1951/132
f 4776/2633/132 4773/2630/132 4064/1951/132
f 4775/2632/132 4774/2631/132 4777/2634/132
f 4075/1962/132 4775/2632/132 4777/2634/132
f 4776/2633/132 4064/1951/132 4063/1950/132
f 4778/2635/132 4776/2633/132 4063/1950/132
f 4075/1962/132 4777/2634/132 4779/2636/132
f 4073/1960/132 4075/1962/132 4779/2636/132
f 4778/2635/132 4063/1950/132 4065/1952/132
f 4780/2637/132 4778/2635/132 4065/1952/132
f 4073/1960/132 4779/2636/132 4781/2638/132
f 4074/1961/132 4073/1960/132 4781/2638/132
f 4780/2637/133 4065/1952/133 4770/2627/133
f 4782/2639/133 4780/2637/133 4770/2627/133
f 4074/1961/132 4781/2638/132 4783/2640/132
f 4071/1958/132 4074/1961/132 4783/2640/132
f 4782/2639/132 4770/2627/132 4784/2641/132
f 4785/2642/132 4782/2639/132 4784/2641/132
f 4071/1958/132 4783/2640/132 4785/2642/132
f 4784/2641/132 4071/1958/132 4785/2642/132
f 4070/1957/132 4072/1959/132 4784/2641/132
f 4784/2641/132 4068/1955/132 4070/1957/132
f 4775/2632/132 4077/1964/132 4076/1963/132
f 4076/1963/132 4079/1966/132 4775/2632/132
f 4772/2629/132 4078/1965/132 4059/1945/132
f 4059/1945/132 4061/1948/132 4772/2629/132
f 4786/2643/132 4771/2628/132 4773/2630/132
f 4787/2644/132 4786/2643/132 4773/2630/132
f 4771/2628/133 4786/2643/133 4788/2645/133
f 4774/2631/132 4771/2628/132 4788/2645/132
f 4787/2644/132 4773/2630/132 4776/2633/132
f 4789/2646/132 4787/2644/132 4776/2633/132
f 4774/2631/132 4788/2645/132 4790/2647/132
f 4777/2634/132 4774/2631/132 4790/2647/132
f 4789/2646/133 4776/2633/133 4778/2635/133
f 4791/2648/132 4789/2646/132 4778/2635/132
f 4777/2634/132 4790/2647/132 4792/2649/132
f 4779/2636/133 4777/2634/133 4792/2649/133
f 4791/2648/132 4778/2635/132 4780/2637/132
f 4793/2650/132 4791/2648/132 4780/2637/132
f 4779/2636/132 4792/2649/132 4794/2651/132
f 4781/2638/132 4779/2636/132 4794/2651/132
f 4793/2650/132 4780/2637/132 4782/2639/132
f 4795/2652/132 4793/2650/132 4782/2639/132
f 4781/2638/132 4794/2651/132 4796/2653/132
f 4783/2640/132 4781/2638/132 4796/2653/132
f 4795/2652/132 4782/2639/132 4785/2642/132
f 4797/2654/133 4795/2652/133 4785/2642/133
f 4783/2640/132 4796/2653/132 4797/2654/132
f 4785/2642/132 4783/2640/132 4797/2654/132
f 4798/2655/132 4799/2656/132 4786/2643/132
f 4786/2643/132 4799/2656/132 4800/2657/132
f 4788/2645/132 4786/2643/132 4800/2657/132
f 4798/2655/133 4786/2643/133 4787/2644/133
f 4788/2645/132 4800/2657/132 4801/2658/132
f 4790/2647/132 4788/2645/132 4801/2658/132
f 4798/2655/132 4787/2644/132 4789/2646/132
f 4802/2659/132 4798/2655/132 4789/2646/132
f 4790/2647/132 4801/2658/132 4803/2660/132
f 4792/2649/132 4790/2647/132 4803/2660/132
f 4802/2659/132 4789/2646/132 4791/2648/132
f 4804/2661/132 4802/2659/132 4791/2648/132
f 4792/2649/132 4803/2660/132 4805/2662/132
f 4794/2651/133 4792/2649/133 4805/2662/133
f 4804/2661/132 4791/2648/132 4793/2650/132
f 4806/2663/132 4804/2661/132 4793/2650/132
f 4794/2651/132 4805/2662/132 4807/2664/132
f 4796/2653/132 4794/2651/132 4807/2664/132
f 4806/2663/132 4793/2650/132 4795/2652/132
f 4808/2665/133 4806/2663/133 4795/2652/133
f 4796/2653/132 4807/2664/132 4809/2666/132
f 4797/2654/133 4796/2653/133 4809/2666/133
f 4808/2665/132 4795/2652/132 4797/2654/132
f 4809/2666/132 4808/2665/132 4797/2654/132
f 4751/2608/132 4803/2660/132 4802/2659/132
f 4752/2609/132 4751/2608/132 4802/2659/132
f 4801/2658/132 4800/2657/132 4799/2656/132
f 4803/2660/132 4801/2658/132 4799/2656/132
f 4802/2659/132 4803/2660/132 4799/2656/132
f 4798/2655/132 4802/2659/132 4799/2656/132
f 4805/2662/132 4766/2623/132 4769/2626/132
f 4804/2661/132 4805/2662/132 4769/2626/132
f 4807/2664/133 4805/2662/133 4804/2661/133
f 4810/2667/132 4807/2664/132 4804/2661/132
f 4767/2624/132 4762/2619/132 4765/2622/132
f 4768/2625/132 4767/2624/132 4765/2622/132
f 4763/2620/132 4758/2615/132 4761/2618/132
f 4764/2621/132 4763/2620/132 4761/2618/132
f 4759/2616/132 4754/2611/132 4757/2614/132
f 4760/2617/132 4759/2616/132 4757/2614/132
f 4755/2612/132 4750/2607/132 4753/2610/132
f 4756/2613/132 4755/2612/132 4753/2610/132
f 4809/2666/132 4807/2664/132 4810/2667/132
f 4808/2665/132 4809/2666/132 4810/2667/132
f 4806/2663/132 4808/2665/132 4810/2667/132
usemtl METAL
f 1139/2668/132 1643/1463/132 869/1292/132
f 1009/2669/132 1139/2668/132 869/1292/132
f 1135/2668/132 1636/1463/132 1635/1292/132
f 1005/2669/132 1135/2668/132 1635/1292/132
f 1136/2668/134 1642/1292/134 1641/1463/134
f 1004/2669/134 1642/1292/134 1136/2668/134
f 72/912/132 1042/2670/132 1040/2671/132
f 56/1034/140 1042/2670/140 72/912/140
f 53/1093/140 56/1034/140 72/912/140
f 61/1015/132 64/1301/132 891/1304/132
f 375/1016/132 61/1015/132 891/1304/132
f 57/1306/132 60/1018/132 372/1021/132
f 884/1307/132 57/1306/132 372/1021/132
f 375/1016/132 891/1304/132 895/1310/132
f 376/1022/132 375/1016/132 895/1310/132
f 884/1307/132 372/1021/132 384/1025/132
f 885/1311/132 884/1307/132 384/1025/132
f 376/1022/132 895/1310/132 885/1311/132
f 384/1025/132 376/1022/132 885/1311/132
f 68/2672/132 2158/2673/132 65/2674/132
f 67/2672/134 66/2674/134 2157/2673/134
f 258/911/132 51/912/132 33/873/132
f 41/870/132 258/911/132 33/873/132
f 257/911/134 36/873/134 52/912/134
f 44/870/134 36/873/134 257/911/134
f 829/913/132 2/866/132 1/864/132
f 410/914/132 829/913/132 1/864/132
f 830/913/134 8/864/134 7/866/134
f 409/914/134 8/864/134 830/913/134
f 1036/2675/132 83/919/132 82/922/132
f 1038/2676/132 1036/2675/132 82/922/132
f 18/863/132 403/923/132 399/924/132
f 14/860/132 18/863/132 399/924/132
f 28/261/132 91/921/132 403/923/132
f 18/863/132 28/261/132 403/923/132
f 19/261/132 78/921/132 117/923/132
f 20/863/132 19/261/132 117/923/132
f 26/261/134 120/923/134 77/921/134
f 25/863/134 120/923/134 26/261/134
f 79/922/132 78/921/132 19/261/132
f 29/869/132 79/922/132 19/261/132
f 80/922/134 26/261/134 77/921/134
f 32/869/134 26/261/134 80/922/134
f 72/912/132 82/922/132 39/869/132
f 38/873/132 72/912/132 39/869/132
f 51/912/132 79/922/132 29/869/132
f 33/873/132 51/912/132 29/869/132
f 52/912/134 32/869/134 80/922/134
f 36/873/134 32/869/134 52/912/134
f 103/915/132 102/918/132 949/2677/132
f 947/2678/132 103/915/132 949/2677/132
f 1018/2679/132 1016/2680/132 95/917/132
f 94/916/132 1018/2679/132 95/917/132
f 90/920/132 945/2681/132 943/2682/132
f 91/921/132 90/920/132 943/2682/132
f 402/926/132 406/2683/132 157/927/132
f 133/926/132 965/2683/132 134/927/132
f 140/926/134 139/927/134 966/2683/134
f 394/925/132 402/926/132 157/927/132
f 155/928/132 394/925/132 157/927/132
f 394/925/132 155/928/132 395/2684/132
f 142/925/132 141/928/132 1067/2684/132
f 147/925/134 1068/2684/134 148/928/134
f 583/1121/132 193/1125/132 2165/1112/132
f 581/1122/132 583/1121/132 2165/1112/132
f 192/1133/132 578/1123/132 581/1122/132
f 2165/1112/132 192/1133/132 581/1122/132
f 174/939/132 423/1028/132 1200/2685/132
f 175/935/132 174/939/132 1200/2685/132
f 395/2684/132 155/928/132 154/936/132
f 1071/2686/132 395/2684/132 154/936/132
f 175/935/132 1200/2685/132 1079/2687/132
f 186/930/132 175/935/132 1079/2687/132
f 1071/2686/132 154/936/132 187/931/132
f 1075/2688/132 1071/2686/132 187/931/132
f 186/930/132 1079/2687/132 1075/2688/132
f 187/931/132 186/930/132 1075/2688/132
f 165/939/132 414/1028/132 1198/2685/132
f 166/935/132 165/939/132 1198/2685/132
f 1067/2684/132 141/928/132 149/936/132
f 1069/2686/132 1067/2684/132 149/936/132
f 166/935/132 1198/2685/132 1077/2687/132
f 177/930/132 166/935/132 1077/2687/132
f 1069/2686/132 149/936/132 178/931/132
f 1073/2688/132 1069/2686/132 178/931/132
f 177/930/132 1077/2687/132 1073/2688/132
f 178/931/132 177/930/132 1073/2688/132
f 172/939/134 1197/2685/134 419/1028/134
f 171/935/134 1197/2685/134 172/939/134
f 1068/2684/134 152/936/134 148/928/134
f 1070/2686/134 152/936/134 1068/2684/134
f 171/935/134 1078/2687/134 1197/2685/134
f 184/930/134 1078/2687/134 171/935/134
f 1070/2686/134 183/931/134 152/936/134
f 1074/2688/134 183/931/134 1070/2686/134
f 184/930/134 1074/2688/134 1078/2687/134
f 183/931/134 1074/2688/134 184/930/134
f 454/1477/132 453/1066/132 1237/1348/132
f 1896/1639/132 454/1477/132 1237/1348/132
f 450/1063/132 449/1342/132 715/1225/132
f 714/1347/132 450/1063/132 715/1225/132
f 1608/1456/132 719/1416/132 718/1222/132
f 1221/1341/132 1608/1456/132 718/1222/132
f 1412/944/132 1411/945/132 1581/946/132
f 1577/947/132 1412/944/132 1581/946/132
f 1413/944/134 1584/946/134 1410/945/134
f 1580/947/134 1584/946/134 1413/944/134
f 1507/1413/132 1617/1451/132 1619/1478/132
f 1914/1638/132 1507/1413/132 1619/1478/132
f 612/1139/132 267/974/132 266/973/132
f 536/1100/132 612/1139/132 266/973/132
f 256/2689/132 2168/2690/132 253/2691/132
f 255/2689/134 254/2691/134 2167/2690/134
f 979/2692/132 69/911/132 977/2693/132
f 264/1094/140 69/911/140 979/2692/140
f 261/1117/140 264/1094/140 979/2692/140
f 310/993/132 312/995/132 307/991/132
f 306/990/132 310/993/132 307/991/132
f 320/997/132 322/998/132 324/999/132
f 314/1000/132 318/1001/132 320/997/132
f 328/1002/132 315/1003/132 314/1000/132
f 4811/1004/132 326/1005/132 328/1002/132
f 2193/989/132 2192/991/132 4811/1004/132
f 4811/1004/132 2192/991/132 2186/996/132
f 324/999/132 4811/1004/132 2186/996/132
f 2193/989/132 4811/1004/132 328/1002/132
f 320/997/132 324/999/132 2181/994/132
f 2175/992/132 2193/989/132 328/1002/132
f 314/1000/132 320/997/132 2175/992/132
f 2175/992/132 328/1002/132 314/1000/132
f 2222/1005/132 456/1006/132 464/1007/132
f 2226/1002/132 2222/1005/132 464/1007/132
f 456/1006/132 2222/1005/132 2218/999/132
f 457/1008/132 456/1006/132 2218/999/132
f 2226/1002/132 464/1007/132 468/1009/132
f 2199/1003/132 2226/1002/132 468/1009/132
f 457/1008/132 2218/999/132 2214/998/132
f 484/1010/132 457/1008/132 2214/998/132
f 2199/1003/132 468/1009/132 472/1011/132
f 2200/1000/132 2199/1003/132 472/1011/132
f 484/1010/132 2214/998/132 2210/997/132
f 480/1012/132 484/1010/132 2210/997/132
f 2200/1000/132 472/1011/132 476/1013/132
f 2206/1001/132 2200/1000/132 476/1013/132
f 480/1012/132 2210/997/132 2206/1001/132
f 476/1013/132 480/1012/132 2206/1001/132
f 2223/1005/134 467/1007/134 463/1006/134
f 2227/1002/134 467/1007/134 2223/1005/134
f 463/1006/134 2219/999/134 2223/1005/134
f 462/1008/134 2219/999/134 463/1006/134
f 2227/1002/134 471/1009/134 467/1007/134
f 2202/1003/134 471/1009/134 2227/1002/134
f 462/1008/134 2215/998/134 2219/999/134
f 487/1010/134 2215/998/134 462/1008/134
f 2202/1003/134 475/1011/134 471/1009/134
f 2201/1000/134 475/1011/134 2202/1003/134
f 487/1010/134 2211/997/134 2215/998/134
f 483/1012/134 2211/997/134 487/1010/134
f 2201/1000/134 479/1013/134 475/1011/134
f 2207/1001/134 479/1013/134 2201/1000/134
f 483/1012/134 2207/1001/134 2211/997/134
f 479/1013/134 2207/1001/134 483/1012/134
f 251/950/132 250/949/132 103/915/132
f 945/2681/132 251/950/132 103/915/132
f 242/950/132 241/949/132 98/915/132
f 123/2681/132 242/950/132 98/915/132
f 247/950/134 97/915/134 248/949/134
f 124/2681/134 97/915/134 247/950/134
f 287/985/132 866/1293/132 329/2694/132
f 288/986/132 287/985/132 329/2694/132
f 1245/1351/132 95/917/132 1014/2695/132
f 1280/1360/132 1245/1351/132 1014/2695/132
f 869/1292/132 868/1294/132 1274/1359/132
f 1010/2696/132 869/1292/132 1274/1359/132
f 1280/1360/132 1014/2695/132 1010/2696/132
f 1274/1359/132 1280/1360/132 1010/2696/132
f 279/985/132 1646/1293/132 1533/2694/132
f 280/986/132 279/985/132 1533/2694/132
f 1281/1351/132 106/917/132 1012/2695/132
f 1275/1360/132 1281/1351/132 1012/2695/132
f 1635/1292/132 1265/1294/132 1269/1359/132
f 1006/2696/132 1635/1292/132 1269/1359/132
f 1275/1360/132 1012/2695/132 1006/2696/132
f 1269/1359/132 1275/1360/132 1006/2696/132
f 285/985/134 330/2694/134 1651/1293/134
f 284/986/134 330/2694/134 285/985/134
f 1284/1351/134 1013/2695/134 105/917/134
f 1278/1360/134 1013/2695/134 1284/1351/134
f 1642/1292/134 1272/1359/134 1268/1294/134
f 1007/2696/134 1272/1359/134 1642/1292/134
f 1278/1360/134 1007/2696/134 1013/2695/134
f 1272/1359/134 1007/2696/134 1278/1360/134
f 923/1326/132 390/1272/132 2262/1017/132
f 930/1334/132 923/1326/132 2262/1017/132
f 387/1316/132 926/1330/132 928/1332/132
f 388/1020/132 387/1316/132 928/1332/132
f 930/1334/132 2262/1017/132 2265/1023/132
f 931/1333/132 930/1334/132 2265/1023/132
f 388/1020/132 928/1332/132 940/1331/132
f 2263/1024/132 388/1020/132 940/1331/132
f 931/1333/132 2265/1023/132 2263/1024/132
f 940/1331/132 931/1333/132 2263/1024/132
f 113/924/132 142/925/132 1067/2684/132
f 1065/2697/132 113/924/132 1067/2684/132
f 116/924/134 1068/2684/134 147/925/134
f 1066/2697/134 1068/2684/134 116/924/134
f 117/923/132 942/2698/132 965/2683/132
f 133/926/132 117/923/132 965/2683/132
f 120/923/134 966/2683/134 941/2698/134
f 140/926/134 966/2683/134 120/923/134
f 83/919/132 1036/2675/132 226/955/132
f 86/919/132 112/2675/132 217/955/132
f 85/919/134 224/955/134 111/2675/134
f 86/919/132 217/955/132 242/950/132
f 87/920/132 86/919/132 242/950/132
f 85/919/134 247/950/134 224/955/134
f 88/920/134 247/950/134 85/919/134
f 90/920/132 251/950/132 945/2681/132
f 87/920/132 242/950/132 123/2681/132
f 88/920/134 124/2681/134 247/950/134
f 1061/2699/132 73/914/132 1063/2700/132
f 157/927/132 406/2683/132 434/1029/132
f 163/942/132 157/927/132 434/1029/132
f 134/927/132 965/2683/132 425/1029/132
f 159/942/132 134/927/132 425/1029/132
f 139/927/134 432/1029/134 966/2683/134
f 162/942/134 432/1029/134 139/927/134
f 1668/1480/132 448/1342/132 2300/1062/132
f 1670/1481/132 1668/1480/132 2300/1062/132
f 455/1477/132 1666/1479/132 1670/1481/132
f 2300/1062/132 455/1477/132 1670/1481/132
f 538/1124/132 541/2701/132 542/2702/132
f 193/1125/132 538/1124/132 542/2702/132
f 557/1110/132 447/1030/132 445/1033/132
f 558/1111/132 557/1110/132 445/1033/132
f 444/1035/132 565/1113/132 558/1111/132
f 445/1033/132 444/1035/132 558/1111/132
f 549/1104/132 604/1134/132 263/1094/132
f 262/1117/132 549/1104/132 263/1094/132
f 545/1105/132 571/1116/132 570/1115/132
f 546/1108/132 545/1105/132 570/1115/132
f 573/1119/132 551/1106/132 546/1108/132
f 570/1115/132 573/1119/132 546/1108/132
f 533/1095/132 540/2701/132 539/1124/132
f 608/1136/132 533/1095/132 539/1124/132
f 543/2702/132 442/1031/132 195/1109/132
f 194/1125/132 543/2702/132 195/1109/132
f 190/1114/132 55/1034/132 54/1093/132
f 191/1133/132 190/1114/132 54/1093/132
f 599/1132/132 601/1131/132 603/1134/132
f 597/975/132 596/1130/132 599/1132/132
f 2302/1103/132 597/975/132 599/1132/132
f 599/1132/132 603/1134/132 2302/1103/132
f 591/1127/132 593/1129/132 594/974/132
f 538/1124/132 587/1126/132 589/1128/132
f 609/1137/132 538/1124/132 589/1128/132
f 591/1127/132 594/974/132 2303/1142/132
f 609/1137/132 589/1128/132 591/1127/132
f 2303/1142/132 609/1137/132 591/1127/132
f 271/976/132 270/975/132 554/1107/132
f 575/1118/132 271/976/132 554/1107/132
f 531/1096/132 618/1135/132 617/1138/132
f 529/1097/132 531/1096/132 617/1138/132
f 622/1140/132 526/1099/132 525/1102/132
f 620/1141/132 622/1140/132 525/1102/132
f 529/1097/132 617/1138/132 620/1141/132
f 525/1102/132 529/1097/132 620/1141/132
f 646/1155/132 648/1157/132 643/1153/132
f 642/1152/132 646/1155/132 643/1153/132
f 656/1159/132 658/1160/132 660/1161/132
f 650/1162/132 654/1163/132 656/1159/132
f 664/1164/132 651/1165/132 650/1162/132
f 4812/1166/132 662/1167/132 664/1164/132
f 2329/1151/132 2328/1153/132 4812/1166/132
f 4812/1166/132 2328/1153/132 2322/1158/132
f 660/1161/132 4812/1166/132 2322/1158/132
f 2329/1151/132 4812/1166/132 664/1164/132
f 656/1159/132 660/1161/132 2317/1156/132
f 2311/1154/132 2329/1151/132 664/1164/132
f 650/1162/132 656/1159/132 2311/1154/132
f 2311/1154/132 664/1164/132 650/1162/132
f 2358/1167/132 759/1168/132 767/1169/132
f 2362/1164/132 2358/1167/132 767/1169/132
f 759/1168/132 2358/1167/132 2354/1161/132
f 760/1170/132 759/1168/132 2354/1161/132
f 2362/1164/132 767/1169/132 771/1171/132
f 2335/1165/132 2362/1164/132 771/1171/132
f 760/1170/132 2354/1161/132 2350/1160/132
f 787/1172/132 760/1170/132 2350/1160/132
f 2335/1165/132 771/1171/132 775/1173/132
f 2336/1162/132 2335/1165/132 775/1173/132
f 787/1172/132 2350/1160/132 2346/1159/132
f 783/1174/132 787/1172/132 2346/1159/132
f 2336/1162/132 775/1173/132 779/1175/132
f 2342/1163/132 2336/1162/132 779/1175/132
f 783/1174/132 2346/1159/132 2342/1163/132
f 779/1175/132 783/1174/132 2342/1163/132
f 2359/1167/134 770/1169/134 766/1168/134
f 2363/1164/134 770/1169/134 2359/1167/134
f 766/1168/134 2355/1161/134 2359/1167/134
f 765/1170/134 2355/1161/134 766/1168/134
f 2363/1164/134 774/1171/134 770/1169/134
f 2338/1165/134 774/1171/134 2363/1164/134
f 765/1170/134 2351/1160/134 2355/1161/134
f 790/1172/134 2351/1160/134 765/1170/134
f 2338/1165/134 778/1173/134 774/1171/134
f 2337/1162/134 778/1173/134 2338/1165/134
f 790/1172/134 2347/1159/134 2351/1160/134
f 786/1174/134 2347/1159/134 790/1172/134
f 2337/1162/134 782/1175/134 778/1173/134
f 2343/1163/134 782/1175/134 2337/1162/134
f 786/1174/134 2343/1163/134 2347/1159/134
f 782/1175/134 2343/1163/134 786/1174/134
f 670/341/132 672/240/132 667/92/132
f 666/1177/132 670/341/132 667/92/132
f 680/1180/132 682/243/132 684/1181/132
f 674/1182/132 678/1183/132 680/1180/132
f 688/1184/132 675/1185/132 674/1182/132
f 4813/9/132 686/1186/132 688/1184/132
f 2389/1176/132 2388/92/132 4813/9/132
f 4813/9/132 2388/92/132 2382/1179/132
f 684/1181/132 4813/9/132 2382/1179/132
f 2389/1176/132 4813/9/132 688/1184/132
f 680/1180/132 684/1181/132 2377/345/132
f 2371/1178/132 2389/1176/132 688/1184/132
f 674/1182/132 680/1180/132 2371/1178/132
f 2371/1178/132 688/1184/132 674/1182/132
f 2418/1186/132 1301/1187/132 1309/1188/132
f 2422/1184/132 2418/1186/132 1309/1188/132
f 1301/1187/132 2418/1186/132 2414/1181/132
f 1302/235/132 1301/1187/132 2414/1181/132
f 2422/1184/132 1309/1188/132 1313/1189/132
f 2395/1185/132 2422/1184/132 1313/1189/132
f 1302/235/132 2414/1181/132 2410/243/132
f 1329/93/132 1302/235/132 2410/243/132
f 2395/1185/132 1313/1189/132 1317/1190/132
f 2396/1182/132 2395/1185/132 1317/1190/132
f 1329/93/132 2410/243/132 2406/1180/132
f 1325/1191/132 1329/93/132 2406/1180/132
f 2396/1182/132 1317/1190/132 1321/1192/132
f 2402/1183/132 2396/1182/132 1321/1192/132
f 1325/1191/132 2406/1180/132 2402/1183/132
f 1321/1192/132 1325/1191/132 2402/1183/132
f 2419/1186/134 1312/1188/134 1308/1187/134
f 2423/1184/134 1312/1188/134 2419/1186/134
f 1308/1187/134 2415/1181/134 2419/1186/134
f 1307/235/134 2415/1181/134 1308/1187/134
f 2423/1184/134 1316/1189/134 1312/1188/134
f 2398/1185/134 1316/1189/134 2423/1184/134
f 1307/235/134 2411/243/134 2415/1181/134
f 1332/93/134 2411/243/134 1307/235/134
f 2398/1185/134 1320/1190/134 1316/1189/134
f 2397/1182/134 1320/1190/134 2398/1185/134
f 1332/93/134 2407/1180/134 2411/243/134
f 1328/1191/134 2407/1180/134 1332/93/134
f 2397/1182/134 1324/1192/134 1320/1190/134
f 2403/1183/134 1324/1192/134 2397/1182/134
f 1328/1191/134 2403/1183/134 2407/1180/134
f 1324/1192/134 2403/1183/134 1328/1191/134
f 694/1197/132 696/1199/132 691/1195/132
f 690/1194/132 694/1197/132 691/1195/132
f 704/1201/132 706/1202/132 708/1203/132
f 698/1204/132 702/1205/132 704/1201/132
f 712/1206/132 699/1207/132 698/1204/132
f 4814/1208/132 710/1209/132 712/1206/132
f 2449/1193/132 2448/1195/132 4814/1208/132
f 4814/1208/132 2448/1195/132 2442/1200/132
f 708/1203/132 4814/1208/132 2442/1200/132
f 2449/1193/132 4814/1208/132 712/1206/132
f 704/1201/132 708/1203/132 2437/1198/132
f 2431/1196/132 2449/1193/132 712/1206/132
f 698/1204/132 704/1201/132 2431/1196/132
f 2431/1196/132 712/1206/132 698/1204/132
f 2478/1209/132 727/1210/132 735/1211/132
f 2482/1206/132 2478/1209/132 735/1211/132
f 727/1210/132 2478/1209/132 2474/1203/132
f 728/1212/132 727/1210/132 2474/1203/132
f 2482/1206/132 735/1211/132 739/1213/132
f 2455/1207/132 2482/1206/132 739/1213/132
f 728/1212/132 2474/1203/132 2470/1202/132
f 755/1214/132 728/1212/132 2470/1202/132
f 2455/1207/132 739/1213/132 743/1215/132
f 2456/1204/132 2455/1207/132 743/1215/132
f 755/1214/132 2470/1202/132 2466/1201/132
f 751/1216/132 755/1214/132 2466/1201/132
f 2456/1204/132 743/1215/132 747/1217/132
f 2462/1205/132 2456/1204/132 747/1217/132
f 751/1216/132 2466/1201/132 2462/1205/132
f 747/1217/132 751/1216/132 2462/1205/132
f 2479/1209/134 738/1211/134 734/1210/134
f 2483/1206/134 738/1211/134 2479/1209/134
f 734/1210/134 2475/1203/134 2479/1209/134
f 733/1212/134 2475/1203/134 734/1210/134
f 2483/1206/134 742/1213/134 738/1211/134
f 2458/1207/134 742/1213/134 2483/1206/134
f 733/1212/134 2471/1202/134 2475/1203/134
f 758/1214/134 2471/1202/134 733/1212/134
f 2458/1207/134 746/1215/134 742/1213/134
f 2457/1204/134 746/1215/134 2458/1207/134
f 758/1214/134 2467/1201/134 2471/1202/134
f 754/1216/134 2467/1201/134 758/1214/134
f 2457/1204/134 750/1217/134 746/1215/134
f 2463/1205/134 750/1217/134 2457/1204/134
f 754/1216/134 2463/1205/134 2467/1201/134
f 750/1217/134 2463/1205/134 754/1216/134
f 716/1225/141 722/1224/141 1160/2703/141
f 713/1347/141 716/1225/141 1160/2703/141
f 720/1416/141 1186/2704/141 725/1223/141
f 717/1222/141 720/1416/141 725/1223/141
f 492/1067/132 495/1064/132 824/1346/132
f 825/1349/132 493/1065/132 492/1067/132
f 1239/1345/132 825/1349/132 492/1067/132
f 492/1067/132 824/1346/132 1239/1345/132
f 972/2705/132 975/2706/132 76/913/132
f 47/870/132 46/866/132 76/913/132
f 69/911/132 47/870/132 76/913/132
f 41/870/132 2/866/132 829/913/132
f 258/911/132 41/870/132 829/913/132
f 44/870/134 830/913/134 7/866/134
f 257/911/134 830/913/134 44/870/134
f 15/864/132 14/860/132 399/924/132
f 73/914/132 15/864/132 399/924/132
f 1/864/132 9/860/132 113/924/132
f 410/914/132 1/864/132 113/924/132
f 8/864/134 116/924/134 12/860/134
f 409/914/134 116/924/134 8/864/134
f 839/1275/142 838/976/142 844/1118/142
f 982/2707/142 839/1275/142 844/1118/142
f 1050/2708/142 845/1100/142 843/973/142
f 842/1274/142 1050/2708/142 843/973/142
f 951/2709/132 848/1286/132 847/1288/132
f 851/1289/132 853/1290/132 953/2710/132
f 951/2709/132 847/1288/132 851/1289/132
f 953/2710/132 951/2709/132 851/1289/132
f 423/1028/132 422/1027/132 994/2711/132
f 993/2712/132 423/1028/132 994/2711/132
f 414/1028/132 413/1027/132 990/2711/132
f 989/2712/132 414/1028/132 990/2711/132
f 419/1028/134 991/2711/134 420/1027/134
f 988/2712/134 991/2711/134 419/1028/134
f 933/1328/132 861/1315/132 2646/1320/132
f 938/1329/132 933/1328/132 2646/1320/132
f 860/1273/132 936/1327/132 938/1329/132
f 2646/1320/132 860/1273/132 938/1329/132
f 1635/1292/132 1646/1293/132 279/985/132
f 1265/1294/132 1635/1292/132 279/985/132
f 1642/1292/134 285/985/134 1651/1293/134
f 1268/1294/134 285/985/134 1642/1292/134
f 963/2713/132 959/2714/132 435/1026/132
f 434/1029/132 963/2713/132 435/1026/132
f 961/2713/132 956/2714/132 426/1026/132
f 425/1029/132 961/2713/132 426/1026/132
f 962/2713/134 431/1026/134 957/2714/134
f 432/1029/134 431/1026/134 962/2713/134
f 102/918/132 1244/1352/132 903/1286/132
f 906/2709/132 102/918/132 903/1286/132
f 107/918/132 1249/1352/132 848/1286/132
f 951/2709/132 107/918/132 848/1286/132
f 108/918/134 904/1286/134 1253/1352/134
f 905/2709/134 904/1286/134 108/918/134
f 912/1318/132 879/1298/132 873/1300/132
f 908/1319/132 912/1318/132 873/1300/132
f 872/1297/132 909/1321/132 908/1319/132
f 873/1300/132 872/1297/132 908/1319/132
f 391/1272/132 832/1271/132 893/1302/132
f 381/1014/132 391/1272/132 893/1302/132
f 290/979/132 1424/1323/132 1423/1324/132
f 1297/1325/132 290/979/132 1423/1324/132
f 295/979/134 1422/1324/134 1425/1323/134
f 1300/1325/134 1422/1324/134 295/979/134
f 235/954/132 99/916/132 98/915/132
f 241/949/132 235/954/132 98/915/132
f 238/954/134 97/915/134 100/916/134
f 248/949/134 97/915/134 238/954/134
f 889/1305/132 898/1313/132 386/1316/132
f 378/1019/132 889/1305/132 386/1316/132
f 877/1299/132 863/1317/132 862/1315/132
f 901/1314/132 877/1299/132 862/1315/132
f 859/1322/132 881/1296/132 836/1270/132
f 835/1273/132 859/1322/132 836/1270/132
f 972/2705/143 76/913/143 967/1270/143
f 968/1296/143 972/2705/143 967/1270/143
f 73/914/143 1061/2699/143 969/1302/143
f 970/1271/143 73/914/143 969/1302/143
f 1210/1337/132 1216/1338/132 1056/2715/132
f 1050/2708/132 842/1274/132 1206/1336/132
f 1052/2716/132 1050/2708/132 1206/1336/132
f 1210/1337/132 1056/2715/132 1054/2717/132
f 1052/2716/132 1206/1336/132 1210/1337/132
f 1054/2717/132 1052/2716/132 1210/1337/132
f 2799/2718/132 2802/2719/132 631/1143/132
f 631/1143/132 2802/2719/132 2809/2720/132
f 640/1147/133 631/1143/133 2809/2720/133
f 2799/2718/132 631/1143/132 630/1146/132
f 640/1147/132 2809/2720/132 2807/2721/132
f 636/1150/132 640/1147/132 2807/2721/132
f 2799/2718/132 630/1146/132 636/1150/132
f 2807/2721/132 2799/2718/132 636/1150/132
f 2800/2718/134 628/1143/134 2801/2719/134
f 628/1143/134 2810/2720/134 2801/2719/134
f 637/1147/134 2810/2720/134 628/1143/134
f 2800/2718/134 625/1146/134 628/1143/134
f 637/1147/134 2808/2721/134 2810/2720/134
f 633/1150/134 2808/2721/134 637/1147/134
f 2800/2718/135 633/1150/135 625/1146/135
f 2808/2721/134 633/1150/134 2800/2718/134
f 857/1280/132 280/986/132 1533/2694/132
f 1532/2722/132 289/978/132 855/1281/132
f 857/1280/132 1533/2694/132 1532/2722/132
f 855/1281/132 857/1280/132 1532/2722/132
f 1218/1290/132 1232/1343/132 435/1026/132
f 958/2710/132 1218/1290/132 435/1026/132
f 853/1290/132 1228/1343/132 426/1026/132
f 953/2710/132 853/1290/132 426/1026/132
f 1217/1290/134 431/1026/134 1231/1343/134
f 955/2710/134 431/1026/134 1217/1290/134
f 982/2707/132 985/2723/132 1213/1340/132
f 839/1275/132 982/2707/132 1213/1340/132
f 1207/1335/132 839/1275/132 1213/1340/132
f 1211/1339/132 1207/1335/132 1213/1340/132
f 866/1293/132 1654/1464/132 1540/2724/132
f 1546/2725/132 866/1293/132 1540/2724/132
f 1646/1293/132 1645/1464/132 1538/2724/132
f 1544/2725/132 1646/1293/132 1538/2724/132
f 1651/1293/134 1537/2724/134 1652/1464/134
f 1543/2725/134 1537/2724/134 1651/1293/134
f 226/955/132 1036/2675/132 1034/2726/132
f 227/959/132 226/955/132 1034/2726/132
f 94/916/132 239/954/132 215/958/132
f 1022/2727/132 94/916/132 215/958/132
f 227/959/132 1034/2726/132 1030/2728/132
f 233/963/132 227/959/132 1030/2728/132
f 1022/2727/132 215/958/132 214/962/132
f 1026/2729/132 1022/2727/132 214/962/132
f 233/963/132 1030/2728/132 1026/2729/132
f 214/962/132 233/963/132 1026/2729/132
f 217/955/132 112/2675/132 1032/2726/132
f 218/959/132 217/955/132 1032/2726/132
f 99/916/132 235/954/132 206/958/132
f 1020/2727/132 99/916/132 206/958/132
f 218/959/132 1032/2726/132 1028/2728/132
f 229/963/132 218/959/132 1028/2728/132
f 1020/2727/132 206/958/132 205/962/132
f 1024/2729/132 1020/2727/132 205/962/132
f 229/963/132 1028/2728/132 1024/2729/132
f 205/962/132 229/963/132 1024/2729/132
f 224/955/134 1033/2726/134 111/2675/134
f 223/959/134 1033/2726/134 224/955/134
f 100/916/134 211/958/134 238/954/134
f 1021/2727/134 211/958/134 100/916/134
f 223/959/134 1029/2728/134 1033/2726/134
f 232/963/134 1029/2728/134 223/959/134
f 1021/2727/134 212/962/134 211/958/134
f 1025/2729/134 212/962/134 1021/2727/134
f 232/963/134 1025/2729/134 1029/2728/134
f 212/962/134 1025/2729/134 232/963/134
f 919/1325/132 918/1324/132 1002/2730/132
f 1296/1363/132 919/1325/132 1002/2730/132
f 422/1027/132 1227/1344/132 1290/1361/132
f 998/2731/132 422/1027/132 1290/1361/132
f 1296/1363/132 1002/2730/132 998/2731/132
f 1290/1361/132 1296/1363/132 998/2731/132
f 299/979/132 298/978/132 1235/2722/132
f 921/1323/132 299/979/132 1235/2722/132
f 1297/1325/132 1423/1324/132 1000/2730/132
f 1291/1363/132 1297/1325/132 1000/2730/132
f 413/1027/132 1222/1344/132 1285/1361/132
f 996/2731/132 413/1027/132 1285/1361/132
f 1291/1363/132 1000/2730/132 996/2731/132
f 1285/1361/132 1291/1363/132 996/2731/132
f 290/979/132 289/978/132 1532/2722/132
f 1424/1323/132 290/979/132 1532/2722/132
f 1300/1325/134 1001/2730/134 1422/1324/134
f 1294/1363/134 1001/2730/134 1300/1325/134
f 420/1027/134 1288/1361/134 1225/1344/134
f 997/2731/134 1288/1361/134 420/1027/134
f 1294/1363/134 997/2731/134 1001/2730/134
f 1288/1361/134 997/2731/134 1294/1363/134
f 295/979/134 1234/2722/134 296/978/134
f 1425/1323/134 1234/2722/134 295/979/134
f 106/917/132 1281/1351/132 1249/1352/132
f 107/918/132 106/917/132 1249/1352/132
f 105/917/134 1253/1352/134 1284/1351/134
f 108/918/134 1253/1352/134 105/917/134
f 1216/1338/144 1248/1313/144 1058/1305/144
f 1056/2715/144 1216/1338/144 1058/1305/144
f 985/2723/144 987/1299/144 1247/1314/144
f 1213/1340/144 985/2723/144 1247/1314/144
f 1107/2732/132 1397/1384/132 1109/2733/132
f 1109/2733/145 1397/1384/145 1383/1508/145
f 1157/1465/145 1109/2733/145 1383/1508/145
f 1390/1452/132 1393/1412/132 1510/1415/132
f 1605/1453/132 1390/1452/132 1510/1415/132
f 1386/1417/132 1389/1455/132 1611/1458/132
f 1512/1418/132 1386/1417/132 1611/1458/132
f 1605/1453/132 1510/1415/132 1518/1421/132
f 1613/1459/132 1605/1453/132 1518/1421/132
f 1512/1418/132 1611/1458/132 1614/1462/132
f 1513/1422/132 1512/1418/132 1614/1462/132
f 1613/1459/132 1518/1421/132 1513/1422/132
f 1614/1462/132 1613/1459/132 1513/1422/132
f 1345/1375/132 1334/1377/132 1592/1383/132
f 1381/1384/132 1345/1375/132 1592/1383/132
f 1348/1375/134 1591/1383/134 1339/1377/134
f 1382/1384/134 1591/1383/134 1348/1375/134
f 1372/1381/132 1634/1385/132 1910/1386/132
f 1333/1379/132 1372/1381/132 1910/1386/132
f 1377/1381/134 1909/1386/134 1633/1385/134
f 1340/1379/134 1909/1386/134 1377/1381/134
f 1407/1389/132 1101/2734/132 1100/2735/132
f 1408/1390/132 1407/1389/132 1100/2735/132
f 1629/1391/132 1625/1392/132 1369/1382/132
f 1367/1380/132 1629/1391/132 1369/1382/132
f 1629/1391/132 1367/1380/132 1366/1378/132
f 1420/1388/132 1629/1391/132 1366/1378/132
f 1430/1391/132 1358/1380/132 1357/1378/132
f 1403/1388/132 1430/1391/132 1357/1378/132
f 1433/1391/134 1364/1378/134 1363/1380/134
f 1402/1388/134 1364/1378/134 1433/1391/134
f 1403/1388/132 1357/1378/132 1349/1376/132
f 1404/1389/132 1403/1388/132 1349/1376/132
f 1402/1388/134 1352/1376/134 1364/1378/134
f 1405/1389/134 1352/1376/134 1402/1388/134
f 1355/1376/132 1354/1375/132 1397/1384/132
f 1407/1389/132 1355/1376/132 1397/1384/132
f 1349/1376/132 1345/1375/132 1381/1384/132
f 1404/1389/132 1349/1376/132 1381/1384/132
f 1352/1376/134 1382/1384/134 1348/1375/134
f 1405/1389/134 1382/1384/134 1352/1376/134
f 1527/2736/132 1525/2737/132 1420/1388/132
f 1419/1387/132 1527/2736/132 1420/1388/132
f 918/1324/132 199/944/132 1190/2738/132
f 1189/2739/132 918/1324/132 1190/2738/132
f 921/1323/132 1536/2740/132 1529/2741/132
f 202/945/132 921/1323/132 1529/2741/132
f 1541/2742/132 1466/1396/132 1632/1395/132
f 1520/2742/132 1443/1396/132 1442/1395/132
f 1519/2742/134 1449/1395/134 1448/1396/134
f 1464/1393/132 1628/1394/132 1632/1395/132
f 1466/1396/132 1464/1393/132 1632/1395/132
f 1464/1393/132 1144/2743/132 1628/1394/132
f 1450/1393/132 1097/2743/132 1451/1394/132
f 1457/1393/134 1456/1394/134 1098/2743/134
f 1785/1545/132 1779/1544/132 1502/1547/132
f 1501/1541/132 1782/1543/132 1785/1545/132
f 2864/1523/132 1501/1541/132 1785/1545/132
f 1785/1545/132 1502/1547/132 2864/1523/132
f 1568/1434/132 1100/2735/132 1132/2744/132
f 1569/1430/132 1568/1434/132 1132/2744/132
f 199/944/132 198/947/132 1557/1431/132
f 1120/2745/132 199/944/132 1557/1431/132
f 1569/1430/132 1132/2744/132 1125/2746/132
f 1575/1425/132 1569/1430/132 1125/2746/132
f 1120/2745/132 1557/1431/132 1556/1426/132
f 1121/2747/132 1120/2745/132 1556/1426/132
f 1575/1425/132 1125/2746/132 1121/2747/132
f 1556/1426/132 1575/1425/132 1121/2747/132
f 1559/1434/132 1129/2735/132 1128/2744/132
f 1560/1430/132 1559/1434/132 1128/2744/132
f 1412/944/132 1577/947/132 1548/1431/132
f 1116/2745/132 1412/944/132 1548/1431/132
f 1560/1430/132 1128/2744/132 1123/2746/132
f 1571/1425/132 1560/1430/132 1123/2746/132
f 1116/2745/132 1548/1431/132 1547/1426/132
f 1117/2747/132 1116/2745/132 1547/1426/132
f 1571/1425/132 1123/2746/132 1117/2747/132
f 1547/1426/132 1571/1425/132 1117/2747/132
f 1566/1434/134 1127/2744/134 1130/2735/134
f 1565/1430/134 1127/2744/134 1566/1434/134
f 1413/944/134 1553/1431/134 1580/947/134
f 1115/2745/134 1553/1431/134 1413/944/134
f 1565/1430/134 1124/2746/134 1127/2744/134
f 1574/1425/134 1124/2746/134 1565/1430/134
f 1115/2745/134 1554/1426/134 1553/1431/134
f 1118/2747/134 1554/1426/134 1115/2745/134
f 1574/1425/134 1118/2747/134 1124/2746/134
f 1554/1426/134 1118/2747/134 1574/1425/134
f 1483/1402/132 1643/1463/132 1138/2748/132
f 1484/1406/132 1483/1402/132 1138/2748/132
f 1144/2743/132 1464/1393/132 1463/1405/132
f 1145/2749/132 1144/2743/132 1463/1405/132
f 1484/1406/132 1138/2748/132 1204/2750/132
f 1495/1410/132 1484/1406/132 1204/2750/132
f 1145/2749/132 1463/1405/132 1496/1409/132
f 1151/2751/132 1145/2749/132 1496/1409/132
f 1495/1410/132 1204/2750/132 1151/2751/132
f 1496/1409/132 1495/1410/132 1151/2751/132
f 1474/1402/132 1636/1463/132 1134/2748/132
f 1475/1406/132 1474/1402/132 1134/2748/132
f 1097/2743/132 1450/1393/132 1458/1405/132
f 1141/2749/132 1097/2743/132 1458/1405/132
f 1475/1406/132 1134/2748/132 1202/2750/132
f 1486/1410/132 1475/1406/132 1202/2750/132
f 1141/2749/132 1458/1405/132 1487/1409/132
f 1149/2751/132 1141/2749/132 1487/1409/132
f 1486/1410/132 1202/2750/132 1149/2751/132
f 1487/1409/132 1486/1410/132 1149/2751/132
f 1481/1402/134 1133/2748/134 1641/1463/134
f 1480/1406/134 1133/2748/134 1481/1402/134
f 1098/2743/134 1461/1405/134 1457/1393/134
f 1142/2749/134 1461/1405/134 1098/2743/134
f 1480/1406/134 1201/2750/134 1133/2748/134
f 1493/1410/134 1201/2750/134 1480/1406/134
f 1142/2749/134 1492/1409/134 1461/1405/134
f 1150/2751/134 1492/1409/134 1142/2749/134
f 1493/1410/134 1150/2751/134 1201/2750/134
f 1492/1409/134 1150/2751/134 1493/1410/134
f 1906/1635/132 1899/1637/132 1898/1636/132
f 722/1224/132 1906/1635/132 1898/1636/132
f 1160/2703/132 722/1224/132 1898/1636/132
f 1163/2752/132 1160/2703/132 1898/1636/132
f 1598/1450/132 1597/1449/132 1722/1510/132
f 1791/1549/132 1598/1450/132 1722/1510/132
f 1086/2753/132 1113/2754/132 1394/1383/132
f 1113/2754/145 1112/1530/145 1595/1507/145
f 1394/1383/145 1113/2754/145 1595/1507/145
f 202/945/132 1527/2736/132 1589/1437/132
f 203/946/132 202/945/132 1589/1437/132
f 1411/945/132 1436/2736/132 1585/1437/132
f 1581/946/132 1411/945/132 1585/1437/132
f 1410/945/134 1588/1437/134 1437/2736/134
f 1584/946/134 1588/1437/134 1410/945/134
f 1673/1476/132 1618/1478/132 2882/1454/132
f 1684/1475/132 1673/1476/132 2882/1454/132
f 1624/1341/132 1680/1471/132 1682/1473/132
f 1621/1457/132 1624/1341/132 1682/1473/132
f 1684/1475/132 2882/1454/132 2883/1460/132
f 1676/1474/132 1684/1475/132 2883/1460/132
f 1621/1457/132 1682/1473/132 1677/1472/132
f 2886/1461/132 1621/1457/132 1677/1472/132
f 1676/1474/132 2883/1460/132 2886/1461/132
f 1677/1472/132 1676/1474/132 2886/1461/132
f 1451/1394/132 1097/2743/132 1091/2755/132
f 1426/1392/132 1451/1394/132 1091/2755/132
f 1456/1394/134 1092/2755/134 1098/2743/134
f 1429/1392/134 1092/2755/134 1456/1394/134
f 1442/1395/132 1430/1391/132 1521/2756/132
f 1520/2742/132 1442/1395/132 1521/2756/132
f 1449/1395/134 1522/2756/134 1433/1391/134
f 1519/2742/134 1522/2756/134 1449/1395/134
f 1568/1434/132 1408/1390/132 1100/2735/132
f 1559/1434/132 1415/1390/132 1129/2735/132
f 1566/1434/134 1130/2735/134 1414/1390/134
f 1416/1387/132 1415/1390/132 1559/1434/132
f 1585/1437/132 1416/1387/132 1559/1434/132
f 1417/1387/134 1566/1434/134 1414/1390/134
f 1588/1437/134 1566/1434/134 1417/1387/134
f 1527/2736/132 1419/1387/132 1589/1437/132
f 1436/2736/132 1416/1387/132 1585/1437/132
f 1437/2736/134 1588/1437/134 1417/1387/134
f 1094/2757/132 1148/2758/132 1398/1385/132
f 1654/1464/132 1472/1398/132 1466/1396/132
f 1541/2742/132 1654/1464/132 1466/1396/132
f 1645/1464/132 1468/1398/132 1443/1396/132
f 1520/2742/132 1645/1464/132 1443/1396/132
f 1652/1464/134 1448/1396/134 1471/1398/134
f 1519/2742/134 1448/1396/134 1652/1464/134
f 725/1223/132 1186/2704/132 1184/2759/132
f 1908/1632/132 725/1223/132 1184/2759/132
f 1173/2760/132 1903/1634/132 1902/1633/132
f 1174/2761/132 1173/2760/132 1902/1633/132
f 1908/1632/132 1184/2759/132 1174/2761/132
f 1902/1633/132 1908/1632/132 1174/2761/132
f 1166/2762/132 1502/1547/132 1724/1546/132
f 1167/2763/132 1166/2762/132 1724/1546/132
f 1656/1466/132 1740/1526/132 1739/1528/132
f 1657/1467/132 1656/1466/132 1739/1528/132
f 1743/1525/132 1662/1469/132 1657/1467/132
f 1739/1528/132 1743/1525/132 1657/1467/132
f 1594/1507/132 1593/1530/132 1727/1517/132
f 1787/1542/132 1594/1507/132 1727/1517/132
f 1737/1518/132 1750/1529/132 1749/1532/132
f 1731/1519/132 1737/1518/132 1749/1532/132
f 1753/1534/132 1732/1521/132 1731/1519/132
f 1749/1532/132 1753/1534/132 1731/1519/132
f 1725/1546/132 1790/1554/132 1170/1513/132
f 1169/2763/132 1725/1546/132 1170/1513/132
f 1504/1524/132 1503/1547/132 1155/2762/132
f 1154/1470/132 1504/1524/132 1155/2762/132
f 1385/1465/132 1384/1508/132 1500/1541/132
f 1499/1527/132 1385/1465/132 1500/1541/132
f 1761/1539/132 1760/1542/132 2888/1520/132
f 1764/1540/132 1761/1539/132 2888/1520/132
f 1777/1447/132 1765/1538/132 1764/1540/132
f 2888/1520/132 1777/1447/132 1764/1540/132
f 1768/1535/132 1767/1450/132 2889/1552/132
f 1776/1536/132 1768/1535/132 2889/1552/132
f 1724/1546/132 1771/1548/132 1774/1537/132
f 1793/1555/132 1724/1546/132 1774/1537/132
f 1776/1536/132 2889/1552/132 1793/1555/132
f 1774/1537/132 1776/1536/132 1793/1555/132
f 1755/1533/132 1602/1448/132 1601/1447/132
f 1735/1522/132 1755/1533/132 1601/1447/132
f 1801/1550/132 1713/1509/132 1712/1512/132
f 1802/1551/132 1801/1550/132 1712/1512/132
f 1718/1514/132 1798/1553/132 1797/1556/132
f 1716/1515/132 1718/1514/132 1797/1556/132
f 1802/1551/132 1712/1512/132 1716/1515/132
f 1797/1556/132 1802/1551/132 1716/1515/132
f 1825/1565/132 1824/1567/132 1828/1568/132
f 1830/1570/132 1825/1565/132 1828/1568/132
f 1846/1573/132 1833/1574/132 1832/1575/132
f 1842/1576/132 1844/1577/132 1846/1573/132
f 1838/1578/132 1840/1579/132 1842/1576/132
f 4815/1580/132 1836/1581/132 1838/1578/132
f 2903/1571/132 2918/1568/132 4815/1580/132
f 4815/1580/132 2918/1568/132 2897/1569/132
f 1832/1575/132 4815/1580/132 2897/1569/132
f 2903/1571/132 4815/1580/132 1838/1578/132
f 1846/1573/132 1832/1575/132 2915/1566/132
f 2908/1572/132 2903/1571/132 1838/1578/132
f 1842/1576/132 1846/1573/132 2908/1572/132
f 2908/1572/132 1838/1578/132 1842/1576/132
f 2928/1581/132 1955/1582/132 1959/1583/132
f 2932/1578/132 2928/1581/132 1959/1583/132
f 1955/1582/132 2928/1581/132 2922/1575/132
f 1947/1584/132 1955/1582/132 2922/1575/132
f 2932/1578/132 1959/1583/132 1963/1585/132
f 2936/1579/132 2932/1578/132 1963/1585/132
f 1947/1584/132 2922/1575/132 2921/1574/132
f 1948/1586/132 1947/1584/132 2921/1574/132
f 2936/1579/132 1963/1585/132 1967/1587/132
f 2940/1576/132 2936/1579/132 1967/1587/132
f 1948/1586/132 2921/1574/132 2948/1573/132
f 1975/1588/132 1948/1586/132 2948/1573/132
f 2940/1576/132 1967/1587/132 1971/1589/132
f 2944/1577/132 2940/1576/132 1971/1589/132
f 1975/1588/132 2948/1573/132 2944/1577/132
f 1971/1589/132 1975/1588/132 2944/1577/132
f 2929/1581/134 1962/1583/134 1958/1582/134
f 2933/1578/134 1962/1583/134 2929/1581/134
f 1958/1582/134 2923/1575/134 2929/1581/134
f 1954/1584/134 2923/1575/134 1958/1582/134
f 2933/1578/134 1966/1585/134 1962/1583/134
f 2937/1579/134 1966/1585/134 2933/1578/134
f 1954/1584/134 2924/1574/134 2923/1575/134
f 1953/1586/134 2924/1574/134 1954/1584/134
f 2937/1579/134 1970/1587/134 1966/1585/134
f 2941/1576/134 1970/1587/134 2937/1579/134
f 1953/1586/134 2949/1573/134 2924/1574/134
f 1978/1588/134 2949/1573/134 1953/1586/134
f 2941/1576/134 1974/1589/134 1970/1587/134
f 2945/1577/134 1974/1589/134 2941/1576/134
f 1978/1588/134 2945/1577/134 2949/1573/134
f 1974/1589/134 2945/1577/134 1978/1588/134
f 1849/1590/132 1848/1592/132 1852/1593/132
f 1854/1595/132 1849/1590/132 1852/1593/132
f 1870/1598/132 1857/1599/132 1856/1600/132
f 1866/1601/132 1868/1602/132 1870/1598/132
f 1862/1603/132 1864/1604/132 1866/1601/132
f 4816/1605/132 1860/1606/132 1862/1603/132
f 2963/1596/132 2978/1593/132 4816/1605/132
f 4816/1605/132 2978/1593/132 2957/1594/132
f 1856/1600/132 4816/1605/132 2957/1594/132
f 2963/1596/132 4816/1605/132 1862/1603/132
f 1870/1598/132 1856/1600/132 2975/1591/132
f 2968/1597/132 2963/1596/132 1862/1603/132
f 1866/1601/132 1870/1598/132 2968/1597/132
f 2968/1597/132 1862/1603/132 1866/1601/132
f 2988/1606/132 799/1245/132 803/1247/132
f 2992/1603/132 2988/1606/132 803/1247/132
f 799/1245/132 2988/1606/132 2982/1600/132
f 791/1248/132 799/1245/132 2982/1600/132
f 2992/1603/132 803/1247/132 807/1250/132
f 2996/1604/132 2992/1603/132 807/1250/132
f 791/1248/132 2982/1600/132 2981/1599/132
f 792/1249/132 791/1248/132 2981/1599/132
f 2996/1604/132 807/1250/132 811/1252/132
f 3000/1601/132 2996/1604/132 811/1252/132
f 792/1249/132 2981/1599/132 3008/1598/132
f 819/1251/132 792/1249/132 3008/1598/132
f 3000/1601/132 811/1252/132 815/1253/132
f 3004/1602/132 3000/1601/132 815/1253/132
f 819/1251/132 3008/1598/132 3004/1602/132
f 815/1253/132 819/1251/132 3004/1602/132
f 2989/1606/134 806/1247/134 802/1245/134
f 2993/1603/134 806/1247/134 2989/1606/134
f 802/1245/134 2983/1600/134 2989/1606/134
f 798/1248/134 2983/1600/134 802/1245/134
f 2993/1603/134 810/1250/134 806/1247/134
f 2997/1604/134 810/1250/134 2993/1603/134
f 798/1248/134 2984/1599/134 2983/1600/134
f 797/1249/134 2984/1599/134 798/1248/134
f 2997/1604/134 814/1252/134 810/1250/134
f 3001/1601/134 814/1252/134 2997/1604/134
f 797/1249/134 3009/1598/134 2984/1599/134
f 822/1251/134 3009/1598/134 797/1249/134
f 3001/1601/134 818/1253/134 814/1252/134
f 3005/1602/134 818/1253/134 3001/1601/134
f 822/1251/134 3005/1602/134 3009/1598/134
f 818/1253/134 3005/1602/134 822/1251/134
f 1873/1607/132 1872/1609/132 1876/1610/132
f 1878/1612/132 1873/1607/132 1876/1610/132
f 1894/1615/132 1881/1616/132 1880/1617/132
f 1890/1618/132 1892/1619/132 1894/1615/132
f 1886/1620/132 1888/1621/132 1890/1618/132
f 4817/1622/132 1884/1623/132 1886/1620/132
f 3023/1613/132 3038/1610/132 4817/1622/132
f 4817/1622/132 3038/1610/132 3017/1611/132
f 1880/1617/132 4817/1622/132 3017/1611/132
f 3023/1613/132 4817/1622/132 1886/1620/132
f 1894/1615/132 1880/1617/132 3035/1608/132
f 3028/1614/132 3023/1613/132 1886/1620/132
f 1890/1618/132 1894/1615/132 3028/1614/132
f 3028/1614/132 1886/1620/132 1890/1618/132
f 3048/1623/132 1923/1624/132 1927/1625/132
f 3052/1620/132 3048/1623/132 1927/1625/132
f 1923/1624/132 3048/1623/132 3042/1617/132
f 1915/1626/132 1923/1624/132 3042/1617/132
f 3052/1620/132 1927/1625/132 1931/1627/132
f 3056/1621/132 3052/1620/132 1931/1627/132
f 1915/1626/132 3042/1617/132 3041/1616/132
f 1916/1628/132 1915/1626/132 3041/1616/132
f 3056/1621/132 1931/1627/132 1935/1629/132
f 3060/1618/132 3056/1621/132 1935/1629/132
f 1916/1628/132 3041/1616/132 3068/1615/132
f 1943/1630/132 1916/1628/132 3068/1615/132
f 3060/1618/132 1935/1629/132 1939/1631/132
f 3064/1619/132 3060/1618/132 1939/1631/132
f 1943/1630/132 3068/1615/132 3064/1619/132
f 1939/1631/132 1943/1630/132 3064/1619/132
f 3049/1623/134 1930/1625/134 1926/1624/134
f 3053/1620/134 1930/1625/134 3049/1623/134
f 1926/1624/134 3043/1617/134 3049/1623/134
f 1922/1626/134 3043/1617/134 1926/1624/134
f 3053/1620/134 1934/1627/134 1930/1625/134
f 3057/1621/134 1934/1627/134 3053/1620/134
f 1922/1626/134 3044/1616/134 3043/1617/134
f 1921/1628/134 3044/1616/134 1922/1626/134
f 3057/1621/134 1938/1629/134 1934/1627/134
f 3061/1618/134 1938/1629/134 3057/1621/134
f 1921/1628/134 3069/1615/134 3044/1616/134
f 1946/1630/134 3069/1615/134 1921/1628/134
f 3061/1618/134 1942/1631/134 1938/1629/134
f 3065/1619/134 1942/1631/134 3061/1618/134
f 1946/1630/134 3065/1619/134 3069/1615/134
f 1942/1631/134 3065/1619/134 1946/1630/134
f 1895/1639/146 1180/1348/146 1179/2764/146
f 1401/1386/146 1895/1639/146 1179/2764/146
f 1177/1413/146 1912/1638/146 1398/1385/146
f 1148/2758/146 1177/1413/146 1398/1385/146
f 3106/2765/133 3108/2766/133 1812/1557/133
f 1812/1557/133 3108/2766/133 3112/2767/133
f 1813/1561/132 1812/1557/132 3112/2767/132
f 3106/2765/132 1812/1557/132 1821/1560/132
f 1813/1561/133 3112/2767/133 3114/2768/133
f 1817/1564/132 1813/1561/132 3114/2768/132
f 3106/2765/132 1821/1560/132 1817/1564/132
f 3114/2768/133 3106/2765/133 1817/1564/133
f 3105/2765/135 1807/1557/135 3107/2766/135
f 1807/1557/135 3111/2767/135 3107/2766/135
f 1810/1561/134 3111/2767/134 1807/1557/134
f 3105/2765/134 1820/1560/134 1807/1557/134
f 1810/1561/135 3113/2768/135 3111/2767/135
f 1816/1564/134 3113/2768/134 1810/1561/134
f 3105/2765/134 1816/1564/134 1820/1560/134
f 3113/2768/135 1816/1564/135 3105/2765/135
f 1087/2769/132 1401/1386/132 1179/2764/132
f 1342/1379/132 1401/1386/132 1394/1383/132
f 1343/1377/132 1342/1379/132 1394/1383/132
f 1333/1379/132 1910/1386/132 1592/1383/132
f 1334/1377/132 1333/1379/132 1592/1383/132
f 1340/1379/134 1591/1383/134 1909/1386/134
f 1339/1377/134 1591/1383/134 1340/1379/134
f 1625/1392/132 1398/1385/132 1379/1381/132
f 1369/1382/132 1625/1392/132 1379/1381/132
f 1426/1392/132 1634/1385/132 1372/1381/132
f 1371/1382/132 1426/1392/132 1372/1381/132
f 1429/1392/134 1377/1381/134 1633/1385/134
f 1378/1382/134 1377/1381/134 1429/1392/134
f 1164/1533/147 1163/2752/147 1898/1636/147
f 1980/1448/147 1164/1533/147 1898/1636/147
f 1903/1634/147 1173/2760/147 1183/1510/147
f 1979/1449/147 1903/1634/147 1183/1510/147
f 3170/1727/134 3152/1709/134 3156/1708/134
f 3153/1726/134 3152/1709/134 3170/1727/134
f 3182/1723/135 3189/1728/135 3183/1725/135
f 3188/1722/135 3189/1728/135 3182/1723/135
f 3177/1719/134 3185/1724/134 3179/1721/134
f 3176/1718/134 3185/1724/134 3177/1719/134
f 3171/1715/135 3164/1720/135 3173/1717/135
f 3165/1714/135 3164/1720/135 3171/1715/135
f 3158/1711/134 3168/1716/134 3159/1713/134
f 3162/1710/134 3168/1716/134 3158/1711/134
f 339/2770/134 4818/1678/134 343/2771/134
f 4818/1678/134 339/2770/134 342/2772/134
f 3195/1660/134 337/1662/134 4819/1661/134
f 3198/1663/134 337/1662/134 3195/1660/134
f 4819/1661/134 3228/1664/134 3195/1660/134
f 4820/1665/134 3228/1664/134 4819/1661/134
f 3198/1663/134 359/1666/134 337/1662/134
f 3200/1667/134 359/1666/134 3198/1663/134
f 4820/1665/135 3224/1668/135 3228/1664/135
f 366/1669/135 3224/1668/135 4820/1665/135
f 3200/1667/134 370/1670/134 359/1666/134
f 3202/1671/134 370/1670/134 3200/1667/134
f 366/1669/134 3222/1672/134 3224/1668/134
f 368/1673/134 3222/1672/134 366/1669/134
f 3202/1671/134 362/1674/134 370/1670/134
f 3204/1675/134 362/1674/134 3202/1671/134
f 368/1673/134 3220/1676/134 3222/1672/134
f 363/1677/134 3220/1676/134 368/1673/134
f 3204/1675/134 4818/1678/134 362/1674/134
f 3208/1679/134 4818/1678/134 3204/1675/134
f 363/1677/134 3218/1680/134 3220/1676/134
f 351/1681/134 3218/1680/134 363/1677/134
f 3208/1679/134 4821/1682/134 4818/1678/134
f 3214/1683/134 4821/1682/134 3208/1679/134
f 351/1681/134 3214/1683/134 3218/1680/134
f 4821/1682/134 3214/1683/134 351/1681/134
f 347/2773/134 4821/1682/134 349/2774/134
f 4821/1682/134 347/2773/134 345/2775/134
f 4820/1665/134 353/2776/134 356/2777/134
f 353/2776/134 4820/1665/134 357/2778/134
f 4819/1661/134 331/2779/134 334/2780/134
f 331/2779/134 4819/1661/134 335/2781/134
f 2135/1684/132 1982/1660/132 1989/1663/132
f 2131/1685/132 2135/1684/132 1989/1663/132
f 1982/1660/133 2135/1684/133 2088/1686/133
f 2049/1664/132 1982/1660/132 2088/1686/132
f 2131/1685/132 1989/1663/132 1993/1667/132
f 2127/1687/132 2131/1685/132 1993/1667/132
f 2049/1664/132 2088/1686/132 2087/1688/132
f 2041/1668/132 2049/1664/132 2087/1688/132
f 2127/1687/133 1993/1667/133 1997/1671/133
f 2123/1689/132 2127/1687/132 1997/1671/132
f 2041/1668/132 2087/1688/132 2095/1690/132
f 2037/1672/133 2041/1668/133 2095/1690/133
f 2123/1689/132 1997/1671/132 2001/1675/132
f 2115/1691/132 2123/1689/132 2001/1675/132
f 2037/1672/132 2095/1690/132 2099/1692/132
f 2033/1676/132 2037/1672/132 2099/1692/132
f 2115/1691/132 2001/1675/132 2009/1679/132
f 2111/1693/132 2115/1691/132 2009/1679/132
f 2033/1676/132 2099/1692/132 2103/1694/132
f 2029/1680/132 2033/1676/132 2103/1694/132
f 2111/1693/132 2009/1679/132 2021/1683/132
f 2107/1695/133 2111/1693/133 2021/1683/133
f 2029/1680/132 2103/1694/132 2107/1695/132
f 2021/1683/132 2029/1680/132 2107/1695/132
f 2138/1684/134 1992/1663/134 1987/1660/134
f 2134/1685/134 1992/1663/134 2138/1684/134
f 1987/1660/135 2093/1686/135 2138/1684/135
f 2052/1664/134 2093/1686/134 1987/1660/134
f 2134/1685/134 1996/1667/134 1992/1663/134
f 2130/1687/134 1996/1667/134 2134/1685/134
f 2052/1664/134 2094/1688/134 2093/1686/134
f 2044/1668/134 2094/1688/134 2052/1664/134
f 2130/1687/134 2000/1671/134 1996/1667/134
f 2126/1689/134 2000/1671/134 2130/1687/134
f 2044/1668/134 2098/1690/134 2094/1688/134
f 2040/1672/135 2098/1690/135 2044/1668/135
f 2126/1689/134 2004/1675/134 2000/1671/134
f 2118/1691/134 2004/1675/134 2126/1689/134
f 2040/1672/134 2102/1692/134 2098/1690/134
f 2036/1676/135 2102/1692/135 2040/1672/135
f 2118/1691/134 2012/1679/134 2004/1675/134
f 2114/1693/134 2012/1679/134 2118/1691/134
f 2036/1676/134 2106/1694/134 2102/1692/134
f 2032/1680/134 2106/1694/134 2036/1676/134
f 2114/1693/134 2024/1683/134 2012/1679/134
f 2110/1695/135 2024/1683/135 2114/1693/135
f 2032/1680/134 2110/1695/134 2106/1694/134
f 2024/1683/134 2110/1695/134 2032/1680/134
f 3244/1696/134 2061/1684/134 3240/1697/134
f 2061/1684/134 3241/1698/134 3240/1697/134
f 2064/1686/134 3241/1698/134 2061/1684/134
f 3244/1696/134 2065/1685/134 2061/1684/134
f 2064/1686/134 3262/1699/134 3241/1698/134
f 2085/1688/134 3262/1699/134 2064/1686/134
f 3244/1696/134 2067/1687/134 2065/1685/134
f 3246/1700/134 2067/1687/134 3244/1696/134
f 2085/1688/134 3263/1701/134 3262/1699/134
f 2083/1690/134 3263/1701/134 2085/1688/134
f 3246/1700/134 2069/1689/134 2067/1687/134
f 3249/1702/134 2069/1689/134 3246/1700/134
f 2083/1690/134 3260/1703/134 3263/1701/134
f 2081/1692/135 3260/1703/135 2083/1690/135
f 3249/1702/134 2073/1691/134 2069/1689/134
f 3252/1704/134 2073/1691/134 3249/1702/134
f 2081/1692/134 3258/1705/134 3260/1703/134
f 2079/1694/134 3258/1705/134 2081/1692/134
f 3252/1704/134 2075/1693/134 2073/1691/134
f 3254/1706/135 2075/1693/135 3252/1704/135
f 2079/1694/134 3256/1707/134 3258/1705/134
f 2077/1695/134 3256/1707/134 2079/1694/134
f 3254/1706/134 2077/1695/134 2075/1693/134
f 3256/1707/134 2077/1695/134 3254/1706/134
usemtl FWATER1
f 2292/2782/132 4822/2783/132 2272/2784/132
f 2290/2785/132 2292/2782/132 2272/2784/132
f 4822/2783/132 2292/2782/132 2294/2786/132
f 2270/2787/132 4822/2783/132 2294/2786/132
f 2267/2788/132 2270/2787/132 2294/2786/132
f 2290/2785/132 2272/2784/132 2274/2789/132
f 2288/2790/132 2290/2785/132 2274/2789/132
f 2267/2788/132 2294/2786/132 2296/2791/132
f 2282/2792/132 2267/2788/132 2296/2791/132
f 2288/2790/132 2274/2789/132 2276/2793/132
f 2286/2794/132 2288/2790/132 2276/2793/132
f 2282/2792/132 2296/2791/132 2298/2795/132
f 2280/2796/132 2282/2792/132 2298/2795/132
f 2286/2794/132 2276/2793/132 2278/2797/132
f 2283/2798/132 2286/2794/132 2278/2797/132
f 2280/2796/132 2298/2795/132 2283/2798/132
f 2278/2797/132 2280/2796/132 2283/2798/132
f 2504/2799/132 4823/2800/132 2499/2801/132
f 2501/2802/133 2504/2799/133 2499/2801/133
f 4823/2800/132 2504/2799/132 2515/2803/132
f 2488/2804/132 4823/2800/132 2515/2803/132
f 2485/2805/132 2488/2804/132 2515/2803/132
f 2501/2802/133 2499/2801/133 2497/2806/133
f 2505/2807/132 2501/2802/132 2497/2806/132
f 2485/2805/132 2515/2803/132 2513/2808/132
f 2489/2809/132 2485/2805/132 2513/2808/132
f 2505/2807/132 2497/2806/132 2495/2810/132
f 2507/2811/132 2505/2807/132 2495/2810/132
f 2489/2809/132 2513/2808/132 2511/2812/132
f 2491/2813/132 2489/2809/132 2511/2812/132
f 2507/2811/132 2495/2810/132 2493/2814/132
f 2509/2815/132 2507/2811/132 2493/2814/132
f 2491/2813/133 2511/2812/133 2509/2815/133
f 2493/2814/132 2491/2813/132 2509/2815/132
f 2529/2816/132 2525/2817/132 2523/2818/132
f 2537/2819/132 2535/2820/132 2531/2821/132
f 2545/2822/132 2541/2823/132 2539/2824/132
f 2520/2825/132 2547/2826/132 2545/2822/132
f 2553/2827/132 2549/2828/132 2520/2825/132
f 2563/2829/133 2561/2830/133 2559/2831/133
f 2565/2748/132 2563/2829/132 2559/2831/132
f 2579/2832/132 2577/2833/132 2575/2834/132
f 2552/1394/132 2579/2832/132 2575/2834/132
f 2520/2825/132 2549/2828/132 2552/1394/132
f 2517/2835/132 2520/2825/132 2552/1394/132
f 2521/2836/132 2517/2835/132 2552/1394/132
f 2553/2827/132 2520/2825/132 2545/2822/132
f 2521/2836/132 2552/1394/132 2575/2834/132
f 2523/2818/132 2521/2836/132 2575/2834/132
f 2555/2837/133 2553/2827/133 2545/2822/133
f 2523/2818/132 2575/2834/132 2571/2838/132
f 2529/2816/132 2523/2818/132 2571/2838/132
f 2555/2837/133 2545/2822/133 2539/2824/133
f 2559/2831/132 2555/2837/132 2539/2824/132
f 2529/2816/133 2571/2838/133 2569/2839/133
f 2531/2821/133 2529/2816/133 2569/2839/133
f 2559/2831/132 2539/2824/132 2537/2819/132
f 2565/2748/132 2559/2831/132 2537/2819/132
f 2531/2821/132 2569/2839/132 2565/2748/132
f 2537/2819/132 2531/2821/132 2565/2748/132
f 2600/2840/132 4824/2841/132 2595/2842/132
f 2597/2843/132 2600/2840/132 2595/2842/132
f 4824/2841/132 2600/2840/132 2611/2844/132
f 2584/2845/133 4824/2841/133 2611/2844/133
f 2581/2846/133 2584/2845/133 2611/2844/133
f 2597/2843/132 2595/2842/132 2593/2847/132
f 2601/2848/132 2597/2843/132 2593/2847/132
f 2581/2846/132 2611/2844/132 2609/2849/132
f 2585/2850/132 2581/2846/132 2609/2849/132
f 2601/2848/132 2593/2847/132 2591/2851/132
f 2603/2852/132 2601/2848/132 2591/2851/132
f 2585/2850/132 2609/2849/132 2607/2853/132
f 2587/2854/132 2585/2850/132 2607/2853/132
f 2603/2852/132 2591/2851/132 2589/2855/132
f 2605/2856/132 2603/2852/132 2589/2855/132
f 2587/2854/132 2607/2853/132 2605/2856/132
f 2589/2855/132 2587/2854/132 2605/2856/132
f 2632/2857/132 4825/2858/132 2627/2859/132
f 2629/2860/132 2632/2857/132 2627/2859/132
f 4825/2858/132 2632/2857/132 2643/2861/132
f 2616/2862/132 4825/2858/132 2643/2861/132
f 2613/2863/132 2616/2862/132 2643/2861/132
f 2629/2860/132 2627/2859/132 2625/2864/132
f 2633/2865/132 2629/2860/132 2625/2864/132
f 2613/2863/133 2643/2861/133 2641/2866/133
f 2617/2867/132 2613/2863/132 2641/2866/132
f 2633/2865/132 2625/2864/132 2623/2868/132
f 2635/2869/133 2633/2865/133 2623/2868/133
f 2617/2867/132 2641/2866/132 2639/2870/132
f 2619/2871/132 2617/2867/132 2639/2870/132
f 2635/2869/133 2623/2868/133 2621/2872/133
f 2637/2873/132 2635/2869/132 2621/2872/132
f 2619/2871/132 2639/2870/132 2637/2873/132
f 2621/2872/132 2619/2871/132 2637/2873/132
f 2850/2874/132 4826/2875/132 2837/2876/132
f 2847/2877/133 2850/2874/133 2837/2876/133
f 4826/2875/132 2850/2874/132 2861/2878/132
f 2839/2879/132 4826/2875/132 2861/2878/132
f 2841/2880/132 2839/2879/132 2861/2878/132
f 2847/2877/132 2837/2876/132 2835/2881/132
f 2851/2882/132 2847/2877/132 2835/2881/132
f 2841/2880/133 2861/2878/133 2859/2883/133
f 2843/2884/132 2841/2880/132 2859/2883/132
f 2851/2882/132 2835/2881/132 2831/2885/132
f 2853/2886/133 2851/2882/133 2831/2885/133
f 2843/2884/132 2859/2883/132 2857/2887/132
f 2845/2888/132 2843/2884/132 2857/2887/132
f 2853/2886/132 2831/2885/132 2834/2889/132
f 2855/2890/132 2853/2886/132 2834/2889/132
f 2845/2888/133 2857/2887/133 2855/2890/133
f 2834/2889/132 2845/2888/132 2855/2890/132
f 3102/2891/132 4827/2892/132 3084/2893/132
f 3100/2894/132 3102/2891/132 3084/2893/132
f 4827/2892/132 3102/2891/132 3087/2895/132
f 3082/2896/132 4827/2892/132 3087/2895/132
f 3080/2897/132 3082/2896/132 3087/2895/132
f 3100/2894/132 3084/2893/132 3086/2898/132
f 3098/2899/132 3100/2894/132 3086/2898/132
f 3080/2897/132 3087/2895/132 3090/2900/132
f 3078/2901/132 3080/2897/132 3090/2900/132
f 3098/2899/132 3086/2898/132 3071/2902/132
f 3096/2903/132 3098/2899/132 3071/2902/132
f 3078/2901/132 3090/2900/132 3092/2904/132
f 3076/2905/132 3078/2901/132 3092/2904/132
f 3096/2903/132 3071/2902/132 3074/2906/132
f 3094/2907/132 3096/2903/132 3074/2906/132
f 3076/2905/132 3092/2904/132 3094/2907/132
f 3074/2906/132 3076/2905/132 3094/2907/132
f 3150/2908/132 4828/2909/132 3132/2910/132
f 3148/2911/132 3150/2908/132 3132/2910/132
f 4828/2909/132 3150/2908/132 3135/2912/132
f 3130/2913/132 4828/2909/132 3135/2912/132
f 3128/2914/132 3130/2913/132 3135/2912/132
f 3148/2911/132 3132/2910/132 3134/2915/132
f 3146/2916/132 3148/2911/132 3134/2915/132
f 3128/2914/132 3135/2912/132 3138/2917/132
f 3126/2918/132 3128/2914/132 3138/2917/132
f 3146/2916/132 3134/2915/132 3119/2919/132
f 3144/2920/132 3146/2916/132 3119/2919/132
f 3126/2918/132 3138/2917/132 3140/2921/132
f 3124/2922/132 3126/2918/132 3140/2921/132
f 3144/2920/132 3119/2919/132 3122/2923/132
f 3142/2924/132 3144/2920/132 3122/2923/132
f 3124/2922/132 3140/2921/132 3142/2924/132
f 3122/2923/132 3124/2922/132 3142/2924/132
