# Dragonfly_01.wad, map MAP01
# Created by Ultimate Doom Builder 3.0.0.3925

o MAP01
v 85 4 -6.5
v 85 8 -6.5
v 85 8 -7
v 85 4 -7
v 77 4 -7
v 77 8 -7
v 77 8 -6.5
v 77 4 -6.5
v 74 8 -13
v 74 8.5 -13
v 75.3125 8.5 -11.6875
v 75.3125 8 -11.6875
v 74 4 -13
v 74 5 -13
v 75.3125 5 -11.6875
v 75.3125 4 -11.6875
v 76.8125 9.5 -13.1875
v 76.8125 9 -13.1875
v 79.8125 9.5 -16.1875
v 79.8125 9 -16.1875
v 81.3125 8 -17.6875
v 81.3125 8.5 -17.6875
v 78 8.5 -21
v 78 8 -21
v 81.3125 4 -17.6875
v 81.3125 5 -17.6875
v 78 5 -21
v 78 4 -21
v 73 4 -13
v 73 8 -13
v 73.5 8 -13
v 73.5 4 -13
v 77 8 -9.5
v 77 8.5 -9.5
v 79 9.5 -9.5
v 79 9 -9.5
v 77 8 -10
v 77 8.5 -10
v 77 4 -10
v 77 5 -10
v 77 5 -9.5
v 77 4 -9.5
v 83 9.5 -9.5
v 83 9 -9.5
v 85 8.5 -9.5
v 85 8 -9.5
v 85 8.5 -14
v 85 8 -14
v 85 4 -9.5
v 85 5 -9.5
v 85 5 -14
v 85 4 -14
v 73.5 4 -21
v 73.5 8 -21
v 73 8 -21
v 73 4 -21
v 82.0625 5 -17.6875
v 82.0625 8 -17.6875
v 81.6875 8 -17.3125
v 81.6875 5 -17.3125
v 85.5 8 -9.5
v 85.5 5 -9.5
v 75.6875 5 -11.3125
v 75.6875 8 -11.3125
v 75.3125 8 -10.9375
v 75.3125 5 -10.9375
v 76.5 5 -9.5
v 76.5 8 -9.5
v 73.5 5 -13
v 73.5 8 -12.5
v 73.5 5 -12.5
v 73.75 8 -12.5
v 73.75 5 -12.5
v 74.9375 5 -11.3125
v 74.9375 8 -11.3125
v 73.5 5 -21.5
v 73.5 8 -21.5
v 73.5 5 -21
v 81.6875 8 -18.0625
v 81.6875 5 -18.0625
v 77.1875 9 -12.8125
v 77.1875 9.5 -12.8125
v 75.6875 8.5 -11.3125
v 75.6875 4 -11.3125
v 85 8.5 -6.5
v 83 9.5 -6.5
v 83 9 -6.5
v 85 8 0.5
v 85 8.5 0.5
v 85 4 0.5
v 85 5 0.5
v 85 5 -6.5
v 83 9 0.5
v 83 9.5 0.5
v 79 9.5 -6.5
v 79 9 -6.5
v 79 9 0.5
v 79 9.5 0.5
v 77 8.5 -6.5
v 77 8.5 0.5
v 77 8 0.5
v 77 5 -6.5
v 77 5 0.5
v 77 4 0.5
v 77 8 -9
v 77 4 -9
v 85 4 -9
v 85 8 -9
v 73.5 9 -15
v 73.5 9.5 -15
v 73.5 8.5 -13
v 73.5 3.5 -15
v 73.5 4 -15
v 73.5 9 -19
v 73.5 9.5 -19
v 73.5 3.5 -19
v 73.5 4 -19
v 73.5 8.5 -21
v 73.5 4 -19
v 81.6875 8.5 -17.3125
v 80.1875 9.5 -15.8125
v 80.1875 9 -15.8125
v 81.6875 4 -17.3125
v 75.3125 4 -11.6875
v 81.3125 4 -17.6875
v 58 2.25 -10
v 58 6.75 -10
v 58 6.625 -10.125
v 58 2.25 -10.125
v 58 3 -10.125
v 58 3.25 -10.125
v 56 3.25 -10.125
v 56 3 -10.125
v 58 3.75 -10.125
v 58 4 -10.125
v 56 4 -10.125
v 56 3.75 -10.125
v 58 4.5 -10.125
v 58 4.75 -10.125
v 56 4.75 -10.125
v 56 4.5 -10.125
v 58 5.25 -10.125
v 58 5.5 -10.125
v 56 5.5 -10.125
v 56 5.25 -10.125
v 58 6 -10.125
v 58 6.25 -10.125
v 56 6.25 -10.125
v 56 6 -10.125
v 56 2.25 -10.125
v 56 6.625 -10.125
v 56 6.75 -10
v 56 2.25 -10
v 65.125 6 -9.75
v 65.125 9.75 -9.75
v 65 9.75 -9.75
v 65 6 -9.75
v 64.75 6.25 -9.75
v 64.75 10.25 -9.75
v 64.75 10.25 -10
v 64.75 6.25 -10
v 65 6.25 -9.75
v 65 10.25 -9.75
v 58.5 6.25 -10
v 58.5 6.75 -10
v 58.5 6.75 -9.5
v 58.5 6.25 -9.5
v 58 6.25 -9.5
v 58 6.75 -9.5
v 58 6.25 -10
v 49.25 6.25 -9.75
v 49.25 10.25 -9.75
v 49 10.25 -9.75
v 49 6.25 -9.75
v 49.25 6.25 -10
v 49.25 10.25 -10
v 55.5 6.25 -9.5
v 55.5 6.75 -9.5
v 55.5 6.75 -10
v 55.5 6.25 -10
v 56 6.25 -10
v 56 6.75 -9.5
v 56 6.25 -9.5
v 63 2.75 -15.25
v 63 3 -15.25
v 63 3 -18.75
v 63 2.75 -18.75
v 64 3 -15.25
v 64 3.25 -15.25
v 64 3.25 -18.75
v 64 3 -18.75
v 58 6.375 -10.375
v 58 6.25 -10.375
v 58 6 -10.375
v 58 5.5 -10.375
v 58 5.25 -10.375
v 58 4.75 -10.375
v 58 4.5 -10.375
v 58 4 -10.375
v 58 3.75 -10.375
v 58 3.25 -10.375
v 58 3 -10.375
v 58 2.25 -10.375
v 56 6.375 -10.375
v 56 6.25 -10.375
v 56 6 -10.375
v 56 5.5 -10.375
v 56 5.25 -10.375
v 56 4.75 -10.375
v 56 4.5 -10.375
v 56 4 -10.375
v 56 3.75 -10.375
v 56 3.25 -10.375
v 56 3 -10.375
v 56 2.25 -10.375
v 66 3.5 -15
v 66 3.75 -15
v 66 3.75 -15.25
v 66 3.5 -15.25
v 59 6 -36
v 59 6.25 -36
v 59 6.25 -38
v 59 6 -38
v 55 6.25 -38
v 55 6 -38
v 55 6.25 -36
v 55 6 -36
v 63 2.25 -11.75
v 63 10.25 -11.75
v 62.75 10.25 -11.75
v 62.75 2.25 -11.75
v 58.5 2.25 -10.5
v 58.5 6.25 -10.5
v 58.5 2.25 -10
v 58 2.25 -10.5
v 58 6.25 -10.5
v 51.25 2.25 -11.75
v 51.25 10.25 -11.75
v 51 10.25 -11.75
v 51 2.25 -11.75
v 55.5 2.25 -10
v 55.5 6.25 -10.5
v 55.5 2.25 -10.5
v 56 6.25 -10.5
v 56 2.25 -10.5
v 62.75 10 -11.75
v 51.25 10 -11.75
v 29 4 -9.5
v 29 8 -9.5
v 29 8 -9
v 29 4 -9
v 53 4 -4
v 53 9.75 -4
v 53 9.75 -3.5
v 53 4 -3.5
v 64 2.25 -19
v 64 3.25 -19
v 64.25 3.25 -19
v 64.25 2.25 -19
v 63.75 2.25 -19
v 63.75 3 -19
v 64 3 -19
v 49.75 2.25 -19
v 49.75 3.25 -19
v 50 3.25 -19
v 50 2.25 -19
v 50 3 -19
v 50.25 3 -19
v 50.25 2.25 -19
v 65 3.25 -15.25
v 65 3.5 -15.25
v 65 3.5 -18.75
v 65 3.25 -18.75
v 59 3 -34.5
v 59 3.25 -34.5
v 55 3.25 -34.5
v 55 3 -34.5
v 59 3 -34
v 59 3.25 -34
v 55 3 -34
v 55 3.25 -34
v 59 3.75 -35
v 59 4 -35
v 55 4 -35
v 55 3.75 -35
v 59 3.75 -34.5
v 59 4 -34.5
v 55 3.75 -34.5
v 55 4 -34.5
v 59 4.5 -35.5
v 59 4.75 -35.5
v 55 4.75 -35.5
v 55 4.5 -35.5
v 59 4.5 -35
v 59 4.75 -35
v 55 4.5 -35
v 55 4.75 -35
v 59 5.25 -36
v 59 5.5 -36
v 55 5.5 -36
v 55 5.25 -36
v 59 5.25 -35.5
v 59 5.5 -35.5
v 55 5.25 -35.5
v 55 5.5 -35.5
v 62 2.5 -15.25
v 62 2.75 -15.25
v 62 2.75 -18.75
v 62 2.5 -18.75
v 62.75 10 -12.25
v 62.75 2.25 -12.25
v 51.25 2.25 -12.25
v 51.25 10 -12.25
v 62.75 8 -12.25
v 63 8 -12.25
v 63 2.25 -12.25
v 64.75 2.25 -14
v 64.75 8 -14
v 64.75 8 -14.25
v 64.75 2.25 -14.25
v 65 2.25 -15
v 65 3.25 -15
v 64.75 3.25 -15
v 64.75 2.25 -15
v 64.75 10 -14.25
v 65 10 -14.25
v 65 2.25 -14.25
v 65 3.5 -15
v 38.3125 4 -11.3125
v 38.3125 8 -11.3125
v 38.6875 8 -11.6875
v 38.6875 4 -11.6875
v 65 4.25 -14.25
v 65.25 10 -14.25
v 65.25 4.25 -14.25
v 62.8630933761597 8 -12.7079062461853
v 62.8630933761597 10.25 -12.7079062461853
v 63.1771879196167 10.25 -13.3243436813354
v 63.1771879196167 8 -13.3243436813354
v 62.75 10.25 -12.25
v 64.25 3.25 -15
v 64.25 2.25 -15
v 64.75 10.25 -14.25
v 64.75 10.25 -15
v 64.75 10 -15
v 64.2920932769775 8 -14.1369066238403
v 64.2920932769775 10.25 -14.1369066238403
v 63.6756563186646 8 -13.8228125572205
v 63.6756563186646 10.25 -13.8228125572205
v 50.8228130340576 10 -13.3243436813354
v 50.8228130340576 10.25 -13.3243436813354
v 51.136905670166 10.25 -12.7079062461853
v 51.136905670166 10 -12.7079062461853
v 50.3243446350098 10 -13.8228125572205
v 50.3243446350098 10.25 -13.8228125572205
v 49.7079067230225 10 -14.1369066238403
v 49.7079067230225 10.25 -14.1369066238403
v 49.25 10 -14.25
v 49.25 10.25 -14.25
v 49.25 10 -15
v 49.25 10.25 -15
v 49.75 2.25 -15
v 49.75 3.25 -15
v 49.25 3.25 -15
v 49.25 2.25 -15
v 51.25 10.25 -12.25
v 64.75 10.25 -15.25
v 64.75 10 -15.25
v 64 3.25 -15
v 64 2.25 -15
v 64 3 -15
v 63.75 3 -15
v 63.75 2.25 -15
v 50 2.25 -15
v 50 3.25 -15
v 50.25 2.25 -15
v 50.25 3 -15
v 50 3 -15
v 40.5 9 -19
v 40.5 9.5 -19
v 40.5 8.5 -21
v 40.5 8 -21
v 40.5 3.5 -19
v 40.5 4 -19
v 40.5 4 -21
v 36 8.5 -21
v 36 8 -21
v 40.5 5 -21
v 36 5 -21
v 36 4 -21
v 32.6875 4 -17.6875
v 32.6875 8 -17.6875
v 32.3125 8 -17.3125
v 32.3125 4 -17.3125
v 37 4 -9
v 37 8 -9
v 37 8 -9.5
v 37 4 -9.5
v 67 3.75 -18.75
v 67 4 -18.75
v 67 4 -19
v 67 3.75 -19
v 67 3.75 -15
v 67 4 -15
v 67 4 -15.25
v 67 3.75 -15.25
v 66 3.75 -18.75
v 66 3.5 -18.75
v 64.75 10.25 -18.75
v 64.75 10 -18.75
v 36.8125 9 -12.8125
v 36.8125 9.5 -12.8125
v 33.8125 9.5 -15.8125
v 33.8125 9 -15.8125
v 40.5 8 -13
v 40.5 8.5 -13
v 40.5 9.5 -15
v 40.5 9 -15
v 40.5 4 -13
v 40.5 4 -15
v 40.5 3.5 -15
v 40 8 -13
v 40 8.5 -13
v 40 4 -13
v 40 5 -13
v 40.5 5 -13
v 32.3125 8.5 -17.3125
v 29 8.5 -14
v 29 8 -14
v 32.3125 5 -17.3125
v 29 5 -14
v 29 4 -14
v 37 8 0.5
v 37 8.5 0.5
v 37 8.5 -6.5
v 37 8 -6.5
v 37 4 0.5
v 37 5 0.5
v 37 5 -6.5
v 37 4 -6.5
v 35 9.5 -6.5
v 35 9 -6.5
v 35 9 0.5
v 35 9.5 0.5
v 64.75 6.25 -24.25
v 64.75 10.25 -24.25
v 65 10.25 -24.25
v 65 6.25 -24.25
v 64.75 6.25 -24
v 64.75 10.25 -24
v 49 6.25 -24.25
v 49 10.25 -24.25
v 49.25 10.25 -24.25
v 49.25 6.25 -24.25
v 49.25 10.25 -24
v 49.25 6.25 -24
v 52 2.5 -19
v 52 2.75 -19
v 52 2.75 -18.75
v 52 2.5 -18.75
v 52 2.5 -15.25
v 52 2.75 -15.25
v 52 2.75 -15
v 52 2.5 -15
v 51 2.75 -19
v 51 3 -19
v 51 3 -18.75
v 51 2.75 -18.75
v 51 2.75 -15.25
v 51 3 -15.25
v 51 3 -15
v 51 2.75 -15
v 62 2.75 -19
v 62 2.5 -19
v 62 2.5 -15
v 62 2.75 -15
v 63 3 -19
v 63 2.75 -19
v 63 2.75 -15
v 63 3 -15
v 48 3.5 -19
v 48 3.75 -19
v 48 3.75 -18.75
v 48 3.5 -18.75
v 66 3.75 -19
v 66 3.5 -19
v 62.75 2.25 -22.25
v 62.75 10.25 -22.25
v 63 10.25 -22.25
v 63 2.25 -22.25
v 51 2.25 -22.25
v 51 10.25 -22.25
v 51.25 10.25 -22.25
v 51.25 2.25 -22.25
v 51.25 10 -22.25
v 62.75 10 -22.25
v 65.25 4.25 -20
v 65.25 8.25 -20
v 65.25 8.25 -19.75
v 65.25 4.25 -19.75
v 65.25 8.25 -14.25
v 65.25 8.25 -14
v 65.25 4.25 -14
v 67 4.25 -12.25
v 67 8.25 -12.25
v 67.25 8.25 -12.25
v 67.25 4.25 -12.25
v 67.25 8.25 -12
v 67.25 4.25 -12
v 67.25 4.25 -22
v 67.25 8.25 -22
v 67.25 8.25 -21.75
v 67.25 4.25 -21.75
v 67 8.25 -21.75
v 67 4.25 -21.75
v 67.25 4.5 -12
v 71 4.5 -12
v 71 4.25 -12
v 71 4.25 -22
v 71 4.5 -22
v 67.25 4.5 -22
v 61 2.25 -15
v 61 2.5 -15
v 61 2.5 -19
v 61 2.25 -19
v 62 2.25 -15
v 63 2.25 -15
v 63 2.25 -19
v 62 2.25 -19
v 52 2.25 -15
v 51 2.25 -15
v 53 2.25 -15
v 53 2.5 -15
v 53 2.25 -19
v 53 2.5 -19
v 51 2.25 -19
v 52 2.25 -19
v 62.75 2.25 -21.75
v 62.75 10 -21.75
v 51.25 10 -21.75
v 51.25 2.25 -21.75
v 64.75 2.25 -19.75
v 64.75 8 -19.75
v 64.75 8 -20
v 64.75 2.25 -20
v 63 2.25 -21.75
v 63 8 -21.75
v 62.75 8 -21.75
v 64.75 2.25 -19
v 64.75 3.25 -19
v 65 3.25 -19
v 65 2.25 -19
v 65 2.25 -19.75
v 65 10 -19.75
v 64.75 10 -19.75
v 65 3.5 -19
v 65.25 10 -19.75
v 65 4.25 -19.75
v 63.1771879196167 8 -20.6756563186646
v 63.1771879196167 10.25 -20.6756563186646
v 62.8630933761597 10.25 -21.2920932769775
v 62.8630933761597 8 -21.2920932769775
v 63.6756563186646 8 -20.1771879196167
v 63.6756563186646 10.25 -20.1771879196167
v 64.2920932769775 8 -19.8630933761597
v 64.2920932769775 10.25 -19.8630933761597
v 64.75 10.25 -19.75
v 64.75 10 -19
v 64.75 10.25 -19
v 62.75 10.25 -21.75
v 51.136905670166 10 -21.2920932769775
v 51.136905670166 10.25 -21.2920932769775
v 50.8228130340576 10.25 -20.6756563186646
v 50.8228130340576 10 -20.6756563186646
v 50.3243446350098 10.25 -20.1771879196167
v 50.3243446350098 10 -20.1771879196167
v 49.7079067230225 10.25 -19.8630933761597
v 49.7079067230225 10 -19.8630933761597
v 49.25 10.25 -19.75
v 49.25 10 -19.75
v 49.25 10.25 -19
v 49.25 10 -19
v 49.25 2.25 -19
v 49.25 3.25 -19
v 51.25 10.25 -21.75
v 49 6 -9.75
v 49 9.75 -9.75
v 48.875 9.75 -9.75
v 48.875 6 -9.75
v 47 5.75 -6
v 47 6 -6
v 48.75 6 -10
v 48.75 5.75 -10
v 44.6488437652588 5.25 -6.76393747329712
v 44.6488437652588 5.5 -6.76393747329712
v 47.8244380950928 5.5 -10.3819689750671
v 47.8244380950928 5.25 -10.3819689750671
v 43.1957817077637 4.75 -8.76393747329712
v 43.1957817077637 5 -8.76393747329712
v 47.0978755950928 5 -11.3819689750671
v 47.0978755950928 4.75 -11.3819689750671
v 48.75 4.25 -14
v 48.75 8.25 -14
v 48.75 8.25 -14.25
v 48.75 4.25 -14.25
v 48.75 4.25 -19.75
v 48.75 8.25 -19.75
v 48.75 8.25 -20
v 48.75 4.25 -20
v 46.75 4.25 -12
v 46.75 8.25 -12
v 46.75 8.25 -12.25
v 46.75 4.25 -12.25
v 47 8.25 -12.25
v 47 4.25 -12.25
v 43 4.25 -12
v 43 4.5 -12
v 46.75 4.5 -12
v 46.75 4.25 -21.75
v 46.75 8.25 -21.75
v 46.75 8.25 -22
v 46.75 4.25 -22
v 47 4.25 -21.75
v 47 8.25 -21.75
v 46.75 4.5 -22
v 43 4.5 -22
v 43 4.25 -22
v 46.75 4.5 -11.75
v 46.75 8.25 -11.75
v 49.25 10.25 -18.75
v 49.25 10 -18.75
v 50 3 -18.75
v 50 3.25 -18.75
v 50 3.25 -15.25
v 50 3 -15.25
v 49 4.25 -19.75
v 49 10 -19.75
v 48.75 10 -19.75
v 48 3.5 -15.25
v 48 3.75 -15.25
v 48 3.75 -15
v 48 3.5 -15
v 65.25 6 -10
v 65.25 9.75 -10
v 65.25 9.75 -9.75
v 65.25 6 -9.75
v 66.9021253585815 4.75 -11.3819689750671
v 66.9021253585815 5 -11.3819689750671
v 70.8042187690735 5 -8.76393747329712
v 70.8042187690735 4.75 -8.76393747329712
v 49 3.25 -18.75
v 49 3.5 -18.75
v 49 3.5 -15.25
v 49 3.25 -15.25
v 49 3.25 -19
v 49 3.5 -19
v 49.25 2.25 -14.25
v 49.25 10 -14
v 49.25 2.25 -14
v 51 2.25 -12.25
v 51 10 -12.25
v 49 3.25 -15
v 49 2.25 -15
v 49 2.25 -14.25
v 49 10 -14.25
v 49 3.5 -15
v 48.75 10 -14.25
v 49 4.25 -14.25
v 49 2.25 -19
v 49.25 2.25 -19.75
v 49 2.25 -19.75
v 49.25 10 -15.25
v 49.25 10.25 -15.25
v 49.25 2.25 -20
v 49.25 10 -20
v 51 10 -21.75
v 51 2.25 -21.75
v 48.75 6 -9.75
v 48.75 9.75 -9.75
v 48.75 9.75 -10
v 45.76393699646 5.5 -6.19578124582767
v 45.76393699646 5.75 -6.19578124582767
v 48.3819694519043 5.75 -10.0978751182556
v 48.3819694519043 5.5 -10.0978751182556
v 43.76393699646 5 -7.64884376525879
v 43.76393699646 5.25 -7.64884376525879
v 47.3819694519043 5.25 -10.8244376182556
v 47.3819694519043 5 -10.8244376182556
v 43 4.5 -10
v 43 4.75 -10
v 47 4.75 -11.75
v 47 4.5 -11.75
v 47 8.25 -11.75
v 65.61803150177 5.5 -10.0978751182556
v 65.61803150177 5.75 -10.0978751182556
v 68.2360625267029 5.75 -6.19578124582767
v 68.2360625267029 5.5 -6.19578124582767
v 67 4.5 -11.75
v 67 4.75 -11.75
v 71 4.75 -10
v 71 4.5 -10
v 67.25 4.5 -11.75
v 67.25 8.25 -11.75
v 67 8.25 -11.75
v 66.1755628585815 5.25 -10.3819689750671
v 66.1755628585815 5.5 -10.3819689750671
v 69.3511562347412 5.5 -6.76393747329712
v 69.3511562347412 5.25 -6.76393747329712
v 47 3.75 -15.25
v 47 4 -15.25
v 47 4 -15
v 47 3.75 -15
v 47 3.75 -19
v 47 4 -19
v 47 4 -18.75
v 47 3.75 -18.75
v 65.25 5.75 -10
v 67 6 -6
v 67 5.75 -6
v 66.61803150177 5 -10.8244376182556
v 66.61803150177 5.25 -10.8244376182556
v 70.2360625267029 5.25 -7.64884376525879
v 70.2360625267029 5 -7.64884376525879
v 29 4 -7
v 29 8 -7
v 29 8 -6.5
v 29 4 -6.5
v 37 8 -7
v 37 4 -7
v 37.1875 9 -13.1875
v 37.1875 9.5 -13.1875
v 38.6875 8.5 -11.6875
v 38.6875 5 -11.6875
v 34.1875 9 -16.1875
v 34.1875 9.5 -16.1875
v 32.6875 8.5 -17.6875
v 32.6875 5 -17.6875
v 41 8 -13
v 41 4 -13
v 35 9 -9.5
v 35 9.5 -9.5
v 37 8.5 -9.5
v 37 8.5 -10
v 37 8 -10
v 37 5 -9.5
v 37 5 -10
v 37 4 -10
v 31 9 -9.5
v 31 9.5 -9.5
v 29 8.5 -9.5
v 29 5 -9.5
v 41 4 -21
v 41 8 -21
v 37.5 8 -9.5
v 37.5 5 -9.5
v 40.5 5 -12.5
v 40.5 8 -12.5
v 40.25 5 -12.5
v 40.25 8 -12.5
v 28.5 5 -9.5
v 28.5 8 -9.5
v 40.5 8 -21.5
v 40.5 5 -21.5
v 31.9375 8 -17.6875
v 31.9375 5 -17.6875
v 32.3125 5 -18.0625
v 32.3125 8 -18.0625
v 38.6875 5 -10.9375
v 38.6875 8 -10.9375
v 38.3125 5 -11.3125
v 39.0625 8 -11.3125
v 39.0625 5 -11.3125
v 38.3125 8.5 -11.3125
v 29 8.5 -6.5
v 29 8.5 0.5
v 29 8 0.5
v 29 5 -6.5
v 29 5 0.5
v 29 4 0.5
v 31 9 -6.5
v 31 9.5 -6.5
v 31 9.5 0.5
v 31 9 0.5
v 48.875 6 -24.25
v 48.875 9.75 -24.25
v 49 9.75 -24.25
v 49 6 -24.25
v 48.75 5.75 -24
v 48.75 6 -24
v 47 6 -28
v 47 5.75 -28
v 47.8244380950928 5.25 -23.6180305480957
v 47.8244380950928 5.5 -23.6180305480957
v 44.6488437652588 5.5 -27.23606300354
v 44.6488437652588 5.25 -27.23606300354
v 47.0978755950928 4.75 -22.6180305480957
v 47.0978755950928 5 -22.6180305480957
v 43.1957817077637 5 -25.23606300354
v 43.1957817077637 4.75 -25.23606300354
v 46.75 8.25 -22.25
v 46.75 4.5 -22.25
v 48.75 9.75 -24
v 48.75 9.75 -24.25
v 48.75 6 -24.25
v 48.3819694519043 5.5 -23.9021244049072
v 48.3819694519043 5.75 -23.9021244049072
v 45.76393699646 5.75 -27.8042182922363
v 45.76393699646 5.5 -27.8042182922363
v 47.3819694519043 5 -23.1755619049072
v 47.3819694519043 5.25 -23.1755619049072
v 43.76393699646 5.25 -26.3511562347412
v 43.76393699646 5 -26.3511562347412
v 47 4.5 -22.25
v 47 4.75 -22.25
v 43 4.75 -24
v 43 4.5 -24
v 47 8.25 -22.25
v 65 6 -24.25
v 65 9.75 -24.25
v 65.125 9.75 -24.25
v 65.125 6 -24.25
v 67 5.75 -28
v 67 6 -28
v 65.25 6 -24
v 65.25 5.75 -24
v 69.3511562347412 5.25 -27.23606300354
v 69.3511562347412 5.5 -27.23606300354
v 66.1755628585815 5.5 -23.6180305480957
v 66.1755628585815 5.25 -23.6180305480957
v 70.8042187690735 4.75 -25.23606300354
v 70.8042187690735 5 -25.23606300354
v 66.9021253585815 5 -22.6180305480957
v 66.9021253585815 4.75 -22.6180305480957
v 67.25 4.5 -22.25
v 67.25 8.25 -22.25
v 65.25 6 -24.25
v 65.25 9.75 -24.25
v 65.25 9.75 -24
v 68.2360625267029 5.5 -27.8042182922363
v 68.2360625267029 5.75 -27.8042182922363
v 65.61803150177 5.75 -23.9021244049072
v 65.61803150177 5.5 -23.9021244049072
v 70.2360625267029 5 -26.3511562347412
v 70.2360625267029 5.25 -26.3511562347412
v 66.61803150177 5.25 -23.1755619049072
v 66.61803150177 5 -23.1755619049072
v 71 4.5 -24
v 71 4.75 -24
v 67 4.75 -22.25
v 67 4.5 -22.25
v 67 8.25 -22.25
v 58 6.25 -4
v 58 6.75 -4
v 58 6.75 -4.5
v 58 6.25 -4.5
v 56 6.25 -4.5
v 56 6.75 -4.5
v 56 6.75 -4
v 56 6.25 -4
v 55.5 8.75 -4.5
v 55.5 9.25 -4.5
v 56 9.75 -4.5
v 55.5 6.25 -4.5
v 55.5 6.75 -4.5
v 55.5 8.75 -4
v 55.5 9.25 -4
v 55.5 6.25 -4
v 55.5 6.75 -4
v 53 4 0.5
v 53 9.75 0.5
v 53 9.75 1
v 53 4 1
v 61 4 1
v 61 9.75 1
v 61 9.75 0.5
v 61 4 0.5
v 53 5 -3.5
v 53 10.25 -3.5
v 52.5 10.25 -3.5
v 52.5 5 -3.5
v 52.5 5 0.5
v 52.5 10.25 0.5
v 53 10.25 0.5
v 53 5 0.5
v 61 5 0.5
v 61 10.25 0.5
v 61.5 10.25 0.5
v 61.5 5 0.5
v 61.5 5 -3.5
v 61.5 10.25 -3.5
v 61 10.25 -3.5
v 61 5 -3.5
v 61 4 -3.5
v 61 9.75 -3.5
v 61 9.75 -4
v 61 4 -4
v 55 10.75 -3.5
v 55 11.25 -3.5
v 55 11.25 0.5
v 55 10.75 0.5
v 59 11.25 -3.5
v 59 10.75 -3.5
v 59 10.75 0.5
v 59 11.25 0.5
v 55.5 10.75 -3.5
v 55.5 11.25 -3.5
v 58.5 11.25 -3.5
v 58.5 10.75 -3.5
v 58 11.25 -3.5
v 58 10.75 -3.5
v 58.5 3.5 -3.5
v 58.5 6.25 -3.5
v 58 6.25 -3.5
v 58 3.5 -3.5
v 56 11.25 -3.5
v 56 10.75 -3.5
v 56 3.5 -3.5
v 56 6.25 -3.5
v 55.5 6.25 -3.5
v 55.5 3.5 -3.5
v 85 4 3.5
v 85 8 3.5
v 85 8 3
v 85 4 3
v 77 4 3
v 77 8 3
v 77 8 3.5
v 77 4 3.5
v 77 8 1
v 77 4 1
v 85 4 1
v 85 8 1
v 29 8 1
v 29 4 1
v 37 4 1
v 37 8 1
v 29 4 3
v 29 8 3
v 29 8 3.5
v 29 4 3.5
v 37 4 3.5
v 37 8 3.5
v 37 8 3
v 37 4 3
v 76.5 8 -6.5
v 76.5 5 -6.5
v 76.5 5 0.5
v 76.5 8 0.5
v 85.5 8 0.5
v 85.5 5 0.5
v 85.5 5 -6.5
v 85.5 8 -6.5
v 37.5 8 0.5
v 37.5 5 0.5
v 37.5 5 -6.5
v 37.5 8 -6.5
v 28.5 5 0.5
v 28.5 8 0.5
v 28.5 8 -6.5
v 28.5 5 -6.5
v 76.8125 9 7.1875
v 76.8125 9.5 7.1875
v 75.3125 8.5 5.6875
v 75.3125 8 5.6875
v 74 8.5 7
v 74 8 7
v 75.3125 4 5.6875
v 75.3125 5 5.6875
v 74 5 7
v 74 4 7
v 79.8125 9 10.1875
v 79.8125 9.5 10.1875
v 78 8 15
v 78 8.5 15
v 81.3125 8.5 11.6875
v 81.3125 8 11.6875
v 78 4 15
v 78 5 15
v 81.3125 5 11.6875
v 81.3125 4 11.6875
v 29 8.5 3.5
v 29 8.5 8
v 29 8 8
v 29 5 3.5
v 29 5 8
v 29 4 8
v 31 9 3.5
v 31 9.5 3.5
v 79 9 3.5
v 79 9.5 3.5
v 77 8.5 3.5
v 77 8.5 4
v 77 8 4
v 77 5 3.5
v 77 5 4
v 77 4 4
v 83 9 3.5
v 83 9.5 3.5
v 85 8.5 3.5
v 85 8 8
v 85 8.5 8
v 85 4 8
v 85 5 8
v 85 5 3.5
v 36.8125 9 6.8125
v 36.8125 9.5 6.8125
v 38.3125 8.5 5.3125
v 38.3125 8 5.3125
v 37 8.5 4
v 37 8 4
v 38.3125 4 5.3125
v 38.3125 5 5.3125
v 37 5 4
v 37 4 4
v 39.0625 5 5.3125
v 39.0625 8 5.3125
v 38.6875 8 5.6875
v 38.6875 5 5.6875
v 40.5 5 7
v 40.5 8 7
v 40.5 8 6.5
v 40.5 5 6.5
v 31.9375 5 11.6875
v 31.9375 8 11.6875
v 32.3125 8 11.3125
v 32.3125 5 11.3125
v 32.6875 5 11.6875
v 32.6875 8 11.6875
v 32.3125 8 12.0625
v 32.3125 5 12.0625
v 40.25 8 6.5
v 40.25 5 6.5
v 38.6875 8 4.9375
v 38.6875 5 4.9375
v 28.5 8 3.5
v 28.5 5 3.5
v 40.5 5 15.5
v 40.5 8 15.5
v 40.5 8 15
v 40.5 5 15
v 37.5 5 3.5
v 37.5 8 3.5
v 37 5 3.5
v 76.5 8 3.5
v 76.5 5 3.5
v 73.5 5 6.5
v 73.5 8 6.5
v 73.5 8 7
v 73.5 5 7
v 73.75 5 6.5
v 73.75 8 6.5
v 85.5 5 3.5
v 85.5 8 3.5
v 73.5 5 15
v 73.5 8 15
v 73.5 8 15.5
v 73.5 5 15.5
v 81.6875 5 11.3125
v 81.6875 8 11.3125
v 82.0625 8 11.6875
v 82.0625 5 11.6875
v 81.6875 5 12.0625
v 81.6875 8 12.0625
v 75.3125 5 4.9375
v 75.3125 8 4.9375
v 75.6875 8 5.3125
v 75.6875 5 5.3125
v 74.9375 8 5.3125
v 74.9375 5 5.3125
v 75.6875 8.5 5.3125
v 75.6875 4 5.3125
v 77.1875 9.5 6.8125
v 77.1875 9 6.8125
v 73.5 8.5 7
v 73.5 4 7
v 73.5 9.5 9
v 73.5 9 9
v 73.5 9.5 13
v 73.5 9 13
v 73.5 8.5 15
v 73.5 4 15
v 81.6875 8.5 11.3125
v 81.6875 4 11.3125
v 80.1875 9 9.8125
v 80.1875 9.5 9.8125
v 38.6875 4 5.6875
v 36 8 15
v 36 8.5 15
v 40.5 8.5 15
v 36 4 15
v 36 5 15
v 40.5 4 15
v 40.5 9.5 13
v 40.5 9 13
v 32.3125 4 11.3125
v 32.6875 4 11.6875
v 33.8125 9 9.8125
v 33.8125 9.5 9.8125
v 40.5 8.5 7
v 40 8.5 7
v 40 8 7
v 40.5 4 7
v 40 5 7
v 40 4 7
v 40.5 9 9
v 40.5 9.5 9
v 32.3125 8.5 11.3125
v 38.6875 8.5 5.6875
v 37.1875 9.5 7.1875
v 37.1875 9 7.1875
v 34.1875 9.5 10.1875
v 34.1875 9 10.1875
v 32.6875 8.5 11.6875
v 36 4 15
v 35 9 3.5
v 35 9.5 3.5
v 37 8.5 3.5
v 43.5 4 7
v 43.5 8 7
v 43 8 7
v 43 4 7
v 43 4 15
v 43 8 15
v 43.5 8 15
v 43.5 4 15
v 41 4 7
v 41 8 7
v 41 8 15
v 41 4 15
v 73 8 7
v 73 4 7
v 73 4 15
v 73 8 15
v 71 4 7
v 71 8 7
v 70.5 8 7
v 70.5 4 7
v 70.5 4 15
v 70.5 8 15
v 71 8 15
v 71 4 15
v 61 4 3.5
v 61 8 3.5
v 61 8 3
v 61 4 3
v 53 4 3
v 53 8 3
v 53 8 3.5
v 53 4 3.5
v 49 9 13
v 49 9.5 13
v 49 9.5 9
v 49 9 9
v 43.5 9 9
v 43.5 9.5 9
v 43.5 9.5 13
v 43.5 9 13
v 63.5 8 6.5
v 63.5 8.5 6.5
v 62 9.5 8
v 62 9 8
v 64 8 7
v 64 8.5 7
v 64 4 7
v 64 5 7
v 63.5 5 6.5
v 63.5 4 6.5
v 49 4 15
v 49 8 15
v 49.5 8 15
v 49.5 4 15
v 64.5 8 7
v 64.5 8.5 7
v 64.5 4 7
v 64.5 5 7
v 64.5 9 9
v 64.5 9.5 9
v 56.5 8 12.5
v 56.5 8.5 12.5
v 55 9.5 11
v 55 9 11
v 54 8 15
v 54 8.5 15
v 54 4 15
v 54 5 15
v 56.5 5 12.5
v 56.5 4 12.5
v 57 4 12
v 57 8 12
v 57.5 8 12.5
v 57.5 4 12.5
v 57 8.5 12
v 58.5 9.5 10.5
v 58.5 9 10.5
v 53 8.5 3.5
v 53 8.5 4
v 53 8 4
v 53 5 3.5
v 53 5 4
v 53 4 4
v 55 9 3.5
v 55 9.5 3.5
v 59 9 11
v 59 9.5 11
v 57.5 8.5 12.5
v 60 8.5 15
v 60 8 15
v 57.5 5 12.5
v 60 5 15
v 60 4 15
v 49 8.5 15
v 43.5 8.5 15
v 43.5 5 15
v 49 5 15
v 64.5 8 15
v 64.5 8.5 15
v 64.5 9.5 13
v 64.5 9 13
v 64.5 5 15
v 64.5 4 15
v 50.5 8 6.5
v 50.5 8.5 6.5
v 50 8.5 7
v 50 8 7
v 50.5 4 6.5
v 50.5 5 6.5
v 50 5 7
v 50 4 7
v 52 9 8
v 52 9.5 8
v 49.5 8.5 15
v 49.5 5 15
v 49.5 9 13
v 49.5 9.5 13
v 49 8.5 7
v 49 8 7
v 43.5 8.5 7
v 49 4 7
v 49 5 7
v 43.5 5 7
v 49.5 4 7
v 49.5 8 7
v 49.5 9 9
v 49.5 9.5 9
v 49.5 8.5 7
v 49.5 5 7
v 51 4 6
v 51 8 6
v 50.5 4 6.5
v 63 8 6
v 63 4 6
v 63 8.5 6
v 61 8.5 4
v 61 8 4
v 63 5 6
v 61 5 4
v 61 4 4
v 61.5 9 7.5
v 61.5 9.5 7.5
v 65 4 7
v 65 8 7
v 65 8 15
v 65 4 15
v 65 8.5 7
v 65 9.5 9
v 65 9 9
v 70.5 8.5 7
v 70.5 5 7
v 65 5 7
v 70.5 9 9
v 70.5 9.5 9
v 65 9.5 13
v 65 9 13
v 70.5 9 13
v 70.5 9.5 13
v 65 8.5 15
v 70.5 8.5 15
v 65 5 15
v 70.5 5 15
v 51 8.5 6
v 52.5 9.5 7.5
v 52.5 9 7.5
v 53 4 4
v 51 5 6
v 55.5 9 10.5
v 55.5 9.5 10.5
v 59 9 3.5
v 59 9.5 3.5
v 61 8.5 3.5
v 61 5 3.5
v 49 8 6.5
v 49 5 6.5
v 43.5 5 6.5
v 43.5 8 6.5
v 50 8 6.25
v 50 5 6.25
v 49.5 5 6.5
v 49.5 8 6.5
v 50.75 5 5.5
v 50.75 8 5.5
v 52.5 8 3.5
v 52.5 5 3.5
v 64 5 6.25
v 64 8 6.25
v 64.5 8 6.5
v 64.5 5 6.5
v 63.25 8 5.5
v 63.25 5 5.5
v 61.5 5 3.5
v 61.5 8 3.5
v 65 5 6.5
v 65 8 6.5
v 70.5 8 6.5
v 70.5 5 6.5
v 65 8 15.5
v 65 5 15.5
v 70.5 5 15.5
v 70.5 8 15.5
v 57.25 8 13
v 57.25 5 13
v 49.5 8 15.5
v 49.5 5 15.5
v 49 5 15.5
v 49 8 15.5
v 43.5 8 15.5
v 43.5 5 15.5
v 64.5 5 15.5
v 64.5 8 15.5
v 56.75 5 13
v 56.75 8 13
v 58.5 3.5 -4
v 58.5 6.75 -4
v 58.5 8.75 -4.5
v 58.5 9.25 -4.5
v 58.5 9.25 -4
v 58.5 8.75 -4
v 58.5 6.25 -4.5
v 58.5 6.75 -4.5
v 58.5 6.25 -4
v 58 9.75 -4.5
v 55.5 3.5 -4
v 56 3.5 -3.625
v 56 6.375 -3.625
v 58 6.375 -3.625
v 58 3.5 -3.625
v 58 3.75 -3.625
v 58 4 -3.625
v 56 4 -3.625
v 56 3.75 -3.625
v 58 4.5 -3.625
v 58 4.75 -3.625
v 56 4.75 -3.625
v 56 4.5 -3.625
v 58 5.25 -3.625
v 58 5.5 -3.625
v 56 5.5 -3.625
v 56 5.25 -3.625
v 58 6 -3.625
v 58 6.25 -3.625
v 56 6.25 -3.625
v 56 6 -3.625
v 56 6.625 -3.875
v 56 6.25 -3.875
v 56 6 -3.875
v 56 5.5 -3.875
v 56 5.25 -3.875
v 56 4.75 -3.875
v 56 4.5 -3.875
v 56 4 -3.875
v 56 3.75 -3.875
v 56 3.5 -3.875
v 58 6.625 -3.875
v 58 6.25 -3.875
v 58 6 -3.875
v 58 5.5 -3.875
v 58 5.25 -3.875
v 58 4.75 -3.875
v 58 4.5 -3.875
v 58 4 -3.875
v 58 3.75 -3.875
v 58 3.5 -3.875
v 56 3.5 -4
v 58 3.5 -4
v -22.75 13.5 14.4785633087158
v -22.75 13.75 14.4785633087158
v -24.4589385986328 13.75 16.1660633087158
v -24.4589385986328 13.5 16.1660633087158
v -21.8125 13.5 18.8125
v -21.8125 13.75 18.8125
v -19.25 13.75 16.2285633087158
v -19.25 13.5 16.2285633087158
v -22.5410614013672 13.5 19.5410633087158
v -22.5410614013672 13.75 19.5410633087158
v -25.1875 13.75 16.894624710083
v -25.1875 13.5 16.894624710083
v -25.125 13.5 22.1035633087158
v -25.125 13.75 22.1035633087158
v -26.875 13.75 18.6035633087158
v -26.875 13.5 18.6035633087158
v -22.75 13.5 13.1035633087158
v -22.75 13.75 13.1035633087158
v -19.25 13.5 13.1035633087158
v -19.25 13.75 13.1035633087158
v -28.25 13.75 18.6035633087158
v -28.25 13.5 18.6035633087158
v -28.25 13.5 22.1035633087158
v -28.25 13.75 22.1035633087158
v -19.25 13.5 9.6035623550415
v -19.25 13.75 9.6035623550415
v -19.25 13.75 3.1035623550415
v -19.25 13.5 3.1035623550415
v -22.75 13.75 3.1035623550415
v -22.75 13.5 3.1035623550415
v -22.75 13.75 9.6035623550415
v -22.75 13.5 9.6035623550415
v -36.75 13.5 22.1035633087158
v -36.75 13.75 22.1035633087158
v -31.75 13.75 22.1035633087158
v -31.75 13.5 22.1035633087158
v -31.75 13.75 18.6035633087158
v -31.75 13.5 18.6035633087158
v -36.75 13.75 18.6035633087158
v -36.75 13.5 18.6035633087158
v -42.6464385986328 13.5 20.3535633087158
v -42.6464385986328 13.75 20.3535633087158
v -40.8964385986328 13.75 22.1035633087158
v -40.8964385986328 13.5 22.1035633087158
v -37.75 13.75 22.1035633087158
v -37.75 13.5 22.1035633087158
v -37.75 13.75 18.6035633087158
v -37.75 13.5 18.6035633087158
v -39.1035614013672 13.75 18.6035633087158
v -39.1035614013672 13.5 18.6035633087158
v -40 13.75 17.707124710083
v -40 13.5 17.707124710083
v -22.75 13.5 -1.7714376449585
v -22.75 13.75 -1.7714376449585
v -22.75 13.75 -0.396437644958496
v -22.75 13.5 -0.396437644958496
v -19.25 13.75 -0.396437644958496
v -19.25 13.5 -0.396437644958496
v -19.25 13.75 -3.52143740653992
v -19.25 13.5 -3.52143740653992
v -45 13.5 18
v -45 13.75 18
v -43.5 13.75 19.5
v -43.5 13.5 19.5
v -40.8535614013672 13.75 16.8535633087158
v -40.8535614013672 13.5 16.8535633087158
v -43.25 13.75 14.457124710083
v -43.25 13.5 14.457124710083
v -43.25 13.75 13.1035633087158
v -43.25 13.5 13.1035633087158
v -46.75 13.75 13.1035633087158
v -46.75 13.5 13.1035633087158
v -46.75 13.75 14.457124710083
v -46.75 13.5 14.457124710083
v -49.1464385986328 13.75 16.8535633087158
v -49.1464385986328 13.5 16.8535633087158
v -46.5 13.75 19.5
v -46.5 13.5 19.5
v -24.4589385986328 13.5 -3.45893740653992
v -24.4589385986328 13.75 -3.45893740653992
v -21.8125 13.75 -6.10537499934435
v -21.8125 13.5 -6.10537499934435
v -25.1875 13.5 -4.1875
v -25.1875 13.75 -4.1875
v -22.5410614013672 13.75 -6.83393752574921
v -22.5410614013672 13.5 -6.83393752574921
v -25.125 13.75 -9.39643740653992
v -25.125 13.5 -9.39643740653992
v -26.875 13.75 -5.89643750339746
v -26.875 13.5 -5.89643750339746
v -43.25 13.5 9.6035623550415
v -43.25 13.75 9.6035623550415
v -43.25 13.75 6.1035623550415
v -43.25 13.5 6.1035623550415
v -46.75 13.75 6.1035623550415
v -46.75 13.5 6.1035623550415
v -46.75 13.5 9.6035623550415
v -46.75 13.75 9.6035623550415
v -50.8964385986328 13.5 18.6035633087158
v -50.8964385986328 13.75 18.6035633087158
v -52.25 13.75 18.6035633087158
v -52.25 13.5 18.6035633087158
v -52.25 13.75 22.1035633087158
v -52.25 13.5 22.1035633087158
v -49.1035614013672 13.75 22.1035633087158
v -49.1035614013672 13.5 22.1035633087158
v -47.3535614013672 13.75 20.3535633087158
v -47.3535614013672 13.5 20.3535633087158
v -50 13.75 17.707124710083
v -50 13.5 17.707124710083
v -53.25 13.5 18.6035633087158
v -53.25 13.75 18.6035633087158
v -58.25 13.75 18.6035633087158
v -58.25 13.5 18.6035633087158
v -58.25 13.75 22.1035633087158
v -58.25 13.5 22.1035633087158
v -53.25 13.75 22.1035633087158
v -53.25 13.5 22.1035633087158
v -40 13.5 -3.89643740653992
v -40 13.75 -3.89643740653992
v -39.6419067382813 13.75 -4.56590628623962
v -39.6419067382813 13.5 -4.56590628623962
v -38.9194717407227 13.75 -5.28834372758865
v -38.9194717407227 13.5 -5.28834372758865
v -38.25 13.75 -5.64643749594688
v -38.25 13.5 -5.64643749594688
v -38.25 13.5 -9.64643740653992
v -38.25 13.75 -9.64643740653992
v -38.9194717407227 13.75 -10.0045313835144
v -38.9194717407227 13.5 -10.0045313835144
v -39.6419067382813 13.5 -10.7269687652588
v -39.6419067382813 13.75 -10.7269687652588
v -40 13.75 -11.3964376449585
v -40 13.5 -11.3964376449585
v -50 13.75 -11.3964376449585
v -50 13.5 -11.3964376449585
v -50.3580932617188 13.5 -10.7269687652588
v -50.3580932617188 13.75 -10.7269687652588
v -51.0805282592773 13.75 -10.0045313835144
v -51.0805282592773 13.5 -10.0045313835144
v -50 13.5 -3.89643740653992
v -50 13.75 -3.89643740653992
v -50.3580932617188 13.5 -4.56590628623962
v -50.3580932617188 13.75 -4.56590628623962
v -51.0805282592773 13.5 -5.28834372758865
v -51.0805282592773 13.75 -5.28834372758865
v -51.75 13.5 -5.64643749594688
v -51.75 13.75 -5.64643749594688
v -51.75 13.75 -9.64643740653992
v -51.75 13.5 -9.64643740653992
v -61.75 13.5 22.1035633087158
v -61.75 13.75 22.1035633087158
v -61.75 13.75 18.6035633087158
v -61.75 13.5 18.6035633087158
v -63.125 13.75 18.6035633087158
v -63.125 13.5 18.6035633087158
v -64.875 13.5 22.1035633087158
v -64.875 13.75 22.1035633087158
v -52 13.5 -5.64643749594688
v -52 13.75 -5.64643749594688
v -64.8125 13.75 16.894624710083
v -64.8125 13.5 16.894624710083
v -67.4589385986328 13.5 19.5410633087158
v -67.4589385986328 13.75 19.5410633087158
v -52 13.5 -9.64643740653992
v -52 13.75 -9.64643740653992
v -70.75 13.5 16.2285633087158
v -70.75 13.75 16.2285633087158
v -68.1875 13.75 18.8125
v -68.1875 13.5 18.8125
v -65.5410614013672 13.75 16.1660633087158
v -65.5410614013672 13.5 16.1660633087158
v -67.25 13.75 14.4785633087158
v -67.25 13.5 14.4785633087158
v -67.25 13.75 13.1035633087158
v -67.25 13.5 13.1035633087158
v -70.75 13.5 13.1035633087158
v -70.75 13.75 13.1035633087158
v -70.75 13.5 9.6035623550415
v -70.75 13.75 9.6035623550415
v -67.25 13.75 9.6035623550415
v -67.25 13.5 9.6035623550415
v -67.25 13.75 3.1035623550415
v -67.25 13.5 3.1035623550415
v -70.75 13.5 3.1035623550415
v -70.75 13.75 3.1035623550415
v -61.75 13.5 -5.89643750339746
v -61.75 13.75 -5.89643750339746
v -61.75 13.75 -9.39643740653992
v -61.75 13.5 -9.39643740653992
v -63.125 13.5 -5.89643750339746
v -63.125 13.75 -5.89643750339746
v -64.875 13.75 -9.39643740653992
v -64.875 13.5 -9.39643740653992
v -64.8125 13.5 -4.1875
v -64.8125 13.75 -4.1875
v -67.4589385986328 13.75 -6.83393752574921
v -67.4589385986328 13.5 -6.83393752574921
v -68.1875 13.5 -6.10537499934435
v -68.1875 13.75 -6.10537499934435
v -70.75 13.75 -3.52143740653992
v -70.75 13.5 -3.52143740653992
v -65.5410614013672 13.5 -3.45893740653992
v -65.5410614013672 13.75 -3.45893740653992
v -67.25 13.5 -1.7714376449585
v -67.25 13.75 -1.7714376449585
v -67.25 13.5 -0.396437644958496
v -67.25 13.75 -0.396437644958496
v -70.75 13.75 -0.396437644958496
v -70.75 13.5 -0.396437644958496
v 84 8.5 -7
v 84 3.75 -7
v 84 6 -7
v 83 9 -7
v 83 6 -7
v 82 9 -7
v 82 7 -7
v 80 7 -7
v 80 9 -7
v 79 9 -7
v 79 6 -7
v 78 3.75 -7
v 78 8.5 -7
v 78 6 -7
v 84 3.5 -8.5
v 84 6 -8.5
v 84 6 -9
v 84 3.5 -9
v 84 3.5 -7
v 84 6 -7.5
v 84 3.5 -7.5
v 84 3.75 -7.5
v 84 3.75 -8.5
v 78 3.5 -7.5
v 78 6 -7.5
v 78 3.5 -7
v 78 3.5 -9
v 78 6 -9
v 78 6 -8.5
v 78 3.5 -8.5
v 78 3.75 -8.5
v 78 3.75 -7.5
v 73 4 -14
v 73 8.5 -14
v 73 6.75 -15
v 73 9 -15
v 73 6.75 -14
v 73 4 -15
v 73 4.25 -15
v 73 4.25 -14
v 73 8.5 -20
v 73 4 -20
v 73 6.75 -20
v 73 9 -19
v 73 6.75 -19
v 73 4.25 -20
v 73 4.25 -19
v 73 4 -19
v 73 7.75 -18
v 73 9 -18
v 73 9 -16
v 73 7.75 -16
v 73 4 -18
v 73 4.25 -18
v 73 4.25 -16
v 73 4 -16
v 36 3.75 2.5
v 36 6 2.5
v 36 6 1.5
v 36 3.75 1.5
v 36 3.5 1.5
v 36 6 1
v 36 3.5 1
v 36 3.5 3
v 36 6 3
v 36 3.5 2.5
v 54 3.5 2.5
v 54 6 2.5
v 54 6 3
v 54 3.5 3
v 54 3.75 1.5
v 54 6 1.5
v 54 3.75 2.5
v 54 3.5 1
v 54 6 1
v 54 3.5 1.5
v 78 8.5 -9
v 79 9 -9
v 79 6 -9
v 78 3.75 -9
v 80 7 -9
v 80 9 -9
v 82 9 -9
v 82 7 -9
v 83 9 -9
v 83 6 -9
v 84 3.75 -9
v 84 8.5 -9
v 89 3.5 -8.5
v 89 3.75 -8.5
v 89 3.5 -7.5
v 89 3.75 -7.5
v 73 3.5 -7.5
v 73 3.75 -7.5
v 73 3.5 -8.5
v 73 3.75 -8.5
v 71 4.25 -14
v 71 6.75 -14
v 71 6.75 -20
v 71 4.25 -20
v 43 4.25 -20
v 43 6.75 -20
v 41 6.75 -20
v 41 4.25 -20
v 36 3.5 -7.5
v 36 3.75 -7.5
v 41 3.75 -7.5
v 41 3.5 -7.5
v 41 3.5 -8.5
v 41 3.75 -8.5
v 36 3.75 -8.5
v 36 3.5 -8.5
v 30 3.5 -8.5
v 30 3.75 -8.5
v 25 3.75 -8.5
v 25 3.5 -8.5
v 25 3.75 -7.5
v 25 3.5 -7.5
v 30 3.75 -7.5
v 30 3.5 -7.5
v 65 6.25 -6
v 65 6 -6
v 65 9.75 -6
v 66.75 9.75 -6
v 66.75 6 -6
v 60 6.25 -6
v 60 10.25 -6
v 65 10.25 -6
v 55 8.75 -6
v 55 10.25 -6
v 56 10.25 -6
v 56 9.75 -6
v 58 10.25 -6
v 58 9.75 -6
v 59 8.75 -6
v 59 10.25 -6
v 60 8.75 -6
v 49 6.25 -6
v 49 10.25 -6
v 54 10.25 -6
v 54 6.25 -6
v 54 8.75 -6
v 65.25 3.5 -15
v 65.25 4.25 -15
v 66 4.25 -15
v 64.75 2.25 -10
v 49.25 2.25 -10
v 30 8.5 -9
v 30 3.75 -9
v 30 6 -9
v 31 9 -9
v 31 6 -9
v 54 3.75 -4
v 54 10.25 -4
v 55 8.75 -4
v 55 10.75 -4
v 54 8.75 -4
v 55 3.5 -4
v 55 6.25 -4
v 54 6.25 -4
v 64.25 10.25 -19
v 64.25 11.5 -19
v 64.25 11.5 -19.3584690093994
v 64.25 10.25 -19.3584690093994
v 63.3780937194824 11.5 -19.7676248550415
v 63.3780937194824 10.25 -19.7676248550415
v 62.7676248550415 11.5 -20.3780937194824
v 62.7676248550415 10.25 -20.3780937194824
v 62.3584690093994 11.5 -21.25
v 62.3584690093994 10.25 -21.25
v 51.6415309906006 10.25 -21.25
v 51.6415309906006 11.5 -21.25
v 51.2323741912842 11.5 -20.3780937194824
v 51.2323741912842 10.25 -20.3780937194824
v 49.75 10.25 -19.3584690093994
v 49.75 11.5 -19.3584690093994
v 49.75 11.5 -19
v 49.75 10.25 -19
v 50.6219062805176 10.25 -19.7676248550415
v 50.6219062805176 11.5 -19.7676248550415
v 68 4 -15.25
v 68 4.25 -15.25
v 68 4.25 -18.75
v 68 4 -18.75
v 65 4.25 -15
v 64.25 10.25 -14.6415309906006
v 64.25 11.5 -14.6415309906006
v 64.25 11.5 -15
v 64.25 10.25 -15
v 63.3780937194824 10.25 -14.2323751449585
v 63.3780937194824 11.5 -14.2323751449585
v 62.7676248550415 10.25 -13.6219062805176
v 62.7676248550415 11.5 -13.6219062805176
v 62.3584690093994 10.25 -12.75
v 62.3584690093994 11.5 -12.75
v 49.75 10.25 -15
v 49.75 11.5 -15
v 49.75 11.5 -14.6415309906006
v 49.75 10.25 -14.6415309906006
v 50.6219062805176 11.5 -14.2323751449585
v 50.6219062805176 10.25 -14.2323751449585
v 51.6415309906006 10.25 -12.75
v 51.6415309906006 11.5 -12.75
v 51.2323741912842 11.5 -13.6219062805176
v 51.2323741912842 10.25 -13.6219062805176
v 41 4.25 -14
v 41 6.75 -14
v 43 6.75 -14
v 43 4.25 -14
v 36 3.75 -9
v 36 8.5 -9
v 35 6 -9
v 35 9 -9
v 36 6 -9
v 60 3.5 1.5
v 60 6 1.5
v 60 6 1
v 60 3.5 1
v 60 3.75 2.5
v 60 6 2.5
v 60 3.75 1.5
v 60 3.5 3
v 60 6 3
v 60 3.5 2.5
v 67 4.25 -19
v 66 4.25 -19
v 67 4.25 -15
v 49 3.5 2.5
v 49 3.75 2.5
v 49 3.75 1.5
v 49 3.5 1.5
v 65 3.5 1.5
v 65 3.75 1.5
v 65 3.5 2.5
v 65 3.75 2.5
v 46 4 -15
v 46 4.25 -15
v 47 4.25 -15
v 46 4 -15.25
v 46 4.25 -15.25
v 47 4.25 -19
v 46 4.25 -19
v 46 4 -19
v 46 4.25 -18.75
v 46 4 -18.75
v 32 7 -9
v 32 9 -9
v 34 9 -9
v 34 7 -9
v 68 5.75 -6.15840624272823
v 68 9.75 -6.15840624272823
v 68.2360625267029 9.75 -6.19578124582767
v 65 6.25 -28
v 65 10.25 -28
v 49 10.25 -28
v 49 6.25 -28
v 48.75 3.5 -19
v 48.75 4.25 -19
v 48 4.25 -19
v 65.25 4.25 -19
v 65.25 3.5 -19
v 64.75 2.25 -24
v 49.25 2.25 -24
v 68 4 -19
v 68 4.25 -19
v 68 4 -15
v 68 4.25 -15
v 71 6.75 -19
v 71 8.25 -19
v 71 8.25 -20
v 71 7.75 -18
v 71 8.25 -18
v 71 7.75 -16
v 71 8.25 -16
v 71 6.75 -15
v 71 8.25 -15
v 71 8.25 -14
v 71 8.25 -12
v 71 8.25 -22
v 64.25 10.25 -18.75
v 64.25 11.5 -18.75
v 64.25 11.5 -15.25
v 64.25 10.25 -15.25
v 65 4.25 -19
v 49 6 -6
v 47.25 6 -6
v 47.25 9.75 -6
v 49 9.75 -6
v 46 5.75 -6.15840624272823
v 46 9.75 -6.15840624272823
v 47 9.75 -6
v 43.9375 5.25 -7.47528123855591
v 43.9375 9.25 -7.47528123855591
v 44.6488437652588 9.25 -6.76393747329712
v 43.0395946502686 4.75 -9.75
v 43.0395946502686 8.75 -9.75
v 43.1957817077637 8.75 -8.76393747329712
v 44.8601875305176 9.25 -6.65625
v 44.8601875305176 5.5 -6.65625
v 43.3143444061279 8.75 -8.53125
v 43.3143444061279 5 -8.53125
v 43 8.25 -14
v 43 8.25 -12
v 43 8.25 -22
v 43 8.25 -20
v 43 6.75 -15
v 43 8.25 -15
v 43 7.75 -16
v 43 8.25 -16
v 43 7.75 -18
v 43 8.25 -18
v 43 8.25 -19
v 43 6.75 -19
v 43 8.25 -11.75
v 43 4.5 -11.75
v 48 4.25 -15
v 48.75 4.25 -15
v 48.75 3.5 -15
v 49 4.25 -15
v 49 4.25 -19
v 67 9.75 -6
v 70.8042187690735 8.75 -8.76393747329712
v 70.9604063034058 8.75 -9.75
v 70.9604063034058 4.75 -9.75
v 49.75 11.5 -18.75
v 49.75 10.25 -18.75
v 49.75 10.25 -15.25
v 49.75 11.5 -15.25
v 70.0625 5.25 -7.47528123855591
v 70.0625 9.25 -7.47528123855591
v 70.2360625267029 9.25 -7.64884376525879
v 45.76393699646 9.75 -6.19578124582767
v 45.76393699646 9.25 -6.19578124582767
v 43.76393699646 9.25 -7.64884376525879
v 43.76393699646 8.75 -7.64884376525879
v 43 8.75 -10
v 43 8.25 -10
v 68.2360625267029 9.25 -6.19578124582767
v 69.1398124694824 9.25 -6.65625
v 69.1398124694824 5.5 -6.65625
v 71 8.25 -10
v 71 8.25 -11.75
v 71 4.5 -11.75
v 69.3511562347412 9.25 -6.76393747329712
v 70.6856560707092 5 -8.53125
v 70.6856560707092 8.75 -8.53125
v 71 8.75 -10
v 70.2360625267029 8.75 -7.64884376525879
v 30 3.75 -7
v 30 8.5 -7
v 31 6 -7
v 31 9 -7
v 30 6 -7
v 32 7 -7
v 32 9 -7
v 34 7 -7
v 34 9 -7
v 35 6 -7
v 35 9 -7
v 36 8.5 -7
v 36 3.75 -7
v 36 6 -7
v 30 3.5 -9
v 30 6 -8.5
v 30 6 -7.5
v 30 3.5 -7
v 36 3.5 -7
v 36 6 -7.5
v 36 6 -8.5
v 36 3.5 -9
v 41 8.5 -14
v 41 4 -14
v 41 9 -15
v 41 6.75 -15
v 41 4.25 -15
v 41 4 -15
v 41 4 -20
v 41 8.5 -20
v 41 6.75 -19
v 41 9 -19
v 41 4 -19
v 41 4.25 -19
v 41 9 -16
v 41 7.75 -16
v 41 4.25 -16
v 41 4 -16
v 41 9 -18
v 41 7.75 -18
v 41 4.25 -18
v 41 4 -18
v 49 6 -28
v 49 9.75 -28
v 47.25 9.75 -28
v 47.25 6 -28
v 47 9.75 -28
v 46 9.75 -27.8415946960449
v 46 5.75 -27.8415946960449
v 44.6488437652588 9.25 -27.23606300354
v 43.9375 9.25 -26.5247192382813
v 43.9375 5.25 -26.5247192382813
v 43.1957817077637 8.75 -25.23606300354
v 43.0395946502686 8.75 -24.25
v 43.0395946502686 4.75 -24.25
v 44.8601875305176 5.5 -27.34375
v 44.8601875305176 9.25 -27.34375
v 43.3143444061279 5 -25.46875
v 43.3143444061279 8.75 -25.46875
v 43 4.5 -22.25
v 43 8.25 -22.25
v 45.76393699646 9.75 -27.8042182922363
v 45.76393699646 9.25 -27.8042182922363
v 43.76393699646 9.25 -26.3511562347412
v 43.76393699646 8.75 -26.3511562347412
v 43 8.75 -24
v 43 8.25 -24
v 65 6 -28
v 66.75 6 -28
v 66.75 9.75 -28
v 65 9.75 -28
v 68 5.75 -27.8415946960449
v 68 9.75 -27.8415946960449
v 67 9.75 -28
v 70.0625 5.25 -26.5247192382813
v 70.0625 9.25 -26.5247192382813
v 69.3511562347412 9.25 -27.23606300354
v 70.9604063034058 4.75 -24.25
v 70.9604063034058 8.75 -24.25
v 70.8042187690735 8.75 -25.23606300354
v 69.1398124694824 9.25 -27.34375
v 69.1398124694824 5.5 -27.34375
v 70.6856560707092 8.75 -25.46875
v 70.6856560707092 5 -25.46875
v 71 8.25 -22.25
v 71 4.5 -22.25
v 68.2360625267029 9.75 -27.8042182922363
v 68.2360625267029 9.25 -27.8042182922363
v 70.2360625267029 9.25 -26.3511562347412
v 70.2360625267029 8.75 -26.3511562347412
v 71 8.75 -24
v 71 8.25 -24
v 60 6.25 -4
v 60 8.75 -4
v 54 10.25 1
v 54 3.75 1
v 55 10.75 1
v 55 6 1
v 60 3.75 1
v 60 10.25 1
v 59 6 1
v 59 10.75 1
v 56 7 1
v 56 10.75 1
v 58 10.75 1
v 58 7 1
v 60 10.25 -4
v 59 10.75 -4
v 59 8.75 -4
v 60 3.75 -4
v 59 6.25 -4
v 59 3.5 -4
v 58.5 10.75 -4
v 58 10.75 -4
v 58 9.75 -4
v 84 8.5 3
v 84 3.75 3
v 84 6 3
v 83 9 3
v 83 6 3
v 82 9 3
v 82 7 3
v 80 9 3
v 80 7 3
v 79 9 3
v 79 6 3
v 78 3.75 3
v 78 8.5 3
v 78 6 3
v 84 3.5 1.5
v 84 6 1.5
v 84 6 1
v 84 3.5 1
v 84 3.75 2.5
v 84 6 2.5
v 84 3.75 1.5
v 84 3.5 3
v 84 3.5 2.5
v 78 3.5 2.5
v 78 6 2.5
v 78 3.5 3
v 78 3.75 1.5
v 78 6 1.5
v 78 3.75 2.5
v 78 3.5 1
v 78 6 1
v 78 3.5 1.5
v 78 8.5 1
v 78 3.75 1
v 79 9 1
v 79 6 1
v 80 7 1
v 80 9 1
v 82 9 1
v 82 7 1
v 83 9 1
v 83 6 1
v 84 3.75 1
v 84 8.5 1
v 73 3.5 2.5
v 73 3.75 2.5
v 73 3.75 1.5
v 73 3.5 1.5
v 89 3.5 1.5
v 89 3.75 1.5
v 89 3.5 2.5
v 89 3.75 2.5
v 25 3.5 2.5
v 25 3.75 2.5
v 30 3.75 2.5
v 30 3.5 2.5
v 30 3.5 1.5
v 30 3.75 1.5
v 25 3.75 1.5
v 25 3.5 1.5
v 41 3.5 1.5
v 41 3.75 1.5
v 41 3.75 2.5
v 41 3.5 2.5
v 30 8.5 1
v 30 3.75 1
v 30 6 1
v 31 9 1
v 31 6 1
v 36 3.75 1
v 36 8.5 1
v 35 6 1
v 35 9 1
v 32 9 1
v 32 7 1
v 34 9 1
v 34 7 1
v 30 3.75 3
v 30 8.5 3
v 31 6 3
v 31 9 3
v 30 6 3
v 32 7 3
v 32 9 3
v 34 7 3
v 34 9 3
v 35 6 3
v 35 9 3
v 36 8.5 3
v 36 3.75 3
v 30 6 1.5
v 30 6 2.5
v 30 3.5 3
v 30 3.5 1
v 41 3.5 14
v 41 6 14
v 41.5 6 14
v 41.5 3.5 14
v 41.5 3.75 14
v 42.5 6 14
v 42.5 3.75 14
v 42.5 3.5 14
v 43 6 14
v 43 3.5 14
v 41.5 3.5 3
v 41.5 3.75 3
v 41.5 3.75 8
v 41.5 3.5 8
v 42.5 3.5 8
v 42.5 3.75 8
v 42.5 3.75 3
v 42.5 3.5 3
v 42.5 3.5 19
v 42.5 3.75 19
v 41.5 3.75 19
v 41.5 3.5 19
v 43 8.5 8
v 43 3.75 8
v 43 6 8
v 43 9 9
v 43 6 9
v 43 3.75 14
v 43 8.5 14
v 43 6 13
v 43 9 13
v 43 7 10
v 43 9 10
v 43 9 12
v 43 7 12
v 41 3.75 8
v 41 8.5 8
v 41 6 9
v 41 9 9
v 41 6 8
v 41 6 13
v 41 9 13
v 41 9 12
v 41 7 12
v 41 9 10
v 41 7 10
v 41 8.5 14
v 41 3.75 14
v 42.5 6 8
v 41.5 6 8
v 41 3.5 8
v 43 3.5 8
v 71 3.5 14
v 71 6 14
v 71.5 6 14
v 71.5 3.5 14
v 71.5 3.75 14
v 72.5 6 14
v 72.5 3.75 14
v 72.5 3.5 14
v 73 6 14
v 73 3.5 14
v 71.5 3.5 3
v 71.5 3.75 3
v 71.5 3.75 8
v 71.5 3.5 8
v 72.5 3.5 8
v 72.5 3.75 8
v 72.5 3.75 3
v 72.5 3.5 3
v 72.5 3.5 19
v 72.5 3.75 19
v 71.5 3.75 19
v 71.5 3.5 19
v 73 6 8
v 73 8.5 8
v 73 9 9
v 73 6 9
v 73 3.75 8
v 73 6 13
v 73 9 13
v 73 8.5 14
v 73 3.75 14
v 73 7 10
v 73 9 10
v 73 9 12
v 73 7 12
v 71 6 9
v 71 9 9
v 71 8.5 8
v 71 6 8
v 71 3.75 8
v 71 6 13
v 71 9 13
v 71 9 12
v 71 7 12
v 71 9 10
v 71 7 10
v 71 8.5 14
v 71 3.75 14
v 72.5 6 8
v 71.5 6 8
v 71 3.5 8
v 73 3.5 8
v 60 8.5 3
v 60 3.75 3
v 59 9 3
v 59 6 3
v 55 6 3
v 55 9 3
v 54 8.5 3
v 54 3.75 3
v 58 9 3
v 58 7 3
v 56 9 3
v 56 7 3
v 55.5 10.75 -4
v 56 9.75 -4
v 56 10.75 -4
v 83 3.5 -7
v 83 3.5 -9
v 79 3.5 -7
v 79 3.5 -9
v 35 3.5 3
v 35 3.5 1
v 55 3.5 1
v 55 3.5 3
v 59 3.5 1
v 59 3.5 3
v 31 3.5 -7
v 31 3.5 -9
v 35 3.5 -7
v 35 3.5 -9
v 83 3.5 3
v 83 3.5 1
v 79 3.5 3
v 79 3.5 1
v 31 3.5 3
v 31 3.5 1
v 43 3.5 13
v 41 3.5 13
v 43 3.5 9
v 41 3.5 9
v 73 3.5 13
v 71 3.5 13
v 71 3.5 9
v 73 3.5 9
v 85.5 5 -14.25
v 85.5 8 -14.25
v 76.5 5 -9.75
v 76.5 8 -9.75
v 78.25 5 -21.5
v 78.25 8 -21.5
v 82.75 9.5 0.25
v 82.75 13.5 0.25
v 82.75 13.5 -6.25
v 82.75 9.5 -6.25
v 79.25 9.5 0.25
v 79.25 13.5 0.25
v 79.25 9.5 -6.25
v 79.25 13.5 -6.25
v 79.25 9.5 -11.125
v 79.25 13.5 -11.125
v 79.25 13.5 -9.75
v 79.25 9.5 -9.75
v 82.75 9.5 -9.75
v 82.75 13.5 -9.75
v 82.75 13.5 -12.875
v 82.75 9.5 -12.875
v 77.5410625934601 9.5 -12.8125
v 77.5410625934601 13.5 -12.8125
v 80.1875 9.5 -15.4589376449585
v 80.1875 13.5 -15.4589376449585
v 76.8125 9.5 -13.5410623550415
v 76.8125 13.5 -13.5410623550415
v 79.4589376449585 13.5 -16.1875
v 79.4589376449585 9.5 -16.1875
v 75.125 9.5 -15.25
v 75.125 13.5 -15.25
v 76.875 13.5 -18.75
v 76.875 9.5 -18.75
v 73.75 9.5 -15.25
v 73.75 13.5 -15.25
v 73.75 9.5 -18.75
v 73.75 13.5 -18.75
v 34.5410614013672 9.5 -16.1875
v 34.5410614013672 13.5 -16.1875
v 37.1875 13.5 -13.5410623550415
v 37.1875 9.5 -13.5410623550415
v 37.125 9.5 -18.75
v 37.125 13.5 -18.75
v 38.875 13.5 -15.25
v 38.875 9.5 -15.25
v 40.25 13.5 -15.25
v 40.25 9.5 -15.25
v 40.25 9.5 -18.75
v 40.25 13.5 -18.75
v 31.25 9.5 -6.25
v 31.25 13.5 -6.25
v 31.25 13.5 0.25
v 31.25 9.5 0.25
v 34.75 9.5 -6.25
v 34.75 13.5 -6.25
v 34.75 9.5 0.25
v 34.75 13.5 0.25
v 63.0978746414185 2.25 -11.3819689750671
v 63.0978746414185 10.25 -11.3819689750671
v 63.38196849823 2.25 -10.8244376182556
v 63.38196849823 10.25 -10.8244376182556
v 63.8244371414185 2.25 -10.3819689750671
v 63.8244371414185 10.25 -10.3819689750671
v 64.38196849823 2.25 -10.0978751182556
v 64.38196849823 10.25 -10.0978751182556
v 50.9021244049072 10.25 -11.3819689750671
v 50.9021244049072 2.25 -11.3819689750671
v 50.6180305480957 10.25 -10.8244376182556
v 50.6180305480957 2.25 -10.8244376182556
v 50.1755619049072 10.25 -10.3819689750671
v 50.1755619049072 2.25 -10.3819689750671
v 49.6180305480957 10.25 -10.0978751182556
v 49.6180305480957 2.25 -10.0978751182556
v 63.0978746414185 8 -12.6180310249329
v 63.0978746414185 2.25 -12.6180310249329
v 63.38196849823 8 -13.1755623817444
v 63.38196849823 2.25 -13.1755623817444
v 63.8244371414185 8 -13.6180310249329
v 63.8244371414185 2.25 -13.6180310249329
v 64.38196849823 8 -13.9021248817444
v 64.38196849823 2.25 -13.9021248817444
v 65.25 10 -15
v 65.25 8.25 -15
v 34.75 9.5 -11.125
v 34.75 13.5 -11.125
v 36.4589385986328 13.5 -12.8125
v 36.4589385986328 9.5 -12.8125
v 33.8125 9.5 -15.4589376449585
v 33.8125 13.5 -15.4589376449585
v 31.25 13.5 -12.875
v 31.25 9.5 -12.875
v 34.75 9.5 -9.75
v 34.75 13.5 -9.75
v 31.25 9.5 -9.75
v 31.25 13.5 -9.75
v 63.75 11.5 -15.25
v 63.75 13.5 -15.25
v 63.75 13.5 -18.75
v 63.75 11.5 -18.75
v 65.61803150177 9.75 -10.0978751182556
v 65.61803150177 9.25 -10.0978751182556
v 65.375 9.75 -10.0332498550415
v 65.375 5.75 -10.0332498550415
v 63.0978746414185 10.25 -22.6180305480957
v 63.0978746414185 2.25 -22.6180305480957
v 63.38196849823 10.25 -23.1755619049072
v 63.38196849823 2.25 -23.1755619049072
v 63.8244371414185 10.25 -23.6180305480957
v 63.8244371414185 2.25 -23.6180305480957
v 64.38196849823 10.25 -23.9021244049072
v 64.38196849823 2.25 -23.9021244049072
v 50.9021244049072 2.25 -22.6180305480957
v 50.9021244049072 10.25 -22.6180305480957
v 50.6180305480957 2.25 -23.1755619049072
v 50.6180305480957 10.25 -23.1755619049072
v 50.1755619049072 2.25 -23.6180305480957
v 50.1755619049072 10.25 -23.6180305480957
v 49.6180305480957 2.25 -23.9021244049072
v 49.6180305480957 10.25 -23.9021244049072
v 65.61803150177 4.25 -20.0978746414185
v 65.61803150177 8.25 -20.0978746414185
v 66.1755628585815 4.25 -20.38196849823
v 66.1755628585815 8.25 -20.38196849823
v 66.61803150177 4.25 -20.8244371414185
v 66.61803150177 8.25 -20.8244371414185
v 66.9021253585815 4.25 -21.38196849823
v 66.9021253585815 8.25 -21.38196849823
v 66.61803150177 4.25 -13.1755623817444
v 66.61803150177 8.25 -13.1755623817444
v 66.9021253585815 8.25 -12.6180310249329
v 66.9021253585815 4.25 -12.6180310249329
v 66.1755628585815 4.25 -13.6180310249329
v 66.1755628585815 8.25 -13.6180310249329
v 65.61803150177 4.25 -13.9021248817444
v 65.61803150177 8.25 -13.9021248817444
v 63.75 13.5 -19
v 63.75 11.5 -19
v 63.75 11.5 -15
v 63.75 13.5 -15
v 63.0805311203003 11.5 -14.6419057846069
v 63.0805311203003 13.5 -14.6419057846069
v 62.3580942153931 11.5 -13.9194688796997
v 62.3580942153931 13.5 -13.9194688796997
v 62 11.5 -13.25
v 62 13.5 -13.25
v 62.3580942153931 11.5 -20.0805311203003
v 62.3580942153931 13.5 -20.0805311203003
v 62 13.5 -20.75
v 62 11.5 -20.75
v 63.0805311203003 11.5 -19.3580942153931
v 63.0805311203003 13.5 -19.3580942153931
v 52 11.5 -13.25
v 52 13.5 -13.25
v 51.6419067382813 11.5 -13.9194688796997
v 51.6419067382813 13.5 -13.9194688796997
v 50.9194679260254 11.5 -14.6419057846069
v 50.9194679260254 13.5 -14.6419057846069
v 50.25 11.5 -15
v 50.25 13.5 -15
v 50.9194679260254 11.5 -19.3580942153931
v 50.9194679260254 13.5 -19.3580942153931
v 50.25 13.5 -19
v 50.25 11.5 -19
v 52 11.5 -20.75
v 52 13.5 -20.75
v 51.6419067382813 13.5 -20.0805311203003
v 51.6419067382813 11.5 -20.0805311203003
v 64.38196849823 8 -20.0978746414185
v 64.38196849823 2.25 -20.0978746414185
v 63.8244371414185 8 -20.38196849823
v 63.8244371414185 2.25 -20.38196849823
v 63.38196849823 8 -20.8244371414185
v 63.38196849823 2.25 -20.8244371414185
v 63.0978746414185 8 -21.38196849823
v 63.0978746414185 2.25 -21.38196849823
v 65.25 8.25 -18.75
v 65.25 10 -18.75
v 65.25 10 -19
v 65.25 8.25 -19
v 65.25 8.25 -15.25
v 65.25 10 -15.25
v 50.25 11.5 -15.25
v 50.25 13.5 -15.25
v 50.25 13.5 -18.75
v 50.25 11.5 -18.75
v 48.625 9.75 -10.0332498550415
v 48.625 5.75 -10.0332498550415
v 47.8244380950928 9.25 -10.3819689750671
v 47.5501556396484 9.25 -10.65625
v 47.5501556396484 5.25 -10.65625
v 47.0978755950928 8.75 -11.3819689750671
v 47.0625 8.75 -11.5149998664856
v 47.0625 4.75 -11.5149998664856
v 48.03125 5.5 -10.2765936851501
v 48.03125 9.25 -10.2765936851501
v 47.2129058837891 5 -11.15625
v 47.2129058837891 8.75 -11.15625
v 47.0978755950928 4.25 -12.6180310249329
v 47.0978755950928 8.25 -12.6180310249329
v 47.3819694519043 8.25 -13.1755623817444
v 47.3819694519043 4.25 -13.1755623817444
v 47.8244380950928 8.25 -13.6180310249329
v 47.8244380950928 4.25 -13.6180310249329
v 48.3819694519043 8.25 -13.9021248817444
v 48.3819694519043 4.25 -13.9021248817444
v 47.3819694519043 4.25 -20.8244371414185
v 47.3819694519043 8.25 -20.8244371414185
v 47.0978755950928 8.25 -21.38196849823
v 47.0978755950928 4.25 -21.38196849823
v 47.8244380950928 4.25 -20.38196849823
v 47.8244380950928 8.25 -20.38196849823
v 48.3819694519043 4.25 -20.0978746414185
v 48.3819694519043 8.25 -20.0978746414185
v 48.75 10 -19
v 48.75 8.25 -19
v 48.75 8.25 -15.25
v 48.75 10 -15.25
v 48.75 10 -15
v 48.75 8.25 -15
v 48.75 8.25 -18.75
v 48.75 10 -18.75
v 66.9375 4.75 -11.5149998664856
v 66.9375 8.75 -11.5149998664856
v 66.9021253585815 8.75 -11.3819689750671
v 49.6180305480957 10 -13.9021248817444
v 49.6180305480957 2.25 -13.9021248817444
v 50.1755619049072 10 -13.6180310249329
v 50.1755619049072 2.25 -13.6180310249329
v 50.6180305480957 10 -13.1755623817444
v 50.6180305480957 2.25 -13.1755623817444
v 50.9021244049072 10 -12.6180310249329
v 50.9021244049072 2.25 -12.6180310249329
v 66.61803150177 9.25 -10.8244376182556
v 66.61803150177 8.75 -10.8244376182556
v 66.4498434066772 9.25 -10.65625
v 66.4498434066772 5.25 -10.65625
v 49.6180305480957 2.25 -20.0978746414185
v 49.6180305480957 10 -20.0978746414185
v 50.1755619049072 2.25 -20.38196849823
v 50.1755619049072 10 -20.38196849823
v 50.6180305480957 2.25 -20.8244371414185
v 50.6180305480957 10 -20.8244371414185
v 50.9021244049072 2.25 -21.38196849823
v 50.9021244049072 10 -21.38196849823
v 48.3819694519043 9.25 -10.0978751182556
v 48.3819694519043 9.75 -10.0978751182556
v 47.3819694519043 8.75 -10.8244376182556
v 47.3819694519043 9.25 -10.8244376182556
v 47 8.75 -11.75
v 65.96875 5.5 -10.2765936851501
v 65.96875 9.25 -10.2765936851501
v 66.1755628585815 9.25 -10.3819689750671
v 66.7870941162109 8.75 -11.15625
v 66.7870941162109 5 -11.15625
v 67 8.75 -11.75
v 28.5 5 -14.25
v 28.5 8 -14.25
v 37.5 5 -9.75
v 37.5 8 -9.75
v 35.75 5 -21.5
v 35.75 8 -21.5
v 48.625 5.75 -23.9667491912842
v 48.625 9.75 -23.9667491912842
v 47.5501556396484 5.25 -23.34375
v 47.5501556396484 9.25 -23.34375
v 47.8244380950928 9.25 -23.6180305480957
v 47.0625 4.75 -22.4850006103516
v 47.0625 8.75 -22.4850006103516
v 47.0978755950928 8.75 -22.6180305480957
v 48.03125 9.25 -23.7234058380127
v 48.03125 5.5 -23.7234058380127
v 47.2129058837891 8.75 -22.84375
v 47.2129058837891 5 -22.84375
v 48.3819694519043 9.75 -23.9021244049072
v 48.3819694519043 9.25 -23.9021244049072
v 47.3819694519043 9.25 -23.1755619049072
v 47.3819694519043 8.75 -23.1755619049072
v 47 8.75 -22.25
v 65.375 9.75 -23.9667491912842
v 65.375 5.75 -23.9667491912842
v 66.1755628585815 9.25 -23.6180305480957
v 66.4498434066772 9.25 -23.34375
v 66.4498434066772 5.25 -23.34375
v 66.9021253585815 8.75 -22.6180305480957
v 66.9375 8.75 -22.4850006103516
v 66.9375 4.75 -22.4850006103516
v 65.96875 5.5 -23.7234058380127
v 65.96875 9.25 -23.7234058380127
v 66.7870941162109 5 -22.84375
v 66.7870941162109 8.75 -22.84375
v 65.61803150177 9.25 -23.9021244049072
v 65.61803150177 9.75 -23.9021244049072
v 66.61803150177 8.75 -23.1755619049072
v 66.61803150177 9.25 -23.1755619049072
v 67 8.75 -22.25
v 58.75 11.25 -3.25
v 58.75 13.5 -3.25
v 55.25 13.5 -3.25
v 55.25 11.25 -3.25
v 55.25 11.25 0.25
v 55.25 13.5 0.25
v 58.75 13.5 0.25
v 58.75 11.25 0.25
v 28.5 5 8.25
v 28.5 8 8.25
v 35.75 5 15.5
v 35.75 8 15.5
v 37.5 8 3.75
v 37.5 5 3.75
v 85.5 5 8.25
v 85.5 8 8.25
v 76.5 5 3.75
v 76.5 8 3.75
v 78.25 5 15.5
v 78.25 8 15.5
v 82.75 9.5 6.875
v 82.75 13.5 6.875
v 82.75 13.5 3.75
v 82.75 9.5 3.75
v 79.25 13.5 3.75
v 79.25 9.5 3.75
v 79.25 13.5 5.125
v 79.25 9.5 5.125
v 77.5410625934601 13.5 6.8125
v 77.5410625934601 9.5 6.8125
v 80.1875 9.5 9.4589376449585
v 80.1875 13.5 9.4589376449585
v 79.4589376449585 9.5 10.1875
v 79.4589376449585 13.5 10.1875
v 76.8125 13.5 7.5410623550415
v 76.8125 9.5 7.5410623550415
v 76.875 9.5 12.75
v 76.875 13.5 12.75
v 75.125 13.5 9.25
v 75.125 9.5 9.25
v 73.75 9.5 9.25
v 73.75 13.5 9.25
v 73.75 13.5 12.75
v 73.75 9.5 12.75
v 38.875 9.5 9.25
v 38.875 13.5 9.25
v 37.1875 13.5 7.5410623550415
v 37.1875 9.5 7.5410623550415
v 34.5410614013672 9.5 10.1875
v 34.5410614013672 13.5 10.1875
v 37.125 13.5 12.75
v 37.125 9.5 12.75
v 40.25 9.5 12.75
v 40.25 13.5 12.75
v 40.25 13.5 9.25
v 40.25 9.5 9.25
v 31.25 9.5 6.875
v 31.25 13.5 6.875
v 33.8125 13.5 9.4589376449585
v 33.8125 9.5 9.4589376449585
v 36.4589385986328 13.5 6.8125
v 36.4589385986328 9.5 6.8125
v 34.75 13.5 5.125
v 34.75 9.5 5.125
v 34.75 13.5 3.75
v 34.75 9.5 3.75
v 31.25 9.5 3.75
v 31.25 13.5 3.75
v 49.75 5 6.5
v 49.75 8 6.5
v 52.5 5 3.75
v 52.5 8 3.75
v 64.25 5 6.5
v 64.25 8 6.5
v 61.5 5 3.75
v 61.5 8 3.75
v 54.25 8 15.5
v 54.25 5 15.5
v 59.75 8 15.5
v 59.75 5 15.5
v 57 9.5 8.6464376449585
v 57 13.5 8.6464376449585
v 58.5 13.5 10.1464366912842
v 58.5 9.5 10.1464366912842
v 55.5 9.5 10.1464366912842
v 55.5 13.5 10.1464366912842
v 52.8535633087158 9.5 7.5
v 52.8535633087158 13.5 7.5
v 55.25 9.5 5.1035623550415
v 55.25 13.5 5.1035623550415
v 55.25 9.5 3.75
v 55.25 13.5 3.75
v 58.75 9.5 3.75
v 58.75 13.5 3.75
v 58.75 9.5 5.1035623550415
v 58.75 13.5 5.1035623550415
v 61.1464376449585 9.5 7.5
v 61.1464376449585 13.5 7.5
v 51.1035633087158 9.5 9.25
v 51.1035633087158 13.5 9.25
v 49.75 13.5 9.25
v 49.75 9.5 9.25
v 52 9.5 8.3535623550415
v 52 13.5 8.3535623550415
v 54.6464366912842 9.5 11
v 54.6464366912842 13.5 11
v 52.8964366912842 9.5 12.75
v 52.8964366912842 13.5 12.75
v 49.75 9.5 12.75
v 49.75 13.5 12.75
v 48.75 9.5 9.25
v 48.75 13.5 9.25
v 43.75 13.5 9.25
v 43.75 9.5 9.25
v 48.75 9.5 12.75
v 48.75 13.5 12.75
v 43.75 9.5 12.75
v 43.75 13.5 12.75
v 59.3535623550415 9.5 11
v 59.3535623550415 13.5 11
v 61.1035623550415 13.5 12.75
v 61.1035623550415 9.5 12.75
v 62 9.5 8.3535623550415
v 62 13.5 8.3535623550415
v 62.8964376449585 9.5 9.25
v 62.8964376449585 13.5 9.25
v 64.25 9.5 9.25
v 64.25 13.5 9.25
v 64.25 9.5 12.75
v 64.25 13.5 12.75
v 65.25 9.5 12.75
v 65.25 13.5 12.75
v 70.25 13.5 12.75
v 70.25 9.5 12.75
v 65.25 9.5 9.25
v 65.25 13.5 9.25
v 70.25 9.5 9.25
v 70.25 13.5 9.25
v -85 0 34
v -85 14 34
v -85 14 -26
v -85 0 -26
v -5 0 34
v -5 14 34
v -5 0 -26
v -5 14 -26
v -19 13.75 9.8535623550415
v -19 14 9.8535623550415
v -19 14 2.8535623550415
v -19 13.75 2.8535623550415
v -23 13.75 9.8535623550415
v -23 14 9.8535623550415
v -23 13.75 2.8535623550415
v -23 14 2.8535623550415
v -23 13.75 -1.66696882247925
v -23 14 -1.66696882247925
v -23 14 -0.146437644958496
v -23 13.75 -0.146437644958496
v -24.8136215209961 13.75 -3.45781254768372
v -24.8136215209961 14 -3.45781254768372
v -21.8117523193359 13.75 -6.45965623855591
v -21.8117523193359 14 -6.45965623855591
v -19 13.75 -3.62437510490417
v -19 14 -3.62437510490417
v -19 13.75 -0.146437644958496
v -19 14 -0.146437644958496
v -25.1886215209961 13.75 -3.83281254768372
v -25.1886215209961 14 -3.83281254768372
v -22.1867828369141 14 -6.83468747138977
v -22.1867828369141 13.75 -6.83468747138977
v -27.1786575317383 13.75 -5.8481562435627
v -27.1786575317383 14 -5.8481562435627
v -25.1941528320313 13.75 -9.81712508201599
v -25.1941528320313 14 -9.81712508201599
v -52.25 13.75 -9.89643740653992
v -52.25 14 -9.89643740653992
v -52.25 14 -5.39643752574921
v -52.25 13.75 -5.39643752574921
v -51.8126525878906 13.75 -9.89643740653992
v -51.8126525878906 14 -9.89643740653992
v -51.2311248779297 13.75 -10.2074999809265
v -51.2311248779297 14 -10.2074999809265
v -50.5610656738281 13.75 -10.8775625228882
v -50.5610656738281 14 -10.8775625228882
v -50.1497802734375 13.75 -11.6464376449585
v -50.1497802734375 14 -11.6464376449585
v -39.8502197265625 13.75 -11.6464376449585
v -39.8502197265625 14 -11.6464376449585
v -39.4389343261719 13.75 -10.8775625228882
v -39.4389343261719 14 -10.8775625228882
v -38.7688751220703 13.75 -10.2074999809265
v -38.7688751220703 14 -10.2074999809265
v -38 13.75 -9.79621863365173
v -38 14 -9.79621863365173
v -38 13.75 -5.49665623903275
v -38 14 -5.49665623903275
v -38.7688751220703 13.75 -5.08537501096725
v -38.7688751220703 14 -5.08537501096725
v -39.4389343261719 13.75 -4.41531252861023
v -39.4389343261719 14 -4.41531252861023
v -39.8502197265625 13.75 -3.64643740653992
v -39.8502197265625 14 -3.64643740653992
v -50.1497802734375 13.75 -3.64643740653992
v -50.1497802734375 14 -3.64643740653992
v -50.5610656738281 13.75 -4.41531252861023
v -50.5610656738281 14 -4.41531252861023
v -51.2311248779297 13.75 -5.08537501096725
v -51.2311248779297 14 -5.08537501096725
v -51.8126525878906 13.75 -5.39643752574921
v -51.8126525878906 14 -5.39643752574921
v -49.5 13.75 16.8535633087158
v -49.5 14 16.8535633087158
v -46.5 14 19.8535633087158
v -46.5 13.75 19.8535633087158
v -47 13.75 14.3535633087158
v -47 14 14.3535633087158
v -47 13.75 12.8535633087158
v -47 14 12.8535633087158
v -43 13.75 12.8535633087158
v -43 14 12.8535633087158
v -43 13.75 14.3535633087158
v -43 14 14.3535633087158
v -40.5 13.75 16.8535633087158
v -40.5 14 16.8535633087158
v -43.5 13.75 19.8535633087158
v -43.5 14 19.8535633087158
v -45 13.75 18.3535633087158
v -45 14 18.3535633087158
v -47 13.75 20.3535633087158
v -47 14 20.3535633087158
v -50 14 17.3535633087158
v -50 13.75 17.3535633087158
v -49 13.75 22.3535633087158
v -49 14 22.3535633087158
v -52.5 13.75 22.3535633087158
v -52.5 14 22.3535633087158
v -52.5 13.75 18.3535633087158
v -52.5 14 18.3535633087158
v -51 13.75 18.3535633087158
v -51 14 18.3535633087158
v -61.5 13.75 -5.64643749594688
v -61.5 14 -5.64643749594688
v -61.5 14 -9.64643740653992
v -61.5 13.75 -9.64643740653992
v -63.0205383300781 13.75 -5.64643749594688
v -63.0205383300781 14 -5.64643749594688
v -64.8113708496094 13.75 -3.83281254768372
v -64.8113708496094 14 -3.83281254768372
v -67.8132171630859 13.75 -6.83468747138977
v -67.8132171630859 14 -6.83468747138977
v -64.9779357910156 13.75 -9.64643740653992
v -64.9779357910156 14 -9.64643740653992
v -67 13.75 -0.146437644958496
v -67 14 -0.146437644958496
v -67 14 -1.66696882247925
v -67 13.75 -1.66696882247925
v -71 13.75 -0.146437644958496
v -71 14 -0.146437644958496
v -71 13.75 -3.62437510490417
v -71 14 -3.62437510490417
v -68.1882476806641 13.75 -6.45965623855591
v -68.1882476806641 14 -6.45965623855591
v -65.1863708496094 13.75 -3.45781254768372
v -65.1863708496094 14 -3.45781254768372
v -71 13.75 9.8535623550415
v -71 14 9.8535623550415
v -67 14 9.8535623550415
v -67 13.75 9.8535623550415
v -71 13.75 2.8535623550415
v -71 14 2.8535623550415
v -67 13.75 2.8535623550415
v -67 14 2.8535623550415
v -43 13.75 20.3535633087158
v -43 14 20.3535633087158
v -41 14 22.3535633087158
v -41 13.75 22.3535633087158
v -40 13.75 17.3535633087158
v -40 14 17.3535633087158
v -39 13.75 18.3535633087158
v -39 14 18.3535633087158
v -37.5 13.75 18.3535633087158
v -37.5 14 18.3535633087158
v -37.5 13.75 22.3535633087158
v -37.5 14 22.3535633087158
v -53 13.75 22.3535633087158
v -53 14 22.3535633087158
v -53 14 18.3535633087158
v -53 13.75 18.3535633087158
v -58.5 13.75 22.3535633087158
v -58.5 14 22.3535633087158
v -58.5 13.75 18.3535633087158
v -58.5 14 18.3535633087158
v -22.1867828369141 13.75 19.5418128967285
v -22.1867828369141 14 19.5418128967285
v -25.1886215209961 14 16.5399379730225
v -25.1886215209961 13.75 16.5399379730225
v -25.0220642089844 13.75 22.3535633087158
v -25.0220642089844 14 22.3535633087158
v -28.5 13.75 22.3535633087158
v -28.5 14 22.3535633087158
v -28.5 13.75 18.3535633087158
v -28.5 14 18.3535633087158
v -26.9794692993164 13.75 18.3535633087158
v -26.9794692993164 14 18.3535633087158
v -37 13.75 18.3535633087158
v -37 14 18.3535633087158
v -37 14 22.3535633087158
v -37 13.75 22.3535633087158
v -31.5 13.75 18.3535633087158
v -31.5 14 18.3535633087158
v -31.5 13.75 22.3535633087158
v -31.5 14 22.3535633087158
v -67 13.75 12.8535633087158
v -67 14 12.8535633087158
v -71 14 12.8535633087158
v -71 13.75 12.8535633087158
v -67 13.75 14.3740940093994
v -67 14 14.3740940093994
v -65.1863708496094 13.75 16.1649379730225
v -65.1863708496094 14 16.1649379730225
v -68.1882476806641 13.75 19.1667804718018
v -68.1882476806641 14 19.1667804718018
v -71 13.75 16.3314990997314
v -71 14 16.3314990997314
v -64.8113708496094 13.75 16.5399379730225
v -64.8113708496094 14 16.5399379730225
v -67.8132171630859 14 19.5418128967285
v -67.8132171630859 13.75 19.5418128967285
v -63.0205383300781 13.75 18.3535633087158
v -63.0205383300781 14 18.3535633087158
v -61.5 13.75 18.3535633087158
v -61.5 14 18.3535633087158
v -61.5 13.75 22.3535633087158
v -61.5 14 22.3535633087158
v -64.9779357910156 13.75 22.3535633087158
v -64.9779357910156 14 22.3535633087158
v -21.8117523193359 13.75 19.1667804718018
v -21.8117523193359 14 19.1667804718018
v -19 14 16.3314990997314
v -19 13.75 16.3314990997314
v -24.8136215209961 13.75 16.1649379730225
v -24.8136215209961 14 16.1649379730225
v -23 13.75 14.3740940093994
v -23 14 14.3740940093994
v -23 13.75 12.8535633087158
v -23 14 12.8535633087158
v -19 13.75 12.8535633087158
v -19 14 12.8535633087158
v -43 13.75 9.8535623550415
v -43 14 9.8535623550415
v -43 14 5.8535623550415
v -43 13.75 5.8535623550415
v -47 13.75 9.8535623550415
v -47 14 9.8535623550415
v -47 13.75 5.8535623550415
v -47 14 5.8535623550415
v -1 0 38
v -1 36 38
v -1 36 -30
v -1 0 -30
v -89 0 38
v -89 36 38
v -89 0 -30
v -89 36 -30
v 83 3.5 -6.5
v 79 3.5 -6.5
v 82 3.5 -7
v 82 3.5 -9
v 80 3.5 -9
v 80 3.5 -7
v 76.8125 3.5 -13.1875
v 75 3.5 -15
v 76.8125 3.5 -13.5410623550415
v 75.125 3.5 -15.25
v 77 3.5 -19
v 76.875 3.5 -18.75
v 79.4589376449585 3.5 -16.1875
v 79.8125 3.5 -16.1875
v 79 3.5 -9.5
v 79 3.5 -11
v 79.25 3.5 -9.75
v 79.25 3.5 -11.125
v 83 3.5 -13
v 82.75 3.5 -12.875
v 82.75 3.5 -9.75
v 83 3.5 -9.5
v 77.1875 3.5 -12.8125
v 83 3.5 0.5
v 79 3.5 0.25
v 79 3.5 0.5
v 82.75 3.5 0.25
v 79.25 3.5 0.25
v 79.25 3.5 -6.25
v 82.75 3.5 -6.25
v 58 3.5 3
v 58 3.5 1
v 56 3.5 1
v 56 3.5 3
v 73.75 3.5 -18.75
v 73.75 3.5 -15.25
v 80.1875 3.5 -15.8125
v 80.1875 3.5 -15.4589376449585
v 77.5410625934601 3.5 -12.8125
v 38.875 3.5 -15.25
v 37.125 3.5 -18.75
v 34.5410614013672 3.5 -16.1875
v 37.1875 3.5 -13.5410623550415
v 40.25 3.5 -15.25
v 40.25 3.5 -18.75
v 34.75 3.5 0.25
v 34.75 3.5 -6.25
v 31.25 3.5 -6.25
v 31.25 3.5 0.25
v 37.1875 3.5 -13.1875
v 34.1875 3.5 -16.1875
v 33.8125 3.5 -15.8125
v 36.8125 3.5 -12.8125
v 62.25 2.75 -18.75
v 62.25 2.75 -15.25
v 63.75 3 -18.75
v 63.75 3 -15.25
v 31 3.5 -9.5
v 55 3.5 -3.5
v 67.25 4 -18.75
v 67.25 4 -15.25
v 64.75 3.25 -18.75
v 64.75 3.25 -15.25
v 61.25 2.5 -18.75
v 61.25 2.5 -15.25
v 36.4589385986328 3.5 -12.8125
v 33.8125 3.5 -15.4589376449585
v 31.25 3.5 -12.875
v 34.75 3.5 -11.125
v 31.25 3.5 -9.75
v 34.75 3.5 -9.75
v 32 3.5 -9
v 32 3.5 -7
v 34 3.5 -9
v 34 3.5 -7
v 37 3.5 -19
v 35 3.5 -9.5
v 65.25 3.5 -18.75
v 65.25 3.5 -15.25
v 64.25 3.25 -18.75
v 64.25 3.25 -15.25
v 63.25 3 -18.75
v 63.25 3 -15.25
v 35 3.5 -11
v 31 3.5 -13
v 39 3.5 -15
v 35 3.5 -6.5
v 35 3.5 0.5
v 66.25 3.75 -18.75
v 66.25 3.75 -15.25
v 51.75 2.75 -18.75
v 51.75 2.75 -15.25
v 50.25 3 -15.25
v 50.25 3 -18.75
v 46.75 4 -15.25
v 46.75 4 -18.75
v 49.25 3.25 -15.25
v 49.25 3.25 -18.75
v 52.75 2.5 -15.25
v 52.75 2.5 -18.75
v 48.75 3.5 -15.25
v 48.75 3.5 -18.75
v 49.75 3.25 -15.25
v 49.75 3.25 -18.75
v 50.75 3 -15.25
v 50.75 3 -18.75
v 47.75 3.75 -15.25
v 47.75 3.75 -18.75
v 31 3.5 -6.5
v 31 3.5 0.5
v 31 3.5 0.25
v 55 3.5 0.5
v 59 3.5 0.5
v 59 3.5 -3.5
v 55 3.5 0.25
v 58.75 3.5 0.25
v 55.25 3.5 0.25
v 55.25 3.5 -3.25
v 58.75 3.5 -3.25
v 83 3.5 3.5
v 79 3.5 3.5
v 82 3.5 3
v 82 3.5 1
v 80 3.5 1
v 80 3.5 3
v 32 3.5 3
v 32 3.5 1
v 34 3.5 1
v 34 3.5 3
v 31 3.5 3.5
v 35 3.5 3.5
v 76.8125 3.5 7.1875
v 75 3.5 9
v 76.875 3.5 12.75
v 77 3.5 13
v 79.8125 3.5 10.1875
v 79.4589376449585 3.5 10.1875
v 75.125 3.5 9.25
v 76.8125 3.5 7.5410623550415
v 31 3.5 7
v 79 3.5 5
v 82.75 3.5 6.875
v 83 3.5 7
v 82.75 3.5 3.75
v 79.25 3.5 5.125
v 79.25 3.5 3.75
v 35 3.5 5
v 36.8125 3.5 6.8125
v 77.1875 3.5 6.8125
v 73.5 3.5 9
v 73.75 3.5 9.25
v 73.75 3.5 12.75
v 73.5 3.5 13
v 80.1875 3.5 9.8125
v 77.5410625934601 3.5 6.8125
v 80.1875 3.5 9.4589376449585
v 38.875 3.5 9.25
v 37.1875 3.5 7.5410623550415
v 34.5410614013672 3.5 10.1875
v 37.125 3.5 12.75
v 40.25 3.5 9.25
v 40.25 3.5 12.75
v 37.1875 3.5 7.1875
v 33.8125 3.5 9.8125
v 34.1875 3.5 10.1875
v 36.4589385986328 3.5 6.8125
v 34.75 3.5 5.125
v 31.25 3.5 6.875
v 33.8125 3.5 9.4589376449585
v 34.75 3.5 3.75
v 31.25 3.5 3.75
v 40.5 3.5 13
v 37 3.5 13
v 39 3.5 9
v 40.5 3.5 9
v 43.5 3.5 9
v 43 3.5 10
v 41 3.5 10
v 43 3.5 12
v 41 3.5 12
v 43.5 3.5 13
v 71 3.5 10
v 73 3.5 10
v 73 3.5 12
v 71 3.5 12
v 70.5 3.5 9
v 70.5 3.5 13
v 59 3.5 3.5
v 55 3.5 3.5
v 48.75 3.5 12.75
v 43.5 3.5 12.75
v 43.75 3.5 12.75
v 43.75 3.5 9.25
v 49 3.5 13
v 48.75 3.5 9.25
v 49 3.5 9
v 62 3.5 8
v 63 3.5 9
v 61.5 3.5 7.5
v 58.5 3.5 10.5
v 59 3.5 11
v 49.5 3.5 13
v 49.5 3.5 9
v 64.5 3.5 9
v 55 3.5 11
v 53 3.5 13
v 57 3.5 9
v 55 3.5 5
v 55.5 3.5 10.5
v 61 3.5 13
v 64.5 3.5 13
v 52 3.5 8
v 51 3.5 9
v 59.3535623550415 3.5 11
v 61.1035623550415 3.5 12.75
v 62 3.5 8.3535623550415
v 64.25 3.5 12.75
v 62.8964376449585 3.5 9.25
v 64.25 3.5 9.25
v 52.8964366912842 3.5 12.75
v 49.5 3.5 12.75
v 49.75 3.5 12.75
v 49.75 3.5 9.25
v 51.1035633087158 3.5 9.25
v 54.6464366912842 3.5 11
v 52 3.5 8.3535623550415
v 52.5 3.5 7.5
v 59 3.5 5
v 65 3.5 9
v 65 3.5 13
v 65 3.5 12.75
v 70.25 3.5 12.75
v 65.25 3.5 12.75
v 65.25 3.5 9.25
v 70.25 3.5 9.25
v 52.8535633087158 3.5 7.5
v 55.5 3.5 10.1464366912842
v 55.25 3.5 5.1035623550415
v 57 3.5 8.6464376449585
v 55.25 3.5 3.75
v 58.5 3.5 10.1464366912842
v 58.75 3.5 3.75
v 61.1464376449585 3.5 7.5
v 58.75 3.5 5.1035623550415
v 65 10 -18.75
v 65 10 -15.25
v 65 10 -15
v 65 10 -19
v 49 10 -19
v 49 10 -15
v 49 10 -18.75
v 49 10 -15.25
v 58 10.75 -3.625
v 56 10.75 -3.625
v 58 10.75 -3.875
v 56 10.75 -3.875
v -23 13.75 3.1035623550415
v -24.8125 13.75 -3.45893740653992
v -27.1545181274414 13.75 -5.89643750339746
v -52.25 13.75 -9.64643740653992
v -52.5 13.75 18.6035633087158
v -67.8124694824219 13.75 -6.83393752574921
v -71 13.75 -3.52143740653992
v -71 13.75 3.1035623550415
v -58.5 13.75 18.6035633087158
v -28.5 13.75 18.6035633087158
v -37 13.75 18.6035633087158
v -71 13.75 13.1035633087158
v -67.8124694824219 13.75 19.5410633087158
v -24.8125 13.75 16.1660633087158
v -47 13.75 6.1035623550415
v 58 10.25 -10.125
v 56 10.25 -10
v 56 10.25 -10.125
v 58 10.25 -10
v 55.5 10.25 -10
v 55.5 10.25 -9.5
v 56 10.25 -9.5
v 58 10.25 -9.5
v 58.5 10.25 -9.5
v 58.5 10.25 -10
v 58.5 10.25 -10.5
v 58 10.25 -10.5
v 58 10.25 -10.375
v 56 10.25 -10.375
v 56 10.25 -10.5
v 55.5 10.25 -10.5
v 75 9.5 -15
v 77 9.5 -19
v 79 9.5 -11
v 83 9.5 -13
v 79 9.5 0.25
v 64 11.5 -18.75
v 64 11.5 -15.25
v 66 8.25 -15.25
v 66 8.25 -15
v 50.6219062805176 2.25 -19.7676248550415
v 49.75 2.25 -19.3584690093994
v 64.25 2.25 -19.3584690093994
v 63.3780937194824 2.25 -19.7676248550415
v 63.0805311203003 2.25 -19.3580942153931
v 62.3580942153931 2.25 -20.0805311203003
v 62 2.25 -20.75
v 50.9194679260254 2.25 -19.3580942153931
v 51.6419067382813 2.25 -20.0805311203003
v 52 2.25 -20.75
v 62.7676248550415 2.25 -20.3780937194824
v 51.2323741912842 2.25 -20.3780937194824
v 62.3584690093994 2.25 -21.25
v 51.6415309906006 2.25 -21.25
v 68 8.25 -18.75
v 67.25 8.25 -15.25
v 67.25 8.25 -18.75
v 68 8.25 -15.25
v 63.1771879196167 2.25 -13.3243436813354
v 62.8630933761597 2.25 -12.7079062461853
v 63.6756563186646 2.25 -13.8228125572205
v 64.2920932769775 2.25 -14.1369066238403
v 49.75 2.25 -14.6415309906006
v 51.2323741912842 2.25 -13.6219062805176
v 50.6219062805176 2.25 -14.2323751449585
v 51.6415309906006 2.25 -12.75
v 63.3780937194824 2.25 -14.2323751449585
v 62.7676248550415 2.25 -13.6219062805176
v 62.3584690093994 2.25 -12.75
v 64.25 2.25 -14.6415309906006
v 51.136905670166 2.25 -12.7079062461853
v 49.7079067230225 2.25 -14.1369066238403
v 50.3243446350098 2.25 -13.8228125572205
v 50.8228130340576 2.25 -13.3243436813354
v 50.9194679260254 2.25 -14.6419057846069
v 51.6419067382813 2.25 -13.9194688796997
v 52 2.25 -13.25
v 63.0805311203003 2.25 -14.6419057846069
v 62.3580942153931 2.25 -13.9194688796997
v 62 2.25 -13.25
v 64 11.5 -15
v 64 11.5 -19
v 37 9.5 -19
v 67 8.25 -18.75
v 66 8.25 -19
v 67 8.25 -19
v 66.25 8.25 -18.75
v 67 8.25 -15
v 66.25 8.25 -15.25
v 67 8.25 -15.25
v 66 8.25 -18.75
v 46.75 8.25 -15.25
v 46 8.25 -15
v 46 8.25 -15.25
v 46 8.25 -19
v 46.75 8.25 -18.75
v 46 8.25 -18.75
v 47 8.25 -19
v 47 8.25 -15
v 35 9.5 -11
v 31 9.5 -13
v 39 9.5 -15
v 48 8.25 -18.75
v 48 8.25 -19
v 68 8.25 -19
v 68 8.25 -15
v 64.2920932769775 2.25 -19.8630933761597
v 63.6756563186646 2.25 -20.1771879196167
v 63.1771879196167 2.25 -20.6756563186646
v 62.8630933761597 2.25 -21.2920932769775
v 51.136905670166 2.25 -21.2920932769775
v 49.7079067230225 2.25 -19.8630933761597
v 50.3243446350098 2.25 -20.1771879196167
v 50.8228130340576 2.25 -20.6756563186646
v 50 11.5 -18.75
v 50 11.5 -15.25
v 48 8.25 -15.25
v 48 8.25 -15
v 50 11.5 -15
v 50 11.5 -19
v 47.75 8.25 -15.25
v 47 8.25 -15.25
v 47.75 8.25 -18.75
v 47 8.25 -18.75
v 31 9.5 0.25
v 55 11.25 0.25
v 75 9.5 9
v 77 9.5 13
v 31 9.5 7
v 79 9.5 5
v 83 9.5 7
v 35 9.5 5
v 37 9.5 13
v 39 9.5 9
v 43.5 9.5 12.75
v 63 9.5 9
v 53 9.5 13
v 57 9.5 9
v 55 9.5 5
v 61 9.5 13
v 51 9.5 9
v 49.5 9.5 12.75
v 59 9.5 5
v 65 9.5 12.75
v -85 14 19.5418128967285
v -64.5016937255859 14 16.8535633087158
v -41.1886215209961 14 16.1649379730225
v -85 14 12.8535633087158
v -85 14 2.8535623550415
v -67 14 5.8535623550415
v -85 14 -3.62437510490417
v -85 14 -6.83468747138977
v -85 14 -9.89643740653992
v -38 14 -5.8481562435627
v 63 13.5 -18.75
v 62.25 13.5 -15.25
v 62.25 13.5 -18.75
v 63 13.5 -15.25
v 62 13.5 -18.75
v 61.25 13.5 -15.25
v 61.25 13.5 -18.75
v 62 13.5 -15.25
v 63.25 13.5 -15.25
v 63.25 13.5 -18.75
v 53 13.5 -19
v 52 13.5 -18.75
v 52 13.5 -19
v 52 13.5 -15.25
v 53 13.5 -15
v 52 13.5 -15
v 52.75 13.5 -15.25
v 52.75 13.5 -18.75
v 51.75 13.5 -15.25
v 51 13.5 -15
v 51 13.5 -15.25
v 51 13.5 -19
v 51.75 13.5 -18.75
v 51 13.5 -18.75
v 61 13.5 -19
v 62 13.5 -19
v 62 13.5 -15
v 61 13.5 -15
v 63 13.5 -19
v 63 13.5 -15
v 50.75 13.5 -18.75
v 50.75 13.5 -15.25
v -67.25 36 13.1035633087158
v -70.75 36 16.2285633087158
v -70.75 36 13.1035633087158
v -67.25 36 14.4785633087158
v -68.1875 36 18.8125
v -65.5410614013672 36 16.1660633087158
v -67.25 36 3.1035623550415
v -70.75 36 9.6035623550415
v -70.75 36 3.1035623550415
v -67.25 36 9.6035623550415
v -65.5410614013672 36 -3.45893740653992
v -70.75 36 -3.52143740653992
v -68.1875 36 -6.10537499934435
v -67.25 36 -1.7714376449585
v -70.75 36 -0.396437644958496
v -67.25 36 -0.396437644958496
v -63.125 36 18.6035633087158
v -67.4589385986328 36 19.5410633087158
v -64.8125 36 16.894624710083
v -61.75 36 22.1035633087158
v -61.75 36 18.6035633087158
v -64.875 36 22.1035633087158
v -61.75 36 -9.39643740653992
v -67.4589385986328 36 -6.83393752574921
v -64.875 36 -9.39643740653992
v -61.75 36 -5.89643750339746
v -63.125 36 -5.89643750339746
v -64.8125 36 -4.1875
v -53.25 36 22.1035633087158
v -58.25 36 18.6035633087158
v -53.25 36 18.6035633087158
v -58.25 36 22.1035633087158
v -47.3535614013672 36 20.3535633087158
v -50.8964385986328 36 18.6035633087158
v -50 36 17.707124710083
v -49.1035614013672 36 22.1035633087158
v -52.25 36 22.1035633087158
v -52.25 36 18.6035633087158
v -51.75 36 -9.64643740653992
v -52 36 -5.64643749594688
v -52 36 -9.64643740653992
v -40 36 -11.3964376449585
v -50.3580932617188 36 -10.7269687652588
v -50 36 -11.3964376449585
v -39.6419067382813 36 -10.7269687652588
v -38.25 36 -5.64643749594688
v -38.9194717407227 36 -10.0045313835144
v -38.25 36 -9.64643740653992
v -38.9194717407227 36 -5.28834372758865
v -50 36 -3.89643740653992
v -39.6419067382813 36 -4.56590628623962
v -40 36 -3.89643740653992
v -50.3580932617188 36 -4.56590628623962
v -51.75 36 -5.64643749594688
v -51.0805282592773 36 -10.0045313835144
v -51.0805282592773 36 -5.28834372758865
v -43.25 36 13.1035633087158
v -46.75 36 14.457124710083
v -46.75 36 13.1035633087158
v -43.25 36 14.457124710083
v -43.5 36 19.5
v -40.8535614013672 36 16.8535633087158
v -45 36 18
v -49.1464385986328 36 16.8535633087158
v -46.5 36 19.5
v -43.25 36 9.6035623550415
v -46.75 36 6.1035623550415
v -43.25 36 6.1035623550415
v -46.75 36 9.6035623550415
v -39.1035614013672 36 18.6035633087158
v -42.6464385986328 36 20.3535633087158
v -40 36 17.707124710083
v -37.75 36 22.1035633087158
v -37.75 36 18.6035633087158
v -40.8964385986328 36 22.1035633087158
v -31.75 36 18.6035633087158
v -36.75 36 22.1035633087158
v -36.75 36 18.6035633087158
v -31.75 36 22.1035633087158
v -22.5410614013672 36 19.5410633087158
v -26.875 36 18.6035633087158
v -25.1875 36 16.894624710083
v -25.125 36 22.1035633087158
v -28.25 36 22.1035633087158
v -28.25 36 18.6035633087158
v -22.5410614013672 36 -6.83393752574921
v -26.875 36 -5.89643750339746
v -25.125 36 -9.39643740653992
v -25.1875 36 -4.1875
v -19.25 36 13.1035633087158
v -22.75 36 14.4785633087158
v -22.75 36 13.1035633087158
v -19.25 36 16.2285633087158
v -21.8125 36 18.8125
v -24.4589385986328 36 16.1660633087158
v -19.25 36 -3.52143740653992
v -24.4589385986328 36 -3.45893740653992
v -21.8125 36 -6.10537499934435
v -19.25 36 -0.396437644958496
v -22.75 36 -1.7714376449585
v -22.75 36 -0.396437644958496
v -19.25 36 9.6035623550415
v -22.75 36 3.1035623550415
v -19.25 36 3.1035623550415
v -22.75 36 9.6035623550415
v -67.8132171630859 36 19.5418128967285
v -85 36 34
v -85 36 19.5418128967285
v -64.9779357910156 36 22.3535633087158
v -58.5 36 18.3535633087158
v -61.5 36 22.3535633087158
v -61.5 36 18.3535633087158
v -58.5 36 22.3535633087158
v -52.5 36 18.3535633087158
v -53 36 22.3535633087158
v -53 36 18.3535633087158
v -52.5 36 22.3535633087158
v -43 36 20.3535633087158
v -49 36 22.3535633087158
v -47 36 20.3535633087158
v -41 36 22.3535633087158
v -37 36 18.3535633087158
v -37.5 36 22.3535633087158
v -37.5 36 18.3535633087158
v -37 36 22.3535633087158
v -28.5 36 18.3535633087158
v -31.5 36 22.3535633087158
v -31.5 36 18.3535633087158
v -28.5 36 22.3535633087158
v -39 36 18.3535633087158
v -25.1886215209961 36 16.5399379730225
v -26.9794692993164 36 18.3535633087158
v -40 36 17.3535633087158
v -63.0205383300781 36 18.3535633087158
v -50 36 17.3535633087158
v -51 36 18.3535633087158
v -64.5016937255859 36 16.8535633087158
v -49.5 36 16.8535633087158
v -43.5 36 19.8535633087158
v -46.5 36 19.8535633087158
v -45 36 18.3535633087158
v -24.8136215209961 36 16.1649379730225
v -40.5 36 16.8535633087158
v -41.1886215209961 36 16.1649379730225
v -23 36 12.8535633087158
v -23 36 14.3740940093994
v -43 36 14.3535633087158
v -43 36 12.8535633087158
v -47 36 12.8535633087158
v -47 36 14.3535633087158
v -64.8113708496094 36 16.5399379730225
v -85 36 12.8535633087158
v -71 36 16.3314990997314
v -71 36 12.8535633087158
v -67 36 12.8535633087158
v -65.1863708496094 36 16.1649379730225
v -67 36 14.3740940093994
v -85 36 2.8535623550415
v -71 36 9.8535623550415
v -71 36 2.8535623550415
v -47 36 5.8535623550415
v -67 36 9.8535623550415
v -67 36 5.8535623550415
v -47 36 9.8535623550415
v -67 36 2.8535623550415
v -43 36 5.8535623550415
v -23 36 2.8535623550415
v -71 36 -3.62437510490417
v -85 36 -3.62437510490417
v -71 36 -0.146437644958496
v -65.1863708496094 36 -3.45781254768372
v -67 36 -0.146437644958496
v -67 36 -1.66696882247925
v -24.8136215209961 36 -3.45781254768372
v -23 36 -1.66696882247925
v -23 36 -0.146437644958496
v -68.1882476806641 36 -6.45965623855591
v -85 36 -6.83468747138977
v -67.8132171630859 36 -6.83468747138977
v -61.5 36 -5.64643749594688
v -64.8113708496094 36 -3.83281254768372
v -63.0205383300781 36 -5.64643749594688
v -64.9779357910156 36 -9.64643740653992
v -85 36 -9.89643740653992
v -51.2311248779297 36 -5.08537501096725
v -52.25 36 -5.39643752574921
v -51.8126525878906 36 -5.39643752574921
v -50.5610656738281 36 -4.41531252861023
v -50.1497802734375 36 -3.64643740653992
v -38.7688751220703 36 -5.08537501096725
v -39.8502197265625 36 -3.64643740653992
v -39.4389343261719 36 -4.41531252861023
v -38 36 -5.49665623903275
v -27.1786575317383 36 -5.8481562435627
v -38 36 -5.8481562435627
v -25.1886215209961 36 -3.83281254768372
v -25.1941528320313 36 -9.81712508201599
v -38 36 -9.79621863365173
v -39.4389343261719 36 -10.8775625228882
v -38.7688751220703 36 -10.2074999809265
v -39.8502197265625 36 -11.6464376449585
v -51.2311248779297 36 -10.2074999809265
v -50.1497802734375 36 -11.6464376449585
v -50.5610656738281 36 -10.8775625228882
v -51.8126525878906 36 -9.89643740653992
v -85 36 -26
v -5 36 -26
v -5 36 34
v -25.0220642089844 36 22.3535633087158
v -68.1882476806641 36 19.1667804718018
v -43 36 9.8535623550415
v -23 36 9.8535623550415
v -19 36 2.8535623550415
v -19 36 -0.146437644958496
v -61.5 36 -9.64643740653992
v -52.25 36 -9.89643740653992
v -22.1867828369141 36 19.5418128967285
v -19 36 9.8535623550415
v -19 36 -3.62437510490417
v -22.1867828369141 36 -6.83468747138977
v -21.8117523193359 36 19.1667804718018
v -19 36 12.8535633087158
v -19 36 16.3314990997314
v -21.8117523193359 36 -6.45965623855591
v -89 0 -26
v -89 36 -26
v -23 36 3.1035623550415
v -24.8125 36 -3.45893740653992
v -27.1545181274414 36 -5.89643750339746
v -52.25 36 -9.64643740653992
v -52.5 36 18.6035633087158
v -67.8124694824219 36 -6.83393752574921
v -71 36 -3.52143740653992
v -71 36 3.1035623550415
v -58.5 36 18.6035633087158
v -28.5 36 18.6035633087158
v -37 36 18.6035633087158
v -71 36 13.1035633087158
v -67.8124694824219 36 19.5410633087158
v -24.8125 36 16.1660633087158
v -47 36 6.1035623550415
v 71 4.25 -15
v 71 4.25 -18
v 71 4.25 -16
v 71 4.25 -19
v 43 4.25 -16
v 43 4.25 -15
v 43 4.25 -19
v 43 4.25 -18
v 55 6.25 -6
v 58 6.25 -6
v 56 6.25 -6
v 59 6.25 -6
vn 1 0 0
vn -1 0 0
vn -0.707106781186548 0 0.707106781186548
vn 0.707106781186548 0 0.707106781186548
vn 0.707106781186548 0 -0.707106781186548
vn 0 0 1
vn 0 0 -1
vn -0.707106781186547 0 -0.707106781186547
vn 0.707106781186547 0 0.707106781186547
vn -0.707106781186548 0 -0.707106781186548
vn 0.89100419584736 0 0.453995069337101
vn 0.970828587246946 0 0.239774590363738
vn 0.239774355031524 0 0.970828645369108
vn 0.453994800968608 0 0.89100433258962
vn 0.707107119397101 0 0.707106442975832
vn -0.891005311043375 0 0.453992880662791
vn -0.707107119397101 0 0.707106442975832
vn -0.453994243370278 0 0.891004616703331
vn -0.239774355031524 0 0.970828645369108
vn -0.970828116580429 0 0.239776496047668
vn 0.891004053790076 0 -0.453995348136577
vn 0.453995348136577 0 -0.891004053790076
vn 0.239774355031524 0 -0.970828645369108
vn 0.970828645369108 0 -0.239774355031524
vn -0.891005168987283 0 -0.45399315946162
vn -0.453994790537924 0 -0.891004337904382
vn -0.239774355031524 0 -0.970828645369108
vn -0.970828174703486 0 -0.239776260713812
vn 0.916157334902189 0 0.400818834019708
vn 0.751565224641351 0 0.659658785365431
vn 0.557148733179301 0 0.830412722154893
vn -0.557148780128863 0 0.830412690655026
vn 0.830412628255775 0 0.557148873132968
vn 0.659658631200134 0 0.751565359954253
vn 0.400818834019708 0 0.916157334902189
vn -0.830412769104451 0 0.55714866320245
vn -0.400818834019708 0 0.916157334902189
vn -0.751565322856949 0 0.659658673466005
vn -0.916157334902189 0 0.400818834019708
vn -0.659658778523525 0 0.751565230646583
vn 0.707106781186547 0 -0.707106781186547
vn -0.707106781186547 0 0.707106781186547
vn 0.916157334902189 0 -0.400818834019708
vn 0.751565310846463 0 -0.659658687149846
vn 0.557148873132968 0 -0.830412628255775
vn 0.830412628255775 0 -0.557148873132968
vn 0.659658687149846 0 -0.751565310846463
vn 0.400818834019708 0 -0.916157334902189
vn -0.916157334902189 0 -0.400818834019708
vn -0.751565409062044 0 -0.659658575250411
vn -0.557148920082531 0 -0.830412596755896
vn -0.830412769104451 0 -0.55714866320245
vn -0.65965883447323 0 -0.75156518153878
vn -0.400818834019708 0 -0.916157334902189
vn 0.447213595499958 0 -0.894427190999916
vn -0.894427190999916 0 0.447213595499958
vn -0.447213595499958 0 -0.894427190999916
vn 0.894427190999916 0 0.447213595499958
vn -0.894427190999916 0 -0.447213595499958
vn 0.894427190999916 0 -0.447213595499958
vn -0.7026294681904 0 -0.711555922208842
vn 0.710045966174994 0 0.704155327977158
vn -0.707106526372421 0 0.707107036000583
vn 0.70415506592392 0 0.710046226054107
vn -0.711555922208842 0 -0.7026294681904
vn 0.707106526372421 0 0.707107036000583
vn -0.702629417928281 0 0.71155597184042
vn 0.710046096114587 0 -0.704155196950526
vn -0.707106653779519 0 -0.707106908593554
vn 0.707106653779519 0 0.707106908593554
vn 0.70415506592392 0 -0.710046226054107
vn -0.894427190999916 0 -0.447213595499958
vn -0.711555701668464 0 0.702629691532531
vn 0.881781762563763 0 0.471657633469388
vn 0.707107977153251 0 0.707105585217821
vn 0.47165658507864 0 0.881782323338337
vn 0.471656798727205 0 -0.881782209059814
vn 0.881781762563763 0 -0.471657633469388
vn -0.707107947983403 0 -0.707105614387766
vn 0.707107947983403 0 -0.707105614387766
vn -0.881781762563763 0 0.471657633469388
vn -0.707107977153251 0 0.707105585217821
vn -0.47165658507864 0 0.881782323338337
vn -0.471656798727205 0 -0.881782209059814
vn -0.881781762563763 0 -0.471657633469388
vn 0.711555922208842 0 -0.7026294681904
vn -0.70415506592392 0 0.710046226054107
vn -0.710045966174994 0 0.704155327977158
vn 0.7026294681904 0 -0.711555922208842
vn 0.711555701668464 0 0.702629691532531
vn -0.70415506592392 0 -0.710046226054107
vn -0.707106653779519 0 0.707106908593554
vn -0.710046096114587 0 -0.704155196950526
vn 0.707106653779519 0 -0.707106908593554
vn 0.702629417928281 0 0.71155597184042
vn 0.424816704681852 0 -0.90527938639033
vn 0.90527938639033 0 -0.424816704681852
vn -0.90527900558996 0 -0.424817516162002
vn -0.424816704681852 0 -0.90527938639033
vn -0.707107333507787 0 -0.707106228864877
vn 0.424816704681852 0 0.90527938639033
vn 0.90527938639033 0 0.424816704681852
vn -0.424816704681852 0 0.90527938639033
vn -0.707107333507787 0 0.707106228864877
vn -0.90527900558996 0 0.424817516162002
vn 0.156378839656135 0 0.98769714918481
vn -0.156455471940009 0 0.987685013200073
vn -0.987686778046456 0 0.15644433026547
vn -0.453998687420376 0 0.891002352309227
vn -0.891002637965521 0 0.453998126800632
vn 0.987686704245063 0 0.156444796198295
vn -0.156378531502155 0 0.987697197973766
vn -0.453979084913769 0 0.891012340240502
vn -0.707105809852001 0 0.70710775251976
vn -0.891012995259048 0 0.453977799324482
vn -0.987689231685959 0 0.156428838810492
vn 0.453978882073642 0 0.891012443589407
vn 0.453998687420376 0 0.891002352309227
vn 0.156455471940009 0 0.987685013200073
vn 0.891002637965521 0 0.453998126800632
vn 0.987689813806188 0 0.156425163268248
vn 0.8910126057349 0 0.453978563834795
vn -0.156454567424228 0 -0.987685156480595
vn -0.987686789736179 0 -0.156444256464215
vn -0.45399709147583 0 -0.891003165500262
vn -0.891002261621294 0 -0.453998865401379
vn -0.156384248801162 0 -0.987696292757494
vn -0.453978711686529 0 -0.891012530403158
vn -0.891012995259048 0 -0.453977799324482
vn -0.987689231685959 0 -0.156428838810492
vn 0.156454567424228 0 -0.987685156480595
vn 0.987686715934855 0 -0.156444722396832
vn 0.45399709147583 0 -0.891003165500262
vn 0.891002261621294 0 -0.453998865401379
vn 0.156384556965844 0 -0.987696243965014
vn 0.453978508846482 0 -0.891012633751915
vn 0.70710775251976 0 -0.707105809852001
vn 0.8910126057349 0 -0.453978563834795
vn 0.987689813806188 0 -0.156425163268248
vn -0.702629716348328 0 0.711555677163964
vn -0.707106813038308 0 -0.707106749334785
vn -0.711555726172961 0 0.702629666716736
vn 0.704155196950526 0 -0.710046096114587
vn 0.711555726172961 0 0.702629666716736
vn 0.966409246122704 0 -0.257008110783585
vn 0.890995248806342 0 -0.45401262824345
vn 0.45401262824345 0 -0.890995248806342
vn 0.2570089692019 0 -0.966409017833431
vn -0.966408624128505 0 -0.25701044961256
vn -0.890995248806342 0 -0.45401262824345
vn -0.45401262824345 0 -0.890995248806342
vn -0.257009591196099 0 -0.966408852418692
vn 0.966409249718645 0 0.257008097262025
vn 0.890995248806342 0 0.45401262824345
vn 0.45401262824345 0 0.890995248806342
vn 0.2570089692019 0 0.966409017833431
vn 0.7026294681904 0 0.711555922208842
vn 0.830412769104451 0 -0.55714866320245
vn -0.256982688829561 0 -0.966416006511652
vn 0.966409163415911 0 0.257008421779832
vn 0.890995248806342 0 0.45401262824345
vn 0.45401262824345 0 0.890995248806342
vn 0.257010138614608 0 0.96640870683645
vn -0.966408541420259 0 0.257010760611237
vn -0.890995248806342 0 0.45401262824345
vn -0.45401262824345 0 0.890995248806342
vn -0.257010760611237 0 0.966408541420259
vn -0.257007799788063 0 -0.966409328829197
vn -0.2570089692019 0 0.966409017833431
vn -0.966409246122704 0 0.257008110783585
vn -0.966409328829197 0 -0.257007799788063
vn 0.471658610150174 0 0.881781240144746
vn 0.881781240144746 0 0.471658610150174
vn 0.881781240144746 0 -0.471658610150174
vn 0.471658610150174 0 -0.881781240144746
vn -0.707105847749833 0 0.70710771462203
vn -0.471659132569918 0 0.881780960705884
vn -0.471659132569918 0 -0.881780960705884
vn -0.707105847749833 0 -0.70710771462203
vn 0.257007799788063 0 -0.966409328829197
vn 0.45401262824345 0 -0.890995248806342
vn 0.890995248806342 0 -0.45401262824345
vn 0.966409328829197 0 -0.257007799788063
vn 1 0 0
vn 0.257060063236796 0 -0.966395428325638
vn 0.707104937232804 0 -0.707108625135482
vn 0.966414316665806 0 -0.256989043625138
vn 0.453988314519624 0 -0.891007637610156
vn 0.890973427796477 0 -0.454055449213635
vn 0.257009591196099 0 0.966408852418692
vn 0.257008421779832 0 -0.966409163415911
vn 0.966408624128505 0 0.25701044961256
vn 0.96640870683645 0 -0.257010138614608
vn -1 0 0
vn -0.966416037282806 0 -0.256982573110702
vn -0.257009591196099 0 0.966408852418692
vn -0.45401262824345 0 0.890995248806342
vn -0.890995248806342 0 0.45401262824345
vn -0.966408626796508 0 0.257010439580356
vn 0.659658778523525 0 -0.751565230646583
vn -0.707105778810295 0 -0.707107783561379
vn -0.257008421779832 0 -0.96640916341591
vn -0.45401262824345 0 -0.890995248806342
vn -0.890995248806342 0 -0.45401262824345
vn -0.96640870683645 0 -0.257010138614608
vn -0.830412628255775 0 -0.557148873132968
vn 0.256983630656589 0 -0.966415756067003
vn 0.454026965061087 0 -0.890987943239087
vn -0.659658631200134 0 -0.751565359954253
vn 0.707109788323832 0 -0.707103774036475
vn 0.891010092219811 0 -0.453983497015523
vn 0.966405401467715 0 -0.257022567129861
vn -0.454027945151971 0 -0.890987443806633
vn -0.45398665252086 0 -0.891008484433736
vn -0.707107395838864 0 -0.707106166533697
vn -0.257060063236796 0 -0.966395428325638
vn -0.890971904897483 0 -0.454058437520273
vn -0.966405401467715 0 -0.257022567129861
vn -0.891011128106718 0 -0.453981463927763
vn 0.257066949021497 0 0.966393596688626
vn 0.707104322578351 0 0.707109239786196
vn 0.966413859109528 0 0.256990764271849
vn 0.453988314519624 0 0.891007637610156
vn 0.890973815842704 0 0.454054687766453
vn -0.830412628255775 0 0.557148873132968
vn 0.256981859725966 0 0.966416226980789
vn 0.454026965061087 0 0.890987943239087
vn -0.659658687149846 0 0.751565310846463
vn 0.7071107906944 0 0.707102771655959
vn 0.891009828318832 0 0.453984014960048
vn 0.966405531007333 0 0.257022080060128
vn -0.257066949021497 0 0.966393596688626
vn -0.966415579748754 0 0.256984293720217
vn -0.45398665252086 0 0.891008484433736
vn -0.890972292948154 0 0.454057676070682
vn 0.830412769104451 0 0.55714866320245
vn -0.25698091790451 0 0.966416477422108
vn -0.454027945151971 0 0.890987443806633
vn 0.65965883447323 0 0.75156518153878
vn -0.891010864207796 0 0.453981981871172
vn -0.966405531007333 0 0.257022080060128
vn -0.702629716348328 0 -0.711555677163964
vn 0.710046096114587 0 0.704155196950526
vn -0.707106813038308 0 0.707106749334785
vn 0.704155196950526 0 0.710046096114587
vn -0.711555726172961 0 -0.702629666716736
vn 0.711555726172961 0 -0.702629666716736
vn -0.710046096114587 0 0.704155196950526
vn -0.707106556403248 0 0.707107005969775
vn 0.707106556403248 0 0.707107005969775
vn -0.707106921884897 0 -0.70710664048817
vn 0.707106653779473 0 0.707106908593599
vn -0.707107157314078 0 -0.707106405058817
vn 0.707106908593599 0 -0.707106653779473
vn -0.702624312845116 0 0.711561012843543
vn -0.707103776564273 0 -0.707109785796055
vn 0.710046834550682 0 -0.704154452335961
vn 0.707111049412554 0 0.707102512934777
vn -0.711560372588544 0 0.702624961242946
vn -0.89442536421591 0 -0.447217249049314
vn 0.704157371461369 0 -0.710043939637974
vn 0 0 -1
vn -0.471667422865666 0 -0.881776526228308
vn -0.707108542385173 0 -0.707105019983535
vn -0.881771947635971 0 -0.471675982388616
vn 0.881771947635971 0 -0.471675982388616
vn 0.707108542385173 0 -0.707105019983535
vn 0.471672368261107 0 -0.881773880889516
vn 0.471672261962879 0 0.881773937749819
vn 0.707108510935313 0 0.707105051433551
vn 0.881771947635971 0 0.471675982388616
vn -0.881771947635971 0 0.471675982388616
vn -0.707108510935313 0 0.707105051433551
vn -0.47166735259318 0 0.881776563817468
vn 0 0 1
vn 0.711563880506634 0 0.702621408696277
vn -0.707110150836517 0 0.707103411520521
vn -0.704154121456247 0 -0.71004716268441
vn -0.710046834550682 0 -0.704154452335961
vn 0.707102877988129 0 -0.707110684363421
vn 0.702622816297974 0 0.711562490592009
vn 0.707111049412554 0 -0.707102512934777
vn 0.704154181661649 0 0.710047102978678
vn -0.71156095667872 0 -0.702624369724296
vn 0.702622863660047 0 -0.711562443824964
vn 0.707102737584104 0 0.707110824765868
vn -0.710046864155799 0 0.704154422483106
vn -0.707110150836517 0 -0.707103411520521
vn 0.711563949775879 0 -0.702621338545415
vn -0.704154181661649 0 0.710047102978678
vn 0.710046864155799 0 0.704154422483106
vn -0.707103636160426 0 0.707109926198681
vn -0.702624360207093 0 -0.711560966076395
vn 0.242535625036333 0.970142500145332 0
vn 0 1 0
vn -0.242535625036333 0.970142500145332 0
vn -0.162221421130763 0.973328526784575 0.162221421130763
vn -0.162221421130763 0.973328526784575 0.162221421130763
vn 0 1 0
vn 0.162221421130763 0.973328526784575 -0.162221421130763
vn 0.242535625036333 0.970142500145332 0
vn 0 0.970142500145332 0.242535625036333
vn 0 0.970142500145332 -0.242535625036333
vn 0 0.970142500145332 -0.242535625036333
vn -0.162221421130763 0.973328526784575 0.162221421130763
vn 0.162221421130763 0.973328526784575 0.162221421130763
vn -0.162221421130763 0.973328526784575 -0.162221421130763
vn 0.162221421130763 0.973328526784575 0.162221421130763
vn 0.162221421130763 0.973328526784575 0.162221421130763
vn -0.242535625036333 0.970142500145332 0
vn -0.162221421130763 0.973328526784575 -0.162221421130763
vn -0.162221421130763 0.973328526784575 -0.162221421130763
vn 0.162221421130763 0.973328526784575 -0.162221421130763
vn 0.162221421130763 0.973328526784575 -0.162221421130763
vn 0 0.970142500145332 0.242535625036333
vn 0.447213595499958 -0.894427190999916 0
vn 0 -1 0
vn -0.447213595499958 -0.894427190999916 0
vn 0 -0.894427190999916 0.447213595499958
vn 0 -0.894427190999916 -0.447213595499958
vn -0.301511344577764 -0.904534033733291 0.301511344577764
vn 0.301511344577764 -0.904534033733291 -0.301511344577764
vn 0 0.707106781186547 0.707106781186547
vn 0 -1 0
vn 0.301511344577764 -0.904534033733291 0.301511344577764
vn -0.301511344577764 -0.904534033733291 -0.301511344577764
vn 0 0.707106781186547 -0.707106781186547
vn -0.707106781186547 -0.707106781186547 0
vn 0.707106781186547 -0.707106781186547 0
vn 0 -0.707106781186547 -0.707106781186547
vn 0 -0.707106781186547 0.707106781186547
vn 0.894427190999916 -0.447213595499958 0
vn -0.707106781186548 -0.707106781186548 0
vn 0.707106781186548 -0.707106781186548 0
vn -0.894427190999916 -0.447213595499958 0
vn -0.447213595499958 -0.894427190999916 0
vn 0 -0.894427190999916 0.447213595499958
vn 0.447213595499958 -0.894427190999916 0
vn 0 -0.894427190999916 -0.447213595499958
vn 0.301511344577764 -0.904534033733291 0.301511344577764
vn -0.301511344577764 -0.904534033733291 0.301511344577764
vn 0.301511344577764 -0.904534033733291 -0.301511344577764
vn -0.301511344577764 -0.904534033733291 -0.301511344577764
vn 0 0 0
vt 0.25 -1
vt 0.25 -1.110223E-16
vt 0 -1.110223E-16
vt 0 -1
vt 2 -1
vt 2 0
vt 1.75 0
vt 1.75 -1
vt 0.921875 -1
vt 0.921875 -0.875
vt 0 -0.875
vt 0.921875 -0.25
vt 0.921875 0
vt 0 5.551115E-17
vt 0 -0.25
vt 1.0625 -1
vt 1.0625 -0.875
vt 0 -0.625
vt 0 -0.75
vt 2.125 -1
vt 2.125 -0.875
vt 2.34375 -1
vt 2.34375 -0.875
vt 2.34375 -0.25
vt 2.34375 0
vt 0 0
vt 1.0625 -0.75
vt 1.0625 -0.625
vt 0.5 -1
vt 0.5 0
vt 0.25 0
vt 1 -1
vt 1 -0.875
vt 0.25 -0.875
vt 0.25 -0.25
vt 2 -0.875
vt 1 -0.75
vt 1 -0.625
vt 2.25 -1
vt 2.25 -0.875
vt 2.25 -0.25
vt 2.25 0
vt 0.25 2.220446E-16
vt 0 2.220446E-16
vt 0.265625 -0.75
vt 0.265625 0
vt 0.25 -0.75
vt 1.96875 -0.75
vt 1.96875 0
vt 1.84375 0
vt 1.84375 -0.75
vt 3.5 -1
vt 3.5 -0.875
vt 3.5 -0.25
vt 3.5 0
vt 0.5 -1.110223E-16
vt 1 -0.125
vt 1 0
vt 2 -0.125
vt 0 -0.125
vt 0 1.387779E-17
vt 0.265625 -1
vt 0.265625 2.220446E-16
vt 0.0625 -1
vt 0.0625 0.125
vt 0 0.09375
vt 1 -0.0625
vt 0 -0.0625
vt 1.25 -0.0625
vt 1.25 0
vt 0.25 -0.0625
vt 1.5 -0.0625
vt 1.5 0
vt 0.5 -0.0625
vt 1.75 -0.0625
vt 0.75 0
vt 0.75 -0.0625
vt 0.0625 0.09375
vt 0 0.125
vt 0.0625 -0.9375
vt 0.0625 0
vt 0 -0.9375
vt 0.125 -1
vt 0.125 0
vt 0.25 -0.125
vt 0.125 0.09375
vt 0 0.03125
vt 0.125 -0.0625
vt 0 -0.1875
vt 0.125 -0.1875
vt 0.125 -0.25
vt 0 -0.375
vt 0.125 -0.375
vt 0.125 -0.4375
vt 0 -0.4375
vt 0 -0.5625
vt 0.125 -0.5625
vt 0.125 -0.625
vt 0.125 -0.75
vt 0.125 -0.8125
vt 0 -0.8125
vt 0.125 0.03125
vt 0.875 0
vt 0.875 -0.0625
vt 2 -0.0625
vt 2 -0.8125
vt 0.125 -2
vt 0 -2
vt 0.0625 0.03125
vt 0.25 0.125
vt 5.75 -1
vt 5.75 -0.9375
vt 1 -1.4375
vt 0.75 -1.4375
vt 0.515625 -0.1875
vt 0.515625 0
vt 0.390625 0
vt 0.390625 -0.1875
vt 2 -0.1875
vt 0.375 -1.9375
vt 0.375 0
vt 0.125 -1.9375
vt 0.125 -1.4375
vt 0 -1.4375
vt 1.796875 -1.4375
vt 1.796875 0
vt 1.671875 0
vt 1.671875 -1.4375
vt 0.5 -0.25
vt 0.375 -0.25
vt 0.796875 -1.9375
vt 0.796875 0
vt 0.671875 0
vt 0.671875 -1.9375
vt 0.265625 -1.110223E-16
vt 1.546875 0
vt 1.546875 -1.4375
vt 0.34375 -1
vt 0.34375 -0.4375
vt 0.234375 -1
vt 0.234375 -0.4375
vt 0.375 -1
vt 0.375 -0.9375
vt 0.359375 -1
vt 0.359375 -0.4375
vt 0.34375 -0.9375
vt 0.359375 -0.9375
vt 0.234375 -0.9375
vt 1 -0.9375
vt 0.875 -0.9375
vt 0.875 -1
vt 1.75 -0.9375
vt 1.546875 -1
vt 1.421875 0
vt 1.421875 -1
vt 1.875 -0.0625
vt 1.875 0
vt 0.5 -0.125
vt 0.375 -0.1875
vt 2.1875 -0.0625
vt 2.1875 0
vt 2.40625 -0.0625
vt 2.40625 0
vt 2.34375 -0.0625
vt 0.125 -0.9375
vt 1.796875 -1.9375
vt 1.671875 -1.9375
vt 0 -1.9375
vt 2 -1.110223E-16
vt 1.75 -1.110223E-16
vt 0.5 -0.875
vt 0.75 -1
vt 0.75 -0.875
vt 0.75 -0.125
vt 0.5 -1.4375
vt 0.75 -1.3125
vt 0.5 -1.3125
vt 1 -1.3125
vt 1.75 -0.75
vt 1.75 -0.625
vt 1.75 -0.875
vt 0.75 -0.625
vt 0.75 -0.75
vt 2.75 -0.25
vt 2.75 0
vt 0.75 -0.25
vt 2.75 -1
vt 2.75 -0.875
vt 0.5 -0.6875
vt 0.5 -2.220446E-16
vt 0.25 -0.6875
vt 1.25 -1
vt 1.25 -0.875
vt 0.25 -2.220446E-16
vt 0 -0.6875
vt 0.265625 -6.661338E-16
vt 0.359375 -0.875
vt 0.359375 -0.25
vt 0.359375 0
vt 1.765625 -1
vt 1.765625 -0.875
vt 1.765625 -0.25
vt 1.765625 0
vt 1.125 -1
vt 1.125 -1.110223E-16
vt 0.765625 -1.110223E-16
vt 0.765625 -1
vt 1.1875 -1
vt 1.1875 0
vt 0.828125 0
vt 0.828125 -1
vt 0.359375 -1.110223E-16
vt 1.421875 -0.875
vt 1.421875 -0.25
vt 0.28125 -0.75
vt 0.28125 0
vt 0.75 -0.6875
vt 0.75 0.125
vt 1 -0.6875
vt 0.6875 -0.6875
vt 0.6875 0.03125
vt 0.625 0
vt 0.625 -0.6875
vt 1.9375 -0.0625
vt 1.9375 0
vt 0.9375 0
vt 0.9375 -0.0625
vt 1.1875 -0.0625
vt 2.4375 -0.0625
vt 2.4375 0
vt 1.4375 0
vt 1.4375 -0.0625
vt 1.6875 -0.0625
vt 1.6875 0
vt 0.6875 0
vt 0.6875 -0.0625
vt 0.8125 0.09375
vt 0.8125 0
vt 0.8125 -0.0625
vt 0.6875 -0.1875
vt 0.8125 -0.1875
vt 0.8125 -0.25
vt 0.6875 -0.25
vt 0.6875 -0.375
vt 0.8125 -0.375
vt 0.8125 -0.4375
vt 0.6875 -0.4375
vt 0.6875 -0.5625
vt 0.8125 -0.5625
vt 0.8125 -0.625
vt 0.6875 -0.625
vt 0.8125 -0.6875
vt 0.5625 0.09375
vt 0.5625 0
vt 0.5625 -0.0625
vt 0.5625 -0.1875
vt 0.5625 -0.25
vt 0.5625 -0.375
vt 0.5625 -0.4375
vt 0.5625 -0.5625
vt 0.5625 -0.625
vt 0.5625 -0.6875
vt 1.0625 -0.0625
vt 1.0625 0
vt 0.0625 -0.0625
vt 1.3125 -0.0625
vt 1.3125 0
vt 0.3125 0
vt 0.3125 -0.0625
vt 1.5625 -0.0625
vt 1.5625 0
vt -0.1875 0
vt -0.1875 -0.0625
vt 0.875 -0.6875
vt 0.875 0.125
vt 0.5 0.125
vt 1.203125 -0.0625
vt 1.203125 0
vt 1.8125 -0.0625
vt 1.8125 0
vt 3.25 -0.0625
vt 3.25 0
vt 2.5 -5.625
vt 2.5 -5.5625
vt 0 -5.5625
vt 0 -5.625
vt 1.75 -5.625
vt 1.75 -5.5625
vt 1.234375 -5.625
vt 1.234375 -5.5625
vt 1.578125 -5.625
vt 1.578125 -5.5625
vt 0.671875 -5.625
vt 0.671875 -5.5625
vt 0.640625 -5.625
vt 0.640625 -5.5625
vt 1.875 -5.625
vt 1.875 -5.5625
vt 1.0625 -5.625
vt 1.0625 -5.5625
vt 1.6875 -5.625
vt 1.6875 -5.5625
vt 1.953125 -0.0625
vt 1.953125 0
vt 0.375 -0.0625
vt 0.515625 -0.0625
vt 5 -0.0625
vt 5 0
vt 0.625 -1.75
vt 0.625 -0.75
vt 0.5 -0.625
vt 0.5 -1.8125
vt 0.5 -1.25
vt 0.375 -0.5
vt 0.375 -1.25
vt 0.25 -0.5
vt -6.938894E-18 -1
vt 0 -0.5
vt -0.125 -0.5
vt -0.125 -1.25
vt -0.25 -1.8125
vt -0.25 -0.625
vt -0.375 -0.75
vt -0.375 -1.75
vt -0.25 -1.25
vt 0.3125 -0.875
vt 0.3125 -0.25
vt 0.4375 -0.25
vt 0.4375 -0.875
vt 0.4375 -1.8125
vt 0.4375 -1.25
vt 0.3125 -1.25
vt 0.3125 -1.8125
vt -0.1875 -0.875
vt -0.1875 -0.25
vt -0.25 -0.25
vt -0.25 -0.875
vt 0.1875 -0.25
vt 0.1875 -0.875
vt -0.0625 -1.8125
vt -0.0625 -1.25
vt -0.1875 -1.25
vt -0.1875 -1.8125
vt -0.8125 -0.9375
vt -0.8125 0.1875
vt -0.9375 0.0625
vt -0.9375 -0.9375
vt -0.6875 -1.25
vt -0.6875 -0.6875
vt -0.8125 -0.8125
vt -0.8125 -1.25
vt -0.6875 -0.9375
vt -0.6875 -0.875
vt -0.8125 -0.875
vt 0.0625 0.0625
vt -0.0625 0.1875
vt -0.0625 -0.9375
vt -0.0625 -0.8125
vt -0.1875 -0.6875
vt -0.0625 -0.875
vt -0.1875 -0.9375
vt -0.3125 -1
vt -0.3125 -0.6875
vt -0.5625 -0.6875
vt -0.5625 -1
vt -0.3125 -0.9375
vt -0.3125 -0.875
vt -0.5625 -0.875
vt -0.5625 -0.9375
vt 1 -1.25
vt 0.875 -0.5
vt 0.875 -1.25
vt 0.375 -1.75
vt 0.375 -0.75
vt 0.25 -0.625
vt 0.25 -1.8125
vt 0.75 -0.5
vt 0.5 -0.5
vt 0.125 -1.75
vt 0.25 -1.25
vt 0.9375 -0.875
vt 0.9375 -0.8125
vt 0.3125 -0.8125
vt 1.0625 -0.8125
vt 0.6875 -0.875
vt 0.6875 -0.8125
vt 0.0625 -0.8125
vt 0.0625 -0.875
vt 0.4375 -0.8125
vt -0.1875 -0.8125
vt -0.4375 -0.875
vt -0.4375 -0.8125
vt -0.5625 -0.8125
vt 0.1875 -0.8125
vt -0.5625 -0.25
vt -0.8125 -0.25
vt -0.0625 -0.25
vt -0.3125 -0.25
vt 0.59375 -1
vt 0.59375 0
vt 0.34375 0
vt -0.375 -0.875
vt -0.375 -0.25
vt -0.625 -0.25
vt -0.625 -0.875
vt 0.4375 -0.4375
vt 0.4375 -0.375
vt -0.03125 -0.375
vt -0.03125 -0.4375
vt -0.03125 0.5
vt -0.25 0.5
vt -0.25 -0.4375
vt 0.59375 -0.375
vt 0.59375 0.625
vt -0.03125 0.625
vt -0.28125 -0.75
vt -0.28125 -0.375
vt -0.40625 -0.375
vt -0.40625 -0.5
vt -0.65625 -0.5
vt -0.65625 -0.375
vt -0.90625 -0.375
vt -0.90625 -0.5
vt -0.03125 -0.75
vt -0.15625 -0.375
vt -0.15625 -0.75
vt 0.09375 -0.5
vt 0.09375 -0.375
vt 0.46875 -0.375
vt 0.46875 0.625
vt -0.15625 0.625
vt 0.09375 -0.1875
vt 0.09375 0
vt 0.78125 -1
vt 0.78125 0
vt 0.25 -1.75
vt 0.125 -1.8125
vt 0.375 -0.625
vt -0.28125 -1
vt -0.28125 0.625
vt -0.40625 0.5
vt -0.40625 -0.9375
vt -0.15625 0.25
vt -0.15625 0.75
vt -0.28125 0.25
vt -0.15625 -1.0625
vt 0.2265625 -1
vt 0.2265625 -0.6875
vt 0.1835938 -0.6875
vt 0.1835938 -1
vt 0.0625 -0.6875
vt 1.0625 -0.6875
vt 0.953125 -0.6875
vt 0.953125 -1
vt 0.8320313 -0.6875
vt 0.8320313 -1
vt 0.4921875 -1
vt 0.4921875 -0.6875
vt 0.3710938 -0.6875
vt 0.3710938 -1
vt 0.140625 -1
vt 0.140625 -0.6875
vt 0.09765625 -0.6875
vt 0.09765625 -1
vt 0.2617188 -1
vt 0.2617188 -0.6875
vt 1.832031 -1
vt 1.832031 -0.6875
vt 0.4375 -0.0625
vt 0.4375 0
vt 0.5117188 -1
vt 0.5117188 -0.6875
vt 0.46875 -0.6875
vt 0.46875 -1
vt 0.6328125 -1
vt 0.6328125 -0.6875
vt 0.7421875 -1
vt 0.7421875 -0.6875
vt 0.8632813 -1
vt 0.8632813 -0.6875
vt 0.5976563 -1
vt 0.5976563 -0.6875
vt 0.5546875 -0.6875
vt 0.5546875 -1
vt 0.4335938 -0.6875
vt 0.4335938 -1
vt 2.203125 -1
vt 2.203125 -0.6875
vt 0.3242188 -0.6875
vt 0.3242188 -1
vt 0.203125 -0.6875
vt 0.203125 -1
vt 0.125 -0.875
vt -0.125 -0.25
vt -0.125 -0.875
vt 0.375 -1.8125
vt 1 -0.5
vt 0.875 -0.625
vt 0.125 -0.125
vt 0.21875 0
vt 0.21875 -0.0625
vt 0.75 -1.25
vt -0.4375 0.5
vt -0.4375 -0.5
vt 1.15625 -0.375
vt 1.15625 0.625
vt -0.84375 0.625
vt -0.84375 -0.375
vt 2.28125 -1
vt 2.28125 0
vt -0.1875 0.125
vt -0.3125 0.125
vt -0.0625 2.359224E-16
vt -0.0625 0.125
vt 0.1875 -1
vt -0.0625 -1
vt -0.6875 -0.25
vt -0.6875 0.125
vt -0.8125 0.125
vt -0.8125 -1.110223E-16
vt -0.5625 0.125
vt 0.2578125 -1
vt 0.2578125 -0.6875
vt 0.4375 -0.6875
vt 0.4375 -1
vt 0.34375 -0.375
vt -0.125 -0.375
vt -0.125 -0.4375
vt -0.4375 -0.4375
vt -0.65625 0.5
vt -0.65625 -0.4375
vt -0.28125 -0.5
vt -0.28125 0.5
vt 0.03125 -0.625
vt 0.03125 0.375
vt -0.09375 0.375
vt -0.09375 -0.625
vt -0.65625 -0.75
vt -0.65625 0.25
vt -0.78125 0.25
vt -0.78125 -0.75
vt -0.09375 -0.5625
vt -0.125 0.375
vt -0.125 -0.5625
vt -0.78125 -0.6875
vt -0.8125 0.25
vt -0.8125 -0.6875
vt -0.125 0.125
vt -0.375 0.125
vt 0.125 -4.440892E-16
vt 0.125 0.125
vt -0.625 0
vt -0.625 0.125
vt -0.875 0.125
vt -0.875 0
vt -0.5 0.125
vt -0.5 -0.25
vt -0.625 2.359224E-16
vt -0.375 -0.8125
vt -0.40625 0.125
vt -0.40625 -0.8125
vt -0.28125 -0.4375
vt 0.09375 -0.75
vt 0.09375 0.25
vt -0.03125 0.25
vt 0.06640625 -0.6875
vt 0.06640625 -1
vt 0.6289063 -1
vt 0.6289063 -0.6875
vt 1.066406 -1
vt 1.066406 -0.6875
vt -0.71875 -0.625
vt -0.71875 0.375
vt -0.75 0.375
vt -0.75 -0.625
vt -0.40625 -0.4375
vt -0.25 -0.5
vt -0.25 0.375
vt -0.25 -0.5625
vt -0.9375 -0.625
vt -0.9375 0.375
vt -0.96875 0.375
vt -0.96875 -0.625
vt -0.9375 0.25
vt -0.9375 -0.6875
vt -0.625 -0.75
vt -0.625 0.25
vt -0.625 -0.8125
vt -0.4375 -0.5625
vt -0.4375 0.375
vt -0.5625 0.375
vt -0.5625 -0.5625
vt -0.28125 0.125
vt -0.28125 -0.8125
vt -0.59375 0.375
vt -0.59375 -0.5625
vt -0.59375 -0.625
vt -0.875 -0.6875
vt -0.875 0.25
vt -0.90625 0.25
vt -0.90625 -0.6875
vt -0.0625 0.25
vt -0.0625 -0.75
vt -0.3125 -0.8125
vt -0.75 -0.6875
vt -0.75 0.25
vt 0.625 -1.8125
vt 0.625 -0.625
vt 0.5 -0.75
vt 0.5 -1.75
vt 0 -1.25
vt -0.125 -1
vt -0.25 -1.75
vt -0.25 -0.75
vt -0.375 -0.625
vt -0.375 -1.8125
vt -0.125 -0.625
vt 0.25 -0.9375
vt 0.25 0.0625
vt 0.125 0.1875
vt 0.125 -1.25
vt -0.625 -0.9375
vt -0.625 0.1875
vt -0.75 0.0625
vt -0.75 -0.9375
vt -0.5 -1.25
vt -0.5 -0.6875
vt -0.625 -1.25
vt -0.5 -0.9375
vt -0.5 -0.875
vt -0.125 -0.6875
vt -0.125 -0.9375
vt -0.375 -0.6875
vt -0.375 -1
vt -0.375 -0.9375
vt -0.375 -0.4375
vt -0.375 -0.375
vt -0.84375 -0.4375
vt 0.15625 -0.4375
vt 0.15625 0.5
vt -0.0625 0.5
vt -0.0625 -0.4375
vt -0.09375 -0.5
vt -0.09375 0.5
vt -0.21875 0.5
vt -0.21875 -0.5
vt -0.40625 -0.625
vt -0.40625 0.375
vt -0.53125 0.375
vt -0.53125 -0.625
vt -0.71875 -0.75
vt -0.71875 0.25
vt -0.84375 0.25
vt -0.84375 -0.75
vt -0.375 -0.5625
vt -0.375 0.375
vt -0.40625 -0.5625
vt -0.6875 0.25
vt -0.71875 -0.6875
vt -0.09375 -0.8125
vt -0.09375 0.125
vt -0.125 -0.8125
vt -0.09375 -0.4375
vt -0.5625 -0.625
vt -0.5625 0.25
vt -0.875 -0.75
vt 0.15625 -0.375
vt -0.3125 -0.375
vt -0.3125 -0.4375
vt -0.625 -0.4375
vt -0.625 0.5
vt -0.84375 0.5
vt -0.46875 -0.5
vt -0.46875 0.5
vt -0.59375 0.5
vt -0.59375 -0.5
vt -0.15625 -0.625
vt -0.15625 0.375
vt -0.28125 0.375
vt -0.28125 -0.625
vt -0.96875 0.25
vt -0.96875 -0.75
vt -0.28125 -0.5625
vt -0.3125 0.375
vt -0.3125 -0.5625
vt 0.03125 -0.6875
vt 0.03125 0.25
vt 0 0.25
vt -0.59375 0.125
vt -0.59375 -0.8125
vt -0.59375 -0.4375
vt -0.125 0.25
vt -0.8125 -0.75
vt -0.40625 0.25
vt 0.71875 -0.375
vt 0.71875 0.25
vt 0.46875 0.25
vt 0.375 -2.1875
vt 0.25 -2.25
vt 1 -1.6875
vt 0.875 -1.6875
vt 0.125 -2.1875
vt 0.375 -1.6875
vt 0.25 -1.6875
vt 0.71875 0.625
vt 0.59375 0.75
vt 0.59375 0.25
vt 0.71875 -1
vt 0.59375 -1.0625
vt 0.84375 -0.9375
vt 0.84375 0.5
vt 0.53125 0.25
vt 0.53125 0.75
vt 0.46875 0.75
vt 0.46875 0.5
vt 0.53125 0.375
vt 0.53125 -0.375
vt 0.53125 -1.0625
vt -0.09375 0.75
vt -0.09375 -1.0625
vt -0.09375 -0.375
vt -0.03125 0.75
vt -0.09375 0.25
vt 0.21875 0.5
vt 0.21875 0.75
vt 0.21875 -1.0625
vt 0.21875 -0.375
vt -0.03125 -1.0625
vt 1.554688 -0.75
vt 1.554688 0
vt 0.3359375 0
vt 0.3359375 -0.75
vt 1.1875 -0.75
vt 0.0625 -0.75
vt 0.421875 -0.75
vt 0.421875 0
vt 0.9609375 -0.75
vt 0.9609375 0
vt 0.5390625 0
vt 0.5390625 -0.75
vt 1.21875 -0.75
vt 1.21875 0
vt 1.625 -1
vt 1.625 0
vt 0.6015625 -1
vt 0.6015625 0
vt 0.9375 -1
vt 0.90625 -1
vt 0.90625 0
vt 0.09375 -2
vt 0.3125 -2
vt 0.15625 0
vt 0.15625 -2
vt 0.46875 -2
vt 0.46875 0
vt 0.625 -2
vt 0.71875 -2
vt 0.71875 0
vt 0.71875 -1.4375
vt 0.625 -1.4375
vt 0.46875 -1.4375
vt 0.3125 -1.4375
vt 0.15625 -1.4375
vt 0.09375 -1.4375
vt 0.1875 -0.5625
vt 1.21875 -1
vt 1.21875 -0.875
vt 0.046875 -0.875
vt 0.046875 -1
vt 0.28125 -0.875
vt 0.28125 0.125
vt 0.21875 0.125
vt 0.21875 -0.875
vt 0.625 -1
vt 0.3125 -1
vt 0.15625 -1
vt 0.53125 -1
vt 0.53125 -0.5
vt 0.46875 -0.5
vt 0.9375 -0.5
vt 1.125 -0.5
vt 0.3828125 -1
vt 0.3828125 -0.5
vt 0.125 -0.5
vt 0.5703125 -1
vt 0.5703125 -0.5
vt 1.023438 -1
vt 1.023438 -0.5
vt 0.8359375 -0.5
vt 0.8359375 -1
vt 0.28125 -1
vt 0.28125 -0.5
vt 0.0234375 -0.5
vt 0.0234375 -1
vt 3.070313 -1
vt 3.070313 -0.5
vt 0.2578125 -0.5
vt 0.0703125 -0.5
vt 0.0703125 -1
vt 0.515625 -1
vt 0.515625 -0.5
vt 0.703125 -1
vt 0.703125 -0.5
vt 0.890625 -1
vt 0.890625 -0.5
vt 0.3359375 -1
vt 0.3359375 -0.5
vt 0.1484375 -0.5
vt 0.1484375 -1
vt 2.835938 -1
vt 2.835938 -0.5
vt 1.148438 -1
vt 1.148438 -0.5
vt 0.0625 -0.5625
vt 0.875 -0.5625
vt 0.765625 -0.5
vt 0.640625 -0.5
vt 0.640625 -1
vt 0.3125 0.125
vt 0.96875 0
vt 0.96875 -1
vt 0.75 -1.125
vt 0.71875 -0.125
vt 0.71875 -1.125
vt 0.1171875 -0.9375
vt 0.1171875 0
vt 0.8125 -1.0625
vt 0.8125 -0.125
vt 0.75 -1.0625
vt 0.09375 -1.9375
vt 0.3125 -1.9375
vt 0.15625 -1.9375
vt 0.46875 -1.9375
vt 0.625 -1.9375
vt 0.71875 -1.9375
vt 0.90625 -1.125
vt -0.296875 -1
vt -0.296875 -1.125
vt 0.21875 -0.9375
vt 0.90625 -1.0625
vt 0.90625 -0.125
vt 0.65625 -1.25
vt 0.65625 -1.125
vt -0.4375 -1.125
vt -0.4375 -1.25
vt 0.65625 -0.125
vt 1.640625 -1
vt 1.640625 -0.5
vt 0 -1.3125
vt 0.875 -0.4375
vt 1.375 -0.75
vt 1.375 0
vt 0.2421875 -0.75
vt 0.2421875 0
vt 0.15625 -0.75
vt 1.03125 -0.75
vt 1.03125 0
vt 0.4140625 0
vt 0.4140625 -0.75
vt 0.2890625 0
vt 0.2890625 -0.75
vt 0.3125 -0.75
vt 0.6171875 -0.75
vt 0.6171875 0
vt 0.8828125 -0.75
vt 0.8828125 0
vt 0.53125 0
vt 0.84375 -1
vt 0.84375 0
vt 0.3203125 -1
vt 0.3203125 0
vt 0.6171875 -1
vt 0.7890625 -1
vt 0.7890625 0
vt 15 -3.5
vt 15 0
vt 0 -3.5
vt 20 -3.5
vt 20 0
vt 0.3828125 -0.0625
vt 0.3828125 0
vt 0.640625 -0.0625
vt 0.640625 0
vt 0.8671875 -0.0625
vt 0.8671875 0
vt 0.7109375 -0.0625
vt 0.7109375 0
vt 1.109375 -0.0625
vt 1.109375 0
vt 1.125 -0.0625
vt 1.125 0
vt 0.109375 -0.0625
vt 0.109375 0
vt 0.1640625 -0.0625
vt 0.1640625 0
vt 0.234375 -0.0625
vt 0.234375 0
vt 2.578125 -0.0625
vt 2.578125 0
vt 1.078125 -0.0625
vt 1.078125 0
vt 0.8828125 -0.0625
vt 0.53125 -0.0625
vt 0.3515625 -0.0625
vt 0.3515625 0
vt 1.375 -0.0625
vt 34 -18
vt 34 0
vt 0 -18
vt 44 -18
vt 44 0
vt -5 -0.25
vt -5 -0.5
vt -4 -0.5
vt -4 -0.25
vt -2 -0.5
vt -2 -0.25
vt -1 -0.5
vt -1 -0.25
vt -4.5 -1.5
vt -4 -1.5
vt -4.5 -0.5
vt -3.5 -0.5
vt -3.5 -1.5
vt -2.5 -1.5
vt -2.5 -0.5
vt -2 -1.5
vt -1.5 -1.5
vt -1.5 -0.5
vt -0.90625 -3.59375
vt 0 -4.5
vt 0.5 -3.5
vt -0.15625 -2.84375
vt -0.90625 -3.770531
vt -0.0625 -4.625
vt -1 -6.5
vt -0.9375 -6.375
vt -2.229469 -5.09375
vt -2.40625 -5.09375
vt -3.15625 -5.84375
vt -1.5 -7.5
vt -2 -1.75
vt -2 -2.5
vt -1 -2
vt -1 -1.75
vt -2.125 -1.875
vt -2.125 -2.5625
vt -4 -3.5
vt -3.875 -3.4375
vt -3.875 -1.875
vt -4 -1.75
vt -5 -1.75
vt -5 -4
vt -1.09375 -3.40625
vt -0.34375 -2.65625
vt -4 3.25
vt -5 3.25
vt -2 3.125
vt -2 3.25
vt -3.875 3.125
vt -2.125 3.125
vt -2.125 -0.125
vt -3.875 -0.125
vt -1 3.25
vt 19.5 3.5
vt 20 3.5
vt 20 4.5
vt 19.5 4.5
vt 10 3.5
vt 10.5 3.5
vt 10.5 4.5
vt 10 4.5
vt 8.5 4.5
vt 8.5 3.5
vt 9.5 3.5
vt 9.5 4.5
vt -1 -1.5
vt -5 -1.5
vt 0.75 -4.5
vt 0.75 -3.5
vt 0.75 -6.5
vt 0.625 -6.375
vt 0.625 -4.625
vt 0.75 -7.5
vt -3.34375 -5.65625
vt -2.59375 -4.90625
vt -2.59375 -4.729469
vt -1.270531 -3.40625
vt -1.5 -1.25
vt -1.5 -0.75
vt -7 -0.75
vt -7 -1.25
vt -4.5 -1.25
vt -4.5 -0.75
vt 18.0625 -4.625
vt 18.9375 -6.375
vt 20.22947 -5.09375
vt 18.90625 -3.770531
vt 22.5 -0.75
vt 22.5 -1.25
vt 25 -1.25
vt 25 -0.75
vt 17 -1.25
vt 19.5 -1.25
vt 19.5 -0.75
vt 17 -0.75
vt 17.375 -4.625
vt 17.375 -6.375
vt 20.125 3.125
vt 20.125 -0.125
vt 21.875 -0.125
vt 21.875 3.125
vt 4.125 0
vt 4.9375 -1.875
vt 5 -1.875
vt 18.90625 -3.59375
vt 20.40625 -5.09375
vt 20.59375 -4.90625
vt 19.09375 -3.40625
vt 6 -6.375
vt 6.375 -6.375
vt 6.375 -4.625
vt 6 -4.625
vt 5.5 -6.375
vt 5.625 -6.375
vt 5.625 -4.625
vt 5.5 -4.625
vt 22 -1.75
vt 23 -1.75
vt 23 -1.5
vt 22 -1.5
vt 10 1.25
vt 10 1
vt 11 1
vt 11 1.25
vt 3.5 -6.375
vt 3.875 -6.375
vt 3.875 -4.625
vt 3.5 -4.625
vt 5 -6.375
vt 5.125 -6.375
vt 5.125 -4.625
vt 5 -4.625
vt 6.5 -6.375
vt 6.875 -6.375
vt 6.875 -4.625
vt 6.5 -4.625
vt 18.15625 -2.84375
vt 18.34375 -2.65625
vt 19.27053 -3.40625
vt 20.59375 -4.729469
vt 21.875 -3.4375
vt 20.125 -2.5625
vt 21.875 -1.875
vt 20.125 -1.875
vt 21.5 -1.5
vt 22 -0.5
vt 21.5 -0.5
vt 20 -1.5
vt 20.5 -1.5
vt 20.5 -0.5
vt 20 -0.5
vt 17.25 -6.5
vt 17.25 -7.5
vt 19.5 -7.5
vt 19 -6.5
vt 21.15625 -5.84375
vt 21.34375 -5.65625
vt 19 -1.75
vt 20 -1.75
vt 19 -1.5
vt 7.5 4.5
vt 7.5 3.5
vt 8 3.5
vt 8 4.5
vt 4.5 -4.625
vt 4.5 -6.375
vt 4.875 -6.375
vt 4.875 -4.625
vt 5.375 -6.375
vt 5.375 -4.625
vt 5.875 -6.375
vt 5.875 -4.625
vt 10.5 3.75
vt 13 3.75
vt 13 4.25
vt 10.5 4.25
vt 5 4.25
vt 5 3.75
vt 7.5 3.75
vt 7.5 4.25
vt 20 -2.5
vt 22 -3.5
vt 17.25 -3.5
vt 17.25 -4.5
vt 18 -4.5
vt 17.5 -3.5
vt 23 -4
vt 19 3.25
vt 19 -0.25
vt 20 -0.25
vt 20 3.25
vt 4 -4.625
vt 4 -6.375
vt 4.375 -6.375
vt 4.375 -4.625
vt 13 -1.875
vt 13.0625 -1.875
vt 13.875 0
vt 13 0
vt 13.125 -2
vt 13.1875 -2.016625
vt 14.5 -0.07920312
vt 14 0
vt 13.58778 -2.190984
vt 13.72492 -2.328125
vt 15.53125 -0.7376406
vt 15.17558 -0.3819687
vt 13.95106 -2.690984
vt 13.96875 -2.7575
vt 15.9802 -1.875
vt 15.90211 -1.381969
vt 11.625 -6.375
vt 12 -6.375
vt 12 -4.625
vt 11.625 -4.625
vt 12.375 -4.625
vt 12.375 -6.375
vt 12.5 -6.375
vt 12.5 -4.625
vt 2.019797 -1.875
vt 4.03125 -2.7575
vt 4.048937 -2.690984
vt 2.097891 -1.381969
vt 14.125 -4.625
vt 14.125 -6.375
vt 14.5 -6.375
vt 14.5 -4.625
vt 12.875 -4.625
vt 12.875 -6.375
vt 13 -6.375
vt 13 -4.625
vt 11.125 -4.625
vt 11.125 -6.375
vt 11.5 -6.375
vt 11.5 -4.625
vt 13.30902 -2.048938
vt 13.48438 -2.138297
vt 15.06991 -0.328125
vt 14.61803 -0.09789062
vt 13.80902 -2.412219
vt 13.89355 -2.578125
vt 15.84283 -1.265625
vt 15.61803 -0.8244219
vt 14 -2.875
vt 16 -2.875
vt 16 -2
vt 2.930094 -0.328125
vt 4.515625 -2.138297
vt 4.690984 -2.048938
vt 3.381969 -0.09789062
vt 2 -2
vt 2 -2.875
vt 4 -2.875
vt 2.46875 -0.7376406
vt 4.275078 -2.328125
vt 4.412219 -2.190984
vt 2.824422 -0.3819687
vt 13.125 -4.625
vt 13.125 -6.375
vt 13.5 -6.375
vt 13.5 -4.625
vt 12.625 -4.625
vt 12.625 -6.375
vt 12.125 -4.625
vt 12.125 -6.375
vt 3.5 -0.07920312
vt 4.8125 -2.016625
vt 4.875 -2
vt 4 0
vt 13.625 -4.625
vt 13.625 -6.375
vt 14 -6.375
vt 14 -4.625
vt 2.157172 -1.265625
vt 4.106453 -2.578125
vt 4.190984 -2.412219
vt 2.381969 -0.8244219
vt 23 -0.5
vt 23 -0.25
vt 22 -0.25
vt 19 -0.5
vt 22.5 -1.5
vt 22.5 -0.5
vt 19.5 -1.5
vt 19.5 -0.5
vt 19 -2
vt 23 3.25
vt 22 3.25
vt 22 3.125
vt 13 -9.125
vt 13 -11
vt 13.875 -11
vt 13.0625 -9.125
vt 13.125 -9
vt 14 -11
vt 14.5 -10.9208
vt 13.1875 -8.983375
vt 13.58778 -8.809015
vt 15.17558 -10.61803
vt 15.53125 -10.26236
vt 13.72492 -8.671875
vt 13.95106 -8.309015
vt 15.90211 -9.618032
vt 15.9802 -9.125
vt 13.96875 -8.2425
vt 13.30902 -8.951062
vt 14.61803 -10.90211
vt 15.06991 -10.67188
vt 13.48438 -8.861703
vt 13.80902 -8.587781
vt 15.61803 -10.17558
vt 15.84283 -9.734375
vt 13.89355 -8.421875
vt 16 -8.125
vt 14 -8.125
vt 16 -9
vt 4.125 -11
vt 5 -11
vt 5 -9.125
vt 4.9375 -9.125
vt 3.5 -10.9208
vt 4 -11
vt 4.875 -9
vt 4.8125 -8.983375
vt 2.46875 -10.26236
vt 2.824422 -10.61803
vt 4.412219 -8.809015
vt 4.275078 -8.671875
vt 2.019797 -9.125
vt 2.097891 -9.618032
vt 4.048937 -8.309015
vt 4.03125 -8.2425
vt 2.930094 -10.67188
vt 3.381969 -10.90211
vt 4.690984 -8.951062
vt 4.515625 -8.861703
vt 2.157172 -9.734375
vt 2.381969 -10.17558
vt 4.190984 -8.587781
vt 4.106453 -8.421875
vt 2 -8.125
vt 2 -9
vt 4 -8.125
vt 10 3.25
vt 11 3.25
vt 11 3.5
vt 7 3.25
vt 8 3.25
vt 7 3.5
vt 7 1
vt 8 1
vt 8 1.25
vt 7 1.25
vt 10 3.125
vt 8.125 3.125
vt 9.875 3.125
vt 9.875 1.375
vt 8.125 1.375
vt -5 4.75
vt -5 4.5
vt -4 4.5
vt -4 4.75
vt -2 4.5
vt -2 4.75
vt -1 4.5
vt -1 4.75
vt -4.5 3.5
vt -4 3.5
vt -4.5 4.5
vt -3.5 4.5
vt -3.5 3.5
vt -2.5 3.5
vt -2.5 4.5
vt -2 3.5
vt -1.5 3.5
vt -1.5 4.5
vt -1 3.5
vt -5 3.5
vt -1.5 3.75
vt 1 3.75
vt 1 4.25
vt -1.5 4.25
vt -7 4.25
vt -7 3.75
vt -4.5 3.75
vt -4.5 4.25
vt 22.5 3.75
vt 25 3.75
vt 25 4.25
vt 22.5 4.25
vt 17 4.25
vt 17 3.75
vt 19.5 3.75
vt 19.5 4.25
vt 23 3.5
vt 22 3.5
vt 21.5 4.5
vt 21.5 3.5
vt 22 4.5
vt 20.5 3.5
vt 20.5 4.5
vt 19 3.5
vt 23 4.5
vt 23 4.75
vt 22 4.75
vt 20 4.75
vt 19 4.5
vt 19 4.75
vt 22.5 3.5
vt 22.5 4.5
vt -0.90625 6.59375
vt -0.15625 5.84375
vt 0.5 6.5
vt 0 7.5
vt -0.9375 9.375
vt -1 9.5
vt -2.40625 8.09375
vt -2.229469 8.09375
vt -0.0625 7.625
vt -0.90625 6.770531
vt -3.15625 8.84375
vt -1.5 10.5
vt 23 7
vt 22 6.5
vt -1 5
vt -2 5.5
vt -3.875 6.4375
vt -4 6.5
vt -3.875 4.875
vt -2.125 5.5625
vt -2.125 4.875
vt -5 7
vt 18.34375 5.65625
vt 19 5
vt 20 5.5
vt 19.09375 6.40625
vt -0.34375 5.65625
vt -1.09375 6.40625
vt 0.75 6.5
vt 0.75 7.5
vt 0.625 7.625
vt 0.625 9.375
vt 0.75 9.5
vt 0.75 10.5
vt -2.59375 7.90625
vt -3.34375 8.65625
vt -1.270531 6.40625
vt -2.59375 7.729469
vt 18.0625 7.625
vt 18.90625 6.770531
vt 20.22947 8.09375
vt 18.9375 9.375
vt 17.375 7.625
vt 17.375 9.375
vt 18.90625 6.59375
vt 20.59375 7.90625
vt 20.40625 8.09375
vt 18.15625 5.84375
vt 19.27053 6.40625
vt 20.125 5.5625
vt 21.875 6.4375
vt 20.59375 7.729469
vt 20.125 4.875
vt 21.875 4.875
vt 17.25 9.5
vt 19 9.5
vt 19.5 10.5
vt 17.25 10.5
vt 21.34375 8.65625
vt 21.15625 8.84375
vt 17.25 6.5
vt 17.5 6.5
vt 18 7.5
vt 17.25 7.5
vt 16 10
vt 16 9.5
vt 17 9.5
vt 17 10
vt 16.25 12.5
vt 16.25 10
vt 16.75 10
vt 16.75 12.5
vt 16.25 4.5
vt 16.75 4.5
vt 16.75 7
vt 16.25 7
vt 15.75 6.5
vt 16 6.5
vt 16 7.5
vt 15.75 7.5
vt 16 8
vt 17 7.5
vt 17 8
vt 16 9
vt 17 9
vt 15.75 9.5
vt 16 10.5
vt 15.75 10.5
vt 17 6.5
vt 17 10.5
vt 16 7
vt 17 7
vt 1 10
vt 1 9.5
vt 2 9.5
vt 2 10
vt 1.25 12.5
vt 1.25 10
vt 1.75 10
vt 1.75 12.5
vt 1.25 4.5
vt 1.75 4.5
vt 1.75 7
vt 1.25 7
vt 1 6.5
vt 1 7.5
vt 2 7.5
vt 2 8
vt 1 8
vt 1 9
vt 2 9
vt 1 10.5
vt 2 6.5
vt 2.25 6.5
vt 2.25 7.5
vt 2.25 9.5
vt 2.25 10.5
vt 2 10.5
vt 1 7
vt 2 7
vt 7 4.5
vt 8 4.75
vt 7 4.75
vt 11 4.5
vt 11 4.75
vt 10 4.75
vt 13.125 9.375
vt 15.75 9.375
vt 15.625 9.375
vt 15.625 7.625
vt 13 9.5
vt 13.125 7.625
vt 13 7.5
vt 5.5 6.5
vt 5.75 6.25
vt 6.5 7
vt 6 7.5
vt 6.75 6.75
vt 8.25 8.25
vt 8 8.5
vt 12.75 9.5
vt 13 10.5
vt 12.75 10.5
vt 12.75 7.5
vt 5.25 6.5
vt 5.25 7.5
vt 9.25 9.25
vt 10 8.5
vt 11 9.5
vt 10.5 10.5
vt 9 9
vt 8.75 9.25
vt 9 7.5
vt 11 5
vt 10 5.5
vt 9.75 8.25
vt 7 9.5
vt 7.5 10.5
vt 5.25 9.5
vt 5.25 10.5
vt 11.5 7
vt 12.25 6.25
vt 12.5 6.5
vt 12 7.5
vt 7.823219 8.5
vt 6.948219 9.375
vt 6.5 7.176781
vt 5.375 9.375
vt 6.051781 7.625
vt 5.375 7.625
vt 13 6.5
vt 12.75 6.5
vt 11.05178 9.375
vt 12.75 9.375
vt 12.625 9.375
vt 12.625 7.625
vt 11.94822 7.625
vt 10.17678 8.5
vt 11.5 7.176781
vt 11.25 6.75
vt 12 6
vt 6 6
vt 7 5
vt 8 5.5
vt 5 6.5
vt 5 7.5
vt 5 9.5
vt 5 10.5
vt 5 9.375
vt 2.375 9.375
vt 4.875 9.375
vt 4.875 7.625
vt 2.375 7.625
vt 11.07322 6.75
vt 9.75 8.073218
vt 9.875 5.551781
vt 9 7.323219
vt 9.875 4.875
vt 8.25 8.073218
vt 8.125 4.875
vt 6.926781 6.75
vt 8.125 5.551781
vt 8.25 1
vt 8.25 1.25
vt 9.75 1
vt 9.75 1.25
vt 8.5 1.1875
vt 9.5 1.1875
vt 9.5 1.25
vt 8.5 1.25
vt 8.5 1.0625
vt 9.5 1.0625
vt 8.5 1
vt 9.5 1
vt -5 -0.125
vt -4 -0.125
vt -2 -0.125
vt -1 -0.125
vt 0.75 -2.25
vt 1 -2.25
vt 1 -1.75
vt 0.75 -1.75
vt 0.75 -3.25
vt 0.75 -3.75
vt 1 -3.75
vt 1 -3.25
vt 0.75 -1.625
vt 0.03125 -1.328125
vt -0.15625 -1.421875
vt 0.625 -1.625
vt -1.625 -3.875
vt 0.75 -3.875
vt -3.15625 -2.921875
vt -3.34375 -3.015625
vt -1.5 -3.75
vt -1 -1
vt -0.34375 -1.328125
vt -0.15625 -1.234375
vt -1 -0.875
vt -0.75 -0.875
vt -5.25 -2.0625
vt -3.53125 -2.921875
vt -3.34375 -2.828125
vt -5 -0.875
vt -5.25 -0.875
vt -5 -2
vt -2 -0.75
vt -2 -0.875
vt -1 -0.75
vt -4 -0.75
vt -4 -0.875
vt -5 -0.75
vt -1.09375 -1.703125
vt -0.90625 -1.796875
vt -2.40625 -2.546875
vt -2.59375 -2.453125
vt 18.90625 -1.796875
vt 20.59375 -2.453125
vt 20.40625 -2.546875
vt 19.09375 -1.703125
vt 8.25 -1
vt 8.5 -1
vt 8.5 -0.875
vt 8.25 -0.875
vt 8.25 -1.125
vt 8.5 -1.125
vt 8.5 -1.09375
vt 9.5 -1.09375
vt 9.5 -1.03125
vt 8.5 -1.03125
vt 4.5 -2.3125
vt 4.875 -2.3125
vt 4.875 -2.25
vt 4.5 -2.25
vt 8 -7.5
vt 8 -8
vt 10 -8
vt 10 -7.5
vt 22 -0.875
vt 23 -0.75
vt 23 -0.875
vt 22 -0.75
vt 10 0.625
vt 11 0.5
vt 10 0.5
vt 11 0.625
vt 5 -3.1875
vt 5.125 -2.3125
vt 5.125 -3.1875
vt 5 -2.3125
vt 8 -7
vt 8 -7.125
vt 10 -7.125
vt 10 -7
vt 8 -7.25
vt 10 -7.25
vt 8 -7.375
vt 10 -7.375
vt 6.125 -1.5625
vt 11.875 -1.4375
vt 11.875 -1.5625
vt 6.125 -1.4375
vt 5.911406 -1.831086
vt 6.068453 -1.676977
vt 5.662172 -1.955703
vt 5.125 -2.0625
vt 5.353953 -2.034227
vt 5.125 -2
vt 5.309016 -1.975531
vt 5.951063 -1.654508
vt 6 -1.5625
vt 5.587781 -1.904508
vt 5.809016 -1.793891
vt 5 -2.0625
vt 5.125 -2.25
vt 5 -2.25
vt 18.15625 -1.421875
vt 18.34375 -1.328125
vt 4.875 -2.0625
vt 5.375 -2.3125
vt 5.375 -2.25
vt 5.5 -2.3125
vt 5.625 -2.3125
vt 5.625 -2.25
vt 5.5 -2.25
vt 5.5 -3.25
vt 5.625 -3.25
vt 5.625 -3.1875
vt 5.5 -3.1875
vt 21.34375 -2.828125
vt 21.15625 -2.921875
vt 19 -0.875
vt 20 -0.75
vt 20 -0.875
vt 19 -0.75
vt 4 -3.1875
vt 4 -3.25
vt 4.5 -3.25
vt 4.375 -3.1875
vt 4 -2.25
vt 4 -2.3125
vt 4.375 -2.3125
vt 14.125 -2.3125
vt 14.5 -2.3125
vt 14.5 -2.25
vt 14.5 -3.25
vt 14.5 -3.1875
vt 14.125 -3.1875
vt 14 -3.25
vt 14 -2.25
vt 3.381969 -0.04894531
vt 4.690984 -1.024469
vt 4.8125 -1.008312
vt 3.5 -0.03960156
vt 11 -3.25
vt 11.5 -3.25
vt 11.5 -3.1875
vt 11.5 -2.3125
vt 11.5 -2.25
vt 11 -2.25
vt 11.125 -2.3125
vt 11.125 -3.1875
vt 11.625 -2.3125
vt 12 -2.3125
vt 12 -2.25
vt 12 -3.25
vt 12 -3.1875
vt 11.625 -3.1875
vt 6.5 -3.1875
vt 6.5 -3.25
vt 7 -3.25
vt 6.875 -3.1875
vt 6.5 -2.25
vt 6.5 -2.3125
vt 6.875 -2.3125
vt 7 -2.25
vt 6 -3.1875
vt 6 -3.25
vt 6.375 -3.1875
vt 6 -2.25
vt 6 -2.3125
vt 6.375 -2.3125
vt 13.125 -3.25
vt 13.5 -3.25
vt 13.5 -3.1875
vt 13.125 -3.1875
vt 4.5 -3.1875
vt 4.875 -3.25
vt 4.875 -3.1875
vt 3.5 -3.1875
vt 3.5 -3.25
vt 3.875 -3.1875
vt 3.5 -2.25
vt 3.5 -2.3125
vt 3.875 -2.3125
vt 5.375 -3.25
vt 5.875 -3.1875
vt 5.875 -2.3125
vt 6.125 -4.0625
vt 11.875 -3.9375
vt 11.875 -4.0625
vt 6.125 -3.9375
vt 5.951063 -3.845492
vt 6 -3.9375
vt 5.125 -3.4375
vt 5.309016 -3.524469
vt 5.125 -3.5
vt 5.353953 -3.465773
vt 5.662172 -3.544297
vt 5.911406 -3.668914
vt 6.068453 -3.823023
vt 5.809016 -3.706109
vt 5.587781 -3.595492
vt 5 -3.4375
vt 5.125 -3.25
vt 5 -3.25
vt 4.875 -3.4375
vt 5.375 -3.1875
vt 12.375 -3.25
vt 12.375 -3.1875
vt 12.125 -3.1875
vt 12.375 -2.3125
vt 12.375 -2.25
vt 12.125 -2.3125
vt 13.48438 -1.069148
vt 13.58778 -1.095492
vt 15.17558 -0.1909844
vt 15.06991 -0.1640625
vt 13.89355 -1.289063
vt 13.95106 -1.345492
vt 15.90211 -0.6909844
vt 15.84283 -0.6328125
vt 14.125 -1.5
vt 16 -1.5
vt 16 -1.4375
vt 14.125 -1.4375
vt 12.625 -3.1875
vt 12.625 -3.25
vt 12.875 -3.25
vt 12.875 -3.1875
vt 9.5 -0.875
vt 9.5 -1
vt 9.75 -1
vt 9.75 -0.875
vt 9.5 -1.125
vt 9.75 -1.125
vt 13 -3.25
vt 13.125 -3.4375
vt 13 -3.4375
vt 13.125 -2.25
vt 13.125 -2.3125
vt 13.5 -2.3125
vt 13.5 -2.25
vt 13 -2.25
vt 4.875 -1
vt 4.875 -0.9375
vt 4.9375 -0.9375
vt 12.5 -2.25
vt 12.5 -3.25
vt 12.625 -2.25
vt 12.875 -2.3125
vt 13 -3.1875
vt 13 -2.3125
vt 12.64605 -2.034227
vt 12.875 -2
vt 12.875 -2.0625
vt 12.33783 -1.955703
vt 11.93155 -1.676977
vt 12.08859 -1.831086
vt 12.04894 -1.654508
vt 12 -1.5625
vt 12.69098 -1.975531
vt 12.19098 -1.793891
vt 12.41222 -1.904508
vt 12.875 -2.25
vt 13 -2.0625
vt 2.381969 -0.4122109
vt 4.190984 -1.206109
vt 4.275078 -1.164063
vt 2.46875 -0.3688203
vt 13.125 -2.0625
vt 12.875 -3.4375
vt 12.625 -2.3125
vt 12.69098 -3.524469
vt 12.875 -3.5
vt 12.04894 -3.845492
vt 12 -3.9375
vt 11.93155 -3.823023
vt 12.08859 -3.668914
vt 12.33783 -3.544297
vt 12.64605 -3.465773
vt 12.41222 -3.595492
vt 12.19098 -3.706109
vt 12.5 -2.3125
vt 13.125 -0.9375
vt 13.125 -1
vt 13.0625 -0.9375
vt 13.1875 -1.008312
vt 13.30902 -1.024469
vt 14.61803 -0.04894531
vt 14.5 -0.03960156
vt 13.72492 -1.164063
vt 13.80902 -1.206109
vt 15.61803 -0.4122109
vt 15.53125 -0.3688203
vt 13.96875 -1.37875
vt 14 -1.4375
vt 16 -1
vt 15.9802 -0.9375
vt 12.5 -3.1875
vt 2.824422 -0.1909844
vt 4.412219 -1.095492
vt 4.515625 -1.069148
vt 2.930094 -0.1640625
vt 13.625 -2.3125
vt 14 -2.3125
vt 14 -3.1875
vt 13.625 -3.1875
vt 2.097891 -0.6909844
vt 4.048937 -1.345492
vt 4.106453 -1.289063
vt 2.157172 -0.6328125
vt 4 -1.4375
vt 4.03125 -1.37875
vt 2.019797 -0.9375
vt 2 -1.5
vt 3.875 -1.5
vt 3.875 -1.4375
vt 2 -1.4375
vt 23 -0.125
vt 22 -0.125
vt 20 -0.125
vt 19 -0.125
vt 17 -1.75
vt 17 -2.25
vt 17.25 -2.25
vt 17.25 -1.75
vt 17 -3.25
vt 17 -3.75
vt 17.25 -3.75
vt 17.25 -3.25
vt 21.53125 -2.921875
vt 23.25 -2.0625
vt 23 -2
vt 23.25 -0.875
vt 17.25 -3.875
vt 19.625 -3.875
vt 19.5 -3.75
vt 21.34375 -3.015625
vt 19 -1
vt 18.15625 -1.234375
vt 18.75 -0.9375
vt 18.75 -0.875
vt 17.5 -1.75
vt 17.375 -1.625
vt 17.25 -1.625
vt 17.96875 -1.328125
vt 13.48438 -4.430851
vt 15.06991 -5.335938
vt 15.17558 -5.309016
vt 13.58778 -4.404508
vt 13.89355 -4.210938
vt 15.84283 -4.867188
vt 15.90211 -4.809016
vt 13.95106 -4.154508
vt 14.125 -4.0625
vt 16 -4.0625
vt 16 -4
vt 14.125 -4
vt 13.0625 -4.5625
vt 13.875 -5.5
vt 14 -5.5
vt 13.125 -4.5625
vt 13.125 -4.5
vt 13.1875 -4.491687
vt 14.5 -5.460399
vt 14.61803 -5.451055
vt 13.30902 -4.475531
vt 13.72492 -4.335938
vt 15.53125 -5.13118
vt 15.61803 -5.087789
vt 13.80902 -4.29389
vt 13.96875 -4.12125
vt 15.9802 -4.5625
vt 16 -4.5
vt 14 -4.0625
vt 2.824422 -5.309016
vt 2.930094 -5.335938
vt 4.515625 -4.430851
vt 4.412219 -4.404508
vt 2.097891 -4.809016
vt 2.157172 -4.867188
vt 4.106453 -4.210938
vt 4.048937 -4.154508
vt 2 -4
vt 2 -4.0625
vt 3.875 -4.0625
vt 3.875 -4
vt 4 -5.5
vt 4.125 -5.5
vt 4.9375 -4.5625
vt 4.875 -4.5625
vt 4.875 -4.5
vt 3.381969 -5.451055
vt 3.5 -5.460399
vt 4.8125 -4.491687
vt 4.690984 -4.475531
vt 2.381969 -5.087789
vt 2.46875 -5.13118
vt 4.275078 -4.335938
vt 4.190984 -4.29389
vt 2 -4.5
vt 2.019797 -4.5625
vt 4.03125 -4.12125
vt 4 -4.0625
vt 8.25 0.375
vt 8.5 0.375
vt 8.5 0.5
vt 8.25 0.5
vt 10 1.625
vt 11 1.75
vt 11 1.625
vt 10 1.75
vt 7 1.625
vt 8 1.75
vt 8 1.625
vt 7 1.75
vt 11.25 0.625
vt 11.25 1.625
vt 6.75 0.625
vt 7 0.625
vt 6.75 1.625
vt 7 0.5
vt 8 0.625
vt 8 0.5
vt 8.25 0.625
vt 8.5 0.625
vt -5 2.375
vt -4 2.25
vt -5 2.25
vt -4 2.375
vt -2 2.25
vt -2 2.375
vt -1 2.25
vt -1 2.375
vt -2 1.625
vt -1 1.75
vt -1 1.625
vt -2 1.75
vt -4 1.625
vt -4 1.75
vt -5 1.625
vt -5 1.75
vt 22 1.625
vt 23 1.75
vt 23 1.625
vt 22 1.75
vt 19 1.625
vt 20 1.75
vt 20 1.625
vt 19 1.75
vt 22 2.25
vt 23 2.375
vt 23 2.25
vt 22 2.375
vt 20 2.375
vt 20 2.25
vt 19 2.25
vt 19 2.375
vt -0.75 -0.125
vt -0.75 1.625
vt -5.25 -0.125
vt -5.25 1.625
vt 18.75 -0.125
vt 18.75 1.625
vt 23.25 -0.125
vt 23.25 1.625
vt 23.25 2.375
vt 23.25 3.5625
vt 21.53125 4.421875
vt 21.34375 4.328125
vt 19.5 5.25
vt 21.15625 4.421875
vt 21.34375 4.515625
vt 17.25 5.375
vt 17.25 5.25
vt 19.625 5.375
vt 18.75 2.4375
vt 18.75 2.375
vt 18.34375 2.828125
vt 18.15625 2.734375
vt 19 2.5
vt 17.375 3.125
vt 17.96875 2.828125
vt 18.15625 2.921875
vt 17.25 3.25
vt 17.25 3.125
vt 17.5 3.25
vt -1.5 5.25
vt 0.75 5.25
vt 0.75 5.375
vt -3.34375 4.515625
vt -3.15625 4.421875
vt -1.625 5.375
vt 0.625 3.125
vt 0.75 3.125
vt 0.75 3.25
vt -0.15625 2.921875
vt 0.03125 2.828125
vt 0.5 3.25
vt -0.75 2.375
vt -0.75 2.4375
vt -1 2.5
vt -0.34375 2.828125
vt -0.15625 2.734375
vt -5.25 2.375
vt -5.25 3.5625
vt -3.34375 4.328125
vt -3.53125 4.421875
vt -1.09375 3.203125
vt -0.90625 3.296875
vt -2.40625 4.046875
vt -2.59375 3.953125
vt 18.90625 3.296875
vt 20.59375 3.953125
vt 19.09375 3.203125
vt 20.40625 4.046875
vt 15.75 3.25
vt 16 3.75
vt 16 3.25
vt 15.75 3.75
vt 15.75 4.75
vt 16 5.25
vt 16 4.75
vt 15.75 5.25
vt 17 3.25
vt 17.25 3.75
vt 17 4.75
vt 17.25 4.75
vt 17 5.25
vt 1 3.25
vt 0.75 3.75
vt 1 4.75
vt 0.75 4.75
vt 1 5.25
vt 2 3.25
vt 2.25 3.75
vt 2.25 3.25
vt 2 3.75
vt 2 4.75
vt 2.25 4.75
vt 2.25 5.25
vt 2 5.25
vt 7 2.25
vt 8 2.375
vt 8 2.25
vt 7 2.375
vt 10 2.25
vt 11 2.375
vt 11 2.25
vt 10 2.375
vt 6.5 3.5
vt 8.25 4.125
vt 6.75 3.375
vt 8 4.25
vt 12.75 4.75
vt 13 5.25
vt 13 4.75
vt 12.75 5.25
vt 12.75 3.75
vt 9 4.5
vt 8.75 4.625
vt 10 4.25
vt 9.75 4.125
vt 9.25 4.625
vt 12.75 3.25
vt 13 3.25
vt 11.5 3.5
vt 11.25 3.375
vt 12.25 3.125
vt 12 3
vt 5.75 3.125
vt 6 3
vt 5 3.25
vt 5.25 3.75
vt 5.25 3.25
vt 5.25 4.75
vt 5 4.75
vt 5.25 5.25
vt 5 5.25
vt 13 3.125
vt 15.75 3.125
vt 15.75 5.375
vt 13 5.375
vt 12.625 3.125
vt 12.75 3.125
vt 12.5 3.0625
vt 12.5 3.25
vt 10.5 5.25
vt 12.75 5.375
vt 9.125 4.75
vt 10.375 5.375
vt 11.25 2.375
vt 11.25 2.4375
vt 11 2.5
vt 12.125 2.875
vt 7.5 5.25
vt 8.875 4.75
vt 5.25 5.375
vt 7.625 5.375
vt 6.75 2.375
vt 7 2.5
vt 6.75 2.4375
vt 5.875 2.875
vt 5.375 3.125
vt 5.5 3.0625
vt 5.25 3.125
vt 5.5 3.25
vt 2.25 3.125
vt 5 3.125
vt 5 5.375
vt 2.25 5.375
vt 9.75 0.5
vt 9.75 0.625
vt 9.5 0.5
vt 9.5 0.625
vt 9.5 0.375
vt 9.75 0.375
vt 8.5 0.59375
vt 9.5 0.59375
vt 8.5 0.53125
vt 9.5 0.53125
vt 48.875 2.275891
vt 49 2.275891
vt 49 3.963391
vt 48.875 3.900891
vt 49 2.213391
vt 47.125 2.275891
vt 47 2.213391
vt 47 3.963391
vt 47.125 3.900891
vt 49.72947 0.6352656
vt 49.90625 0.6352656
vt 49.90681 0.6355469
vt 48.875 1.057141
vt 48.40625 -0.02634375
vt 48.40588 -0.1149141
vt 49 1.083258
vt 47.125 0.6196406
vt 47 0.5939062
vt 49 1.463391
vt 48.875 1.400891
vt 47.125 1.400891
vt 47 1.463391
vt 50.9375 0.02589062
vt 51.07726 0.02589062
vt 51.08933 0.03796094
vt 50.09375 0.453125
vt 50.0625 -0.8491094
vt 50.09708 -0.9542813
vt 50.09431 0.5417969
vt 48.77053 -0.2084844
vt 48.59339 -0.2086719
vt 63.5 -0.9116094
vt 63.625 -0.9116094
vt 63.625 0.1508906
vt 63.5 0.08839063
vt 63.04026 0.1779141
vt 63.375 0.08839063
vt 62.67905 0.3585234
vt 56.95974 0.1779141
vt 57.32095 0.3585234
vt 57.5 0.5258906
vt 56.625 0.08839063
vt 57.32095 -1.181742
vt 56.95974 -1.001133
vt 56.625 -0.9116094
vt 57.5 -1.349109
vt 63.04026 -1.001133
vt 62.67905 -1.181742
vt 62.5 -1.349109
vt 63.375 -0.9116094
vt 63.625 -0.9741094
vt 63.40633 -0.9741094
vt 63.40633 0.1508906
vt 63.11556 -1.051875
vt 63.11556 0.2286562
vt 62.78053 -1.219391
vt 62.57489 -1.411609
vt 62.78053 0.3961719
vt 62.5 0.5258906
vt 57.42511 -1.411609
vt 62.57489 0.5883906
vt 57.21947 -1.219391
vt 57.42511 0.5883906
vt 56.88444 -1.051875
vt 57.21947 0.3961719
vt 56.5 -0.9490547
vt 56.88444 0.2286562
vt 56.5 0.1258359
vt 62.07322 5.713391
vt 62.25 5.713391
vt 60.75 6.463391
vt 60.75 6.375
vt 60.875 5.114281
vt 61 5.088391
vt 60 6.088391
vt 60 6
vt 60.875 4.775891
vt 61 4.713391
vt 59.25 6.463391
vt 59.25 6.375
vt 59.125 4.775891
vt 59 4.713391
vt 57.75 5.713391
vt 57.92678 5.713391
vt 59.125 5.114281
vt 59 5.088391
vt 63.625 6.150891
vt 63.75 6.150891
vt 63.75 7.088391
vt 63.625 7.025891
vt 63.75 6.088391
vt 62.94822 6.150891
vt 63 6.088391
vt 62 7.088391
vt 62.05178 7.025891
vt 62.5 5.926781
vt 62.5 5.838391
vt 61 6.588391
vt 61.17678 6.588391
vt 71.22947 -0.2084844
vt 71.40623 -0.2084844
vt 69.90569 0.5417969
vt 69.90625 0.453125
vt 69.9375 -0.8491094
vt 71.40661 -0.2086719
vt 69.98897 -0.9116094
vt 69.01027 0.08839063
vt 69.0625 0.02589062
vt 68.375 -0.8491094
vt 68.25 -0.9116094
vt 68.25 0.08839063
vt 68.375 0.02589062
vt 72.875 0.6196406
vt 73 0.6196406
vt 73 1.463391
vt 72.875 1.400891
vt 71.59375 -0.02634375
vt 73 0.5939062
vt 71.59412 -0.1149141
vt 71 1.463391
vt 71.125 1.400891
vt 70.27053 0.6352656
vt 70.09319 0.6355469
vt 71 1.083258
vt 71.125 1.057141
vt 72.875 2.275891
vt 73 2.275891
vt 73 3.963391
vt 72.875 3.900891
vt 73 2.213391
vt 71.125 2.275891
vt 71 2.213391
vt 71 3.963391
vt 71.125 3.900891
vt 58.82322 6.588391
vt 59 6.588391
vt 58 7.088391
vt 57.94822 7.025891
vt 57.5 5.926781
vt 57.5 5.838391
vt 56.25 7.088391
vt 56.375 7.025891
vt 57.05178 6.150891
vt 57 6.088391
vt 56.25 6.088391
vt 56.375 6.150891
vt 66.625 6.150891
vt 66.75 6.150891
vt 66.75 7.088391
vt 66.625 7.025891
vt 66.75 6.088391
vt 64.125 6.150891
vt 64 6.088391
vt 64 7.088391
vt 64.125 7.025891
vt 51.625 6.150891
vt 51.75 6.150891
vt 51.75 7.088391
vt 51.625 7.025891
vt 51.75 6.088391
vt 50.9375 6.150891
vt 50.98973 6.088391
vt 50.01103 7.088391
vt 50.0625 7.025891
vt 50.09375 5.723656
vt 50.09431 5.634984
vt 48.59339 6.385453
vt 48.77053 6.385266
vt 55.875 6.150891
vt 56 6.150891
vt 56 7.088391
vt 55.875 7.025891
vt 56 6.088391
vt 53.375 6.150891
vt 53.25 6.088391
vt 53.25 7.088391
vt 53.375 7.025891
vt 72.875 4.775891
vt 73 4.775891
vt 73 5.582875
vt 72.875 5.557141
vt 73 4.713391
vt 71.125 4.775891
vt 71 4.713391
vt 71.59412 6.291695
vt 71.59375 6.203125
vt 71.125 5.119641
vt 71 5.093524
vt 70.09319 5.541234
vt 70.27053 5.541516
vt 71.22947 6.385266
vt 71.40623 6.385266
vt 71.40661 6.385453
vt 69.9375 7.025891
vt 69.90625 5.723656
vt 69.90569 5.634984
vt 69.98897 7.088391
vt 69.0625 6.150891
vt 69.01027 6.088391
vt 68.25 7.088391
vt 68.375 7.025891
vt 68.375 6.150891
vt 68.25 6.088391
vt 49.72947 5.541516
vt 49.90625 5.541516
vt 48.40588 6.291695
vt 48.40625 6.203125
vt 48.875 5.119641
vt 49.90681 5.541234
vt 49 5.093524
vt 47 5.582875
vt 47.125 5.557141
vt 48.875 4.775891
vt 49 4.713391
vt 47 4.713391
vt 47.125 4.775891
vt 60.875 3.025891
vt 61 3.025891
vt 61 3.963391
vt 60.875 3.900891
vt 61 2.963391
vt 59.125 3.025891
vt 59 2.963391
vt 59 3.963391
vt 59.125 3.900891
vt -1.125 -0.75
vt -1.125 -0.25
vt -0.875 -0.25
vt -0.5 -0.75
vt 4.875 1.75
vt 5 2.25
vt 5 1.75
vt 4.875 2.25
vt 2.5 1.75
vt 2.625 2.25
vt 2.625 1.75
vt 2.5 2.25
vt 2.125 2.25
vt 2.375 1.75
vt 2.125 1.75
vt 2.375 2.25
vt 0.25 -0.375
vt -1.75 -0.375
vt -1.125 -0.625
vt -1.75 -0.625
vt -1.125 -0.375
vt 0.5 -2
vt 0.5 -2.25
vt 0.25 -2
vt 0.25 -3
vt 0.5 -2.5
vt 0.5 -3
vt 0.25 -2.5
vt 0.25 -3.5
vt 0.5 -3.25
vt 0.25 -3.25
vt 4 -2.5
vt 4.25 -2.25
vt 4.25 -2.5
vt 2.125 -1.03125
vt 2.375 -1
vt 2.375 -1.03125
vt 4 -3.5
vt 4.25 -3.25
vt 4.25 -3.5
vt 5.625 -0.375
vt 6.25 -0.625
vt 5.625 -0.625
vt 6.25 -0.375
vt 4.25 -0.625
vt 4.875 -0.375
vt 4.875 -0.625
vt 4.25 -0.375
vt 2.4375 -1
vt 3.21875 -0.9375
vt 3.21875 -1
vt 2.4375 -0.875
vt 2.375 -0.875
vt 1.28125 -1
vt 2.0625 -0.875
vt 2.0625 -1
vt 1.28125 -0.9375
vt 1.25 -0.9375
vt 3.25 -0.9375
vt 2.0625 -1.125
vt 2.125 -1.125
vt 2.125 -1.09375
vt 2.375 -1.09375
vt 1.5 -1.4375
vt 3.012234 -1.345492
vt 3 -1.4375
vt 1.487766 -1.345492
vt 1.327254 -1.024469
vt 2.375 -1.125
vt 2.4375 -1.125
vt 3.172746 -1.024469
vt 3.047746 -1.206109
vt 1.452254 -1.206109
vt 1.396945 -1.095492
vt 3.103055 -1.095492
vt 3.15625 -2.25
vt 3.21875 -2.0625
vt 3.21875 -2.25
vt 3.15625 -2.160383
vt 2.970953 -1.905477
vt 3.047262 -2.058094
vt 2.919809 -1.6875
vt 1.452738 -2.058094
vt 1.580191 -1.6875
vt 1.529047 -1.905477
vt 1.34375 -2.160383
vt 1.28125 -2.25
vt 1.34375 -2.25
vt 1.28125 -2.0625
vt 1.338488 -2.034227
vt 2.96875 -1.5625
vt 1.517113 -1.676977
vt 1.53125 -1.5625
vt 2.982887 -1.676977
vt 3.161512 -2.034227
vt 1.415543 -1.955703
vt 3.084457 -1.955703
vt 1.477852 -1.831086
vt 3.022148 -1.831086
vt 1.28125 -2.3125
vt 1.34375 -2.3125
vt 4.25 -3
vt 4 -3
vt 4.25 -2
vt 4 -2
vt 5.375 -0.75
vt 5.5 -0.25
vt 5.5 -0.75
vt 5.375 -0.25
vt 5 -0.75
vt 5.125 -0.25
vt 5.125 -0.75
vt 5 -0.25
vt 1.875 2.25
vt 2 1.75
vt 1.875 1.75
vt 2 2.25
vt 1.28125 -3.1875
vt 1.34375 -3.1875
vt 2.625 1.875
vt 3.25 2.125
vt 3.25 1.875
vt 2.625 2.125
vt 1.25 2.125
vt 1.875 1.875
vt 1.25 1.875
vt 1.875 2.125
vt 1.25 -5.5
vt 3.25 -4.5625
vt 3.25 -5.5
vt 1.28125 -4.5625
vt 1.25 -4.5625
vt 3.21875 -4.5
vt 1.28125 -4.5
vt 3.21875 -4.5625
vt 1.327254 -4.475531
vt 3 -4.0625
vt 1.487766 -4.154508
vt 1.5 -4.0625
vt 3.012234 -4.154508
vt 3.172746 -4.475531
vt 1.396945 -4.404508
vt 1.452254 -4.29389
vt 3.047746 -4.29389
vt 3.103055 -4.404508
vt 1.53125 -3.9375
vt 2.982887 -3.823023
vt 2.96875 -3.9375
vt 1.517113 -3.823023
vt 1.28125 -3.25
vt 1.338488 -3.465773
vt 1.28125 -3.4375
vt 1.34375 -3.25
vt 1.34375 -3.339617
vt 1.529047 -3.594523
vt 1.452738 -3.441906
vt 1.580191 -3.8125
vt 3.047262 -3.441906
vt 2.919809 -3.8125
vt 2.970953 -3.594523
vt 3.15625 -3.339617
vt 3.21875 -3.25
vt 3.15625 -3.25
vt 3.21875 -3.4375
vt 3.161512 -3.465773
vt 1.415543 -3.544297
vt 3.084457 -3.544297
vt 1.477852 -3.668914
vt 3.022148 -3.668914
vt 3.15625 -3.1875
vt 3.21875 -3.1875
vt 3.15625 -2.3125
vt 3.21875 -2.3125
vt 5.625 -0.25
vt 5.625 -0.75
vt 4.875 -0.75
vt 4.875 -0.25
vt 2.5 0
vt 2.625 0.5
vt 2.625 0
vt 2.5 0.5
vt 2.125 0
vt 2.375 0.5
vt 2.375 0
vt 2.125 0.5
vt 2 0.5
vt 1.875 0.5
vt 2.0625 0.375
vt 2.125 0.375
vt 2.0625 0.5
vt 2.375 0.375
vt 2.4375 0.375
vt 2.4375 0.5
vt -1.125 1.75
vt -1.125 2.25
vt -0.875 2.25
vt -0.625 1.75
vt -0.875 1.75
vt -0.625 2.25
vt -0.5 1.75
vt -0.375 2.25
vt -0.375 1.75
vt -0.5 2.25
vt -0.375 1.875
vt 0.25 2.125
vt 0.25 1.875
vt -0.375 2.125
vt -1.75 2.125
vt -1.125 1.875
vt -1.75 1.875
vt -1.125 2.125
vt 5.625 1.875
vt 6.25 2.125
vt 6.25 1.875
vt 5.625 2.125
vt 4.25 2.125
vt 4.875 1.875
vt 4.25 1.875
vt 4.875 2.125
vt 5.375 2.25
vt 5.5 1.75
vt 5.375 1.75
vt 5.5 2.25
vt 5.125 2.25
vt 5.125 1.75
vt 5.625 2.25
vt 5.625 1.75
vt 4 5
vt 4.25 4.75
vt 4 4.75
vt 4.25 5
vt 4.0625 6.25
vt 4.1875 5
vt 4.0625 5
vt 4.1875 6.25
vt 4.0625 2.25
vt 4.1875 3.5
vt 4.1875 2.25
vt 4.0625 3.5
vt 4 4
vt 4.25 3.75
vt 4 3.75
vt 4.25 4
vt 4.25 4.5
vt 4 4.5
vt 4.25 3.5
vt 4 3.5
vt 0.25 5
vt 0.5 4.75
vt 0.25 4.75
vt 0.5 5
vt 0.3125 6.25
vt 0.4375 5
vt 0.3125 5
vt 0.4375 6.25
vt 0.3125 2.25
vt 0.4375 3.5
vt 0.4375 2.25
vt 0.3125 3.5
vt 0.25 3.75
vt 0.5 4
vt 0.5 3.75
vt 0.25 4
vt 0.5 4.5
vt 0.25 4.5
vt 0.5 3.5
vt 0.25 3.5
vt -0.453125 -1.796875
vt 0 -2.25
vt -0.078125 -1.421875
vt -0.453125 -1.885266
vt -0.03125 -2.3125
vt -0.5 -3.25
vt -1.114734 -2.546875
vt -0.46875 -3.1875
vt -1.203125 -2.546875
vt -1.578125 -2.921875
vt -0.75 -3.75
vt -0.5 -1
vt -1 -1.25
vt -1.0625 -0.9375
vt -1.0625 -1.28125
vt -1.9375 -0.9375
vt -1.9375 -1.71875
vt -2.5 -0.875
vt -2.5 -2
vt -0.171875 -1.328125
vt -0.546875 -1.703125
vt -2.5 -0.125
vt -2.5 1.625
vt -1 1.5625
vt -1.9375 1.5625
vt -1.0625 -0.0625
vt -1.0625 1.5625
vt -1.9375 -0.0625
vt -0.5 1.625
vt -0.5 -0.125
vt 0.375 -2.25
vt 0.375 -3.25
vt 0.3125 -3.1875
vt 0.3125 -2.3125
vt 0.375 -3.75
vt -1.296875 -2.453125
vt -1.671875 -2.828125
vt -1.296875 -2.364734
vt -0.6352656 -1.703125
vt 4.25 -1.03125
vt 4.75 -1.03125
vt 4.75 -1
vt 4.25 -1
vt 2.0625 0
vt 2.5 -0.9375
vt 2.46875 -0.9375
vt 2.75 -3.1875
vt 2.8125 -2.3125
vt 2.8125 -3.1875
vt 2.75 -2.3125
vt 4.25 -1.09375
vt 4.75 -1.09375
vt 2.25 -2.3125
vt 2.4375 -2.25
vt 2.4375 -2.3125
vt 2.25 -2.25
vt 6 -1.4375
vt 6.024469 -1.345492
vt 2.975531 -1.345492
vt 4.125 -1
vt 2.5625 -1
vt 2.654508 -1.024469
vt 4.125 -1.125
vt 4.25 -1.125
vt 4.75 -1.125
vt 6.4375 -1
vt 4.875 -1.125
vt 6.345492 -1.024469
vt 6.095492 -1.206109
vt 2.904508 -1.206109
vt 2.793891 -1.095492
vt 6.20611 -1.095492
vt 6.094523 -3.441906
vt 6.3125 -3.339617
vt 6.3125 -3.25
vt 2.6875 -3.25
vt 2.6875 -3.339617
vt 2.905477 -3.441906
vt 2.8125 -3.25
vt 2.979867 -3.339524
vt 3.160476 -3.520133
vt 3.25 -3.6875
vt 6.020133 -3.339524
vt 5.839523 -3.520133
vt 5.75 -3.6875
vt 6.1875 -3.25
vt 3.058094 -3.594523
vt 5.941906 -3.594523
vt 3.160383 -3.8125
vt 5.839617 -3.8125
vt 1.75 -3.1875
vt 1.9375 -2.3125
vt 1.9375 -3.1875
vt 1.75 -2.3125
vt 3.0625 -1.5625
vt 5.9375 -1.5625
vt 5.9375 -1.4375
vt 3.0625 -1.4375
vt 2.955703 -1.831086
vt 3.034227 -1.676977
vt 2.831086 -1.955703
vt 2.5625 -2.0625
vt 2.676977 -2.034227
vt 2.5625 -2
vt 2.654508 -1.975531
vt 3 -1.5625
vt 2.975531 -1.654508
vt 2.793891 -1.904508
vt 2.904508 -1.793891
vt 2.5 -2.0625
vt 2.5 -2.25
vt 2.5625 -2.25
vt 6.3125 -2.25
vt 6.4375 -2.25
vt 6.4375 -2.0625
vt 6.3125 -2.160383
vt 5.941906 -1.905477
vt 6.094523 -2.058094
vt 5.839617 -1.6875
vt 2.905477 -2.058094
vt 3.058094 -1.905477
vt 3.160383 -1.6875
vt 2.6875 -2.160383
vt 2.6875 -2.25
vt 5.965774 -1.676977
vt 6.323023 -2.034227
vt 6.168914 -1.955703
vt 6.044297 -1.831086
vt 6.020133 -2.160476
vt 6.1875 -2.25
vt 5.839523 -1.979867
vt 5.75 -1.8125
vt 2.979867 -2.160476
vt 3.160476 -1.979867
vt 3.25 -1.8125
vt 2.8125 -2.25
vt 2.75 -2.25
vt 2.75 -3.25
vt 8.625 -3.25
vt 9.75 -3.75
vt 8.625 -3.75
vt 9.5 -3.25
vt 2 -3.1875
vt 2.25 -3.25
vt 2 -3.25
vt 2.1875 -3.1875
vt 2 -2.25
vt 2.1875 -2.3125
vt 2 -2.3125
vt 2.4375 -3.1875
vt 2.25 -3.1875
vt 7.0625 -2.3125
vt 7.25 -2.25
vt 7.25 -2.3125
vt 7.25 -3.25
vt 7.0625 -3.1875
vt 7.25 -3.1875
vt 10.0625 -1.28125
vt 9.546875 -1.703125
vt 10 -1.25
vt 9.635265 -1.703125
vt 11 -1.75
vt 10.29688 -2.364734
vt 10.9375 -1.71875
vt 10.29688 -2.453125
vt 8.625 -1.75
vt 9 -2.25
vt 8.625 -2.25
vt 8.75 -1.75
vt 11.5 -2
vt 10.67188 -2.828125
vt 9.03125 -2.3125
vt 8.6875 -2.3125
vt 8.6875 -3.1875
vt 9.46875 -3.1875
vt 1.690984 -0.04894531
vt 2.40625 -1.008312
vt 2.345492 -1.024469
vt 1.75 -0.03960156
vt 9.5 1.625
vt 10 -0.125
vt 9.5 -0.125
vt 6.5625 -3.25
vt 6.75 -3.1875
vt 6.75 -3.25
vt 6.5625 -3.1875
vt 2.4375 -3.25
vt 2.654508 -4.475531
vt 2.5625 -4.5
vt 6.4375 -4.5
vt 6 -4.0625
vt 2.975531 -4.154508
vt 6.024469 -4.154508
vt 6.345492 -4.475531
vt 2.793891 -4.404508
vt 2.904508 -4.29389
vt 6.095492 -4.29389
vt 6.20611 -4.404508
vt 1.75 -3.25
vt 1.75 -2.25
vt 2.345492 -3.524469
vt 2.4375 -3.5
vt 1.9375 -3.9375
vt 2.024469 -3.845492
vt 2 -3.9375
vt 1 -4
vt 1.9375 -4
vt 1 -1.5
vt 1.9375 -1.5625
vt 1.9375 -1.5
vt 2.024469 -1.654508
vt 2 -1.5625
vt 2.345492 -1.975531
vt 2.4375 -2
vt 2.206109 -3.595492
vt 2.095492 -3.706109
vt 2.095492 -1.793891
vt 2.206109 -1.904508
vt 3.0625 -4.0625
vt 5.9375 -4.0625
vt 5.9375 -3.9375
vt 3.0625 -3.9375
vt 2.975531 -3.845492
vt 3 -3.9375
vt 2.5625 -3.4375
vt 2.5625 -3.5
vt 2.654508 -3.524469
vt 2.676977 -3.465773
vt 2.831086 -3.544297
vt 2.955703 -3.668914
vt 3.034227 -3.823023
vt 2.904508 -3.706109
vt 2.793891 -3.595492
vt 2.5 -3.4375
vt 2.5625 -3.25
vt 2.5 -3.25
vt 5.965774 -3.823023
vt 6.4375 -3.25
vt 6.4375 -3.4375
vt 6.323023 -3.465773
vt 6.168914 -3.544297
vt 6.044297 -3.668914
vt 6.5 -0.9375
vt 6.9375 0
vt 6.53125 -0.9375
vt 6.5 0
vt 6.5625 -1
vt 7.25 -0.03960156
vt 6.59375 -1.008312
vt 7 0
vt 6.79389 -1.095492
vt 7.765625 -0.3688203
vt 6.862461 -1.164063
vt 7.587789 -0.1909844
vt 6.975531 -1.345492
vt 7.990101 -0.9375
vt 6.984375 -1.37875
vt 7.951055 -0.6909844
vt 6.742188 -1.069148
vt 7.534953 -0.1640625
vt 6.946774 -1.289063
vt 7.921414 -0.6328125
vt 7.0625 -4
vt 8 -1.5
vt 8 -4
vt 7.0625 -3.9375
vt 6.975531 -3.845492
vt 7 -3.9375
vt 6.654508 -3.524469
vt 6.5625 -3.5
vt 6.5625 -2
vt 6.5625 -2.25
vt 6.654508 -1.975531
vt 7.0625 -1.5625
vt 6.975531 -1.654508
vt 7 -1.5625
vt 7.0625 -1.5
vt 6.904508 -3.706109
vt 6.79389 -3.595492
vt 6.79389 -1.904508
vt 6.904508 -1.793891
vt 8 -1.4375
vt 7.0625 -1.4375
vt 6.1875 -2.3125
vt 6.25 -3.1875
vt 6.1875 -3.1875
vt 6.25 -2.3125
vt 6.75 -2.3125
vt 6.5625 -2.3125
vt 6.75 -2.25
vt 2.4375 -0.9375
vt 1.009898 -0.9375
vt 2.024469 -1.345492
vt 2.015625 -1.37875
vt 1.048945 -0.6909844
vt 6.25 -2.25
vt 6.25 -3.25
vt 6.4375 -2
vt 6.024469 -1.654508
vt 6.345492 -1.975531
vt 6.095492 -1.793891
vt 6.20611 -1.904508
vt 6.5 -2.0625
vt 1.190984 -0.4122109
vt 2.137539 -1.164063
vt 2.095492 -1.206109
vt 1.234375 -0.3688203
vt 6.5 -3.4375
vt 6.345492 -3.524469
vt 6.4375 -3.5
vt 6.024469 -3.845492
vt 6.20611 -3.595492
vt 6.095492 -3.706109
vt 6.5625 -0.9375
vt 7.309016 -0.04894531
vt 6.654508 -1.024469
vt 7.809016 -0.4122109
vt 6.904508 -1.206109
vt 8 -1
vt 7 -1.4375
vt 1.465047 -0.1640625
vt 2.257813 -1.069148
vt 1.412211 -0.1909844
vt 2.206109 -1.095492
vt 6.8125 -2.3125
vt 7 -2.3125
vt 6.8125 -3.1875
vt 7 -3.1875
vt 2.053226 -1.289063
vt 1.078586 -0.6328125
vt 1.9375 -1.4375
vt 9.453125 -1.796875
vt 9.078125 -1.421875
vt 10.20313 -2.546875
vt 10.11473 -2.546875
vt 9.453125 -1.885266
vt 10.57813 -2.921875
vt 10 -0.875
vt 10.9375 -0.9375
vt 10.0625 -0.9375
vt 11 -0.875
vt 11.5 -0.875
vt 9.171875 -1.328125
vt 11 -0.125
vt 11.5 1.625
vt 11.5 -0.125
vt 11 1.5625
vt 10.0625 1.5625
vt 10.9375 -0.0625
vt 10.9375 1.5625
vt 10.0625 -0.0625
vt 6.5 -4.5625
vt 6.9375 -5.5
vt 6.5 -5.5
vt 6.53125 -4.5625
vt 6.5625 -4.5
vt 7.25 -5.460399
vt 7 -5.5
vt 6.59375 -4.491687
vt 6.79389 -4.404508
vt 7.765625 -5.13118
vt 7.587789 -5.309016
vt 6.862461 -4.335938
vt 6.975531 -4.154508
vt 7.990101 -4.5625
vt 7.951055 -4.809016
vt 6.984375 -4.12125
vt 6.742188 -4.430851
vt 7.534953 -5.335938
vt 6.946774 -4.210938
vt 7.921414 -4.867188
vt 7.0625 -4.0625
vt 8 -4.0625
vt 6.5625 -4.5625
vt 7.309016 -5.451055
vt 6.654508 -4.475531
vt 7.809016 -5.087789
vt 6.904508 -4.29389
vt 8 -4.5
vt 7 -4.0625
vt 2.0625 -5.5
vt 2.5 -4.5625
vt 2.5 -5.5
vt 2.46875 -4.5625
vt 1.75 -5.460399
vt 2.4375 -4.5
vt 2 -5.5
vt 2.40625 -4.491687
vt 1.234375 -5.13118
vt 2.206109 -4.404508
vt 1.412211 -5.309016
vt 2.137539 -4.335938
vt 1.009898 -4.5625
vt 2.024469 -4.154508
vt 1.048945 -4.809016
vt 2.015625 -4.12125
vt 2.257813 -4.430851
vt 1.465047 -5.335938
vt 2.053226 -4.210938
vt 1.078586 -4.867188
vt 1.9375 -4.0625
vt 1 -4.0625
vt 2.4375 -4.5625
vt 1.690984 -5.451055
vt 2.345492 -4.475531
vt 1.190984 -5.087789
vt 2.095492 -4.29389
vt 1 -4.5
vt 5.5 0.625
vt 5.625 1.625
vt 5.625 0.625
vt 5.5 1.625
vt 3.375 0.625
vt 3.5 1.625
vt 3.5 0.625
vt 3.375 1.625
vt 5 1.625
vt 5 0.625
vt 4 0.625
vt 4 1.625
vt 5 1.5625
vt 4.0625 1.5625
vt 4.9375 0.6875
vt 4.9375 1.5625
vt 4.0625 0.6875
vt -0.453125 3.296875
vt 0.25 3.25
vt -0.078125 2.921875
vt 0 3.75
vt -0.46875 4.6875
vt -1.203125 4.046875
vt -0.5 4.75
vt -1.114734 4.046875
vt -0.453125 3.385266
vt -0.03125 3.8125
vt -1.578125 4.421875
vt -0.75 5.25
vt 11.5 2.375
vt -0.5 2.5
vt -0.5 2.375
vt -1 2.75
vt -1.9375 3.21875
vt -1.9375 2.4375
vt -1.0625 2.4375
vt -1.0625 2.78125
vt -2.5 2.375
vt 9.171875 2.828125
vt 10 2.75
vt 9.5 2.5
vt 9.546875 3.203125
vt -0.171875 2.828125
vt -0.546875 3.203125
vt 0.375 3.75
vt 0.375 3.25
vt 0.3125 3.8125
vt 0.3125 4.6875
vt 0.375 4.75
vt 0.375 5.25
vt -1.296875 3.953125
vt -1.671875 4.328125
vt -0.6352656 3.203125
vt -1.296875 3.864734
vt 8.625 4.75
vt 9.75 5.25
vt 9.5 4.75
vt 8.625 5.25
vt 10.29688 3.864734
vt 10.9375 3.21875
vt 9.635265 3.203125
vt 10.0625 2.78125
vt 10.29688 3.953125
vt 8.625 3.25
vt 9 3.75
vt 8.75 3.25
vt 8.625 3.75
vt 10.67188 4.328125
vt 8.6875 4.6875
vt 9.46875 4.6875
vt 8.6875 3.8125
vt 9.03125 3.8125
vt 9.453125 3.296875
vt 9.078125 2.921875
vt 9.453125 3.385266
vt 10.11473 4.046875
vt 10.20313 4.046875
vt 10.57813 4.421875
vt 10.0625 2.4375
vt 10.9375 2.4375
vt 9.5 2.375
vt 6.5625 4.6875
vt 7.875 4.75
vt 7.875 4.6875
vt 7.8125 3.8125
vt 7.8125 4.6875
vt 7.875 3.75
vt 6.5 4.75
vt 6.5625 3.8125
vt 6.5 3.75
vt 2.75 3.25
vt 3.25 3.5
vt 2.875 3.125
vt 3 3.75
vt 2.625 3.25
vt 2.625 3.75
vt 4.625 4.625
vt 5.5 4.75
vt 4.125 4.125
vt 4.5 4.5
vt 4.5 3.75
vt 5 2.375
vt 5.5 2.5
vt 5.5 2.375
vt 5 2.75
vt 3.5 4.75
vt 4.375 4.625
vt 4 4.25
vt 3.75 5.25
vt 7.875 5.25
vt 6.5 5.25
vt 2.625 4.75
vt 2.625 5.25
vt 5.75 3.5
vt 6.25 3.25
vt 6.125 3.125
vt 6 3.75
vt 6.375 5.25
vt 6.375 4.75
vt 3.911609 4.25
vt 3.474109 4.6875
vt 3.25 3.588391
vt 2.6875 4.6875
vt 3.025891 3.8125
vt 2.6875 3.8125
vt 6.5 3.25
vt 7.875 3.25
vt 5.525891 4.6875
vt 6.375 4.6875
vt 6.3125 3.8125
vt 6.3125 4.6875
vt 6.375 3.75
vt 5.974109 3.8125
vt 5.088391 4.25
vt 5.75 3.588391
vt 6.375 3.25
vt 3 3
vt 4 2.75
vt 3.5 2.5
vt 3.375 3.375
vt 1.125 3.75
vt 2.5 3.25
vt 1.125 3.25
vt 2.5 3.75
vt 2.5 4.6875
vt 1.125 4.75
vt 2.5 4.75
vt 1.1875 4.6875
vt 2.4375 3.8125
vt 2.4375 4.6875
vt 1.1875 3.8125
vt 1.125 5.25
vt 2.5 5.25
vt 5.625 3.375
vt 4.875 4.125
vt 5.536609 3.375
vt 4.875 4.036609
vt 4.9375 2.775891
vt 4.5 3.661609
vt 4.9375 2.4375
vt 4.125 4.036609
vt 4.0625 2.4375
vt 4 2.375
vt 3.463391 3.375
vt 4.0625 2.775891
vt 3.5 2.375
vt 35.7033 6.385453
vt 40 6.385453
vt 40 10
vt 34.99448 7.088391
vt 33.375 6.088391
vt 34.125 6.088391
vt 34.125 7.088391
vt 33.375 7.088391
vt 31.875 6.088391
vt 32 6.088391
vt 32 7.088391
vt 31.875 7.088391
vt 29.5 6.588391
vt 30.5 6.588391
vt 31 7.088391
vt 29 7.088391
vt 28 6.088391
vt 28.125 6.088391
vt 28.125 7.088391
vt 28 7.088391
vt 25.875 6.088391
vt 26.625 6.088391
vt 26.625 7.088391
vt 25.875 7.088391
vt 28.5 6.088391
vt 25.49487 6.088391
vt 25.04716 5.634984
vt 28.75 5.838391
vt 34.50513 6.088391
vt 31.5 6.088391
vt 31.25 5.838391
vt 34.87542 5.713391
vt 31.125 5.713391
vt 29.625 6.463391
vt 30 6.088391
vt 30.375 6.463391
vt 24.95341 5.541234
vt 29.04716 5.541234
vt 28.875 5.713391
vt 24.5 5.093524
vt 24.5 4.713391
vt 29.5 5.088391
vt 29.5 4.713391
vt 30.5 5.088391
vt 30.5 4.713391
vt 34.95284 5.634984
vt 40 4.713391
vt 36.5 5.582875
vt 36.5 4.713391
vt 35.5 4.713391
vt 35.5 5.093524
vt 35.04659 5.541234
vt 40 2.213391
vt 36.5 3.963391
vt 36.5 2.213391
vt 30.5 2.963391
vt 35.5 2.963391
vt 35.5 3.963391
vt 30.5 3.963391
vt 35.5 2.213391
vt 29.5 2.963391
vt 24.5 2.213391
vt 36.5 0.5939062
vt 40 0.5939062
vt 36.5 1.463391
vt 35.04659 0.6355469
vt 35.5 1.083258
vt 35.5 1.463391
vt 24.95341 0.6355469
vt 24.5 1.083258
vt 24.5 1.463391
vt 35.79706 -0.1149141
vt 40 -0.2086719
vt 35.7033 -0.2086719
vt 34.125 0.08839063
vt 34.50513 0.08839063
vt 34.95284 0.5417969
vt 34.99448 -0.9116094
vt 40 -0.9741094
vt 31.55778 0.2286562
vt 31.70316 0.1508906
vt 31.8125 0.1508906
vt 31.39027 0.3961719
vt 31.28745 0.5883906
vt 28.44222 0.2286562
vt 28.60973 0.3961719
vt 28.71255 0.5883906
vt 28.25 0.1258359
vt 25.54466 0.03796094
vt 28.25 0.03796094
vt 25.04716 0.5417969
vt 25.04854 -0.9542813
vt 28.25 -0.9490547
vt 28.60973 -1.219391
vt 28.44222 -1.051875
vt 28.71255 -1.411609
vt 31.55778 -1.051875
vt 31.39027 -1.219391
vt 31.28745 -1.411609
vt 31.70316 -0.9741094
vt 40 -5
vt 20 -5
vt 20 10
vt 25.00552 7.088391
vt 35.79706 6.291695
vt 29.5 3.963391
vt 24.5 3.963391
vt 23.5 2.213391
vt 23.5 1.463391
vt 34.125 -0.9116094
vt 31.8125 -0.9741094
vt 24.2967 6.385453
vt 23.5 3.963391
vt 23.5 0.5939062
vt 24.2967 -0.2086719
vt 24.20294 6.291695
vt 23.5 4.713391
vt 23.5 5.582875
vt 24.20294 -0.1149141
vt 11 -6.5
vt 11.5 -6.5
vt 11 -4.5
vt 11.5 -4.5
vt 12 -4.5
vt 12 -6.5
vt 7 -6.5
vt 6.5 -6.5
vt 6.5 -4.5
vt 7 -4.5
vt 6 -6.5
vt 6 -4.5
vt 5.625 -6.5
vt 5.625 -4.5
vt 12.04027 -6.679047
vt 12.375 -6.5
vt 6.5 -7.375
vt 11.67905 -7.040266
vt 11.5 -7.375
vt 6.320953 -7.040266
vt 5.959734 -6.679047
vt 5.959734 -4.320953
vt 11.5 -3.625
vt 6.320953 -3.959734
vt 6.5 -3.625
vt 11.67905 -3.959734
vt 12.04027 -4.320953
vt 12.375 -4.5
vt 71.125 9.551782
vt 72.875 9.551782
vt 72.875 11.11428
vt 71.125 10.23928
vt 71.59375 12.40625
vt 70.27053 11.08303
vt 71.125 4.551781
vt 72.875 4.551781
vt 72.875 7.801781
vt 71.125 7.801781
vt 70.27053 1.270531
vt 71.59375 -0.0526875
vt 72.875 1.239281
vt 71.125 2.114281
vt 72.875 2.801781
vt 71.125 2.801781
vt 69.0625 12.30178
vt 69.90625 11.44731
vt 71.22947 12.77053
vt 68.375 14.05178
vt 68.375 12.30178
vt 69.9375 14.05178
vt 68.375 -1.698219
vt 69.9375 -1.698219
vt 71.22947 -0.4169688
vt 68.375 0.05178125
vt 69.0625 0.05178125
vt 69.90625 0.90625
vt 64.125 14.05178
vt 64.125 12.30178
vt 66.625 12.30178
vt 66.625 14.05178
vt 61.17678 13.17678
vt 62.5 11.85356
vt 62.94822 12.30178
vt 62.05178 14.05178
vt 63.625 14.05178
vt 63.625 12.30178
vt 63.375 -1.823219
vt 63.5 -1.823219
vt 63.5 0.1767813
vt 57.5 -2.698219
vt 62.5 -2.698219
vt 62.67905 -2.363484
vt 57.32095 -2.363484
vt 56.625 0.1767813
vt 56.625 -1.823219
vt 56.95974 -2.002266
vt 56.95974 0.3558281
vt 62.5 1.051781
vt 57.5 1.051781
vt 57.32095 0.7170469
vt 62.67905 0.7170469
vt 63.375 0.1767813
vt 63.04026 -2.002266
vt 63.04026 0.3558281
vt 59.125 9.551782
vt 60.875 9.551782
vt 60.875 10.22856
vt 59.125 10.22856
vt 59.25 12.75
vt 57.92678 11.42678
vt 60 12
vt 62.07322 11.42678
vt 60.75 12.75
vt 59.125 7.801781
vt 59.125 6.051781
vt 60.875 6.051781
vt 60.875 7.801781
vt 57.05178 12.30178
vt 57.5 11.85356
vt 58.82322 13.17678
vt 56.375 14.05178
vt 56.375 12.30178
vt 57.94822 14.05178
vt 53.375 12.30178
vt 55.875 12.30178
vt 55.875 14.05178
vt 53.375 14.05178
vt 48.77053 12.77053
vt 50.09375 11.44731
vt 50.9375 12.30178
vt 50.0625 14.05178
vt 51.625 14.05178
vt 51.625 12.30178
vt 48.77053 -0.4169688
vt 50.0625 -1.698219
vt 50.9375 0.05178125
vt 50.09375 0.90625
vt 47.125 9.551782
vt 48.875 9.551782
vt 48.875 10.23928
vt 47.125 11.11428
vt 48.40625 12.40625
vt 49.72947 11.08303
vt 47.125 1.239281
vt 48.40625 -0.0526875
vt 49.72947 1.270531
vt 47.125 2.801781
vt 48.875 2.114281
vt 48.875 2.801781
vt 47.125 7.801781
vt 47.125 4.551781
vt 48.875 4.551781
vt 48.875 7.801781
vt 71.40661 12.77091
vt 80 20
vt 80 12.77091
vt 69.98897 14.17678
vt 66.75 12.17678
vt 68.25 14.17678
vt 68.25 12.17678
vt 66.75 14.17678
vt 63.75 12.17678
vt 64 14.17678
vt 64 12.17678
vt 63.75 14.17678
vt 59 13.17678
vt 62 14.17678
vt 61 13.17678
vt 58 14.17678
vt 56 12.17678
vt 56.25 14.17678
vt 56.25 12.17678
vt 56 14.17678
vt 51.75 12.17678
vt 53.25 14.17678
vt 53.25 12.17678
vt 51.75 14.17678
vt 57 12.17678
vt 50.09431 11.26997
vt 50.98973 12.17678
vt 57.5 11.67678
vt 69.01027 12.17678
vt 62.5 11.67678
vt 63 12.17678
vt 69.75085 11.42678
vt 62.25 11.42678
vt 59.25 12.92678
vt 60.75 12.92678
vt 60 12.17678
vt 49.90681 11.08247
vt 57.75 11.42678
vt 58.09431 11.08247
vt 49 9.426782
vt 49 10.18705
vt 59 10.17678
vt 59 9.426782
vt 61 9.426782
vt 61 10.17678
vt 69.90569 11.26997
vt 80 9.426782
vt 73 11.16575
vt 73 9.426782
vt 71 9.426782
vt 70.09319 11.08247
vt 71 10.18705
vt 80 4.426781
vt 73 7.926781
vt 73 4.426781
vt 61 5.926781
vt 71 7.926781
vt 71 5.926781
vt 61 7.926781
vt 71 4.426781
vt 59 5.926781
vt 49 4.426781
vt 73 1.187812
vt 80 1.187812
vt 73 2.926781
vt 70.09319 1.271094
vt 71 2.926781
vt 71 2.166516
vt 49.90681 1.271094
vt 49 2.166516
vt 49 2.926781
vt 71.59412 -0.2298281
vt 80 -0.4173437
vt 71.40661 -0.4173437
vt 68.25 0.1767813
vt 69.90569 1.083594
vt 69.01027 0.1767813
vt 69.98897 -1.823219
vt 80 -1.948219
vt 63.11556 0.4573125
vt 63.625 0.3017812
vt 63.40633 0.3017812
vt 62.78053 0.7923437
vt 62.57489 1.176781
vt 56.88444 0.4573125
vt 57.42511 1.176781
vt 57.21947 0.7923437
vt 56.5 0.2516719
vt 51.08933 0.07592188
vt 56.5 0.07592188
vt 50.09431 1.083594
vt 50.09708 -1.908563
vt 56.5 -1.898109
vt 57.21947 -2.438781
vt 56.88444 -2.10375
vt 57.42511 -2.823219
vt 63.11556 -2.10375
vt 62.57489 -2.823219
vt 62.78053 -2.438781
vt 63.40633 -1.948219
vt 80 -10
vt 40 -10
vt 40 20
vt 50.01103 14.17678
vt 71.59412 12.58339
vt 59 7.926781
vt 49 7.926781
vt 47 4.426781
vt 47 2.926781
vt 68.25 -1.823219
vt 63.625 -1.948219
vt 48.59339 12.77091
vt 47 7.926781
vt 47 1.187812
vt 48.59339 -0.4173437
vt 48.40588 12.58339
vt 47 9.426782
vt 47 11.16575
vt 48.40588 -0.2298281
vt 82 -10
vt 82 22
vt 82 -12
vt 38 -12
vt 38 22
vt 49 4.551781
vt 49.90625 1.270531
vt 51.07726 0.05178125
vt 63.625 -1.823219
vt 63.75 12.30178
vt 71.40623 -0.4169688
vt 73 1.239281
vt 73 4.551781
vt 66.75 12.30178
vt 51.75 12.30178
vt 56 12.30178
vt 73 9.551782
vt 71.40623 12.77053
vt 49.90625 11.08303
vt 61 6.051781
vt 1 -6
vt 2 -6
vt 2 -5
vt 1 -5
vt 1 -7
vt 2 -7
vt 2 -6.5
vt 1 -6.5
vt 16 -5
vt 17 -5
vt 17 -4.5
vt 16 -7
vt 17 -7
vt 17 -6.5
vt 16 -6.5
vt 9.75 -2
vt 12.875 -1.875
vt 9.75 -1.75
vt 8.5 -2
vt 9.5 -2
vt 9.5 -1.75
vt 8.5 -1.75
vt 8.25 -2
vt 8.25 -1.75
vt 5.125 -1.875
vt 5 -4.5
vt 5 -4.125
vt 4.875 -4.125
vt 17 -6
vt 16 -6
vt 17 -4
vt 5.125 -9.125
vt 12.875 -9
vt 5.125 -9
vt 12.875 -9.125
vt 4.690984 -7.048937
vt 4.875 -7
vt 4.875 -6.5
vt 3.875 -7.875
vt 4 -7.875
vt 4.048937 -7.690984
vt 2 -8
vt 3.875 -8
vt 2 -3
vt 3.875 -3.125
vt 3.875 -3
vt 4.048937 -3.309016
vt 4 -3.125
vt 4.875 -4
vt 4.690984 -3.951062
vt 3.5 -4.5
vt 3.5 -6.5
vt 4.412219 -7.190984
vt 4.190984 -7.412219
vt 4.190984 -3.587781
vt 4.412219 -3.809016
vt 4.875 -6.875
vt 5 -6.875
vt 5 -6.5
vt 14.125 -8
vt 16 -8
vt 16 -3
vt 14.125 -7.875
vt 13.95106 -7.690984
vt 14 -7.875
vt 13.125 -6.5
vt 13.125 -7
vt 13.30902 -7.048937
vt 14.5 -6.5
vt 13.125 -4
vt 14.5 -4.5
vt 13.30902 -3.951062
vt 14.125 -3.125
vt 14 -3.125
vt 13.95106 -3.309016
vt 14.125 -3
vt 13.80902 -7.412219
vt 13.58778 -7.190984
vt 13.58778 -3.809016
vt 13.80902 -3.587781
vt 13 -6.5
vt 13 -6.875
vt 13.125 -6.875
vt 13 -4.5
vt 13.125 -4.125
vt 13 -4.125
vt 10 0
vt 10.5 0
vt 10.5 1
vt 8.5 0
vt 9.5 0
vt 7.5 0
vt 8 0
vt 7.5 1
vt 9.5 0.75
vt 9.75 0.75
vt 8.5 0.75
vt 8.25 0.75
mtllib Dragonfly_01_MAP01.mtl
usemtl Default
usemtl METAL
f 1/1/1 2/2/1 3/3/1 4/4/1
f 5/5/2 6/6/2 7/7/2 8/8/2
f 9/9/3 10/10/3 11/11/3 12/4/3
f 13/12/3 14/13/3 15/14/3 16/15/3
f 12/16/4 11/17/4 17/18/4 18/19/4
f 18/20/4 17/21/4 19/11/4 20/4/4
f 21/22/5 22/23/5 23/11/5 24/4/5
f 25/24/5 26/25/5 27/26/5 28/15/5
f 20/27/4 19/28/4 22/11/4 21/4/4
f 29/29/6 30/30/6 31/31/6 32/1/6
f 33/32/6 34/33/6 35/18/6 36/19/6
f 37/1/2 38/34/2 34/11/2 33/4/2
f 39/35/2 40/31/2 41/26/2 42/15/2
f 36/5/6 35/36/6 43/11/6 44/4/6
f 44/37/6 43/38/6 45/11/6 46/4/6
f 46/39/1 45/40/1 47/11/1 48/4/1
f 49/41/1 50/42/1 51/26/1 52/15/1
f 53/1/7 54/43/7 55/44/7 56/4/7
f 57/45/8 58/46/8 59/26/8 60/19/8
f 50/47/6 46/31/6 61/26/6 62/19/6
f 63/45/8 64/46/8 65/26/8 66/19/8
f 67/47/6 68/31/6 33/26/6 41/19/6
f 69/47/2 31/31/2 70/26/2 71/19/2
f 71/48/6 70/49/6 72/50/6 73/51/6
f 74/45/9 75/46/9 12/26/9 15/19/9
f 76/47/2 77/31/2 54/26/2 78/19/2
f 26/45/9 21/46/9 79/26/9 80/19/9
f 81/27/10 82/28/10 83/11/10 64/4/10
f 64/9/3 83/10/3 38/11/3 37/4/3
f 84/12/3 63/13/3 40/26/3 39/15/3
f 2/32/7 85/33/7 86/18/7 87/19/7
f 88/52/1 89/53/1 85/11/1 2/4/1
f 90/54/1 91/55/1 92/26/1 1/15/1
f 93/37/6 94/38/6 89/11/6 88/4/6
f 87/5/7 86/36/7 95/11/7 96/4/7
f 97/5/6 98/36/6 94/11/6 93/4/6
f 7/52/2 99/53/2 100/11/2 101/4/2
f 8/54/2 102/55/2 103/26/2 104/15/2
f 96/37/7 95/38/7 99/11/7 7/4/7
f 101/32/6 100/33/6 98/18/6 97/19/6
f 42/1/2 33/31/2 105/26/2 106/4/2
f 107/29/1 108/56/1 46/2/1 49/1/1
f 109/37/2 110/38/2 111/11/2 31/4/2
f 112/57/2 113/58/2 32/26/2
f 31/1/6 111/34/6 10/11/6 9/4/6
f 32/35/6 69/31/6 14/26/6 13/15/6
f 114/5/2 115/36/2 110/11/2 109/4/2
f 116/59/2 117/6/2 113/26/2 112/60/2
f 54/32/2 118/33/2 115/18/2 114/19/2
f 53/58/2 119/61/2 116/60/2
f 24/39/7 23/40/7 118/11/7 54/4/7
f 28/41/7 27/42/7 78/26/7 53/15/7
f 59/16/10 120/17/10 121/18/10 122/19/10
f 48/22/5 47/23/5 120/11/5 59/4/5
f 52/24/5 51/25/5 60/26/5 123/15/5
f 124/62/3 12/63/3 64/26/3 84/4/3
f 122/20/10 121/21/10 82/11/10 81/4/10
f 123/62/5 59/63/5 21/44/5 125/4/5
f 126/64/1 127/65/1 128/66/1 129/4/1
f 130/67/7 131/58/7 132/26/7 133/68/7
f 134/69/7 135/70/7 136/31/7 137/71/7
f 138/72/7 139/73/7 140/30/7 141/74/7
f 142/75/7 143/7/7 144/76/7 145/77/7
f 146/67/7 147/58/7 148/26/7 149/68/7
f 150/64/2 151/78/2 152/79/2 153/4/2
f 154/80/7 155/81/7 156/26/7 157/82/7
f 158/83/1 159/84/1 160/26/1 161/4/1
f 162/83/7 163/84/7 159/26/7 158/4/7
f 164/85/2 165/31/2 166/26/2 167/60/2
f 168/85/1 169/31/1 127/26/1 170/60/1
f 167/85/7 166/31/7 169/26/7 168/60/7
f 171/83/7 172/84/7 173/26/7 174/4/7
f 175/83/2 176/84/2 172/26/2 171/4/2
f 177/85/1 178/31/1 179/26/1 180/60/1
f 181/85/2 152/31/2 182/26/2 183/60/2
f 183/85/7 182/31/7 178/26/7 177/60/7
f 184/75/1 185/7/1 186/26/1 187/68/1
f 188/75/1 189/7/1 190/26/1 191/68/1
f 128/86/1 192/87/1 193/26/1
f 147/84/1 128/86/1 193/26/1
f 146/88/1 194/68/1 195/89/1
f 143/90/1 146/88/1 195/89/1
f 142/91/1 196/15/1 197/92/1
f 139/93/1 142/91/1 197/92/1
f 138/94/1 198/95/1 199/96/1
f 135/97/1 138/94/1 199/96/1
f 134/98/1 200/18/1 201/19/1
f 131/99/1 134/98/1 201/19/1
f 130/100/1 202/101/1 203/4/1
f 129/83/1 130/100/1 203/4/1
f 204/102/2 151/66/2 148/26/2
f 205/84/2 204/102/2 148/26/2
f 206/88/2 149/68/2 144/89/2
f 207/90/2 206/88/2 144/89/2
f 208/91/2 145/15/2 140/92/2
f 209/93/2 208/91/2 140/92/2
f 210/94/2 141/95/2 136/96/2
f 211/97/2 210/94/2 136/96/2
f 212/98/2 137/18/2 132/19/2
f 213/99/2 212/98/2 132/19/2
f 214/100/2 133/101/2 150/4/2
f 215/83/2 214/100/2 150/4/2
f 216/67/1 217/58/1 218/103/1 219/104/1
f 220/67/1 221/58/1 222/26/1 223/68/1
f 223/105/7 222/6/7 224/26/7 225/68/7
f 225/67/2 224/58/2 226/26/2 227/68/2
f 227/36/6 226/106/6 221/101/6 220/11/6
f 228/107/7 229/84/7 230/26/7 231/108/7
f 232/1/2 233/31/2 165/79/2 234/4/2
f 235/1/6 236/31/6 233/3/6 232/4/6
f 203/64/1 192/109/1 236/3/1 235/4/1
f 237/107/7 238/84/7 239/26/7 240/108/7
f 241/1/1 179/110/1 242/3/1 243/4/1
f 243/1/6 242/31/6 244/3/6 245/4/6
f 245/64/2 244/81/2 204/87/2 215/4/2
f 214/67/6 213/58/6 201/26/6 202/68/6
f 212/69/6 211/70/6 199/31/6 200/71/6
f 210/72/6 209/73/6 197/30/6 198/74/6
f 208/75/6 207/7/6 195/76/6 196/77/6
f 206/67/6 205/58/6 193/26/6 194/68/6
f 246/111/7 230/112/7 238/82/7 247/4/7
f 248/29/2 249/56/2 250/2/2 251/1/2
f 252/113/2 253/58/2 254/76/2 255/114/2
f 256/91/6 257/84/6 258/26/6 259/15/6
f 260/115/6 261/116/6 262/117/6 256/118/6
f 263/91/6 264/84/6 265/26/6 266/15/6
f 266/115/6 267/116/6 268/117/6 269/118/6
f 270/75/1 271/7/1 272/26/1 273/68/1
f 274/119/7 275/59/7 276/60/7 277/89/7
f 278/105/1 279/6/1 275/7/1 274/75/1
f 280/105/6 281/6/6 279/26/6 278/68/6
f 277/71/2 276/31/2 281/26/2 280/68/2
f 282/119/7 283/59/7 284/60/7 285/89/7
f 286/75/1 287/7/1 283/73/1 282/72/1
f 288/36/6 289/106/6 287/101/6 286/11/6
f 285/74/2 284/30/2 289/31/2 288/71/2
f 290/119/7 291/59/7 292/60/7 293/89/7
f 294/72/1 295/73/1 291/70/1 290/69/1
f 296/36/6 297/106/6 295/101/6 294/11/6
f 293/77/2 292/76/2 297/30/2 296/74/2
f 298/119/7 299/59/7 300/60/7 301/89/7
f 302/69/1 303/70/1 299/58/1 298/67/1
f 304/36/6 305/106/6 303/101/6 302/11/6
f 301/67/2 300/58/2 305/76/2 304/77/2
f 306/75/1 307/7/1 308/26/1 309/68/1
f 231/120/1 246/121/1 310/84/1 311/122/1
f 312/120/2 313/121/2 247/84/2 237/122/2
f 311/123/6 314/84/6 315/26/6 316/124/6
f 317/125/1 318/126/1 319/127/1 320/128/1
f 321/129/7 322/30/7 323/121/7 324/130/7
f 320/131/6 325/132/6 326/133/6 327/134/6
f 322/67/1 328/58/1 271/103/1 270/104/1
f 329/62/4 330/135/4 331/3/4 332/4/4
f 333/128/6 326/127/6 334/136/6 335/137/6
f 336/138/11 337/139/11 338/95/11 339/4/11
f 314/140/12 340/141/12 337/95/12 336/4/12
f 324/130/7 323/121/7 341/84/7 342/91/7
f 325/142/1 343/143/1 344/82/1 345/4/1
f 346/140/13 347/141/13 343/95/13 319/4/13
f 348/138/14 349/139/14 347/95/14 346/4/14
f 339/144/15 338/145/15 349/95/15 348/4/15
f 350/138/16 351/146/16 352/82/16 353/4/16
f 354/144/17 355/147/17 351/82/17 350/4/17
f 356/138/18 357/146/18 355/82/18 354/4/18
f 358/140/19 359/148/19 357/82/19 356/4/19
f 360/142/2 361/143/2 359/82/2 358/4/2
f 362/130/7 363/121/7 364/84/7 365/91/7
f 353/140/20 352/148/20 366/82/20 313/4/20
f 313/111/6 366/112/6 340/82/6 310/4/6
f 345/32/1 344/149/1 367/150/1 368/151/1
f 342/91/7 341/84/7 369/26/7 370/15/7
f 370/115/7 371/116/7 372/117/7 373/118/7
f 374/91/7 375/84/7 363/26/7 362/15/7
f 376/115/7 377/116/7 378/117/7 374/118/7
f 371/67/1 369/58/1 189/103/1 188/104/1
f 191/67/1 190/58/1 257/103/1 262/104/1
f 379/37/1 380/38/1 381/11/1 382/4/1
f 383/57/1 384/58/1 385/26/1
f 382/39/7 381/40/7 386/11/7 387/4/7
f 385/41/7 388/42/7 389/26/7 390/15/7
f 391/62/10 392/135/10 393/3/10 394/4/10
f 395/1/1 396/2/1 397/3/1 398/4/1
f 399/67/1 400/58/1 401/103/1 402/104/1
f 403/67/1 404/58/1 405/103/1 406/104/1
f 219/75/1 218/7/1 407/26/1 408/68/1
f 368/8/1 367/152/1 409/82/1 410/4/1
f 411/20/5 412/21/5 413/11/5 414/4/5
f 415/32/1 416/33/1 417/18/1 418/19/1
f 419/58/1 420/26/1 421/60/1
f 422/1/6 423/34/6 416/11/6 415/4/6
f 424/35/6 425/31/6 426/26/6 419/15/6
f 393/22/10 427/23/10 428/11/10 429/4/10
f 394/24/10 430/25/10 431/26/10 432/15/10
f 414/27/5 413/28/5 427/11/5 393/4/5
f 418/5/1 417/36/1 380/11/1 379/4/1
f 421/59/1 420/6/1 384/26/1 383/60/1
f 433/52/1 434/53/1 435/11/1 436/4/1
f 437/54/1 438/55/1 439/26/1 440/15/1
f 436/32/7 435/33/7 441/18/7 442/19/7
f 443/37/6 444/38/6 434/11/6 433/4/6
f 445/83/6 446/84/6 447/26/6 448/4/6
f 449/83/1 450/84/1 446/26/1 445/4/1
f 451/83/6 452/84/6 453/26/6 454/4/6
f 454/83/2 453/84/2 455/26/2 456/4/2
f 457/67/2 458/58/2 459/103/2 460/104/2
f 461/67/2 462/58/2 463/103/2 464/104/2
f 465/67/2 466/58/2 467/103/2 468/104/2
f 469/67/2 470/58/2 471/103/2 472/104/2
f 309/67/1 308/58/1 473/103/1 474/104/1
f 475/67/1 476/58/1 307/103/1 306/104/1
f 187/67/1 186/58/1 477/103/1 478/104/1
f 479/67/1 480/58/1 185/103/1 184/104/1
f 481/67/2 482/58/2 483/103/2 484/104/2
f 408/67/1 407/58/1 485/103/1 486/104/1
f 487/107/6 488/84/6 489/26/6 490/108/6
f 491/107/6 492/84/6 493/26/6 494/108/6
f 495/111/6 493/112/6 488/82/6 496/4/6
f 406/75/1 405/7/1 400/26/1 399/68/1
f 497/153/2 498/136/2 499/154/2 500/155/2
f 335/153/2 501/136/2 502/154/2 503/155/2
f 504/83/6 505/84/6 506/26/6 507/4/6
f 507/83/2 506/84/2 508/26/2 509/4/2
f 510/83/2 511/84/2 512/26/2 513/4/2
f 513/83/7 512/84/7 514/26/7 515/4/7
f 509/156/6 516/157/6 517/26/6 518/68/6
f 519/156/7 520/157/7 521/26/7 510/68/7
f 522/105/1 523/6/1 524/26/1 525/68/1
f 526/74/7 475/30/7 523/26/7 522/68/7
f 527/158/7 479/30/7 476/26/7 526/60/7
f 373/159/7 372/121/7 480/26/7 527/89/7
f 528/159/6 477/121/6 261/26/6 260/89/6
f 529/158/6 473/30/6 478/26/6 528/60/6
f 525/74/6 524/30/6 474/26/6 529/68/6
f 530/158/7 463/30/7 472/26/7 531/60/7
f 532/74/7 533/30/7 464/26/7 530/68/7
f 531/159/7 471/121/7 377/26/7 376/89/7
f 534/105/2 535/6/2 533/26/2 532/68/2
f 536/158/6 465/30/6 458/26/6 537/60/6
f 537/74/6 457/30/6 535/26/6 534/68/6
f 269/159/6 268/121/6 466/26/6 536/89/6
f 538/120/1 539/121/1 496/84/1 487/122/1
f 494/120/2 495/121/2 540/84/2 541/122/2
f 542/125/1 543/126/1 544/127/1 545/128/1
f 546/123/7 547/84/7 548/26/7 538/124/7
f 549/129/6 550/30/6 551/121/6 552/130/6
f 553/131/7 554/132/7 555/133/7 542/134/7
f 273/67/1 272/58/1 556/103/1 551/104/1
f 500/128/7 557/127/7 554/136/7 558/137/7
f 559/138/21 560/139/21 561/95/21 562/4/21
f 563/144/5 564/145/5 560/95/5 559/4/5
f 565/138/22 566/139/22 564/95/22 563/4/22
f 543/140/23 567/141/23 566/95/23 565/4/23
f 568/142/1 569/143/1 567/82/1 555/4/1
f 259/130/6 258/121/6 550/84/6 549/91/6
f 562/140/24 561/141/24 570/95/24 548/4/24
f 571/138/25 572/146/25 573/82/25 574/4/25
f 574/144/10 573/147/10 575/82/10 576/4/10
f 576/138/26 575/146/26 577/82/26 578/4/26
f 578/140/27 577/148/27 579/82/27 580/4/27
f 580/142/2 579/143/2 581/82/2 582/4/2
f 583/130/6 584/121/6 264/84/6 263/91/6
f 540/140/28 585/148/28 572/82/28 571/4/28
f 539/111/7 570/112/7 585/82/7 540/4/7
f 410/32/1 409/149/1 569/150/1 568/151/1
f 586/80/7 587/81/7 588/26/7 589/82/7
f 590/160/29 591/161/29 592/26/29 593/68/29
f 594/162/30 595/163/30 596/26/30 597/68/30
f 598/164/31 599/25/31 600/26/31 601/68/31
f 602/153/1 603/136/1 604/154/1 605/155/1
f 606/153/1 607/136/1 608/154/1 609/155/1
f 610/83/1 611/84/1 612/26/1 613/4/1
f 613/83/6 612/84/6 614/26/6 615/4/6
f 616/156/6 617/157/6 618/26/6 610/68/6
f 619/83/1 620/84/1 621/26/1 622/4/1
f 623/83/7 624/84/7 620/26/7 619/4/7
f 622/156/7 625/157/7 626/26/7 627/68/7
f 628/165/1 629/84/1 611/26/1 618/82/1
f 582/32/2 581/149/2 630/150/2 631/151/2
f 468/75/2 467/7/2 470/26/2 469/68/2
f 632/75/2 633/7/2 634/26/2 635/68/2
f 636/128/7 637/127/7 638/136/7 606/137/7
f 639/67/2 640/58/2 641/103/2 642/104/2
f 643/165/2 644/84/2 645/26/2 646/82/2
f 646/165/7 645/84/7 155/81/7 154/80/7
f 647/164/32 648/25/32 649/26/32 650/68/32
f 651/75/2 652/7/2 653/26/2 654/68/2
f 460/75/2 459/7/2 462/26/2 461/68/2
f 655/67/2 656/58/2 652/103/2 651/104/2
f 657/166/2 358/126/2 658/127/2 659/167/2
f 660/122/6 661/84/6 313/26/6 312/168/6
f 365/129/7 364/30/7 662/121/7 663/130/7
f 664/131/6 665/132/6 358/133/6 657/134/6
f 654/67/2 653/58/2 666/103/2 662/104/2
f 605/128/6 667/127/6 665/136/6 668/137/6
f 669/129/6 655/30/6 584/121/6 583/130/6
f 670/131/7 580/132/7 637/133/7 671/134/7
f 672/32/2 673/149/2 361/150/2 360/151/2
f 674/166/2 675/126/2 580/127/2 670/167/2
f 541/122/7 540/84/7 676/26/7 677/168/7
f 635/67/2 634/58/2 375/103/2 378/104/2
f 678/165/1 679/84/1 680/26/1 592/82/1
f 589/165/7 588/84/7 679/81/7 678/80/7
f 681/164/33 682/25/33 683/26/33 684/68/33
f 685/162/34 686/163/34 687/26/34 688/68/34
f 689/160/35 690/161/35 691/26/35 692/68/35
f 692/165/7 693/84/7 629/26/7 628/82/7
f 267/67/2 265/58/2 633/103/2 632/104/2
f 694/164/36 695/25/36 696/26/36 697/68/36
f 698/160/37 699/161/37 700/26/37 701/68/37
f 702/165/7 703/84/7 704/26/7 698/82/7
f 705/162/38 706/163/38 707/26/38 708/68/38
f 709/67/2 710/58/2 711/103/2 712/104/2
f 713/67/2 714/58/2 715/103/2 716/104/2
f 484/75/2 483/7/2 640/26/2 639/68/2
f 631/8/2 630/152/2 673/82/2 672/4/2
f 717/160/39 643/161/39 718/26/39 719/68/39
f 716/75/2 715/7/2 710/26/2 709/68/2
f 516/165/2 508/84/2 703/26/2 702/82/2
f 720/162/40 721/163/40 722/26/40 723/68/40
f 724/1/2 725/2/2 726/3/2 727/4/2
f 440/5/1 436/169/1 728/170/1 729/8/1
f 730/27/3 731/28/3 732/11/3 331/4/3
f 331/9/4 732/10/4 423/11/4 422/4/4
f 332/12/4 733/13/4 425/26/4 424/15/4
f 734/20/3 735/21/3 731/11/3 730/4/3
f 387/22/10 386/23/10 736/11/10 392/4/10
f 390/24/10 389/25/10 737/26/10 391/15/10
f 392/16/3 736/17/3 735/18/3 734/19/3
f 419/29/6 415/30/6 738/31/6 739/1/6
f 740/37/6 741/38/6 742/11/6 397/4/6
f 397/1/1 742/34/1 743/11/1 744/4/1
f 398/35/1 745/31/1 746/26/1 747/15/1
f 748/5/6 749/36/6 741/11/6 740/4/6
f 249/32/6 750/33/6 749/18/6 748/19/6
f 429/39/2 428/40/2 750/11/2 249/4/2
f 432/41/2 431/42/2 751/26/2 248/15/2
f 752/1/7 753/43/7 382/44/7 385/4/7
f 745/47/6 397/31/6 754/26/6 755/19/6
f 756/47/1 757/31/1 415/26/1 426/19/1
f 758/48/6 759/49/6 757/50/6 756/51/6
f 760/47/6 761/31/6 249/26/6 751/19/6
f 388/47/1 382/31/1 762/26/1 763/19/1
f 430/45/41 393/46/41 764/26/41 765/19/41
f 766/45/42 767/46/42 392/26/42 737/19/42
f 768/45/41 769/46/41 330/26/41 770/19/41
f 733/45/42 331/46/42 771/26/42 772/19/42
f 744/9/4 743/10/4 773/11/4 330/4/4
f 747/12/4 746/13/4 770/26/4 329/15/4
f 330/16/5 773/17/5 412/18/5 411/19/5
f 726/52/2 774/53/2 775/11/2 776/4/2
f 727/54/2 777/55/2 778/26/2 779/15/2
f 780/37/7 781/38/7 774/11/7 726/4/7
f 776/32/6 775/33/6 782/18/6 783/19/6
f 442/5/7 441/36/7 781/11/7 780/4/7
f 783/5/6 782/36/6 444/11/6 443/4/6
f 784/80/6 785/81/6 786/26/6 787/82/6
f 788/160/43 789/161/43 790/26/43 791/68/43
f 792/162/44 793/163/44 794/26/44 795/68/44
f 796/164/45 797/25/45 798/26/45 799/68/45
f 625/165/1 621/84/1 800/26/1 801/82/1
f 789/165/1 802/84/1 803/26/1 804/82/1
f 804/165/6 803/84/6 785/81/6 784/80/6
f 805/164/46 806/25/46 807/26/46 808/68/46
f 809/162/47 810/163/47 811/26/47 812/68/47
f 813/160/48 814/161/48 815/26/48 816/68/48
f 801/165/6 800/84/6 817/26/6 813/82/6
f 818/80/6 819/81/6 820/26/6 821/82/6
f 822/160/49 823/161/49 824/26/49 825/68/49
f 826/162/50 827/163/50 828/26/50 829/68/50
f 830/164/51 831/25/51 832/26/51 833/68/51
f 834/165/2 835/84/2 511/26/2 521/82/2
f 836/165/2 837/84/2 838/26/2 824/82/2
f 821/165/6 820/84/6 837/81/6 836/80/6
f 839/164/52 840/25/52 841/26/52 842/68/52
f 843/162/53 844/163/53 845/26/53 846/68/53
f 847/160/54 848/161/54 849/26/54 850/68/54
f 850/165/6 851/84/6 835/26/6 834/82/6
f 852/158/1 853/30/1 854/31/1 855/85/1
f 856/85/2 857/31/2 858/26/2 859/60/2
f 860/29/6 861/171/6 862/47/6
f 863/158/6 864/30/6 857/31/6 856/85/6
f 865/172/1 866/173/1 861/171/1 860/29/1
f 867/174/1 868/76/1 864/30/1 863/158/1
f 869/114/2 870/76/2 871/30/2 872/175/2
f 873/113/1 874/58/1 875/76/1 876/114/1
f 877/176/7 878/76/7 879/30/7 880/177/7
f 881/178/6 882/58/6 883/76/6 884/176/6
f 885/176/6 886/76/6 887/30/6 888/177/6
f 889/178/7 890/58/7 891/76/7 892/176/7
f 893/114/1 894/76/1 895/30/1 896/175/1
f 897/179/7 898/180/7 878/173/7 254/172/7
f 870/8/6 883/181/6 899/182/6 900/183/6
f 255/184/2 877/185/2 884/76/2 869/186/2
f 894/8/7 891/181/7 901/182/7 902/183/7
f 903/179/6 904/180/6 886/173/6 875/172/6
f 876/184/1 885/185/1 892/76/1 893/186/1
f 905/32/7 906/33/7 898/173/7 897/172/7
f 900/187/6 899/188/6 904/173/6 903/172/6
f 902/172/7 901/173/7 907/171/7 908/29/7
f 908/29/7 907/171/7 909/34/7 910/1/7
f 911/189/7 912/190/7 913/2/7 914/191/7
f 910/192/7 909/193/7 915/34/7 916/1/7
f 916/1/7 915/34/7 906/11/7 905/4/7
f 917/191/7 918/194/7 919/3/7 920/195/7
f 921/1/1 922/2/1 923/3/1 924/4/1
f 925/5/2 926/6/2 927/7/2 928/8/2
f 104/1/2 101/31/2 929/26/2 930/4/2
f 931/29/1 932/56/1 88/2/1 90/1/1
f 779/29/2 776/56/2 933/2/2 934/1/2
f 935/1/1 936/2/1 433/3/1 437/4/1
f 937/1/2 938/2/2 939/3/2 940/4/2
f 941/5/1 942/169/1 943/170/1 944/8/1
f 102/47/7 7/31/7 945/26/7 946/19/7
f 947/47/6 948/31/6 101/26/6 103/19/6
f 91/47/6 88/31/6 949/26/6 950/19/6
f 951/47/7 952/31/7 2/26/7 92/19/7
f 438/47/6 433/31/6 953/26/6 954/19/6
f 955/47/7 956/31/7 436/26/7 439/19/7
f 957/47/6 958/31/6 776/26/6 778/19/6
f 777/47/7 726/31/7 959/26/7 960/19/7
f 961/27/5 962/28/5 963/11/5 964/4/5
f 964/9/10 963/10/10 965/11/10 966/4/10
f 967/12/10 968/13/10 969/26/10 970/15/10
f 971/20/5 972/21/5 962/11/5 961/4/5
f 973/22/4 974/23/4 975/11/4 976/4/4
f 977/24/4 978/25/4 979/26/4 980/15/4
f 976/16/5 975/17/5 972/18/5 971/19/5
f 939/39/2 981/40/2 982/11/2 983/4/2
f 940/41/2 984/42/2 985/26/2 986/15/2
f 987/37/7 988/38/7 981/11/7 939/4/7
f 989/37/7 990/38/7 991/11/7 927/4/7
f 927/1/2 991/34/2 992/11/2 993/4/2
f 928/35/2 994/31/2 995/26/2 996/15/2
f 997/5/7 998/36/7 990/11/7 989/4/7
f 922/32/7 999/33/7 998/18/7 997/19/7
f 1000/39/1 1001/40/1 999/11/1 922/4/1
f 1002/41/1 1003/42/1 1004/26/1 921/15/1
f 1005/27/4 1006/28/4 1007/11/4 1008/4/4
f 1008/9/5 1007/10/5 1009/11/5 1010/4/5
f 1011/12/5 1012/13/5 1013/26/5 1014/15/5
f 1015/45/8 1016/46/8 1017/26/8 1018/19/8
f 1019/47/1 1020/31/1 1021/26/1 1022/19/1
f 1023/45/9 1024/46/9 1025/26/9 1026/19/9
f 1027/45/8 1028/46/8 1029/26/8 1030/19/8
f 1022/48/7 1021/49/7 1031/50/7 1032/51/7
f 1012/45/9 1008/46/9 1033/26/9 1034/19/9
f 984/47/7 939/31/7 1035/26/7 1036/19/7
f 1037/47/1 1038/31/1 1039/26/1 1040/19/1
f 1041/47/7 1042/31/7 942/26/7 1043/19/7
f 994/47/7 927/31/7 1044/26/7 1045/19/7
f 1046/47/2 1047/31/2 1048/26/2 1049/19/2
f 1050/48/7 1051/49/7 1047/50/7 1046/51/7
f 1052/47/7 1053/31/7 922/26/7 1004/19/7
f 1054/47/2 1055/31/2 1056/26/2 1057/19/2
f 1058/45/42 1059/46/42 1060/26/42 1061/19/42
f 1062/45/41 1063/46/41 976/26/41 979/19/41
f 1064/45/42 1065/46/42 1066/26/42 1067/19/42
f 968/45/41 964/46/41 1068/26/41 1069/19/41
f 993/9/10 992/10/10 1070/11/10 1066/4/10
f 996/12/10 995/13/10 1067/26/10 1071/15/10
f 1066/16/3 1070/17/3 1072/18/3 1073/19/3
f 966/1/7 965/34/7 1074/11/7 1048/4/7
f 970/35/7 969/31/7 1049/26/7 1075/15/7
f 1048/32/2 1074/33/2 1076/18/2 1077/19/2
f 1077/5/2 1076/36/2 1078/11/2 1079/4/2
f 1055/39/6 1080/40/6 974/11/6 973/4/6
f 1081/41/6 1054/42/6 978/26/6 977/15/6
f 1079/37/2 1078/38/2 1080/11/2 1055/4/2
f 1059/22/4 1082/23/4 1001/11/4 1000/4/4
f 1083/24/4 1058/25/4 1003/26/4 1002/15/4
f 1084/27/3 1085/28/3 1082/11/3 1059/4/3
f 1071/62/10 1066/46/10 964/44/10 967/4/10
f 1073/20/3 1072/21/3 1085/11/3 1084/4/3
f 980/62/4 976/63/4 1059/44/4 1083/4/4
f 1086/62/5 1017/196/5 1008/3/5 1011/4/5
f 1087/39/6 1088/40/6 1089/11/6 1039/4/6
f 1090/41/6 1091/42/6 1040/26/6 1092/15/6
f 1039/32/1 1089/33/1 1093/18/1 1094/19/1
f 1095/62/3 1025/135/3 1028/3/3 1096/4/3
f 1097/20/4 1098/21/4 1006/11/4 1005/4/4
f 1020/1/7 1099/34/7 1100/11/7 1101/4/7
f 1102/35/7 1019/31/7 1103/26/7 1104/15/7
f 1105/37/1 1106/38/1 1099/11/1 1020/4/1
f 1025/16/4 1107/17/4 1098/18/4 1097/19/4
f 983/22/3 982/23/3 1107/11/3 1025/4/3
f 986/24/3 985/25/3 1026/26/3 1095/15/3
f 1094/5/1 1093/36/1 1106/11/1 1105/4/1
f 1101/9/5 1100/10/5 1108/11/5 1017/4/5
f 1104/12/5 1103/13/5 1018/26/5 1086/15/5
f 1017/16/10 1108/17/10 1109/18/10 1110/19/10
f 1110/20/10 1109/21/10 1111/11/10 1112/4/10
f 1112/27/10 1111/28/10 1113/11/10 1028/4/10
f 1028/22/3 1113/23/3 1088/11/3 1087/4/3
f 1096/24/3 1027/25/3 1091/26/3 1114/15/3
f 1115/5/7 1116/36/7 988/11/7 987/4/7
f 1010/1/1 1009/34/1 1117/11/1 942/4/1
f 1014/35/1 1013/31/1 1043/26/1 941/15/1
f 942/32/7 1117/33/7 1116/18/7 1115/19/7
f 1118/29/7 1119/30/7 1120/31/7 1121/1/7
f 1122/1/6 1123/2/6 1124/3/6 1125/4/6
f 1126/1/7 1127/31/7 1020/26/7 1102/4/7
f 1092/5/6 1039/169/6 1128/170/6 1129/8/6
f 1075/29/7 1048/30/7 1130/31/7 1131/1/7
f 1132/1/6 1133/2/6 1055/3/6 1081/4/6
f 1134/1/7 1135/31/7 1136/26/7 1137/4/7
f 1138/5/6 1139/169/6 1140/170/6 1141/8/6
f 1142/29/1 1143/30/1 1144/31/1 1145/1/1
f 1146/1/2 1147/2/2 1148/3/2 1149/4/2
f 1150/5/1 1151/36/1 1152/11/1 1153/4/1
f 1154/5/2 1155/36/2 1156/11/2 1157/4/2
f 1158/16/10 1159/17/10 1160/18/10 1161/19/10
f 1162/144/41 1163/197/41 1159/11/41 1158/4/41
f 1164/198/41 1165/199/41 1166/26/41 1167/15/41
f 1168/29/6 1169/56/6 1170/2/6 1171/1/6
f 1172/1/7 1173/34/7 1163/11/7 1162/4/7
f 1174/35/7 1175/31/7 1165/26/7 1164/15/7
f 1176/37/1 1177/38/1 1173/11/1 1172/4/1
f 1178/16/5 1179/17/5 1180/18/5 1181/19/5
f 1182/200/9 1183/201/9 1179/11/9 1178/4/9
f 1184/202/9 1185/203/9 1186/26/9 1187/15/9
f 1188/204/42 1189/205/42 1190/206/42 1191/207/42
f 1189/16/4 1192/17/4 1193/18/4 1194/19/4
f 1148/1/2 1195/34/2 1196/11/2 1197/4/2
f 1149/35/2 1198/31/2 1199/26/2 1200/15/2
f 1201/37/7 1202/38/7 1195/11/7 1148/4/7
f 1187/208/9 1178/209/9 1189/210/9 1188/211/9
f 1203/27/10 1204/28/10 1205/11/10 1190/4/10
f 1190/200/42 1205/201/42 1206/11/42 1207/4/42
f 1191/202/42 1208/203/42 1209/26/42 1210/15/42
f 1169/32/1 1211/33/1 1151/18/1 1150/19/1
f 1124/187/6 1212/188/6 1211/11/6 1169/4/6
f 1125/184/6 1213/185/6 1214/26/6 1168/15/6
f 1157/37/2 1156/38/2 1212/11/2 1124/4/2
f 1215/32/1 1216/33/1 1217/18/1 1218/19/1
f 1207/39/6 1206/40/6 1216/11/6 1215/4/6
f 1210/41/6 1209/42/6 1219/26/6 1220/15/6
f 1221/144/8 1222/197/8 1223/11/8 1224/4/8
f 1225/198/8 1226/212/8 1227/26/8 1228/15/8
f 1229/27/5 1230/28/5 1222/11/5 1221/4/5
f 1170/39/6 1231/40/6 1183/11/6 1182/4/6
f 1171/41/6 1232/42/6 1185/26/6 1184/15/6
f 1233/37/2 1234/38/2 1231/11/2 1170/4/2
f 1161/20/10 1160/21/10 1204/11/10 1203/4/10
f 1218/5/1 1217/36/1 1177/11/1 1176/4/1
f 1153/37/1 1152/38/1 1235/11/1 1236/4/1
f 1119/32/2 1237/33/2 1155/18/2 1154/19/2
f 1236/187/7 1235/188/7 1237/11/7 1119/4/7
f 1238/184/7 1239/185/7 1240/26/7 1118/15/7
f 1241/1/7 1242/31/7 1236/26/7 1238/4/7
f 1181/20/5 1180/21/5 1230/11/5 1229/4/5
f 1243/5/2 1244/36/2 1234/11/2 1233/4/2
f 1242/32/2 1245/33/2 1244/18/2 1243/19/2
f 1224/1/7 1223/34/7 1245/11/7 1242/4/7
f 1228/35/7 1227/31/7 1246/26/7 1241/15/7
f 1247/144/8 1248/199/8 1221/26/8 1249/4/8
f 1167/144/41 1158/199/41 1250/26/41 1251/4/41
f 1250/155/41 1252/213/41 1253/11/41 1254/4/41
f 1251/214/41 1255/154/41 1256/26/41 1257/15/41
f 1258/27/4 1259/28/4 1252/11/4 1250/4/4
f 1260/1/7 1261/31/7 1172/26/7 1174/4/7
f 1220/1/6 1215/2/6 1262/3/6 1263/4/6
f 1261/32/2 1264/33/2 1265/18/2 1266/19/2
f 1136/187/7 1267/188/7 1264/11/7 1261/4/7
f 1137/184/7 1268/185/7 1269/26/7 1260/15/7
f 1270/37/1 1271/38/1 1267/11/1 1136/4/1
f 1266/5/2 1265/36/2 1272/11/2 1273/4/2
f 1274/5/1 1275/36/1 1271/11/1 1270/4/1
f 1273/37/2 1272/38/2 1276/11/2 1262/4/2
f 1139/32/1 1277/33/1 1275/18/1 1274/19/1
f 1262/187/6 1276/188/6 1277/11/6 1139/4/6
f 1263/184/6 1278/185/6 1279/26/6 1138/15/6
f 1248/16/3 1280/17/3 1281/18/3 1282/19/3
f 1197/155/8 1196/213/8 1280/11/8 1248/4/8
f 1283/214/8 1199/154/8 1284/26/8 1247/15/8
f 1285/27/3 1286/28/3 1192/11/3 1189/4/3
f 1282/20/3 1281/21/3 1286/11/3 1285/4/3
f 1287/5/7 1288/36/7 1202/11/7 1201/4/7
f 1194/20/4 1193/21/4 1259/11/4 1258/4/4
f 1143/32/7 1289/33/7 1288/18/7 1287/19/7
f 1254/1/1 1253/34/1 1289/11/1 1143/4/1
f 1257/35/1 1256/31/1 1290/26/1 1142/15/1
f 1239/47/1 1236/31/1 1291/26/1 1292/19/1
f 1293/47/2 1294/31/2 1119/26/2 1240/19/2
f 1226/215/55 1221/216/55 1295/26/55 1296/19/55
f 1297/47/2 1298/31/2 1242/26/2 1246/19/2
f 1299/215/56 1300/216/56 1248/26/56 1284/19/56
f 1198/47/7 1148/31/7 1301/26/7 1302/19/7
f 1303/215/57 1304/216/57 1158/26/57 1166/19/57
f 1175/47/1 1172/31/1 1305/26/1 1306/19/1
f 1255/215/58 1250/216/58 1307/26/58 1308/19/58
f 1309/47/7 1310/31/7 1143/26/7 1290/19/7
f 1311/47/2 1312/31/2 1261/26/2 1269/19/2
f 1268/47/1 1136/31/1 1313/26/1 1314/19/1
f 1278/47/2 1262/31/2 1315/26/2 1316/19/2
f 1317/47/1 1318/31/1 1139/26/1 1279/19/1
f 1208/215/59 1190/216/59 1319/26/59 1320/19/59
f 1232/47/2 1170/31/2 1321/26/2 1322/19/2
f 1323/47/1 1324/31/1 1169/26/1 1214/19/1
f 1213/47/2 1124/31/2 1325/26/2 1326/19/2
f 1327/47/1 1328/31/1 1215/26/1 1219/19/1
f 1329/215/60 1330/216/60 1178/26/60 1186/19/60
f 1331/217/2 1332/218/2 912/30/2 911/189/2
f 1333/32/2 1334/33/2 1335/173/2 1336/172/2
f 1337/57/2 1338/58/2 1332/76/2 1339/174/2
f 1340/47/6 1334/11/6 1333/4/6
f 855/85/6 854/31/6 1338/26/6 1337/60/6
f 920/219/1 919/58/1 868/218/1 1341/217/1
f 1342/220/2 1343/221/2 918/222/2 917/223/2
f 914/217/1 913/76/1 1344/221/1 1345/220/1
f 1346/224/7 1347/225/7 1348/226/7 1349/227/7
f 1350/160/7 1351/161/7 1352/209/7 1353/228/7
f 1354/229/7 1355/230/7 1356/231/7 1357/232/7
f 1358/233/7 1359/234/7 1360/235/7 1361/236/7
f 1362/237/2 1343/221/2 1360/235/2
f 1363/238/2 1362/237/2 1360/235/2
f 1364/239/2 1361/236/2 1356/240/2
f 1365/241/2 1364/239/2 1356/240/2
f 1366/242/2 1357/243/2 1352/244/2
f 1367/245/2 1366/242/2 1352/244/2
f 1368/246/2 1353/247/2 1348/248/2
f 1369/249/2 1368/246/2 1348/248/2
f 1370/250/2 1349/251/2 1342/220/2
f 1371/252/2 1370/250/2 1342/220/2
f 1344/221/1 1372/253/1 1373/254/1
f 1359/235/1 1344/221/1 1373/254/1
f 1358/236/1 1374/255/1 1375/256/1
f 1355/240/1 1358/236/1 1375/256/1
f 1354/243/1 1376/257/1 1377/258/1
f 1351/244/1 1354/243/1 1377/258/1
f 1350/247/1 1378/259/1 1379/260/1
f 1347/248/1 1350/247/1 1379/260/1
f 1346/251/1 1380/261/1 1381/262/1
f 1345/220/1 1346/251/1 1381/262/1
f 1370/263/6 1369/264/6 1379/81/6 1380/265/6
f 1368/266/6 1367/267/6 1377/268/6 1378/269/6
f 1366/270/6 1365/271/6 1375/254/6 1376/255/6
f 1364/239/6 1363/238/6 1373/272/6 1374/273/6
f 1382/274/2 858/275/2 1362/237/2 1371/252/2
f 1381/262/1 1372/253/1 853/276/1 1383/189/1
f 1384/277/61 1385/278/61 1386/26/61 1387/68/61
f 1388/279/62 1389/280/62 1390/26/62 1391/68/62
f 1387/156/63 1386/157/63 1389/26/63 1388/68/63
f 1392/156/5 1393/157/5 1394/26/5 1395/68/5
f 1396/279/64 1397/280/64 1393/26/64 1392/68/64
f 1395/277/65 1394/278/65 1398/26/65 1399/68/65
f 1400/236/2 1401/235/2 1385/26/2 1384/68/2
f 1402/75/7 1403/7/7 1401/26/7 1400/68/7
f 1391/270/1 1390/271/1 1403/26/1 1402/68/1
f 1399/236/7 1398/235/7 1404/26/7 1405/68/7
f 1406/270/6 1407/271/6 1397/26/6 1396/68/6
f 1405/75/2 1404/7/2 1407/26/2 1406/68/2
f 1408/281/1 1409/282/1 1410/26/1 1411/68/1
f 1411/75/7 1410/7/7 1412/26/7 1413/68/7
f 1413/281/2 1412/282/2 1414/26/2 1415/68/2
f 1415/75/6 1414/7/6 1409/26/6 1408/68/6
f 1416/283/6 1417/284/6 1418/285/6 1419/286/6
f 1419/287/1 1418/288/1 1420/285/1 1421/286/1
f 1421/283/7 1420/284/7 1422/285/7 1423/286/7
f 1423/287/2 1422/288/2 1417/285/2 1416/286/2
f 1424/289/42 1425/290/42 1426/285/42 1427/286/42
f 1427/291/6 1426/292/6 1428/285/6 1429/286/6
f 1429/287/1 1428/288/1 1430/285/1 1431/286/1
f 1431/293/7 1430/294/7 1432/285/7 1433/286/7
f 1433/295/5 1432/296/5 1434/285/5 1435/286/5
f 1435/297/10 1434/298/10 1425/285/10 1424/286/10
f 1436/236/2 1437/235/2 1438/26/2 1439/68/2
f 1439/75/6 1438/7/6 1440/26/6 1441/68/6
f 1441/270/1 1440/271/1 1442/26/1 1443/68/1
f 1444/299/3 1445/300/3 1446/285/3 1447/286/3
f 1447/297/66 1446/298/66 1448/285/66 1449/286/66
f 1449/301/5 1448/302/5 1450/285/5 1451/286/5
f 1451/293/1 1450/294/1 1452/285/1 1453/286/1
f 1453/287/7 1452/288/7 1454/285/7 1455/286/7
f 1455/293/2 1454/294/2 1456/285/2 1457/286/2
f 1457/301/10 1456/302/10 1458/285/10 1459/286/10
f 1459/297/63 1458/298/63 1460/285/63 1461/286/63
f 1461/299/4 1460/300/4 1445/285/4 1444/286/4
f 1462/277/67 1463/278/67 1437/26/67 1436/68/67
f 1443/279/68 1442/280/68 1464/26/68 1465/68/68
f 1465/156/69 1464/157/69 1463/26/69 1462/68/69
f 1466/156/70 1467/157/70 1468/26/70 1469/68/70
f 1469/279/71 1468/280/71 1470/26/71 1471/68/71
f 1471/303/72 1470/304/72 1472/26/72 1473/68/72
f 1473/277/73 1472/278/73 1467/26/73 1466/68/73
f 1474/75/1 1475/7/1 1476/26/1 1477/68/1
f 1477/75/7 1476/7/7 1478/26/7 1479/68/7
f 1480/75/6 1481/7/6 1475/26/6 1474/68/6
f 1479/75/2 1478/7/2 1481/26/2 1480/68/2
f 1482/293/7 1483/294/7 1484/285/7 1485/286/7
f 1485/287/2 1484/288/2 1486/285/2 1487/286/2
f 1487/291/6 1486/292/6 1488/285/6 1489/286/6
f 1489/289/9 1488/290/9 1490/285/9 1491/286/9
f 1491/297/5 1490/298/5 1492/285/5 1493/286/5
f 1493/295/10 1492/296/10 1483/285/10 1482/286/10
f 1494/283/7 1495/284/7 1496/285/7 1497/286/7
f 1497/287/2 1496/288/2 1498/285/2 1499/286/2
f 1499/283/6 1498/284/6 1500/285/6 1501/286/6
f 1501/287/1 1500/288/1 1495/285/1 1494/286/1
f 1502/305/74 1503/121/74 1504/26/74 1505/68/74
f 1505/306/75 1504/116/75 1506/26/75 1507/68/75
f 1507/305/76 1506/121/76 1508/26/76 1509/68/76
f 1510/305/77 1511/121/77 1512/26/77 1513/68/77
f 1514/305/78 1515/121/78 1516/26/78 1517/68/78
f 1517/307/7 1516/308/7 1518/26/7 1519/68/7
f 1520/306/79 1521/116/79 1522/26/79 1523/68/79
f 1513/306/80 1512/116/80 1515/26/80 1514/68/80
f 1524/307/6 1525/308/6 1503/26/6 1502/68/6
f 1526/305/81 1527/121/81 1525/26/81 1524/68/81
f 1528/306/82 1529/116/82 1527/26/82 1526/68/82
f 1530/305/83 1531/121/83 1529/26/83 1528/68/83
f 1523/305/84 1522/121/84 1532/26/84 1533/68/84
f 1519/305/85 1518/121/85 1521/26/85 1520/68/85
f 1509/105/1 1508/6/1 1511/26/1 1510/68/1
f 1534/75/1 1535/7/1 1536/26/1 1537/68/1
f 1537/236/7 1536/235/7 1538/26/7 1539/68/7
f 1540/270/6 1541/271/6 1535/26/6 1534/68/6
f 1542/88/6 1543/84/6 1531/26/6 1530/68/6
f 1539/277/86 1538/278/86 1544/26/86 1545/68/86
f 1546/279/87 1547/280/87 1541/26/87 1540/68/87
f 1545/156/10 1544/157/10 1547/26/10 1546/68/10
f 1548/105/2 1549/6/2 1543/26/2 1542/68/2
f 1533/88/7 1532/84/7 1549/26/7 1548/68/7
f 1550/279/88 1551/280/88 1552/26/88 1553/68/88
f 1553/156/66 1552/157/66 1554/26/66 1555/68/66
f 1555/277/89 1554/278/89 1556/26/89 1557/68/89
f 1557/236/1 1556/235/1 1558/26/1 1559/68/1
f 1560/270/2 1561/271/2 1551/26/2 1550/68/2
f 1559/75/7 1558/7/7 1561/26/7 1560/68/7
f 1562/75/6 1563/7/6 1564/26/6 1565/68/6
f 1565/281/1 1564/282/1 1566/26/1 1567/68/1
f 1568/281/2 1569/282/2 1563/26/2 1562/68/2
f 1567/75/7 1566/7/7 1569/26/7 1568/68/7
f 1570/75/1 1571/7/1 1572/26/1 1573/68/1
f 1574/236/6 1575/235/6 1571/26/6 1570/68/6
f 1573/270/7 1572/271/7 1576/26/7 1577/68/7
f 1578/277/90 1579/278/90 1575/26/90 1574/68/90
f 1577/279/91 1576/280/91 1580/26/91 1581/68/91
f 1581/156/92 1580/157/92 1579/26/92 1578/68/92
f 1582/279/93 1583/280/93 1584/26/93 1585/68/93
f 1586/156/94 1587/157/94 1583/26/94 1582/68/94
f 1588/277/95 1589/278/95 1587/26/95 1586/68/95
f 1590/236/1 1591/235/1 1589/26/1 1588/68/1
f 1585/270/2 1584/271/2 1592/26/2 1593/68/2
f 1593/75/6 1592/7/6 1591/26/6 1590/68/6
usemtl STONE
f 4/309/7 3/310/7 1594/311/7 1595/312/7
f 1596/313/7 1594/311/7 1597/314/7 1598/315/7
f 1598/315/7 1597/314/7 1599/316/7 1600/1/7
f 1601/317/7 1602/318/7 1603/319/7 1604/320/7
f 1600/1/7 1599/316/7 1602/318/7 1601/4/7
f 1605/321/7 1606/322/7 6/323/7 5/324/7
f 1604/320/7 1603/319/7 1606/322/7 1607/325/7
f 1608/326/1 1609/327/1 1610/35/1 1611/34/1
f 1612/171/1 1596/129/1 1613/328/1 1614/329/1
f 1615/330/1 1613/331/1 1609/332/1 1616/333/1
f 1617/334/2 1618/335/2 1607/336/2 1619/337/2
f 1620/34/2 1621/35/2 1622/338/2 1623/339/2
f 1624/340/2 1622/341/2 1618/342/2 1625/343/2
f 1626/344/2 1627/345/2 30/346/2 29/347/2
f 1628/348/2 1629/349/2 1627/350/2 1630/351/2
f 1631/352/2 1632/353/2 1633/354/2 1626/344/2
f 56/80/2 55/355/2 1634/356/2 1635/357/2
f 1636/341/2 1634/358/2 1637/359/2 1638/342/2
f 1635/357/2 1639/360/2 1640/334/2 1641/361/2
f 1642/362/2 1643/363/2 1644/364/2 1645/365/2
f 1646/366/2 1647/367/2 1648/368/2 1649/369/2
f 1638/342/2 1637/359/2 1643/363/2 1642/362/2
f 1641/361/2 1640/334/2 1647/367/2 1646/366/2
f 1645/365/2 1644/364/2 1629/349/2 1628/348/2
f 1649/369/2 1648/368/2 1632/353/2 1631/352/2
f 1650/340/1 1651/341/1 1652/342/1 1653/343/1
f 1654/34/1 1652/35/1 1655/338/1 1656/339/1
f 1657/334/1 1658/335/1 1651/336/1 1659/337/1
f 1660/334/2 1661/335/2 1662/336/2 1663/337/2
f 1664/340/2 1665/341/2 1661/342/2 1666/343/2
f 1667/34/2 1668/35/2 1665/338/2 1669/339/2
f 1621/370/6 1670/38/6 1671/371/6 1672/372/6
f 106/373/6 105/374/6 1670/375/6 1673/376/6
f 1674/172/6 1675/377/6 1676/378/6 1677/29/6
f 1672/372/6 1671/371/6 1675/377/6 1674/172/6
f 1677/29/6 1676/378/6 1678/314/6 1679/315/6
f 1680/376/6 1681/375/6 108/99/6 107/379/6
f 1679/315/6 1678/314/6 1681/375/6 1610/380/6
f 1682/381/7 1683/382/7 1616/383/7 1608/326/7
f 1684/17/1 1685/384/1 1683/382/1 1682/381/1
f 1614/385/6 1615/386/6 1685/387/6 1684/388/6
f 1686/329/6 1687/389/6 1625/390/6 1617/334/6
f 1688/391/2 1689/392/2 1687/393/2 1686/368/2
f 1623/339/7 1624/394/7 1689/392/7 1688/391/7
f 1690/368/6 1691/395/6 1630/396/6 1633/354/6
f 1639/360/7 1636/397/7 1692/398/7 1693/367/7
f 153/399/6 181/400/6 170/401/6 126/138/6
f 1694/402/7 1695/403/7 1696/404/7 1697/405/7
f 1698/329/6 1699/389/6 1700/390/6 1701/334/6
f 1702/339/7 1703/394/7 1704/392/7 1705/391/7
f 1701/391/1 1700/392/1 1703/393/1 1702/368/1
f 1706/381/7 1707/382/7 1708/383/7 1709/326/7
f 1709/17/2 1708/384/2 1710/382/2 1711/381/2
f 1711/385/6 1710/386/6 1712/387/6 1713/388/6
f 157/406/2 162/407/2 1714/408/2 1715/409/2
f 1715/409/6 1716/410/6 1717/411/6 1718/412/6
f 1719/413/6 1720/414/6 1721/415/6 1714/408/6
f 1722/416/6 1723/417/6 1724/418/6 1725/419/6
f 1725/420/6 1724/421/6 1726/422/6 1727/423/6
f 1728/424/6 1729/408/6 1720/425/6 1730/426/6
f 1727/427/6 1726/428/6 1729/408/6 1728/424/6
f 1731/429/6 1732/430/6 1733/431/6 1734/425/6
f 1735/426/6 1733/425/6 1723/417/6 1722/416/6
f 1736/432/6 1737/433/6 1738/26/6 216/89/6
f 234/434/6 164/435/6 161/26/6 1739/4/6
f 1740/434/6 175/435/6 180/26/6 241/4/6
f 251/436/6 250/47/6 1741/98/6 1742/437/6
f 1743/315/6 1741/438/6 1744/316/6 1745/380/6
f 1746/439/7 1747/440/7 253/441/7 252/442/7
f 1748/443/7 1749/444/7 1747/440/7 1750/445/7
f 1751/446/7 1752/425/7 1753/417/7 1746/439/7
f 1754/447/1 1755/448/1 1756/449/1 1757/450/1
f 1757/450/96 1756/449/96 1758/451/96 1759/64/96
f 1759/16/41 1758/452/41 1760/453/41 1761/454/41
f 1761/454/97 1760/453/97 1762/455/97 1763/456/97
f 1764/457/98 1765/458/98 1766/459/98 1767/460/98
f 1768/461/2 1769/462/2 1770/463/2 1771/464/2
f 1772/465/99 1773/466/99 1769/462/99 1768/461/99
f 1763/467/7 1762/468/7 1765/458/7 1764/457/7
f 1767/460/100 1766/459/100 1773/466/100 1772/465/100
f 1774/469/1 1775/470/1 1776/26/1 1777/68/1
f 327/427/1 333/433/1 1778/26/1 321/318/1
f 1779/471/1 1780/472/1 1781/473/1 1782/474/1
f 1783/475/101 1784/476/101 1780/472/101 1779/471/101
f 1785/477/9 1786/478/9 1784/476/9 1783/475/9
f 1787/479/102 1788/480/102 1786/478/102 1785/477/102
f 1789/481/2 1790/482/2 1791/483/2 1792/484/2
f 1792/484/103 1791/483/103 1793/485/103 1794/486/103
f 1795/487/6 1796/488/6 1788/480/6 1787/479/6
f 1794/486/104 1793/485/104 1797/489/104 1798/490/104
f 1798/490/105 1797/489/105 1796/491/105 1795/492/105
f 1799/493/6 1800/91/6 1801/494/6 1802/495/6
f 1803/496/6 1804/438/6 396/47/6 395/436/6
f 1805/370/6 1806/497/6 1804/498/6 1807/372/6
f 1808/326/1 1809/327/1 1810/35/1 1811/34/1
f 1812/330/1 1813/331/1 1809/332/1 1814/333/1
f 1815/171/1 1816/129/1 1813/328/1 1817/329/1
f 402/499/7 1818/84/7 1819/26/7 485/60/7
f 217/499/6 1738/84/6 1820/26/6 403/60/6
f 1821/329/6 1822/389/6 1666/390/6 1660/334/6
f 1669/339/7 1664/394/7 1823/392/7 1824/391/7
f 1824/391/2 1823/392/2 1822/393/2 1821/368/2
f 1825/381/7 1826/382/7 1814/383/7 1808/326/7
f 1827/17/1 1828/384/1 1826/382/1 1825/381/1
f 1817/385/6 1812/386/6 1828/387/6 1827/388/6
f 1829/88/6 1830/84/6 1831/26/6 711/68/6
f 1832/71/2 1833/31/2 1830/500/2 1829/501/2
f 714/88/7 1834/84/7 1835/26/7 1836/68/7
f 1836/71/2 1835/31/2 1837/500/2 1838/501/2
f 1839/172/6 1840/377/6 1841/378/6 1842/29/6
f 1842/151/6 1841/371/6 1806/377/6 1805/502/6
f 1745/313/6 1744/378/6 1840/314/6 1839/142/6
f 1843/419/106 1844/441/106 1845/503/106 696/504/106
f 1846/505/7 1847/506/7 1848/507/7 1849/508/7
f 1850/432/7 1851/433/7 1852/26/7 481/89/7
f 486/432/7 1819/433/7 1853/26/7 1854/89/7
f 1855/509/7 449/510/7 456/401/7 1856/138/7
f 1857/88/7 1858/84/7 1818/26/7 401/68/7
f 1777/71/1 1776/31/1 1858/500/1 1857/501/1
f 1859/71/1 1860/31/1 1775/500/1 1774/501/1
f 404/88/6 1820/84/6 1860/26/6 1859/68/6
f 1861/335/1 1862/511/1 1863/512/1 1692/398/1
f 1864/513/1 1865/514/1 1862/511/1 1861/335/1
f 1866/515/1 1867/339/1 1865/360/1 1864/516/1
f 1868/517/1 1869/518/1 1867/519/1 1866/520/1
f 1691/395/1 1870/521/1 1869/518/1 1868/517/1
f 518/367/1 1871/512/1 1870/521/1 1690/368/1
f 1693/367/1 1863/512/1 1872/521/1 519/368/1
f 1873/522/1 1874/523/1 1755/448/1 1754/447/1
f 1782/474/1 1781/473/1 1875/524/1 1876/525/1
f 1876/525/1 1875/524/1 1874/195/1 1873/4/1
f 552/427/1 1877/433/1 558/26/1 553/318/1
f 1854/90/7 1853/84/7 1877/433/7 556/432/7
f 328/90/6 1778/84/6 1737/433/6 1736/432/6
f 1878/139/1 1731/526/1 174/527/1 586/528/1
f 1879/529/6 1880/503/6 1881/530/6 1878/531/6
f 1882/532/107 1883/533/107 1884/441/107 590/419/107
f 1885/534/3 1886/535/3 1887/536/3 594/537/3
f 1888/538/108 1889/539/108 1890/540/108 598/541/108
f 595/542/109 1887/536/109 1891/543/109 1892/544/109
f 599/545/110 1890/540/110 1893/546/110 1894/547/110
f 1802/495/2 1895/548/2 1896/549/2 616/402/2
f 627/495/2 1897/548/2 1898/549/2 1694/402/2
f 1899/15/2 1900/79/2 1895/548/2 1801/494/2
f 1901/550/2 1902/551/2 1900/79/2 1899/15/2
f 1903/552/2 1904/553/2 1902/554/2 1901/555/2
f 1695/403/2 1898/549/2 1905/556/2 1906/557/2
f 1906/557/2 1905/556/2 1904/553/2 1903/558/2
f 617/559/2 1896/549/2 1907/560/2 1908/561/2
f 642/432/6 1909/433/6 1910/26/6 1911/89/6
f 1911/90/6 1910/84/6 1912/433/6 666/432/6
f 656/90/7 1913/84/7 1851/433/7 1850/432/7
f 1718/412/6 1717/411/6 1914/533/6 718/562/6
f 650/563/111 1915/564/111 1916/565/111 1917/424/111
f 1771/464/2 1770/463/2 1918/566/2 1919/567/2
f 1920/568/2 1921/569/2 1790/482/2 1789/481/2
f 1919/570/2 1918/571/2 1921/569/2 1920/568/2
f 1838/469/2 1837/470/2 1833/26/2 1832/68/2
f 663/427/2 1912/433/2 668/26/2 664/318/2
f 1922/572/4 1923/573/4 1924/574/4 722/575/4
f 671/427/2 636/433/2 1913/26/2 669/318/2
f 591/576/6 1884/441/6 1880/503/6 1879/529/6
f 682/577/112 1925/411/112 1883/533/112 1882/532/112
f 1892/544/113 1891/543/113 1926/578/113 681/579/113
f 686/580/114 1927/581/114 1886/582/114 1885/583/114
f 1894/547/115 1893/546/115 1928/584/115 685/585/115
f 690/586/116 1929/587/116 1889/539/116 1888/538/116
f 1908/561/2 1907/560/2 1930/553/2 689/588/2
f 697/589/117 1931/590/117 1932/591/117 1933/592/117
f 701/358/1 1934/514/1 1935/593/1 1936/594/1
f 1933/592/118 1932/591/118 1937/595/118 707/596/118
f 708/597/4 1937/595/4 1923/573/4 1922/572/4
f 712/499/6 1831/84/6 1909/26/6 641/60/6
f 482/499/7 1852/84/7 1834/26/7 713/60/7
f 719/532/119 1914/533/119 1844/441/119 1843/419/119
f 1938/598/120 1939/599/120 1915/600/120 649/601/120
f 1917/424/121 1916/565/121 1940/602/121 700/603/121
f 1936/594/1 1935/593/1 1871/512/1 517/604/1
f 723/605/122 1941/606/122 1939/599/122 1938/598/122
f 1942/607/7 1943/608/7 725/609/7 724/610/7
f 1944/313/7 1945/378/7 1943/438/7 1946/315/7
f 1947/142/7 1948/314/7 1945/316/7 1944/380/7
f 1949/1/7 1950/316/7 1948/318/7 1947/4/7
f 1951/611/7 1952/318/7 1950/319/7 1949/612/7
f 729/613/7 728/614/7 1953/615/7 1954/616/7
f 1955/320/7 1953/617/7 1952/577/7 1951/325/7
f 1956/326/2 1743/327/2 1957/35/2 1706/34/2
f 1707/330/2 1957/331/2 1958/332/2 1712/333/2
f 1713/171/2 1958/129/2 1946/328/2 1959/329/2
f 1960/334/1 1955/335/1 1961/336/1 1698/337/1
f 1699/340/1 1961/341/1 1962/342/1 1704/343/1
f 1705/34/1 1962/35/1 1807/338/1 1963/339/1
f 739/618/1 738/619/1 1964/620/1 1965/165/1
f 1800/621/1 1964/100/1 1966/195/1 1967/611/1
f 1965/165/1 1799/493/1 1968/11/1 1969/82/1
f 1970/622/1 1971/623/1 753/624/1 752/625/1
f 1972/626/1 1973/627/1 1971/588/1 1696/628/1
f 1974/629/1 1975/630/1 1697/405/1 1970/622/1
f 1967/611/1 1966/195/1 1976/631/1 1977/612/1
f 1969/82/1 1968/11/1 1978/495/1 1979/632/1
f 1977/612/1 1976/631/1 1980/633/1 1981/634/1
f 1979/632/1 1978/495/1 1982/402/1 1983/635/1
f 1981/634/1 1980/633/1 1973/627/1 1972/626/1
f 1983/635/1 1982/402/1 1975/630/1 1974/629/1
f 787/636/1 451/637/1 1849/508/1 1984/638/1
f 1984/639/7 1985/640/7 1986/641/7 1987/642/7
f 791/643/123 1988/644/123 1989/645/123 1990/646/123
f 795/647/10 1991/648/10 1992/649/10 1993/650/10
f 799/651/124 1994/652/124 1995/653/124 1996/654/124
f 1997/655/125 1998/656/125 1991/648/125 794/657/125
f 1999/349/126 2000/658/126 1994/652/126 798/659/126
f 2001/660/2 2002/661/2 1897/548/2 626/662/2
f 1987/642/7 1986/641/7 1988/644/7 790/663/7
f 1990/646/127 1989/645/127 2003/411/127 807/577/127
f 808/579/128 2004/578/128 1998/656/128 1997/655/128
f 1993/650/8 1992/649/8 2005/591/8 811/664/8
f 812/364/129 2006/665/129 2000/658/129 1999/349/129
f 1996/654/130 1995/653/130 2007/599/130 815/666/130
f 816/100/2 2008/551/2 2002/661/2 2001/660/2
f 2009/639/2 1846/667/2 448/668/2 818/669/2
f 2010/670/7 2011/671/7 2012/672/7 2009/638/7
f 2013/673/131 2014/674/131 2015/675/131 822/676/131
f 2016/677/5 2017/678/5 2018/679/5 826/680/5
f 2019/654/132 2020/653/132 2021/681/132 830/682/132
f 827/683/133 2018/679/133 2022/684/133 2023/685/133
f 831/686/134 2021/687/134 2024/688/134 2025/195/134
f 520/393/1 1872/521/1 2026/689/1 2027/690/1
f 823/691/7 2015/675/7 2011/671/7 2010/670/7
f 840/504/135 2028/503/135 2014/674/135 2013/673/135
f 2023/685/136 2022/684/136 2029/590/136 839/589/136
f 844/617/137 2030/543/137 2017/678/137 2016/677/137
f 2025/195/138 2024/688/138 2031/692/138 843/631/138
f 848/693/139 2032/546/139 2020/653/139 2019/654/139
f 2027/690/1 2026/689/1 2033/519/1 847/350/1
f 1734/425/2 1735/443/2 1750/694/2 1753/418/2
f 2034/695/1 2035/696/1 1730/697/1 1719/429/1
f 872/698/6 871/374/6 2036/375/6 2037/699/6
f 1668/700/6 2036/38/6 2038/371/6 2039/701/6
f 2040/699/6 2041/375/6 874/99/6 873/702/6
f 2042/703/6 2043/314/6 2041/375/6 1810/704/6
f 2044/114/6 2045/377/6 2046/378/6 2047/175/6
f 2039/701/6 2038/371/6 2045/377/6 2044/114/6
f 2047/175/6 2046/378/6 2043/314/6 2042/703/6
f 2035/696/7 2048/705/7 2049/706/7 2050/707/7
f 2051/708/7 2034/695/7 2052/413/7 2053/709/7
f 896/710/7 895/711/7 2048/705/7 2051/708/7
f 1336/712/7 2054/713/7 2055/714/7 2056/715/7
f 924/309/7 923/310/7 2057/311/7 2058/312/7
f 2059/313/7 2057/311/7 2060/314/7 2061/315/7
f 2061/315/7 2060/314/7 2062/316/7 2063/1/7
f 2063/1/7 2062/316/7 2064/318/7 2065/4/7
f 2065/317/7 2064/318/7 2066/319/7 2067/320/7
f 2068/321/7 2069/322/7 926/323/7 925/324/7
f 2067/320/7 2066/319/7 2069/322/7 2070/325/7
f 2071/326/1 2072/327/1 2073/35/1 2074/34/1
f 2075/330/1 2076/331/1 2072/332/1 2077/333/1
f 2078/171/1 2059/129/1 2076/328/1 2079/329/1
f 2080/334/2 2081/335/2 2070/336/2 2082/337/2
f 2083/340/2 2084/341/2 2081/342/2 2085/343/2
f 2086/34/2 2087/35/2 2084/338/2 2088/339/2
f 930/373/6 929/374/6 2089/375/6 2090/376/6
f 2087/370/6 2089/38/6 2091/371/6 2092/372/6
f 2093/172/6 2094/377/6 2095/378/6 2096/29/6
f 2092/372/6 2091/371/6 2094/377/6 2093/172/6
f 2096/29/6 2095/378/6 2097/314/6 2098/315/6
f 2099/376/6 2100/375/6 932/99/6 931/379/6
f 2098/315/6 2097/314/6 2100/375/6 2073/380/6
f 2101/329/6 2102/389/6 2085/390/6 2080/334/6
f 2088/339/7 2083/394/7 2103/392/7 2104/391/7
f 2104/391/2 2103/392/2 2102/393/2 2101/368/2
f 2105/381/7 2106/382/7 2077/383/7 2071/326/7
f 2107/17/1 2108/384/1 2106/382/1 2105/381/1
f 2079/385/6 2075/386/6 2108/387/6 2107/388/6
f 2109/385/6 2110/386/6 2111/387/6 2112/388/6
f 2113/381/7 2114/382/7 2115/383/7 2116/326/7
f 2116/17/2 2115/384/2 2110/382/2 2109/381/2
f 2117/339/7 2118/394/7 1653/392/7 1654/391/7
f 1659/329/6 1650/389/6 2119/390/6 2120/334/6
f 2120/391/1 2119/392/1 2118/393/1 2117/368/1
f 934/436/6 933/47/6 2121/98/6 2122/437/6
f 2123/315/6 2121/438/6 2124/316/6 2125/380/6
f 2126/496/6 2127/438/6 936/47/6 935/436/6
f 2128/370/6 2129/497/6 2127/498/6 1655/372/6
f 2125/313/6 2124/378/6 2130/314/6 2131/142/6
f 2131/172/6 2130/377/6 2132/378/6 2133/29/6
f 2133/151/6 2132/371/6 2129/377/6 2128/502/6
f 2134/607/7 2135/608/7 938/609/7 937/610/7
f 2136/313/7 2137/378/7 2135/438/7 2138/315/7
f 2139/142/7 2140/314/7 2137/316/7 2136/380/7
f 2141/1/7 2142/316/7 2140/318/7 2139/4/7
f 2143/611/7 2144/318/7 2142/319/7 2141/612/7
f 944/613/7 943/614/7 2145/615/7 2146/616/7
f 1658/320/7 2145/617/7 2144/577/7 2143/325/7
f 2114/330/2 2147/331/2 2148/332/2 2111/333/2
f 2112/171/2 2148/129/2 2138/328/2 2149/329/2
f 2150/326/2 2123/327/2 2147/35/2 2113/34/2
f 2151/334/6 2152/335/6 2153/336/6 2154/337/6
f 2155/340/6 2153/341/6 2156/342/6 2157/343/6
f 2158/34/6 2156/35/6 2159/338/6 2160/339/6
f 2161/385/2 2162/386/2 2163/387/2 2164/388/2
f 2165/381/1 2166/382/1 2167/383/1 2168/326/1
f 2168/17/7 2167/384/7 2162/382/7 2161/381/7
f 2169/339/1 2170/394/1 2157/392/1 2158/391/1
f 2154/329/2 2155/389/2 2171/390/2 2172/334/2
f 2172/391/6 2171/392/6 2170/393/6 2169/368/6
f 1121/436/2 1120/47/2 2173/98/2 2174/437/2
f 2175/315/2 2173/438/2 2176/316/2 2177/380/2
f 2178/496/2 2179/438/2 1123/47/2 1122/436/2
f 2180/370/2 2181/497/2 2179/498/2 2159/372/2
f 2182/172/2 2183/377/2 2184/378/2 2185/29/2
f 2177/313/2 2176/378/2 2183/314/2 2182/142/2
f 2185/151/2 2184/371/2 2181/377/2 2180/502/2
f 2186/607/1 2187/608/1 1127/609/1 1126/610/1
f 2188/313/1 2189/378/1 2187/438/1 2190/315/1
f 2191/611/1 2192/318/1 2193/319/1 2194/612/1
f 2194/1/1 2193/316/1 2195/318/1 2196/4/1
f 2196/142/1 2195/314/1 2189/316/1 2188/380/1
f 2152/320/1 2197/617/1 2192/577/1 2191/325/1
f 1129/613/1 1128/614/1 2197/615/1 2198/616/1
f 2166/330/7 2199/331/7 2200/332/7 2163/333/7
f 2164/171/7 2200/129/7 2190/328/7 2201/329/7
f 2202/326/7 2175/327/7 2199/35/7 2165/34/7
f 2203/334/6 2204/335/6 2205/336/6 2206/337/6
f 2207/340/6 2205/341/6 2208/342/6 2209/343/6
f 2210/34/6 2208/35/6 2211/338/6 2212/339/6
f 2213/385/2 2214/386/2 2215/387/2 2216/388/2
f 2217/381/1 2218/382/1 2219/383/1 2220/326/1
f 2220/17/7 2219/384/7 2214/382/7 2213/381/7
f 2221/339/1 2222/394/1 2209/392/1 2210/391/1
f 2206/329/2 2207/389/2 2223/390/2 2224/334/2
f 2224/391/6 2223/392/6 2222/393/6 2221/368/6
f 2225/315/2 2226/438/2 2227/316/2 2228/380/2
f 1131/436/2 1130/47/2 2226/98/2 2229/437/2
f 2230/370/2 2231/497/2 2232/498/2 2211/372/2
f 2233/496/2 2232/438/2 1133/47/2 1132/436/2
f 2234/172/2 2235/377/2 2236/378/2 2237/29/2
f 2237/151/2 2236/371/2 2231/377/2 2230/502/2
f 2228/313/2 2227/378/2 2235/314/2 2234/142/2
f 2238/313/1 2239/378/1 2240/438/1 2241/315/1
f 2242/607/1 2240/608/1 1135/609/1 1134/610/1
f 2243/611/1 2244/318/1 2245/319/1 2246/612/1
f 2246/1/1 2245/316/1 2247/318/1 2248/4/1
f 2248/142/1 2247/314/1 2239/316/1 2238/380/1
f 2204/320/1 2249/617/1 2244/577/1 2243/325/1
f 1141/613/1 1140/614/1 2249/615/1 2250/616/1
f 2218/330/7 2251/331/7 2252/332/7 2215/333/7
f 2216/171/7 2252/129/7 2241/328/7 2253/329/7
f 2254/326/7 2225/327/7 2251/35/7 2217/34/7
f 1145/436/7 1144/47/7 2255/98/7 2256/437/7
f 1816/315/7 2255/438/7 2257/316/7 2258/380/7
f 2259/370/7 2260/497/7 2261/498/7 1662/372/7
f 2262/496/7 2261/438/7 1147/47/7 1146/436/7
f 2258/313/7 2257/378/7 2263/314/7 2264/142/7
f 2264/172/7 2263/377/7 2265/378/7 2266/29/7
f 2266/151/7 2265/371/7 2260/377/7 2259/502/7
f 2050/707/7 2049/706/7 2054/713/7 1335/716/7
f 2053/709/7 2052/413/7 1339/717/7 1331/718/7
f 866/536/7 2267/719/7 1749/444/7 1748/443/7
f 1341/720/7 867/721/7 1752/425/7 1751/446/7
f 2268/410/7 2269/722/7 2267/719/7 865/723/7
f 2056/724/7 2055/725/7 2269/722/7 2268/410/7
f 1383/726/7 852/727/7 859/408/7 1382/728/7
usemtl FLOOR0_1
f 2270/129/6 1595/60/6 1612/15/6
f 1611/129/7 1680/158/7 2271/15/7
f 1619/129/6 1605/158/6 2272/15/6
f 2273/129/7 1673/60/7 1620/15/7
f 2274/129/6 2146/60/6 1657/15/6
f 1656/129/7 2126/158/7 2275/15/7
f 2276/129/7 2037/60/7 1667/15/7
f 1663/129/6 2262/158/6 2277/15/6
f 1811/129/7 2040/158/7 2278/15/7
f 2279/129/6 2256/60/6 1815/15/6
f 1959/129/6 1942/158/6 2280/15/6
f 2281/129/7 1742/60/7 1956/15/7
f 2282/129/6 1954/60/6 1960/15/6
f 1963/129/7 1803/158/7 2283/15/7
f 2284/129/6 2058/60/6 2078/15/6
f 2074/129/7 2099/158/7 2285/15/7
f 2082/129/6 2068/158/6 2286/15/6
f 2287/129/7 2090/60/7 2086/15/7
f 2149/129/6 2134/158/6 2288/15/6
f 2289/129/7 2122/60/7 2150/15/7
f 2160/129/1 2178/158/1 2290/15/1
f 2291/129/2 2198/60/2 2151/15/2
f 2292/129/1 2174/60/1 2202/15/1
f 2201/129/2 2186/158/2 2293/15/2
f 2212/129/1 2233/158/1 2294/15/1
f 2295/129/2 2250/60/2 2203/15/2
f 2253/129/2 2242/158/2 2296/15/2
f 2297/129/1 2229/60/1 2254/15/1
usemtl STONE2
f 2298/729/41 2299/730/41 58/731/41 57/732/41
f 62/733/1 61/209/1 2299/26/1 2298/19/1
f 2300/734/2 2301/81/2 68/26/2 67/19/2
f 66/735/3 65/736/3 2301/26/3 2300/19/3
f 73/737/3 72/738/3 75/739/3 74/740/3
f 2302/733/7 2303/209/7 77/26/7 76/19/7
f 80/741/41 79/742/41 2303/26/41 2302/19/41
f 2304/743/1 2305/744/1 2306/26/1 2307/4/1
f 2308/151/6 2309/103/6 2305/26/6 2304/4/6
f 2310/743/2 2311/744/2 2309/26/2 2308/4/2
f 2307/151/7 2306/103/7 2311/26/7 2310/4/7
f 2312/138/2 2313/401/2 2314/26/2 2315/4/2
f 2316/434/1 2317/435/1 2318/26/1 2319/4/1
f 2315/151/6 2314/103/6 2317/26/6 2316/4/6
f 2320/745/140 2321/746/140 2313/26/140 2312/4/140
f 2322/747/141 2323/226/141 2321/26/141 2320/4/141
f 2319/748/68 2318/749/68 2323/26/68 2322/4/68
f 2324/747/9 2325/226/9 2326/26/9 2327/4/9
f 2328/745/142 2329/746/142 2325/26/142 2324/4/142
f 2327/748/143 2326/749/143 2330/26/143 2331/4/143
f 2332/138/6 2333/401/6 2329/26/6 2328/4/6
f 2334/151/2 2335/103/2 2333/26/2 2332/4/2
f 2331/434/7 2330/435/7 2335/26/7 2334/4/7
f 2336/747/92 2337/226/92 2338/26/92 2339/4/92
f 2340/748/91 2341/749/91 2337/26/91 2336/4/91
f 2339/745/144 2338/746/144 2342/26/144 2343/4/144
f 2343/138/6 2342/401/6 2344/26/6 2345/4/6
f 2346/434/7 2347/435/7 2341/26/7 2340/4/7
f 2345/151/1 2344/103/1 2347/26/1 2346/4/1
f 2348/743/2 2349/744/2 2350/26/2 2351/4/2
f 2352/151/7 2353/103/7 2349/26/7 2348/4/7
f 2354/743/1 2355/744/1 2353/26/1 2352/4/1
f 2351/151/6 2350/103/6 2355/26/6 2354/4/6
f 587/747/2 173/381/2 1732/11/2 1881/4/2
f 1716/747/1 1721/381/1 163/11/1 156/4/1
f 2356/750/145 2357/433/145 229/26/145 228/108/145
f 2358/751/146 2359/268/146 2357/752/146 2356/753/146
f 2360/754/5 2361/755/5 2359/268/5 2358/751/5
f 2362/756/147 2363/222/147 2361/755/147 2360/754/147
f 1739/757/148 160/758/148 2363/222/148 2362/756/148
f 240/750/149 239/433/149 2364/26/149 2365/108/149
f 2365/751/150 2364/268/150 2366/752/150 2367/753/150
f 2367/754/10 2366/755/10 2368/268/10 2369/751/10
f 2369/756/151 2368/222/151 2370/755/151 2371/754/151
f 2371/757/152 2370/758/152 176/222/152 1740/756/152
f 316/759/153 315/758/153 2372/222/153 2373/760/153
f 2373/760/154 2372/222/154 2374/755/154 2375/761/154
f 2375/761/9 2374/755/9 2376/268/9 2377/762/9
f 2377/762/155 2376/268/155 2378/752/155 2379/763/155
f 2379/764/156 2378/433/156 318/26/156 317/124/156
f 501/515/1 334/765/1 2380/96/1 2381/4/1
f 2382/745/157 2383/746/157 2384/26/157 2385/4/157
f 2386/748/93 2387/749/93 2388/26/93 2389/4/93
f 2385/747/94 2384/226/94 2387/26/94 2386/4/94
f 2390/138/1 2391/401/1 2383/26/1 2382/4/1
f 2392/151/6 2393/103/6 2391/26/6 2390/4/6
f 2389/434/2 2388/435/2 2393/26/2 2392/4/2
f 2394/151/1 2395/371/1 2396/318/1 2397/4/1
f 1931/766/158 1845/767/158 2398/768/158 2399/769/158
f 695/770/159 2398/771/159 2400/772/159 2401/773/159
f 1985/747/2 1848/381/2 452/11/2 786/4/2
f 819/747/1 447/381/1 1847/11/1 2012/4/1
f 490/750/160 489/433/160 2402/26/160 2403/108/160
f 2403/751/161 2402/268/161 2404/752/161 2405/753/161
f 2405/754/4 2404/755/4 2406/268/4 2407/751/4
f 2407/756/162 2406/222/162 2408/755/162 2409/754/162
f 2409/757/163 2408/758/163 450/222/163 1855/756/163
f 2410/750/164 2411/433/164 492/26/164 491/108/164
f 2412/751/165 2413/268/165 2411/752/165 2410/753/165
f 2414/754/3 2415/755/3 2413/268/3 2412/751/3
f 2416/756/166 2417/222/166 2415/755/166 2414/754/166
f 1856/757/167 455/758/167 2417/222/167 2416/756/167
f 2418/708/168 2419/758/168 498/222/168 497/774/168
f 2420/774/151 2421/222/151 2419/755/151 2418/474/151
f 2422/474/10 2423/755/10 2421/268/10 2420/775/10
f 2424/775/150 2425/268/150 2423/752/150 2422/776/150
f 2426/775/165 2427/268/165 2428/752/165 2429/776/165
f 2430/474/3 2431/755/3 2427/268/3 2426/775/3
f 2432/774/166 2433/222/166 2431/755/166 2430/474/166
f 503/708/169 502/758/169 2433/222/169 2432/774/169
f 2429/776/170 2428/752/170 505/81/170 504/64/170
f 515/776/171 514/752/171 2425/81/171 2424/64/171
f 2397/777/1 2396/778/1 2434/779/1 2435/474/1
f 2436/747/1 2437/780/1 2395/371/1 2394/151/1
f 2438/204/172 2439/781/172 2437/780/172 2436/747/172
f 2440/782/4 2441/783/4 2439/784/4 2438/83/4
f 2442/785/173 2443/786/173 2441/783/173 2440/782/173
f 2444/787/174 2445/788/174 2446/789/174 2447/790/174
f 2448/791/5 2449/792/5 2445/793/5 2444/794/5
f 2435/474/175 2434/779/175 2449/792/175 2448/791/175
f 2450/795/6 2451/796/6 2443/786/6 2442/785/6
f 2452/522/81 2453/797/81 2451/798/81 2450/799/81
f 2454/800/176 2455/801/176 2453/797/176 2452/522/176
f 2456/802/177 2457/803/177 2455/801/177 2454/800/177
f 2458/804/178 2459/805/178 2460/803/178 2461/802/178
f 2462/806/85 2463/807/85 2464/808/85 2465/809/85
f 2447/810/7 2446/811/7 2463/807/7 2462/806/7
f 2465/812/179 2464/813/179 2459/805/179 2458/804/179
f 545/764/180 544/433/180 2466/26/180 2467/124/180
f 2467/762/181 2466/268/181 2468/752/181 2469/763/181
f 2469/761/41 2468/755/41 2470/268/41 2471/762/41
f 2471/760/182 2470/222/182 2472/755/182 2473/761/182
f 2473/759/183 2472/758/183 547/222/183 546/760/183
f 2474/64/1 2475/814/1 2476/96/1 2477/4/1
f 2478/151/184 2479/815/184 2475/96/184 2474/4/184
f 2381/64/1 2380/814/1 2479/96/1 2478/4/1
f 2477/515/1 2476/765/1 557/96/1 499/4/1
f 2480/207/2 2481/816/2 2457/803/2 2456/802/2
f 2461/802/2 2460/803/2 2482/817/2 2483/818/2
f 593/326/185 680/819/185 2484/771/185 2485/770/185
f 597/16/186 2486/264/186 2487/820/186 2488/821/186
f 601/822/187 2489/174/187 2490/823/187 2491/824/187
f 2492/825/188 2493/826/188 2486/81/188 596/80/188
f 2494/827/189 2495/828/189 2489/174/189 600/829/189
f 2496/775/161 2497/268/161 2498/752/161 2499/776/161
f 2499/474/4 2498/755/4 2500/268/4 2501/775/4
f 2501/774/162 2500/222/162 2502/755/162 2503/474/162
f 2503/708/190 2502/758/190 603/222/190 602/774/190
f 2504/775/146 2505/268/146 2506/752/146 2507/776/146
f 2508/474/5 2509/755/5 2505/268/5 2504/775/5
f 2510/774/147 2511/222/147 2509/755/147 2508/474/147
f 609/708/191 608/758/191 2511/222/191 2510/774/191
f 615/776/192 614/752/192 2497/81/192 2496/64/192
f 2507/776/193 2506/752/193 624/81/193 623/64/193
f 607/515/2 638/765/2 2512/96/2 2513/4/2
f 2514/64/2 2515/814/2 2516/96/2 2517/4/2
f 2518/151/194 2519/815/194 2515/96/194 2514/4/194
f 2513/64/2 2512/814/2 2519/96/2 2518/4/2
f 2520/822/195 2521/174/195 2522/823/195 647/824/195
f 659/830/196 658/433/196 2523/26/196 2524/168/196
f 2524/831/197 2523/268/197 2525/752/197 2526/832/197
f 2526/833/42 2525/755/42 2527/268/42 2528/831/42
f 2528/834/198 2527/222/198 2529/755/198 2530/833/198
f 2530/835/199 2529/758/199 661/222/199 660/834/199
f 1941/836/200 1924/748/200 2531/837/200 2532/838/200
f 721/821/201 2531/820/201 2533/749/201 2534/748/201
f 2517/515/2 2516/765/2 667/96/2 604/4/2
f 2535/830/202 2536/433/202 675/26/202 674/168/202
f 2537/831/203 2538/268/203 2536/752/203 2535/832/203
f 2539/833/8 2540/755/8 2538/268/8 2537/831/8
f 2541/834/204 2542/222/204 2540/755/204 2539/833/204
f 677/835/205 676/758/205 2542/222/205 2541/834/205
f 2543/766/206 2544/767/206 1925/768/206 1926/769/206
f 2485/770/207 2484/771/207 2544/772/207 683/773/207
f 684/839/208 2543/500/208 2493/826/208 2492/825/208
f 2545/836/209 2546/748/209 1927/837/209 1928/838/209
f 2488/821/210 2487/820/210 2546/749/210 687/748/210
f 688/840/211 2545/841/211 2495/828/211 2494/827/211
f 693/842/54 2547/843/54 1929/844/54 1930/845/54
f 2491/824/212 2490/823/212 2547/846/212 691/843/212
f 2548/839/213 2549/500/213 2399/826/213 694/825/213
f 706/825/214 2550/826/214 2549/81/214 2548/80/214
f 2534/16/215 2533/264/215 2550/820/215 705/821/215
f 2483/847/2 2482/848/2 2481/816/2 2480/207/2
f 2401/326/216 2400/819/216 644/771/216 717/770/216
f 648/827/217 2522/828/217 2551/174/217 2552/829/217
f 1934/842/48 1940/843/48 2553/844/48 704/845/48
f 699/824/218 2553/823/218 2521/846/218 2520/843/218
f 2552/840/219 2551/841/219 2532/828/219 720/827/219
f 2554/733/2 2555/209/2 761/26/2 760/19/2
f 2556/735/4 2557/736/4 769/26/4 768/19/4
f 755/734/1 754/81/1 2557/26/1 2556/19/1
f 2558/741/8 2559/742/8 767/26/8 766/19/8
f 763/733/7 762/209/7 2559/26/7 2558/19/7
f 765/729/8 764/730/8 2555/731/8 2554/732/8
f 772/737/4 771/738/4 759/739/4 758/740/4
f 2560/326/220 2561/819/220 802/771/220 788/770/220
f 2562/16/221 2563/264/221 2564/820/221 792/821/221
f 2565/822/222 2566/174/222 2567/823/222 796/824/222
f 793/825/223 2564/826/223 2568/81/223 2569/80/223
f 797/827/224 2567/828/224 2570/174/224 2571/829/224
f 2004/766/225 2003/767/225 2572/768/225 2573/769/225
f 806/770/226 2572/771/226 2561/772/226 2560/773/226
f 2569/839/227 2568/500/227 2573/826/227 805/825/227
f 2006/836/228 2005/748/228 2574/837/228 2575/838/228
f 810/821/229 2574/820/229 2563/749/229 2562/748/229
f 2571/840/230 2570/841/230 2575/828/230 809/827/230
f 2008/842/37 2007/843/37 2576/844/37 817/845/37
f 814/824/231 2576/823/231 2566/846/231 2565/843/231
f 825/326/232 838/819/232 2577/771/232 2578/770/232
f 829/16/42 2579/264/42 2580/820/42 2581/821/42
f 833/822/233 2582/174/233 2583/823/233 2584/824/233
f 2585/825/234 2586/826/234 2579/81/234 828/80/234
f 2587/827/235 2588/828/235 2582/174/235 832/829/235
f 2589/766/236 2590/767/236 2028/768/236 2029/769/236
f 2578/770/237 2577/771/237 2590/772/237 841/773/237
f 842/839/238 2589/500/238 2586/826/238 2585/825/238
f 2591/836/239 2592/748/239 2030/837/239 2031/838/239
f 2581/821/42 2580/820/42 2592/749/42 845/748/42
f 846/840/240 2591/841/240 2588/828/240 2587/827/240
f 851/842/35 2593/843/35 2032/844/35 2033/845/35
f 2584/824/241 2583/823/241 2593/846/241 849/843/241
f 880/178/2 879/58/2 882/26/2 881/849/2
f 888/178/1 887/58/1 890/26/1 889/849/1
f 2594/151/7 2595/850/7 2596/95/7 2597/4/7
f 2598/151/6 2599/850/6 2600/95/6 2601/4/6
f 2597/151/2 2596/850/2 2599/95/2 2598/4/2
f 2601/151/1 2600/850/1 2595/95/1 2594/4/1
f 946/179/2 945/7/2 948/26/2 947/19/2
f 950/179/1 949/7/1 952/26/1 951/19/1
f 954/179/1 953/7/1 956/26/1 955/19/1
f 960/179/2 959/7/2 958/26/2 957/19/2
f 2602/729/42 2603/730/42 1024/731/42 1023/732/42
f 1032/737/5 1031/738/5 1016/739/5 1015/740/5
f 2604/733/6 2605/209/6 1038/26/6 1037/19/6
f 1036/733/2 1035/209/2 2603/26/2 2602/19/2
f 1034/735/5 1033/736/5 2606/26/5 2607/19/5
f 2607/734/1 2606/81/1 1042/26/1 1041/19/1
f 1030/741/42 1029/742/42 2605/26/42 2604/19/42
f 2608/733/1 2609/209/1 1053/26/1 1052/19/1
f 2610/735/10 2611/736/10 1065/26/10 1064/19/10
f 1045/734/2 1044/81/2 2611/26/2 2610/19/2
f 2612/741/9 2613/742/9 1063/26/9 1062/19/9
f 1057/733/6 1056/209/6 2613/26/6 2612/19/6
f 1061/729/9 1060/730/9 2609/731/9 2608/732/9
f 1069/737/10 1068/738/10 1051/739/10 1050/740/10
f 2614/434/1 2615/435/1 2616/26/1 2617/4/1
f 2617/151/7 2616/103/7 2618/26/7 2619/4/7
f 2619/138/2 2618/401/2 2620/26/2 2621/4/2
f 2621/745/242 2620/746/242 2622/26/242 2623/4/242
f 2624/748/243 2625/749/243 2615/26/243 2614/4/243
f 2623/747/244 2622/226/244 2625/26/244 2624/4/244
f 2626/747/41 2627/226/41 2628/26/41 2629/4/41
f 2630/748/245 2631/749/245 2627/26/245 2626/4/245
f 2629/745/246 2628/746/246 2632/26/246 2633/4/246
f 2634/151/2 2635/103/2 2636/26/2 2637/4/2
f 2637/434/6 2636/435/6 2631/26/6 2630/4/6
f 2633/138/7 2632/401/7 2635/26/7 2634/4/7
f 2638/745/247 2639/746/247 2640/26/247 2641/4/247
f 2642/748/87 2643/749/87 2644/26/87 2645/4/87
f 2641/747/69 2640/226/69 2643/26/69 2642/4/69
f 2646/151/1 2647/103/1 2648/26/1 2649/4/1
f 2649/138/7 2648/401/7 2639/26/7 2638/4/7
f 2645/434/6 2644/435/6 2647/26/6 2646/4/6
f 2650/748/248 2651/749/248 2652/26/248 2653/4/248
f 2653/747/70 2652/226/70 2654/26/70 2655/4/70
f 2655/745/89 2654/746/89 2656/26/89 2657/4/89
f 2657/138/1 2656/401/1 2658/26/1 2659/4/1
f 2660/434/2 2661/435/2 2651/26/2 2650/4/2
f 2659/151/7 2658/103/7 2661/26/7 2660/4/7
f 1292/851/7 1291/852/7 1294/26/7 1293/19/7
f 2662/734/7 2663/81/7 1298/26/7 1297/19/7
f 1296/853/10 1295/854/10 2663/752/10 2662/855/10
f 2664/856/10 2665/857/10 1300/858/10 1299/859/10
f 1302/734/2 1301/81/2 2665/26/2 2664/19/2
f 2666/374/5 2667/121/5 1304/860/5 1303/861/5
f 1306/374/7 1305/121/7 2667/268/7 2666/862/7
f 2668/734/1 2669/81/1 1310/26/1 1309/19/1
f 1308/863/5 1307/864/5 2669/26/5 2668/19/5
f 1314/851/7 1313/852/7 1312/26/7 1311/19/7
f 1316/851/6 1315/852/6 1318/26/6 1317/19/6
f 1322/733/6 1321/209/6 2670/26/6 2671/19/6
f 1326/851/6 1325/852/6 1324/26/6 1323/19/6
f 1320/865/42 1319/866/42 2672/26/42 2673/19/42
f 2673/733/6 2672/209/6 1328/26/6 1327/19/6
f 2671/865/9 2670/866/9 1330/26/9 1329/19/9
f 2674/777/249 2675/867/249 2676/26/249 2677/4/249
f 2678/777/250 2679/867/250 2675/26/250 2674/4/250
f 2680/747/3 2681/226/3 2679/26/3 2678/4/3
f 2682/868/251 2683/869/251 2681/26/251 2680/4/251
f 2684/806/2 2685/731/2 2683/26/2 2682/4/2
f 2686/151/7 2687/103/7 2685/26/7 2684/4/7
f 2688/806/1 2689/731/1 2687/26/1 2686/4/1
f 2690/868/41 2691/869/41 2689/26/41 2688/4/41
f 2677/747/252 2676/226/252 2691/26/252 2690/4/252
f 2692/806/7 2693/731/7 2694/26/7 2695/4/7
f 2696/870/253 2697/871/253 2693/26/253 2692/4/253
f 2698/747/254 2699/226/254 2697/26/254 2696/4/254
f 2700/872/9 2701/864/9 2699/26/9 2698/4/9
f 2702/873/6 2703/874/6 2701/26/6 2700/4/6
f 2695/151/2 2694/103/2 2703/26/2 2702/4/2
f 2704/192/7 2705/70/7 2706/26/7 2707/4/7
f 2708/151/1 2709/103/1 2705/26/1 2704/4/1
f 2710/192/6 2711/70/6 2709/26/6 2708/4/6
f 2707/151/2 2706/103/2 2711/26/2 2710/4/2
f 2712/872/42 2713/864/42 2714/26/42 2715/4/42
f 2716/747/8 2717/226/8 2713/26/8 2712/4/8
f 2718/870/5 2719/871/5 2717/26/5 2716/4/5
f 2720/806/7 2721/731/7 2719/26/7 2718/4/7
f 2722/151/1 2723/103/1 2721/26/1 2720/4/1
f 2715/873/6 2714/874/6 2723/26/6 2722/4/6
f 2724/192/6 2725/70/6 2726/26/6 2727/4/6
f 2728/151/2 2729/103/2 2725/26/2 2724/4/2
f 2730/192/7 2731/70/7 2729/26/7 2728/4/7
f 2727/151/1 2726/103/1 2731/26/1 2730/4/1
f 2732/875/1 2733/876/1 2734/26/1 2735/877/1
f 2736/878/7 2737/879/7 2733/26/7 2732/877/7
f 2738/875/2 2739/876/2 2737/26/2 2736/877/2
f 2735/878/6 2734/879/6 2739/26/6 2738/877/6
f 2740/75/1 2741/7/1 2742/26/1 2743/68/1
f 2744/67/6 2745/58/6 2741/26/6 2740/68/6
f 2746/75/2 2747/7/2 2745/26/2 2744/68/2
f 2743/67/7 2742/58/7 2747/26/7 2746/68/7
f 2748/880/2 2749/881/2 2750/26/2 2751/68/2
f 2752/882/255 2753/883/255 2749/26/255 2748/68/255
f 2754/263/256 2755/264/256 2753/26/256 2752/68/256
f 2756/67/257 2757/58/257 2755/26/257 2754/68/257
f 2758/884/1 2759/885/1 2757/26/1 2756/68/1
f 2751/67/6 2750/58/6 2759/26/6 2758/68/6
f 2760/263/258 2761/264/258 2762/26/258 2763/68/258
f 2764/886/259 2765/887/259 2761/26/259 2760/68/259
f 2766/888/260 2767/889/260 2765/26/260 2764/68/260
f 2763/263/261 2762/264/261 2767/26/261 2766/68/261
f 2768/890/2 2769/891/2 2770/26/2 2771/68/2
f 2772/892/262 2773/893/262 2769/26/262 2768/68/262
f 2774/894/263 2775/895/263 2773/26/263 2772/68/263
f 2776/896/264 2777/897/264 2775/26/264 2774/68/264
f 2778/501/265 2779/500/265 2777/26/265 2776/68/265
f 2780/898/7 2781/899/7 2779/26/7 2778/68/7
f 2782/501/266 2783/500/266 2781/26/266 2780/68/266
f 2784/896/267 2785/897/267 2783/26/267 2782/68/267
f 2786/501/268 2787/500/268 2785/26/268 2784/68/268
f 2788/900/1 2789/901/1 2787/26/1 2786/68/1
f 2790/501/269 2791/500/269 2789/26/269 2788/68/269
f 2792/896/270 2793/897/270 2791/26/270 2790/68/270
f 2794/501/271 2795/500/271 2793/26/271 2792/68/271
f 2796/898/6 2797/899/6 2795/26/6 2794/68/6
f 2798/501/272 2799/500/272 2797/26/272 2796/68/272
f 2800/896/273 2801/897/273 2799/26/273 2798/68/273
f 2802/894/274 2803/895/274 2801/26/274 2800/68/274
f 2771/892/275 2770/893/275 2803/26/275 2802/68/275
f 2804/263/3 2805/264/3 2806/26/3 2807/68/3
f 2808/902/8 2809/866/8 2805/26/8 2804/68/8
f 2810/305/2 2811/121/2 2809/26/2 2808/68/2
f 2812/67/7 2813/58/7 2811/26/7 2810/68/7
f 2814/305/1 2815/121/1 2813/26/1 2812/68/1
f 2816/902/41 2817/866/41 2815/26/41 2814/68/41
f 2818/263/4 2819/264/4 2817/26/4 2816/68/4
f 2820/903/3 2821/867/3 2819/26/3 2818/68/3
f 2807/903/4 2806/867/4 2821/26/4 2820/68/4
f 2822/263/5 2823/264/5 2824/26/5 2825/68/5
f 2826/886/9 2827/887/9 2823/26/9 2822/68/9
f 2828/104/6 2829/103/6 2827/26/6 2826/68/6
f 2830/67/2 2831/58/2 2829/26/2 2828/68/2
f 2832/305/7 2833/121/7 2831/26/7 2830/68/7
f 2825/904/8 2824/905/8 2833/26/8 2832/68/8
f 2834/67/1 2835/58/1 2836/26/1 2837/68/1
f 2838/880/6 2839/881/6 2835/26/6 2834/68/6
f 2840/882/276 2841/883/276 2839/26/276 2838/68/276
f 2842/263/277 2843/264/277 2841/26/277 2840/68/277
f 2844/67/278 2845/58/278 2843/26/278 2842/68/278
f 2837/884/7 2836/885/7 2845/26/7 2844/68/7
f 2846/880/1 2847/881/1 2848/26/1 2849/68/1
f 2850/67/6 2851/58/6 2847/26/6 2846/68/6
f 2852/884/2 2853/885/2 2851/26/2 2850/68/2
f 2854/67/279 2855/58/279 2853/26/279 2852/68/279
f 2856/263/280 2857/264/280 2855/26/280 2854/68/280
f 2849/882/281 2848/883/281 2857/26/281 2856/68/281
f 2858/67/6 2859/58/6 2860/26/6 2861/68/6
f 2862/75/2 2863/7/2 2859/26/2 2858/68/2
f 2864/67/7 2865/58/7 2863/26/7 2862/68/7
f 2861/75/1 2860/7/1 2865/26/1 2864/68/1
f 2866/886/42 2867/887/42 2868/26/42 2869/68/42
f 2870/263/10 2871/264/10 2867/26/10 2866/68/10
f 2872/904/41 2873/905/41 2871/26/41 2870/68/41
f 2874/305/7 2875/121/7 2873/26/7 2872/68/7
f 2876/67/1 2877/58/1 2875/26/1 2874/68/1
f 2869/104/6 2868/103/6 2877/26/6 2876/68/6
f 2878/67/1 2879/58/1 2880/26/1 2881/68/1
f 2882/906/6 2883/852/6 2879/26/6 2878/68/6
f 2884/67/2 2885/58/2 2883/26/2 2882/68/2
f 2881/906/7 2880/852/7 2885/26/7 2884/68/7
f 2886/263/282 2887/264/282 2888/26/282 2889/68/282
f 2890/67/283 2891/58/283 2887/26/283 2886/68/283
f 2892/884/6 2893/885/6 2891/26/6 2890/68/6
f 2894/67/2 2895/58/2 2893/26/2 2892/68/2
f 2896/880/7 2897/881/7 2895/26/7 2894/68/7
f 2889/882/284 2888/883/284 2897/26/284 2896/68/284
f 2898/67/2 2899/58/2 2900/26/2 2901/68/2
f 2902/906/7 2903/852/7 2899/26/7 2898/68/7
f 2904/67/1 2905/58/1 2903/26/1 2902/68/1
f 2901/906/6 2900/852/6 2905/26/6 2904/68/6
f 2906/67/7 2907/58/7 2908/26/7 2909/68/7
f 2910/880/1 2911/881/1 2907/26/1 2906/68/1
f 2912/882/285 2913/883/285 2911/26/285 2910/68/285
f 2914/263/286 2915/264/286 2913/26/286 2912/68/286
f 2916/67/287 2917/58/287 2915/26/287 2914/68/287
f 2909/884/2 2908/885/2 2917/26/2 2916/68/2
f 2918/263/288 2919/264/288 2920/26/288 2921/68/288
f 2922/882/289 2923/883/289 2919/26/289 2918/68/289
f 2924/880/7 2925/881/7 2923/26/7 2922/68/7
f 2926/67/1 2927/58/1 2925/26/1 2924/68/1
f 2928/884/6 2929/885/6 2927/26/6 2926/68/6
f 2921/67/290 2920/58/290 2929/26/290 2928/68/290
f 2930/67/291 2931/58/291 2932/26/291 2933/68/291
f 2934/263/292 2935/264/292 2931/26/292 2930/68/292
f 2936/882/293 2937/883/293 2935/26/293 2934/68/293
f 2938/880/2 2939/881/2 2937/26/2 2936/68/2
f 2940/67/7 2941/58/7 2939/26/7 2938/68/7
f 2933/884/1 2932/885/1 2941/26/1 2940/68/1
f 2942/67/1 2943/58/1 2944/26/1 2945/68/1
f 2946/67/6 2947/58/6 2943/26/6 2942/68/6
f 2948/67/2 2949/58/2 2947/26/2 2946/68/2
f 2945/67/7 2944/58/7 2949/26/7 2948/68/7
usemtl BLOOD1
f 2950/907/1 2951/908/1 2952/26/1 2953/909/1
f 2954/910/6 2955/911/6 2951/26/6 2950/909/6
f 2956/907/2 2957/908/2 2955/26/2 2954/909/2
f 2953/910/7 2952/911/7 2957/26/7 2956/909/7
usemtl Default
usemtl FLOOR0_1
f 1/912/294 4/913/294 2270/914/294
f 2958/915/294 1/912/294 2270/914/294
f 2958/915/295 2270/914/295 2272/916/295
f 2959/917/295 2958/915/295 2272/916/295
f 2959/917/296 2272/916/296 5/918/296
f 8/919/296 2959/917/296 5/918/296
f 1611/920/295 2271/921/295 2270/914/295
f 1612/922/295 1611/920/295 2270/914/295
f 2960/923/295 2961/924/295 2962/925/295
f 2963/926/295 2960/923/295 2962/925/295
f 2273/927/295 1620/928/295 1619/929/295
f 2272/916/295 2273/927/295 1619/929/295
f 2964/930/297 2965/931/297 13/932/297
f 16/933/298 2964/930/298 13/932/298
f 2966/934/299 2967/935/299 2965/931/299
f 2968/936/299 2969/937/299 2970/938/299
f 2971/939/295 2968/936/295 2970/938/295
f 2966/934/295 2965/931/295 2964/930/295
f 2971/939/295 2970/938/295 2966/934/295
f 2964/930/299 2971/939/299 2966/934/299
f 25/940/300 28/941/300 2968/936/300
f 2971/939/300 25/940/300 2968/936/300
f 2972/942/296 2973/943/296 39/944/296
f 42/945/296 2972/942/296 39/944/296
f 2974/946/295 2975/947/295 2973/943/295
f 2976/948/295 2977/949/295 2978/950/295
f 2979/951/295 2976/948/295 2978/950/295
f 2974/946/295 2973/943/295 2972/942/295
f 2979/951/295 2978/950/295 2974/946/295
f 2972/942/295 2979/951/295 2974/946/295
f 49/952/301 52/953/301 2976/948/301
f 2979/951/294 49/952/294 2976/948/294
f 2973/943/297 2980/954/297 84/955/297
f 39/944/298 2973/943/298 84/955/298
f 1/912/294 2958/915/294 2981/956/294
f 90/957/294 1/912/294 2981/956/294
f 2982/958/295 2983/959/295 2981/956/295
f 2984/960/295 2982/958/295 2981/956/295
f 2982/958/295 2985/961/295 2986/962/295
f 2959/917/295 2982/958/295 2986/962/295
f 2984/960/295 2981/956/295 2958/915/295
f 2987/963/295 2984/960/295 2958/915/295
f 2959/917/295 2986/962/295 2987/963/295
f 2958/915/295 2959/917/295 2987/963/295
f 2959/917/296 8/919/296 104/964/296
f 2983/959/296 2959/917/296 104/964/296
f 1656/965/295 2275/966/295 2274/967/295
f 1657/968/295 1656/965/295 2274/967/295
f 2276/969/295 1667/970/295 1663/971/295
f 2277/972/295 2276/969/295 1663/971/295
f 2988/973/295 2989/974/295 2990/975/295
f 2991/976/295 2988/973/295 2990/975/295
f 2273/927/296 2972/942/296 42/945/296
f 106/977/296 2273/927/296 42/945/296
f 2271/921/295 2979/951/295 2972/942/295
f 2273/927/295 2271/921/295 2972/942/295
f 107/978/294 49/952/294 2979/951/294
f 2271/921/294 107/978/294 2979/951/294
f 2965/931/302 112/979/302 32/980/302
f 13/932/302 2965/931/302 32/980/302
f 2969/937/295 2968/936/295 116/981/295
f 2992/982/295 2969/937/295 116/981/295
f 2965/931/295 2967/935/295 2993/983/295
f 112/979/295 2965/931/295 2993/983/295
f 2992/982/295 116/981/295 112/979/295
f 2993/983/295 2992/982/295 112/979/295
f 28/941/303 53/984/303 116/981/303
f 2968/936/304 28/941/304 116/981/304
f 52/953/300 123/985/300 2994/986/300
f 2976/948/300 52/953/300 2994/986/300
f 2980/954/305 2964/930/305 124/933/305
f 84/955/305 2980/954/305 124/933/305
f 2977/949/295 2976/948/295 2994/986/295
f 2995/987/299 2977/949/299 2994/986/299
f 2973/943/295 2975/947/295 2996/988/295
f 2980/954/295 2973/943/295 2996/988/295
f 2995/987/299 2994/986/299 2980/954/299
f 2996/988/295 2995/987/295 2980/954/295
f 123/985/300 125/940/300 2971/939/300
f 2994/986/300 123/985/300 2971/939/300
f 2994/986/295 2971/939/295 2964/930/295
f 2980/954/295 2994/986/295 2964/930/295
f 2963/926/295 2962/925/295 2273/927/295
f 2272/916/295 2963/926/295 2273/927/295
f 2271/921/295 2961/924/295 2960/923/295
f 2270/914/295 2271/921/295 2960/923/295
f 1623/989/295 1688/370/295 1686/37/295
f 1617/990/295 1623/989/295 1686/37/295
f 1684/991/295 1682/992/295 1608/993/295
f 1614/994/295 1684/991/295 1608/993/295
f 2987/963/295 2986/962/295 2985/961/295
f 2984/960/295 2987/963/295 2985/961/295
f 2978/950/295 2977/949/295 2975/947/295
f 2974/946/295 2978/950/295 2975/947/295
f 2977/949/295 2995/987/295 2996/988/295
f 2975/947/295 2977/949/295 2996/988/295
f 2970/938/295 2969/937/295 2967/935/295
f 2966/934/295 2970/938/295 2967/935/295
f 2969/937/295 2992/982/295 2993/983/295
f 2967/935/295 2969/937/295 2993/983/295
f 2997/995/299 2998/996/299 2999/997/299
f 3000/998/295 2997/995/295 2999/997/295
f 1713/999/295 1706/1000/295 1709/1001/295
f 1711/1002/295 1713/999/295 1709/1001/295
f 1702/1003/295 1705/1004/295 1698/1005/295
f 1701/1006/295 1702/1003/295 1698/1005/295
f 3001/1007/295 3002/1008/295 2998/996/295
f 2997/995/295 3001/1007/295 2998/996/295
f 3003/1009/295 3004/1010/295 3005/1011/295
f 3006/1012/295 3003/1009/295 3005/1011/295
f 1718/1013/295 154/1014/295 157/1015/295
f 1715/308/295 1718/1013/295 157/1015/295
f 3007/1016/295 3008/1017/295 3009/1018/295
f 3010/1019/295 3007/1016/295 3009/1018/295
f 187/1020/295 3011/1021/295 3012/1022/295
f 184/1023/295 187/1020/295 3012/1022/295
f 191/1024/295 3013/1025/295 3014/1026/295
f 188/1027/295 191/1024/295 3014/1026/295
f 3015/1028/296 248/1029/296 251/1030/296
f 2281/1031/296 3015/1028/296 251/1030/296
f 3016/1032/296 1751/1033/296 252/1034/296
f 255/1035/296 3016/1032/296 252/1034/296
f 1777/1036/295 3017/1037/295 3018/1038/295
f 1774/1039/295 1777/1036/295 3018/1038/295
f 273/1040/295 3019/1041/295 3020/1042/295
f 270/1043/295 273/1040/295 3020/1042/295
f 309/1044/295 3021/1045/295 3022/1046/295
f 306/1047/295 309/1044/295 3022/1046/295
f 332/1048/306 3007/1016/306 3010/1019/306
f 329/1049/306 332/1048/306 3010/1019/306
f 3023/1050/295 3024/1051/295 3025/1052/295
f 3026/1053/295 3023/1050/295 3025/1052/295
f 3026/1053/295 3025/1052/295 3027/1054/295
f 3028/1055/295 3026/1053/295 3027/1054/295
f 3029/1056/295 2281/1031/295 2280/1057/295
f 3030/1058/295 3029/1056/295 2280/1057/295
f 2283/1059/295 3031/1060/295 3032/1061/295
f 2282/1062/295 2283/1059/295 3032/1061/295
f 383/1063/303 385/1064/303 390/1065/303
f 3033/1066/304 383/1063/304 390/1065/304
f 3008/1017/307 391/1067/307 394/1068/307
f 3009/1018/307 3008/1017/307 394/1068/307
f 398/1069/294 3034/1070/294 2283/1059/294
f 395/1071/294 398/1069/294 2283/1059/294
f 1815/1072/295 1811/1073/295 2278/1074/295
f 2279/1075/295 1815/1072/295 2278/1074/295
f 219/1076/295 408/1077/295 3035/1078/295
f 3036/1079/295 219/1076/295 3035/1078/295
f 3019/1041/295 3037/1080/295 3038/1081/295
f 3020/1042/295 3019/1041/295 3038/1081/295
f 3013/1025/295 3039/1082/295 3040/1083/295
f 3014/1026/295 3013/1025/295 3040/1083/295
f 1669/1084/295 1824/1085/295 1821/1086/295
f 1660/1087/295 1669/1084/295 1821/1086/295
f 1827/1088/295 1825/1089/295 1808/1090/295
f 1817/1091/295 1827/1088/295 1808/1090/295
f 2283/1059/295 3034/1070/295 3015/1028/295
f 2281/1031/295 2283/1059/295 3015/1028/295
f 3026/1053/295 3041/1092/295 3010/1019/295
f 3023/1050/295 3026/1053/295 3010/1019/295
f 3042/1093/299 3025/1052/299 3024/1051/299
f 3009/1018/295 3042/1093/295 3024/1051/295
f 3023/1050/295 3010/1019/295 3009/1018/295
f 3024/1051/295 3023/1050/295 3009/1018/295
f 419/1094/302 421/1095/302 3043/1096/302
f 424/1097/302 419/1094/302 3043/1096/302
f 3009/1018/307 394/1068/307 432/1098/307
f 3042/1093/307 3009/1018/307 432/1098/307
f 2997/995/295 3043/1096/295 421/1095/295
f 3001/1007/295 2997/995/295 421/1095/295
f 3033/1066/295 2998/996/295 3002/1008/295
f 383/1063/295 3033/1066/295 3002/1008/295
f 3001/1007/295 421/1095/295 383/1063/295
f 3002/1008/295 3001/1007/295 383/1063/295
f 437/1099/294 440/1100/294 3044/1101/294
f 3045/1102/294 437/1099/294 3044/1101/294
f 406/1103/295 399/1104/295 3046/1105/295
f 3047/1106/295 406/1103/295 3046/1105/295
f 586/1107/295 589/1108/295 1879/1109/295
f 1878/1110/295 586/1107/295 1879/1109/295
f 593/1111/295 2485/1112/295 1882/1113/295
f 590/1114/295 593/1111/295 1882/1113/295
f 597/1115/299 2488/1116/299 1885/1117/299
f 594/1118/295 597/1115/295 1885/1117/295
f 601/1119/295 2491/1120/295 1888/1121/295
f 598/1122/295 601/1119/295 1888/1121/295
f 3048/1123/295 468/1124/295 469/1125/295
f 3049/1126/295 3048/1123/295 469/1125/295
f 3050/1127/295 3051/1128/295 632/1129/295
f 635/1130/295 3050/1127/295 632/1129/295
f 1917/1131/299 2520/1132/299 647/1133/299
f 650/1134/295 1917/1131/295 647/1133/295
f 3052/1135/295 3053/1136/295 1838/1137/295
f 1832/1138/295 3052/1135/295 1838/1137/295
f 3054/1139/295 3055/1140/295 651/1141/295
f 654/1142/295 3054/1139/295 651/1141/295
f 3056/1143/295 3057/1144/295 460/1145/295
f 461/1146/295 3056/1143/295 460/1145/295
f 684/1147/295 2492/1148/295 1892/1149/295
f 681/1150/295 684/1147/295 1892/1149/295
f 688/1151/295 2494/1152/295 1894/1153/295
f 685/1154/295 688/1151/295 1894/1153/295
f 692/1155/295 1908/1156/295 689/1157/295
f 1933/1158/295 2548/1159/295 694/1160/295
f 697/1161/295 1933/1158/295 694/1160/295
f 701/1162/295 1936/1163/295 698/1164/295
f 1922/1165/295 2534/1166/295 705/1167/295
f 708/1168/295 1922/1165/295 705/1167/295
f 3058/1169/295 3059/1170/295 484/1171/295
f 639/1172/295 3058/1169/295 484/1171/295
f 3060/1173/295 3061/1174/295 3055/1140/295
f 3054/1139/295 3060/1173/295 3055/1140/295
f 3062/1175/295 3063/1176/295 3051/1128/295
f 3050/1127/295 3062/1175/295 3051/1128/295
f 1843/1177/295 2401/1178/295 717/1179/295
f 719/1180/295 1843/1177/295 717/1179/295
f 3064/1181/295 3065/1182/295 716/1183/295
f 709/1184/295 3064/1181/295 716/1183/295
f 1938/1185/295 2552/1186/295 720/1187/295
f 723/1188/295 1938/1185/295 720/1187/295
f 2280/1057/296 724/1189/296 727/1190/296
f 3066/1191/296 2280/1057/296 727/1190/296
f 3044/1101/295 2282/1062/295 2280/1057/295
f 3066/1191/295 3044/1101/295 2280/1057/295
f 729/1192/294 2282/1062/294 3044/1101/294
f 440/1100/294 729/1192/294 3044/1101/294
f 2281/1031/295 1956/1193/295 1959/1194/295
f 2280/1057/295 2281/1031/295 1959/1194/295
f 3032/1061/295 3031/1060/295 3029/1056/295
f 3030/1058/295 3032/1061/295 3029/1056/295
f 1963/1195/295 2283/1059/295 2282/1062/295
f 1960/1196/295 1963/1195/295 2282/1062/295
f 424/1097/308 3043/1096/308 3007/1016/308
f 332/1048/309 424/1097/309 3007/1016/309
f 2998/996/295 3033/1066/295 3008/1017/295
f 2999/997/295 2998/996/295 3008/1017/295
f 3043/1096/295 2997/995/295 3000/998/295
f 3007/1016/295 3043/1096/295 3000/998/295
f 2999/997/295 3008/1017/295 3007/1016/295
f 3000/998/295 2999/997/295 3007/1016/295
f 3033/1066/307 390/1065/307 391/1067/307
f 3008/1017/307 3033/1066/307 391/1067/307
f 747/1197/294 3041/1092/294 3034/1070/294
f 398/1069/294 747/1197/294 3034/1070/294
f 3027/1054/295 3025/1052/295 3042/1093/295
f 3041/1092/295 3026/1053/295 3028/1055/295
f 3034/1070/295 3041/1092/295 3028/1055/295
f 3027/1054/295 3042/1093/295 3015/1028/295
f 3034/1070/295 3028/1055/295 3027/1054/295
f 3015/1028/295 3034/1070/295 3027/1054/295
f 3015/1028/296 3042/1093/296 432/1098/296
f 248/1029/310 3015/1028/310 432/1098/310
f 329/1049/308 3010/1019/308 3041/1092/308
f 747/1197/309 329/1049/309 3041/1092/309
f 3066/1191/296 727/1190/296 779/1198/296
f 3067/1199/296 3066/1191/296 779/1198/296
f 3068/1200/295 3067/1199/295 3045/1102/295
f 3003/1009/295 3068/1200/295 3045/1102/295
f 3068/1200/295 3006/1012/295 3005/1011/295
f 3066/1191/295 3068/1200/295 3005/1011/295
f 3003/1009/295 3045/1102/295 3044/1101/295
f 3004/1010/295 3003/1009/295 3044/1101/295
f 3066/1191/295 3005/1011/295 3004/1010/295
f 3044/1101/295 3066/1191/295 3004/1010/295
f 787/1201/295 1984/1202/295 1987/1203/295
f 784/1204/295 787/1201/295 1987/1203/295
f 788/1205/295 791/1206/295 1990/1207/295
f 2560/1208/299 788/1205/299 1990/1207/299
f 792/1209/295 795/1210/295 1993/1211/295
f 2562/1212/295 792/1209/295 1993/1211/295
f 796/1213/295 799/1214/295 1996/1215/295
f 2565/1216/295 796/1213/295 1996/1215/295
f 805/1217/295 808/1218/295 1997/1219/295
f 2569/1220/295 805/1217/295 1997/1219/295
f 809/1221/295 812/1222/295 1999/1223/295
f 2571/1224/295 809/1221/295 1999/1223/295
f 2001/1225/295 813/1226/295 816/1227/295
f 2010/1228/295 2009/1229/295 818/1230/295
f 821/1231/295 2010/1228/295 818/1230/295
f 2013/1232/295 822/1233/295 825/1234/295
f 2578/1235/295 2013/1232/295 825/1234/295
f 2016/1236/295 826/1237/295 829/1238/295
f 2581/1239/299 2016/1236/299 829/1238/299
f 2019/1240/295 830/1241/295 833/1242/295
f 2584/1243/295 2019/1240/295 833/1242/295
f 2023/1244/295 839/1245/295 842/1246/295
f 2585/1247/295 2023/1244/295 842/1246/295
f 2025/1248/295 843/1249/295 846/1250/295
f 2587/1251/295 2025/1248/295 846/1250/295
f 2027/1252/295 847/1253/295 850/1254/295
f 3069/1255/296 869/1256/296 872/1257/296
f 2276/969/296 3069/1255/296 872/1257/296
f 876/1258/294 3070/1259/294 2278/1074/294
f 873/1260/294 876/1258/294 2278/1074/294
f 3070/1259/295 3069/1255/295 2276/969/295
f 2278/1074/295 3070/1259/295 2276/969/295
f 896/1261/294 2053/1262/294 3071/1263/294
f 893/1264/294 896/1261/294 3071/1263/294
f 3069/1255/296 3016/1032/296 255/1035/296
f 869/1256/296 3069/1255/296 255/1035/296
f 876/1258/294 893/1264/294 3071/1263/294
f 3070/1259/294 876/1258/294 3071/1263/294
f 3072/1265/295 3069/1255/295 3070/1259/295
f 3073/1266/295 3072/1265/295 3070/1259/295
f 3072/1265/295 3074/1267/295 3075/1268/295
f 3016/1032/295 3072/1265/295 3075/1268/295
f 3073/1266/295 3070/1259/295 3071/1263/295
f 3076/1269/295 3073/1266/295 3071/1263/295
f 3016/1032/295 3075/1268/295 3076/1269/295
f 3071/1263/295 3016/1032/295 3076/1269/295
f 3073/1266/299 3076/1269/299 3075/1268/299
f 3074/1267/299 3073/1266/299 3075/1268/299
f 2991/976/295 2990/975/295 2276/969/295
f 2277/972/295 2991/976/295 2276/969/295
f 2278/1074/295 2989/974/295 2988/973/295
f 2279/1075/295 2278/1074/295 2988/973/295
f 921/1270/294 924/1271/294 2284/1272/294
f 3077/1273/294 921/1270/294 2284/1272/294
f 3077/1273/295 2284/1272/295 2286/1274/295
f 3078/1275/295 3077/1273/295 2286/1274/295
f 3078/1275/296 2286/1274/296 925/1276/296
f 928/1277/296 3078/1275/296 925/1276/296
f 2074/1278/295 2285/1279/295 2284/1272/295
f 2078/1280/295 2074/1278/295 2284/1272/295
f 3079/1281/295 3080/1282/295 3081/1283/295
f 3082/1284/295 3079/1281/295 3081/1283/295
f 2287/1285/295 2086/1286/295 2082/1287/295
f 2286/1274/295 2287/1285/295 2082/1287/295
f 2983/959/296 104/964/296 930/1288/296
f 2287/1285/296 2983/959/296 930/1288/296
f 2981/956/295 2983/959/295 2287/1285/295
f 2285/1279/295 2981/956/295 2287/1285/295
f 90/957/294 2981/956/294 2285/1279/294
f 931/1289/294 90/957/294 2285/1279/294
f 3082/1284/295 3081/1283/295 2287/1285/295
f 2286/1274/295 3082/1284/295 2287/1285/295
f 2285/1279/295 3080/1282/295 3079/1281/295
f 2284/1272/295 2285/1279/295 3079/1281/295
f 2088/1290/295 2104/1291/295 2101/1292/295
f 2080/1293/295 2088/1290/295 2101/1292/295
f 2107/1294/295 2105/1295/295 2071/1296/295
f 2079/1297/295 2107/1294/295 2071/1296/295
f 2113/1298/295 2116/1299/295 2109/1300/295
f 2112/1301/295 2113/1298/295 2109/1300/295
f 2120/1302/295 2117/1303/295 1654/1304/295
f 1659/1305/295 2120/1302/295 1654/1304/295
f 3067/1199/296 779/1198/296 934/1306/296
f 2289/1307/296 3067/1199/296 934/1306/296
f 3083/1308/295 3084/1309/295 2289/1307/295
f 2288/1310/295 3083/1308/295 2289/1307/295
f 2275/966/295 3085/1311/295 3086/1312/295
f 2274/967/295 2275/966/295 3086/1312/295
f 437/1099/294 3045/1102/294 2275/966/294
f 935/1313/294 437/1099/294 2275/966/294
f 3045/1102/295 3067/1199/295 2289/1307/295
f 2275/966/295 3045/1102/295 2289/1307/295
f 2288/1310/296 937/1314/296 940/1315/296
f 3087/1316/296 2288/1310/296 940/1315/296
f 3088/1317/295 2274/967/295 2288/1310/295
f 3087/1316/295 3088/1317/295 2288/1310/295
f 944/1318/294 2274/967/294 3088/1317/294
f 941/1319/294 944/1318/294 3088/1317/294
f 2289/1307/295 2150/1320/295 2149/1321/295
f 2288/1310/295 2289/1307/295 2149/1321/295
f 3086/1312/295 3085/1311/295 3084/1309/295
f 3083/1308/295 3086/1312/295 3084/1309/295
f 3089/1322/311 967/1323/311 970/1324/311
f 3090/1325/312 3089/1322/312 970/1324/312
f 3091/1326/295 3092/1327/295 3093/1328/295
f 3094/1329/299 3091/1326/299 3093/1328/299
f 3090/1325/295 3095/1330/295 3096/1331/295
f 3089/1322/295 3090/1325/295 3096/1331/295
f 3094/1329/299 3093/1328/299 3089/1322/299
f 3096/1331/295 3094/1329/295 3089/1322/295
f 980/1332/306 3093/1328/306 3092/1327/306
f 977/1333/306 980/1332/306 3092/1327/306
f 3087/1316/310 940/1315/310 986/1334/310
f 3097/1335/296 3087/1316/296 986/1334/296
f 3078/1275/296 928/1277/296 996/1336/296
f 3098/1337/296 3078/1275/296 996/1336/296
f 3099/1338/295 3100/1339/295 3077/1273/295
f 3101/1340/295 3099/1338/295 3077/1273/295
f 3098/1337/295 3102/1341/295 3103/1342/295
f 3078/1275/295 3098/1337/295 3103/1342/295
f 3101/1340/295 3077/1273/295 3078/1275/295
f 3103/1342/295 3101/1340/295 3078/1275/295
f 921/1270/294 3077/1273/294 3100/1339/294
f 1002/1343/301 921/1270/301 3100/1339/301
f 1011/1344/313 1014/1345/313 3104/1346/313
f 3105/1347/314 1011/1344/314 3104/1346/314
f 3098/1337/311 996/1336/311 1071/1348/311
f 3106/1349/312 3098/1337/312 1071/1348/312
f 970/1324/304 1075/1350/304 3107/1351/304
f 3090/1325/304 970/1324/304 3107/1351/304
f 3095/1330/295 3090/1325/295 3107/1351/295
f 3108/1352/295 3095/1330/295 3107/1351/295
f 3092/1327/295 3091/1326/295 3109/1353/295
f 3110/1354/295 3092/1327/295 3109/1353/295
f 3108/1352/295 3107/1351/295 3110/1354/295
f 3109/1353/295 3108/1352/295 3110/1354/295
f 977/1333/302 3092/1327/302 3110/1354/302
f 1081/1355/315 977/1333/315 3110/1354/315
f 1002/1343/306 3100/1339/306 3111/1356/306
f 1083/1357/306 1002/1343/306 3111/1356/306
f 3106/1349/307 1071/1348/307 967/1323/307
f 3089/1322/307 3106/1349/307 967/1323/307
f 3102/1341/295 3098/1337/295 3106/1349/295
f 3112/1358/295 3102/1341/295 3106/1349/295
f 3100/1339/299 3099/1338/299 3113/1359/299
f 3111/1356/295 3100/1339/295 3113/1359/295
f 3112/1358/295 3106/1349/295 3111/1356/295
f 3113/1359/299 3112/1358/299 3111/1356/299
f 1083/1357/306 3111/1356/306 3093/1328/306
f 980/1332/306 1083/1357/306 3093/1328/306
f 3111/1356/295 3106/1349/295 3089/1322/295
f 3093/1328/295 3111/1356/295 3089/1322/295
f 3101/1340/295 3103/1342/295 3102/1341/295
f 3099/1338/295 3101/1340/295 3102/1341/295
f 3099/1338/295 3102/1341/295 3112/1358/295
f 3113/1359/295 3099/1338/295 3112/1358/295
f 3094/1329/295 3096/1331/295 3095/1330/295
f 3091/1326/295 3094/1329/295 3095/1330/295
f 3091/1326/295 3095/1330/295 3108/1352/295
f 3109/1353/295 3091/1326/295 3108/1352/295
f 3114/1360/295 3115/1361/295 3116/1362/295
f 3117/1363/299 3114/1360/299 3116/1362/299
f 3118/1364/295 3114/1360/295 3117/1363/295
f 3119/1365/295 3118/1364/295 3117/1363/295
f 3120/1366/295 3105/1347/295 3121/1367/295
f 3122/1368/295 3120/1366/295 3121/1367/295
f 1086/1369/300 1011/1344/300 3105/1347/300
f 3120/1366/300 1086/1369/300 3105/1347/300
f 3123/1370/295 3124/1371/295 3125/1372/295
f 3126/1373/295 3123/1370/295 3125/1372/295
f 3124/1371/295 3127/1374/295 3128/1375/295
f 3125/1372/295 3124/1371/295 3128/1375/295
f 3129/1376/302 3130/1377/302 1090/1378/302
f 1092/1379/315 3129/1376/315 1090/1378/315
f 3122/1368/305 3121/1367/305 1095/1380/305
f 1096/1381/305 3122/1368/305 1095/1380/305
f 3126/1373/299 3125/1372/299 3097/1335/299
f 3104/1346/295 3124/1371/295 3123/1370/295
f 3105/1347/295 3104/1346/295 3123/1370/295
f 3126/1373/295 3097/1335/295 3121/1367/295
f 3105/1347/295 3123/1370/295 3126/1373/295
f 3121/1367/299 3105/1347/299 3126/1373/299
f 1102/1382/304 1104/1383/304 3131/1384/304
f 3132/1385/304 1102/1382/304 3131/1384/304
f 3121/1367/305 3097/1335/305 986/1334/305
f 1095/1380/305 3121/1367/305 986/1334/305
f 3119/1365/295 3117/1363/295 3130/1377/295
f 3131/1384/295 3114/1360/295 3118/1364/295
f 3132/1385/295 3131/1384/295 3118/1364/295
f 3119/1365/295 3130/1377/295 3129/1376/295
f 3132/1385/295 3118/1364/295 3119/1365/295
f 3129/1376/295 3132/1385/295 3119/1365/295
f 1104/1383/313 1086/1369/313 3120/1366/313
f 3131/1384/314 1104/1383/314 3120/1366/314
f 3114/1360/295 3131/1384/295 3120/1366/295
f 3115/1361/295 3114/1360/295 3120/1366/295
f 3130/1377/295 3117/1363/295 3116/1362/295
f 3122/1368/295 3130/1377/295 3116/1362/295
f 3115/1361/299 3120/1366/299 3122/1368/299
f 3116/1362/299 3115/1361/299 3122/1368/299
f 3130/1377/305 3122/1368/305 1096/1381/305
f 1114/1378/305 3130/1377/305 1096/1381/305
f 3124/1371/295 3104/1346/295 3088/1317/295
f 3127/1374/295 3124/1371/295 3088/1317/295
f 3097/1335/295 3125/1372/295 3128/1375/295
f 3087/1316/295 3097/1335/295 3128/1375/295
f 3127/1374/295 3088/1317/295 3087/1316/295
f 3128/1375/295 3127/1374/295 3087/1316/295
f 941/1319/294 3088/1317/294 3104/1346/294
f 1014/1345/294 941/1319/294 3104/1346/294
f 2160/1386/295 2290/1387/295 2291/1388/295
f 2151/1389/295 2160/1386/295 2291/1388/295
f 2169/1390/295 2158/1391/295 2154/1392/295
f 2172/1393/295 2169/1390/295 2154/1392/295
f 2168/1394/295 2161/1395/295 2164/1396/295
f 2165/1397/295 2168/1394/295 2164/1396/295
f 1118/1398/304 1121/1399/304 2292/1400/304
f 3133/1401/304 1118/1398/304 2292/1400/304
f 3134/1402/295 2292/1400/295 2293/1403/295
f 3135/1404/295 3134/1402/295 2293/1403/295
f 2290/1387/295 3136/1405/295 3137/1406/295
f 2291/1388/295 2290/1387/295 3137/1406/295
f 3138/1407/302 2290/1387/302 1122/1408/302
f 1125/1409/302 3138/1407/302 1122/1408/302
f 3133/1401/295 2292/1400/295 2290/1387/295
f 3138/1407/295 3133/1401/295 2290/1387/295
f 1126/1410/304 1102/1382/304 3132/1385/304
f 2293/1403/304 1126/1410/304 3132/1385/304
f 2291/1388/295 2293/1403/295 3132/1385/295
f 3129/1376/295 2291/1388/295 3132/1385/295
f 2291/1388/302 3129/1376/302 1092/1379/302
f 1129/1411/302 2291/1388/302 1092/1379/302
f 2292/1400/295 2202/1412/295 2201/1413/295
f 2293/1403/295 2292/1400/295 2201/1413/295
f 3136/1405/295 3134/1402/295 3135/1404/295
f 3137/1406/295 3136/1405/295 3135/1404/295
f 2212/1414/295 2294/1415/295 2295/1416/295
f 2203/1417/295 2212/1414/295 2295/1416/295
f 2221/1418/295 2210/1419/295 2206/1420/295
f 2224/1421/295 2221/1418/295 2206/1420/295
f 2220/1422/295 2213/1423/295 2216/1424/295
f 2217/1425/295 2220/1422/295 2216/1424/295
f 1075/1350/304 1131/1426/304 2297/1427/304
f 3107/1351/304 1075/1350/304 2297/1427/304
f 2297/1427/295 2296/1428/295 3139/1429/295
f 3140/1430/295 2297/1427/295 3139/1429/295
f 2294/1415/295 3141/1431/295 3142/1432/295
f 2295/1416/295 2294/1415/295 3142/1432/295
f 1081/1355/302 3110/1354/302 2294/1415/302
f 1132/1433/302 1081/1355/302 2294/1415/302
f 3107/1351/295 2297/1427/295 2294/1415/295
f 3110/1354/295 3107/1351/295 2294/1415/295
f 1134/1434/304 1137/1435/304 3143/1436/304
f 2296/1428/304 1134/1434/304 3143/1436/304
f 2295/1416/295 2296/1428/295 3143/1436/295
f 3144/1437/295 2295/1416/295 3143/1436/295
f 2295/1416/302 3144/1437/302 1138/1438/302
f 1141/1439/302 2295/1416/302 1138/1438/302
f 2297/1427/295 2254/1440/295 2253/1441/295
f 2296/1428/295 2297/1427/295 2253/1441/295
f 3141/1431/295 3140/1430/295 3139/1429/295
f 3142/1432/295 3141/1431/295 3139/1429/295
f 1145/1442/294 2279/1075/294 3145/1443/294
f 1142/1444/294 1145/1442/294 3145/1443/294
f 2277/972/296 1146/1445/296 1149/1446/296
f 3146/1447/296 2277/972/296 1149/1446/296
f 3145/1443/295 2279/1075/295 2277/972/295
f 3146/1447/295 3145/1443/295 2277/972/295
f 3147/1448/295 3148/1449/295 3138/1407/295
f 3148/1449/295 3149/1450/295 3150/1451/295
f 3133/1401/295 3148/1449/295 3150/1451/295
f 3147/1448/295 3138/1407/295 3151/1452/295
f 3133/1401/295 3150/1451/295 3152/1453/295
f 3153/1454/295 3133/1401/295 3152/1453/295
f 3147/1448/295 3151/1452/295 3153/1454/295
f 3152/1453/295 3147/1448/295 3153/1454/295
f 1164/1455/300 1167/1456/300 3154/1457/300
f 3155/1458/300 1164/1455/300 3154/1457/300
f 3154/1457/295 3156/1459/295 3157/1460/295
f 3158/1461/295 3154/1457/295 3157/1460/295
f 3159/1462/302 3151/1452/302 1168/1463/302
f 1171/1464/302 3159/1462/302 1168/1463/302
f 3160/1465/295 3153/1454/295 3151/1452/295
f 3159/1462/295 3160/1465/295 3151/1452/295
f 1174/1466/304 1164/1455/304 3155/1458/304
f 3161/1467/304 1174/1466/304 3155/1458/304
f 1187/1468/306 3162/1469/306 3163/1470/306
f 1184/1471/306 1187/1468/306 3163/1470/306
f 3158/1461/305 3157/1460/305 1188/1472/305
f 1191/1473/305 3158/1461/305 1188/1472/305
f 3157/1460/305 3164/1474/305 1188/1472/305
f 3146/1447/296 1149/1446/296 1200/1475/296
f 3165/1476/296 3146/1447/296 1200/1475/296
f 1188/1472/306 3166/1477/306 3162/1469/306
f 1187/1468/306 1188/1472/306 3162/1469/306
f 3167/1478/305 3158/1461/305 1191/1473/305
f 1210/1479/305 3167/1478/305 1191/1473/305
f 3151/1452/315 3138/1407/315 1125/1409/315
f 1168/1463/315 3151/1452/315 1125/1409/315
f 3168/1480/302 3167/1478/302 1210/1479/302
f 1220/1481/315 3168/1480/315 1210/1479/315
f 3169/1482/307 1225/1483/307 1228/1484/307
f 3170/1485/307 3169/1482/307 1228/1484/307
f 3163/1470/302 3159/1462/302 1171/1464/302
f 1184/1471/315 3163/1470/315 1171/1464/315
f 3171/1486/295 3158/1461/295 3167/1478/295
f 3172/1487/295 3171/1486/295 3167/1478/295
f 3158/1461/295 3171/1486/295 3173/1488/295
f 3154/1457/299 3158/1461/299 3173/1488/299
f 3172/1487/295 3167/1478/295 3168/1480/295
f 3174/1489/295 3172/1487/295 3168/1480/295
f 3154/1457/295 3173/1488/295 3175/1490/295
f 3155/1458/295 3154/1457/295 3175/1490/295
f 3174/1489/295 3168/1480/295 3161/1467/295
f 3176/1491/295 3174/1489/295 3161/1467/295
f 3155/1458/295 3175/1490/295 3176/1491/295
f 3161/1467/295 3155/1458/295 3176/1491/295
f 1238/1492/303 1118/1398/303 3133/1401/303
f 3153/1454/303 1238/1492/303 3133/1401/303
f 1241/1493/304 1238/1492/304 3153/1454/304
f 3160/1465/304 1241/1493/304 3153/1454/304
f 3177/1494/295 3178/1495/295 3159/1462/295
f 3178/1495/295 3179/1496/295 3180/1497/295
f 3160/1465/295 3178/1495/295 3180/1497/295
f 3177/1494/295 3159/1462/295 3163/1470/295
f 3160/1465/295 3180/1497/295 3181/1498/295
f 3170/1485/295 3160/1465/295 3181/1498/295
f 3177/1494/299 3163/1470/299 3162/1469/299
f 3182/1499/295 3177/1494/295 3162/1469/295
f 3170/1485/299 3181/1498/299 3183/1500/299
f 3169/1482/295 3170/1485/295 3183/1500/295
f 3182/1499/299 3162/1469/299 3169/1482/299
f 3183/1500/295 3182/1499/295 3169/1482/295
f 1228/1484/304 1241/1493/304 3160/1465/304
f 3170/1485/304 1228/1484/304 3160/1465/304
f 3166/1477/295 3184/1501/295 3169/1482/295
f 3162/1469/295 3166/1477/295 3169/1482/295
f 3184/1501/307 1247/1502/307 1249/1483/307
f 3169/1482/307 3184/1501/307 1249/1483/307
f 1167/1456/300 1251/1503/300 3156/1459/300
f 3154/1457/300 1167/1456/300 3156/1459/300
f 1251/1503/300 1257/1504/300 3185/1505/300
f 3156/1459/300 1251/1503/300 3185/1505/300
f 1260/1506/304 1174/1466/304 3161/1467/304
f 3186/1507/304 1260/1506/304 3161/1467/304
f 3186/1507/295 3161/1467/295 3168/1480/295
f 3187/1508/295 3186/1507/295 3168/1480/295
f 3187/1508/302 3168/1480/302 1220/1481/302
f 1263/1509/302 3187/1508/302 1220/1481/302
f 3143/1436/303 1137/1435/303 1260/1506/303
f 3186/1507/303 3143/1436/303 1260/1506/303
f 3188/1510/295 3187/1508/295 3144/1437/295
f 3189/1511/295 3188/1510/295 3144/1437/295
f 3188/1510/295 3190/1512/295 3191/1513/295
f 3186/1507/295 3188/1510/295 3191/1513/295
f 3189/1511/295 3144/1437/295 3143/1436/295
f 3192/1514/295 3189/1511/295 3143/1436/295
f 3186/1507/295 3191/1513/295 3192/1514/295
f 3143/1436/295 3186/1507/295 3192/1514/295
f 1138/1438/315 3144/1437/315 3187/1508/315
f 1263/1509/315 1138/1438/315 3187/1508/315
f 3165/1476/307 1283/1475/307 1247/1502/307
f 3184/1501/307 3165/1476/307 1247/1502/307
f 1188/1472/306 3164/1474/306 3166/1477/306
f 3193/1515/299 3184/1501/299 3166/1477/299
f 3194/1516/299 3193/1515/299 3166/1477/299
f 3184/1501/295 3193/1515/295 3195/1517/295
f 3165/1476/295 3184/1501/295 3195/1517/295
f 3194/1516/299 3166/1477/299 3164/1474/299
f 3196/1518/299 3194/1516/299 3164/1474/299
f 3165/1476/295 3195/1517/295 3197/1519/295
f 3146/1447/295 3165/1476/295 3197/1519/295
f 3196/1518/299 3164/1474/299 3157/1460/299
f 3198/1520/299 3196/1518/299 3157/1460/299
f 3146/1447/295 3197/1519/295 3199/1521/295
f 3145/1443/295 3146/1447/295 3199/1521/295
f 3198/1520/299 3157/1460/299 3156/1459/299
f 3200/1522/295 3198/1520/295 3156/1459/295
f 3145/1443/295 3199/1521/295 3201/1523/295
f 3185/1505/295 3145/1443/295 3201/1523/295
f 3200/1522/295 3156/1459/295 3185/1505/295
f 3201/1523/295 3200/1522/295 3185/1505/295
f 1142/1444/294 3145/1443/294 3185/1505/294
f 1257/1504/294 1142/1444/294 3185/1505/294
f 2053/1262/295 1331/1524/295 911/1525/295
f 3071/1263/295 2053/1262/295 911/1525/295
f 1341/1526/295 1751/1033/295 3016/1032/295
f 920/1527/295 1341/1526/295 3016/1032/295
f 1345/1528/295 1342/1529/295 917/1530/295
f 914/1531/295 1345/1528/295 917/1530/295
f 1381/1532/295 1371/1533/295 1342/1529/295
f 1345/1528/295 1381/1532/295 1342/1529/295
f 1383/1534/295 1382/1535/295 1371/1533/295
f 1381/1532/295 1383/1534/295 1371/1533/295
f 3199/1521/295 3197/1519/295 3195/1517/295
f 3201/1523/295 3199/1521/295 3195/1517/295
f 3198/1520/295 3200/1522/295 3201/1523/295
f 3196/1518/295 3198/1520/295 3201/1523/295
f 3193/1515/295 3194/1516/295 3196/1518/295
f 3195/1517/295 3193/1515/295 3196/1518/295
f 3201/1523/295 3195/1517/295 3196/1518/295
f 3182/1499/295 3183/1500/295 3181/1498/295
f 3177/1494/295 3182/1499/295 3181/1498/295
f 3179/1496/295 3177/1494/295 3181/1498/295
f 3180/1497/295 3179/1496/295 3181/1498/295
f 3147/1448/295 3152/1453/295 3150/1451/295
f 3149/1450/295 3147/1448/295 3150/1451/295
f 3175/1490/295 3173/1488/295 3171/1486/295
f 3174/1489/295 3176/1491/295 3175/1490/295
f 3172/1487/295 3174/1489/295 3175/1490/295
f 3171/1486/295 3172/1487/295 3175/1490/295
f 3192/1514/295 3191/1513/295 3190/1512/295
f 3189/1511/295 3192/1514/295 3190/1512/295
usemtl METAL
f 2/1536/316 1597/915/316 3/912/316
f 87/1537/316 1597/915/316 2/1536/316
f 87/1537/317 1603/917/317 1597/915/317
f 96/1538/317 1603/917/317 87/1537/317
f 96/1538/318 6/919/318 1603/917/318
f 7/1539/318 6/919/318 96/1538/318
f 113/1540/295 1631/1541/295 29/1542/295
f 32/1543/295 113/1540/295 29/1542/295
f 109/1540/319 30/1542/319 1629/1541/319
f 31/1543/319 30/1542/319 109/1540/319
f 117/1544/295 53/1545/295 56/1546/295
f 1641/1547/295 117/1544/295 56/1546/295
f 114/1544/320 55/1546/320 54/1545/320
f 1637/1547/320 55/1546/320 114/1544/320
f 117/1544/295 1641/1547/295 1631/1541/295
f 113/1540/295 117/1544/295 1631/1541/295
f 114/1544/317 1629/1541/317 1637/1547/317
f 109/1540/317 1629/1541/317 114/1544/317
f 14/610/295 69/1543/295 71/1548/295
f 74/1549/295 15/1550/295 14/610/295
f 73/1551/295 74/1549/295 14/610/295
f 14/610/295 71/1548/295 73/1551/295
f 2302/1552/295 76/1553/295 78/1545/295
f 26/1554/295 80/1555/295 2302/1552/295
f 27/1556/295 26/1554/295 2302/1552/295
f 2302/1552/295 78/1545/295 27/1556/295
f 40/1557/295 63/1558/295 66/1559/295
f 41/1560/295 40/1557/295 66/1559/295
f 2300/625/295 67/1561/295 41/1560/295
f 41/1560/295 66/1559/295 2300/625/295
f 2298/1562/295 57/1563/295 60/1564/295
f 50/1565/295 62/1566/295 2298/1562/295
f 51/1567/295 50/1565/295 2298/1562/295
f 2298/1562/295 60/1564/295 51/1567/295
f 9/610/317 70/1548/317 31/1543/317
f 75/1549/317 9/610/317 12/1550/317
f 72/1551/317 9/610/317 75/1549/317
f 9/610/317 72/1551/317 70/1548/317
f 2303/1552/317 54/1545/317 77/1553/317
f 21/1554/317 2303/1552/317 79/1555/317
f 24/1556/317 2303/1552/317 21/1554/317
f 2303/1552/317 24/1556/317 54/1545/317
f 37/1557/317 65/1559/317 64/1558/317
f 33/1560/317 65/1559/317 37/1557/317
f 2301/625/317 33/1560/317 68/1561/317
f 33/1560/317 2301/625/317 65/1559/317
f 2299/1562/317 59/1564/317 58/1563/317
f 46/1565/317 2299/1562/317 61/1566/317
f 48/1567/317 2299/1562/317 46/1565/317
f 2299/1562/317 48/1567/317 59/1564/317
f 1671/1568/318 33/1560/318 36/1569/318
f 105/1570/318 33/1560/318 1671/1568/318
f 1678/1571/317 36/1569/317 44/1572/317
f 1671/1568/317 36/1569/317 1678/1571/317
f 108/1573/316 44/1572/316 46/1565/316
f 1678/1571/316 44/1572/316 108/1573/316
f 81/1574/321 12/1550/321 18/1575/321
f 64/1558/321 12/1550/321 81/1574/321
f 59/1564/322 20/1576/322 21/1554/322
f 122/1577/322 20/1576/322 59/1564/322
f 122/1577/317 18/1575/317 20/1576/317
f 81/1574/317 18/1575/317 122/1577/317
f 730/1578/317 414/1579/317 734/1580/317
f 411/1581/317 414/1579/317 730/1578/317
f 165/1582/295 127/1583/295 169/1584/295
f 166/1585/295 165/1582/295 169/1584/295
f 233/1586/323 236/1587/323 127/1583/323
f 165/1582/323 233/1586/323 127/1583/323
f 201/1588/295 213/1589/295 132/1590/295
f 131/1591/295 201/1588/295 132/1590/295
f 199/1588/295 211/1589/295 136/1590/295
f 135/1591/295 199/1588/295 136/1590/295
f 197/1588/295 209/1589/295 140/1590/295
f 139/1591/295 197/1588/295 140/1590/295
f 195/1588/295 207/1589/295 144/1590/295
f 143/1591/295 195/1588/295 144/1590/295
f 193/1588/295 205/1589/295 148/1590/295
f 147/1591/295 193/1588/295 148/1590/295
f 202/1588/317 133/1590/317 214/1589/317
f 130/1591/317 133/1590/317 202/1588/317
f 200/1588/317 137/1590/317 212/1589/317
f 134/1591/317 137/1590/317 200/1588/317
f 198/1588/317 141/1590/317 210/1589/317
f 138/1591/317 141/1590/317 198/1588/317
f 196/1588/317 145/1590/317 208/1589/317
f 142/1591/317 145/1590/317 196/1588/317
f 194/1588/317 149/1590/317 206/1589/317
f 146/1591/317 149/1590/317 194/1588/317
f 219/1592/295 3036/1593/295 1736/1594/295
f 216/1595/295 219/1592/295 1736/1594/295
f 220/1596/295 223/1597/295 225/1598/295
f 227/1599/295 220/1596/295 225/1598/295
f 221/1596/317 224/1598/317 222/1597/317
f 226/1599/317 224/1598/317 221/1596/317
f 748/1600/318 250/1601/318 249/1602/318
f 1744/1603/318 250/1601/318 748/1600/318
f 897/1604/318 253/1605/318 1749/1606/318
f 254/1607/318 253/1605/318 897/1604/318
f 3202/1608/317 368/1609/317 410/1610/317
f 3203/1611/317 368/1609/317 3202/1608/317
f 278/1612/295 274/1613/295 277/1614/295
f 280/1615/295 278/1612/295 277/1614/295
f 279/1612/317 276/1614/317 275/1613/317
f 281/1615/317 276/1614/317 279/1612/317
f 286/1613/295 282/1616/295 285/1617/295
f 288/1614/295 286/1613/295 285/1617/295
f 287/1613/317 284/1617/317 283/1616/317
f 289/1614/317 284/1617/317 287/1613/317
f 294/1616/295 290/1618/295 293/1619/295
f 296/1617/295 294/1616/295 293/1619/295
f 295/1616/317 292/1619/317 291/1618/317
f 297/1617/317 292/1619/317 295/1616/317
f 302/1618/295 298/1596/295 301/1599/295
f 304/1619/295 302/1618/295 301/1599/295
f 303/1618/317 300/1599/317 299/1596/317
f 305/1619/317 300/1599/317 303/1618/317
f 310/1620/317 247/1621/317 313/1622/317
f 246/1623/317 247/1621/317 310/1620/317
f 339/1624/324 314/1620/324 336/1625/324
f 348/1626/317 314/1620/317 339/1624/317
f 319/1627/317 348/1626/317 346/1628/317
f 318/1629/317 348/1626/317 319/1627/317
f 2378/1630/317 348/1626/317 318/1629/317
f 314/1620/317 2372/1631/317 315/1632/317
f 2376/1633/317 348/1626/317 2378/1630/317
f 314/1620/317 2374/1634/317 2372/1631/317
f 348/1626/317 2374/1634/317 314/1620/317
f 2374/1634/317 348/1626/317 2376/1633/317
f 326/1635/317 345/1636/317 3204/1637/317
f 325/1627/317 345/1636/317 326/1635/317
f 270/1611/295 3020/1609/295 323/1636/295
f 322/1637/295 270/1611/295 323/1636/295
f 3203/1611/317 345/1636/317 368/1609/317
f 3204/1637/317 345/1636/317 3203/1611/317
f 331/1638/325 411/1581/325 730/1578/325
f 330/1639/325 411/1581/325 331/1638/325
f 2380/1594/317 326/1635/317 3204/1637/317
f 334/1640/317 326/1635/317 2380/1594/317
f 3020/1609/295 3038/1641/295 341/1642/295
f 323/1636/295 3020/1609/295 341/1642/295
f 188/1643/295 3014/1644/295 372/1645/295
f 371/1646/295 188/1643/295 372/1645/295
f 262/1647/295 261/1648/295 3013/1649/295
f 191/1650/295 262/1647/295 3013/1649/295
f 734/1580/326 393/1651/326 392/1652/326
f 414/1579/326 393/1651/326 734/1580/326
f 397/1653/316 1806/1654/316 740/1655/316
f 396/1656/316 1806/1654/316 397/1653/316
f 399/1657/295 402/1658/295 485/1659/295
f 3046/1660/295 399/1657/295 485/1659/295
f 403/1661/295 406/1662/295 3047/1663/295
f 217/1595/295 403/1661/295 3047/1663/295
f 3046/1660/295 485/1659/295 217/1595/295
f 3047/1663/295 3046/1660/295 217/1595/295
f 3052/1664/295 1832/1665/295 1829/1666/295
f 1836/1667/295 1838/1668/295 3053/1669/295
f 714/1670/295 1836/1667/295 3053/1669/295
f 3052/1664/295 1829/1666/295 711/1671/295
f 714/1670/295 3053/1669/295 3052/1664/295
f 711/1671/295 714/1670/295 3052/1664/295
f 1806/1654/317 748/1600/317 740/1655/317
f 1744/1603/317 748/1600/317 1806/1654/317
f 696/1672/295 695/1673/295 2401/1674/295
f 1843/1675/295 696/1672/295 2401/1674/295
f 535/1676/295 457/1677/295 460/1678/295
f 461/1679/295 464/1680/295 533/1681/295
f 3056/1682/295 461/1679/295 533/1681/295
f 535/1676/295 460/1678/295 3057/1683/295
f 3056/1682/295 533/1681/295 535/1676/295
f 3057/1683/295 3056/1682/295 535/1676/295
f 3049/1684/295 469/1685/295 472/1686/295
f 465/1687/295 468/1688/295 3048/1689/295
f 458/1677/295 465/1687/295 3048/1689/295
f 3049/1684/295 472/1686/295 463/1680/295
f 458/1677/295 3048/1689/295 3049/1684/295
f 463/1680/295 458/1677/295 3049/1684/295
f 309/1690/295 474/1691/295 524/1692/295
f 3021/1693/295 309/1690/295 524/1692/295
f 475/1694/295 306/1695/295 3022/1696/295
f 523/1697/295 475/1694/295 3022/1696/295
f 3021/1693/295 524/1692/295 523/1697/295
f 3022/1696/295 3021/1693/295 523/1697/295
f 187/1698/295 478/1699/295 473/1691/295
f 3011/1700/295 187/1698/295 473/1691/295
f 479/1701/295 184/1702/295 3012/1703/295
f 476/1694/295 479/1701/295 3012/1703/295
f 3011/1700/295 473/1691/295 476/1694/295
f 3012/1703/295 3011/1700/295 476/1694/295
f 1850/1704/295 481/1705/295 484/1706/295
f 3059/1707/295 1850/1704/295 484/1706/295
f 408/1708/295 486/1659/295 1854/1709/295
f 3035/1710/295 408/1708/295 1854/1709/295
f 1777/1711/295 1857/1712/295 401/1658/295
f 3017/1713/295 1777/1711/295 401/1658/295
f 1859/1714/295 1774/1715/295 3018/1716/295
f 404/1661/295 1859/1714/295 3018/1716/295
f 3017/1713/295 401/1658/295 404/1661/295
f 3018/1716/295 3017/1713/295 404/1661/295
f 341/1642/295 258/1717/295 257/1647/295
f 369/1646/295 341/1642/295 257/1647/295
f 3013/1649/295 261/1648/295 477/1699/295
f 3039/1718/295 3013/1649/295 477/1699/295
f 372/1645/295 3014/1644/295 3040/1719/295
f 480/1701/295 372/1645/295 3040/1719/295
f 3039/1718/295 477/1699/295 480/1701/295
f 3040/1719/295 3039/1718/295 480/1701/295
f 496/1720/317 540/1721/317 495/1722/317
f 539/1723/317 540/1721/317 496/1720/317
f 2472/1724/317 548/1723/317 547/1725/317
f 543/1726/317 2466/1727/317 544/1728/317
f 565/1729/317 2466/1727/317 543/1726/317
f 563/1730/324 2466/1727/324 565/1729/324
f 559/1731/317 2466/1727/317 563/1730/317
f 548/1723/317 559/1731/317 562/1732/317
f 2472/1724/317 559/1731/317 548/1723/317
f 2470/1733/317 559/1731/317 2472/1724/317
f 559/1731/317 2468/1734/317 2466/1727/317
f 2468/1734/317 559/1731/317 2470/1733/317
f 554/1735/317 568/1736/317 555/1726/317
f 3205/1737/317 568/1736/317 554/1735/317
f 273/1608/295 551/1737/295 550/1736/295
f 3019/1610/295 273/1608/295 550/1736/295
f 3202/1608/317 568/1736/317 3205/1737/317
f 410/1610/317 568/1736/317 3202/1608/317
f 1854/1709/295 556/1737/295 328/1637/295
f 1736/1594/295 1854/1709/295 328/1637/295
f 2476/1709/317 3204/1637/317 3205/1737/317
f 2380/1594/317 3204/1637/317 2476/1709/317
f 2476/1709/317 554/1735/317 557/1738/317
f 3205/1737/317 554/1735/317 2476/1709/317
f 3019/1610/295 550/1736/295 258/1717/295
f 3037/1739/295 3019/1610/295 258/1717/295
f 268/1740/295 3051/1741/295 3063/1742/295
f 466/1687/295 268/1740/295 3063/1742/295
f 3050/1743/295 377/1744/295 471/1686/295
f 3062/1745/295 3050/1743/295 471/1686/295
f 466/1687/295 3063/1742/295 3062/1745/295
f 471/1686/295 466/1687/295 3062/1745/295
f 2492/1746/295 596/1747/295 595/1748/295
f 1892/1749/295 2492/1746/295 595/1748/295
f 2494/1750/295 600/1751/295 599/1752/295
f 1894/1753/295 2494/1750/295 599/1752/295
f 618/1754/295 617/1755/295 1908/1756/295
f 628/1757/295 618/1754/295 1908/1756/295
f 3061/1758/295 264/1759/295 584/1760/295
f 3055/1761/295 3061/1758/295 584/1760/295
f 182/1762/295 152/1763/295 179/1764/295
f 178/1765/295 182/1762/295 179/1764/295
f 152/1763/323 244/1766/323 242/1767/323
f 179/1764/323 152/1763/323 242/1767/323
f 3206/1768/317 638/1769/317 637/1770/317
f 2512/1704/317 638/1769/317 3206/1768/317
f 1911/1771/295 3058/1772/295 639/1773/295
f 642/1774/295 1911/1771/295 639/1773/295
f 656/1768/295 1850/1704/295 1911/1771/295
f 666/1775/295 656/1768/295 1911/1771/295
f 3206/1768/317 2516/1771/317 2512/1704/317
f 3207/1775/317 2516/1771/317 3206/1768/317
f 718/1180/295 643/1776/295 646/1777/295
f 1718/1013/295 718/1180/295 646/1777/295
f 154/1778/295 1718/1013/295 646/1777/295
f 375/1779/295 265/1780/295 264/1759/295
f 363/1781/295 375/1779/295 264/1759/295
f 672/1782/317 3208/1783/317 631/1761/317
f 3209/1784/317 3208/1783/317 672/1782/317
f 584/1760/295 655/1768/295 651/1783/295
f 3055/1761/295 584/1760/295 651/1783/295
f 582/1760/317 3208/1783/317 3206/1768/317
f 631/1761/317 3208/1783/317 582/1760/317
f 356/1785/317 658/1786/317 358/1787/317
f 354/1788/317 658/1786/317 356/1785/317
f 353/1789/317 354/1788/317 350/1790/317
f 313/1622/324 354/1788/324 353/1789/324
f 2529/1791/317 313/1622/317 661/1792/317
f 354/1788/317 2523/1793/317 658/1786/317
f 2529/1791/317 354/1788/317 313/1622/317
f 2527/1794/317 354/1788/317 2529/1791/317
f 354/1788/317 2525/1795/317 2523/1793/317
f 2525/1795/317 354/1788/317 2527/1794/317
f 358/1787/317 3207/1775/317 360/1796/317
f 665/1797/317 3207/1775/317 358/1787/317
f 3054/1782/295 654/1784/295 662/1775/295
f 364/1796/295 3054/1782/295 662/1775/295
f 672/1782/317 3207/1775/317 3209/1784/317
f 360/1796/317 3207/1775/317 672/1782/317
f 722/1798/295 721/1799/295 2534/1800/295
f 1922/1801/295 722/1798/295 2534/1800/295
f 3207/1775/317 667/1802/317 2516/1771/317
f 665/1797/317 667/1802/317 3207/1775/317
f 580/1803/317 3206/1768/317 637/1770/317
f 582/1760/317 3206/1768/317 580/1803/317
f 3060/1804/295 3054/1782/295 364/1796/295
f 363/1781/295 3060/1804/295 364/1796/295
f 2536/1805/317 580/1803/317 675/1806/317
f 540/1721/317 2542/1807/317 676/1808/317
f 571/1809/324 2542/1807/324 540/1721/324
f 574/1810/324 2542/1807/324 571/1809/324
f 576/1811/317 2542/1807/317 574/1810/317
f 580/1803/324 576/1811/324 578/1812/324
f 2536/1805/324 576/1811/324 580/1803/324
f 2538/1813/317 576/1811/317 2536/1805/317
f 576/1811/317 2540/1814/317 2542/1807/317
f 2540/1814/317 576/1811/317 2538/1813/317
f 3050/1743/295 635/1815/295 378/1779/295
f 377/1744/295 3050/1743/295 378/1779/295
f 678/1816/295 592/1817/295 591/1114/295
f 1879/1109/295 589/1818/295 678/1816/295
f 591/1114/295 1879/1109/295 678/1816/295
f 2485/1819/295 683/1820/295 682/1821/295
f 1882/1822/295 2485/1819/295 682/1821/295
f 2488/1823/295 687/1824/295 686/1825/295
f 1885/1826/295 2488/1823/295 686/1825/295
f 2491/1827/295 691/1828/295 690/1829/295
f 1888/1830/295 2491/1827/295 690/1829/295
f 268/1740/295 267/1780/295 632/1831/295
f 3051/1741/295 268/1740/295 632/1831/295
f 707/1832/295 706/1833/295 2548/1834/295
f 1933/1835/295 707/1832/295 2548/1834/295
f 3064/1836/295 709/1837/295 712/1671/295
f 713/1670/295 716/1838/295 3065/1839/295
f 482/1705/295 713/1670/295 3065/1839/295
f 3064/1836/295 712/1671/295 641/1774/295
f 482/1705/295 3065/1839/295 3064/1836/295
f 641/1774/295 482/1705/295 3064/1836/295
f 649/1840/295 648/1841/295 2552/1842/295
f 1938/1843/295 649/1840/295 2552/1842/295
f 700/5/295 699/1844/295 2520/1845/295
f 1917/1846/295 700/5/295 2520/1845/295
f 517/1847/295 516/1848/295 702/1849/295
f 1936/1850/295 517/1847/295 702/1849/295
f 1945/1191/318 726/1851/318 725/1190/318
f 780/1852/318 726/1851/318 1945/1191/318
f 442/1853/317 1945/1191/317 1952/1101/317
f 780/1852/317 1945/1191/317 442/1853/317
f 728/1100/316 442/1853/316 1952/1101/316
f 436/1854/316 442/1853/316 728/1100/316
f 739/1855/295 1969/1856/295 420/1857/295
f 419/1858/295 739/1855/295 420/1857/295
f 738/1855/319 418/1857/319 1966/1856/319
f 415/1858/319 418/1857/319 738/1855/319
f 1974/1859/295 752/1860/295 385/1861/295
f 384/1862/295 1974/1859/295 385/1861/295
f 1973/1859/320 382/1861/320 753/1860/320
f 379/1862/320 382/1861/320 1973/1859/320
f 1974/1859/295 384/1862/295 420/1857/295
f 1969/1856/295 1974/1859/295 420/1857/295
f 1973/1859/317 418/1857/317 379/1862/317
f 1966/1856/317 418/1857/317 1973/1859/317
f 430/1651/295 765/1863/295 2554/1864/295
f 431/1865/295 430/1651/295 2554/1864/295
f 760/1866/295 751/1602/295 431/1865/295
f 2554/1864/295 760/1866/295 431/1865/295
f 388/1861/295 763/1867/295 2558/1868/295
f 389/1869/295 388/1861/295 2558/1868/295
f 766/1870/295 737/1652/295 389/1869/295
f 2558/1868/295 766/1870/295 389/1869/295
f 770/1639/295 746/1871/295 745/1653/295
f 768/1872/295 770/1639/295 745/1653/295
f 2556/1873/295 768/1872/295 745/1653/295
f 745/1653/295 755/1874/295 2556/1873/295
f 426/1858/295 425/1875/295 733/1638/295
f 758/1876/295 756/1877/295 426/1858/295
f 733/1638/295 772/1878/295 758/1876/295
f 426/1858/295 733/1638/295 758/1876/295
f 393/1651/317 2555/1864/317 764/1863/317
f 429/1865/317 2555/1864/317 393/1651/317
f 761/1866/317 429/1865/317 249/1602/317
f 2555/1864/317 429/1865/317 761/1866/317
f 382/1861/317 2559/1868/317 762/1867/317
f 387/1869/317 2559/1868/317 382/1861/317
f 767/1870/317 387/1869/317 392/1652/317
f 2559/1868/317 387/1869/317 767/1870/317
f 330/1639/317 397/1653/317 744/1871/317
f 769/1872/317 397/1653/317 330/1639/317
f 2557/1873/317 397/1653/317 769/1872/317
f 397/1653/317 2557/1873/317 754/1874/317
f 415/1858/317 331/1638/317 422/1875/317
f 759/1876/317 415/1858/317 757/1877/317
f 331/1638/317 759/1876/317 771/1878/317
f 415/1858/317 759/1876/317 331/1638/317
f 2569/1879/295 1997/1880/295 794/1881/295
f 793/1882/295 2569/1879/295 794/1881/295
f 2571/1883/295 1999/1884/295 798/1885/295
f 797/1886/295 2571/1883/295 798/1885/295
f 801/1887/295 2001/1888/295 626/1889/295
f 625/1890/295 801/1887/295 626/1889/295
f 784/1891/295 1987/1892/295 790/1893/295
f 804/1894/295 784/1891/295 790/1893/295
f 790/1893/295 789/1895/295 804/1894/295
f 2560/1896/295 1990/1897/295 807/1898/295
f 806/1899/295 2560/1896/295 807/1898/295
f 2562/1900/295 1993/1901/295 811/1902/295
f 810/1903/295 2562/1900/295 811/1902/295
f 2565/1904/295 1996/1905/295 815/1906/295
f 814/1907/295 2565/1904/295 815/1906/295
f 827/1908/299 2023/1909/299 2585/1910/299
f 828/1911/295 827/1908/295 2585/1910/295
f 831/1912/295 2025/1913/295 2587/1914/295
f 832/1915/295 831/1912/295 2587/1914/295
f 520/1916/295 2027/1917/295 834/1918/295
f 521/1919/295 520/1916/295 834/1918/295
f 823/1920/295 2010/1921/295 821/1922/295
f 836/1923/295 824/1924/295 823/1920/295
f 823/1920/295 821/1922/295 836/1923/295
f 840/1925/295 2013/1926/295 2578/1927/295
f 841/1928/295 840/1925/295 2578/1927/295
f 844/1929/295 2016/1930/295 2581/1931/295
f 845/1932/299 844/1929/299 2581/1931/299
f 848/1933/295 2019/1934/295 2584/1935/295
f 849/1936/295 848/1933/295 2584/1935/295
f 1338/1937/295 854/1938/295 853/1939/295
f 1332/1940/295 1338/1937/295 853/1939/295
f 900/1941/318 871/1942/318 870/1943/318
f 2038/1944/318 871/1942/318 900/1941/318
f 875/1945/316 2043/1946/316 903/1947/316
f 874/1948/316 2043/1946/316 875/1945/316
f 877/1607/295 880/1949/295 881/1950/295
f 884/1943/295 877/1607/295 881/1950/295
f 889/1951/295 892/1952/295 885/1945/295
f 888/1953/295 889/1951/295 885/1945/295
f 903/1947/317 2038/1944/317 900/1941/317
f 2043/1946/317 2038/1944/317 903/1947/317
f 895/1954/316 902/1955/316 2049/1956/316
f 894/1952/316 902/1955/316 895/1954/316
f 912/1957/327 1332/1940/327 853/1939/327
f 913/1958/327 912/1957/327 853/1939/327
f 908/1957/317 2055/1939/317 2054/1940/317
f 910/1958/317 2055/1939/317 908/1957/317
f 922/1959/316 2060/1960/316 923/1961/316
f 997/1962/316 2060/1960/316 922/1959/316
f 997/1962/317 2066/1963/317 2060/1960/317
f 989/1964/317 2066/1963/317 997/1962/317
f 989/1964/318 926/1965/318 2066/1963/318
f 927/1966/318 926/1965/318 989/1964/318
f 97/1967/318 929/1968/318 101/1969/318
f 2091/1970/318 929/1968/318 97/1967/318
f 93/1971/317 2091/1970/317 97/1967/317
f 2097/1972/317 2091/1970/317 93/1971/317
f 88/1973/316 2097/1972/316 93/1971/316
f 932/1974/316 2097/1972/316 88/1973/316
f 783/1975/318 933/1976/318 776/1977/318
f 2124/1978/318 933/1976/318 783/1975/318
f 433/1979/316 2129/1980/316 443/1981/316
f 936/1982/316 2129/1980/316 433/1979/316
f 443/1981/317 2124/1978/317 783/1975/317
f 2129/1980/317 2124/1978/317 443/1981/317
f 2137/1983/318 939/1984/318 938/1985/318
f 987/1986/318 939/1984/318 2137/1983/318
f 1115/1987/317 2137/1983/317 2144/1988/317
f 987/1986/317 2137/1983/317 1115/1987/317
f 943/1989/316 1115/1987/316 2144/1988/316
f 942/1990/316 1115/1987/316 943/1989/316
f 102/1539/295 946/1991/295 947/1992/295
f 103/1969/295 102/1539/295 947/1992/295
f 7/1539/317 948/1992/317 945/1991/317
f 101/1969/317 948/1992/317 7/1539/317
f 951/1993/295 92/1536/295 91/1973/295
f 950/1994/295 951/1993/295 91/1973/295
f 952/1993/317 88/1973/317 2/1536/317
f 949/1994/317 88/1973/317 952/1993/317
f 955/1995/295 439/1854/295 438/1979/295
f 954/1996/295 955/1995/295 438/1979/295
f 956/1995/317 433/1979/317 436/1854/317
f 953/1996/317 433/1979/317 956/1995/317
f 777/1851/295 960/1997/295 957/1998/295
f 778/1977/295 777/1851/295 957/1998/295
f 726/1851/317 958/1998/317 959/1997/317
f 776/1977/317 958/1998/317 726/1851/317
f 984/1984/295 1036/1999/295 2602/2000/295
f 985/1306/295 984/1984/295 2602/2000/295
f 1023/2001/295 1026/2002/295 985/1306/295
f 2602/2000/295 1023/2001/295 985/1306/295
f 1091/2003/295 1027/2004/295 1030/2005/295
f 1037/2006/295 1040/2007/295 1091/2003/295
f 2604/2008/295 1037/2006/295 1091/2003/295
f 1091/2003/295 1030/2005/295 2604/2008/295
f 2607/2009/295 1041/2010/295 1043/1990/295
f 1012/2011/295 1034/2012/295 2607/2009/295
f 1013/2013/295 1012/2011/295 2607/2009/295
f 1043/1990/295 1013/2013/295 2607/2009/295
f 1032/2014/295 1015/2015/295 1018/2016/295
f 1019/2017/295 1022/2018/295 1032/2014/295
f 1103/2019/295 1019/2017/295 1032/2014/295
f 1018/2016/295 1103/2019/295 1032/2014/295
f 939/1984/317 2603/2000/317 1035/1999/317
f 983/1306/317 2603/2000/317 939/1984/317
f 1024/2001/317 983/1306/317 1025/2002/317
f 2603/2000/317 983/1306/317 1024/2001/317
f 1087/2003/317 1029/2005/317 1028/2004/317
f 1038/2006/317 1087/2003/317 1039/2007/317
f 2605/2008/317 1087/2003/317 1038/2006/317
f 1087/2003/317 2605/2008/317 1029/2005/317
f 2606/2009/317 942/1990/317 1042/2010/317
f 1008/2011/317 2606/2009/317 1033/2012/317
f 1010/2013/317 2606/2009/317 1008/2011/317
f 942/1990/317 2606/2009/317 1010/2013/317
f 1031/2014/317 1017/2016/317 1016/2015/317
f 1020/2017/317 1031/2014/317 1021/2018/317
f 1101/2019/317 1031/2014/317 1020/2017/317
f 1017/2016/317 1031/2014/317 1101/2019/317
f 978/2020/295 1054/2021/295 1057/2022/295
f 1062/2023/295 979/2024/295 978/2020/295
f 2612/2025/295 1062/2023/295 978/2020/295
f 978/2020/295 1057/2022/295 2612/2025/295
f 1050/2026/295 1046/2027/295 1049/2028/295
f 968/2029/295 1069/2030/295 1050/2026/295
f 969/2031/295 968/2029/295 1050/2026/295
f 1049/2028/295 969/2031/295 1050/2026/295
f 994/1966/295 1045/2032/295 2610/2033/295
f 995/2034/295 994/1966/295 2610/2033/295
f 1067/2035/295 995/2034/295 2610/2033/295
f 1064/2036/295 1067/2035/295 2610/2033/295
f 1052/2037/295 1004/1959/295 1003/1289/295
f 2608/2038/295 1052/2037/295 1003/1289/295
f 1058/2039/295 1061/2040/295 2608/2038/295
f 1003/1289/295 1058/2039/295 2608/2038/295
f 973/2020/317 1056/2022/317 1055/2021/317
f 1063/2023/317 973/2020/317 976/2024/317
f 2613/2025/317 973/2020/317 1063/2023/317
f 973/2020/317 2613/2025/317 1056/2022/317
f 1051/2026/317 1048/2028/317 1047/2027/317
f 964/2029/317 1051/2026/317 1068/2030/317
f 966/2031/317 1051/2026/317 964/2029/317
f 1048/2028/317 1051/2026/317 966/2031/317
f 927/1966/317 2611/2033/317 1044/2032/317
f 993/2034/317 2611/2033/317 927/1966/317
f 1066/2035/317 2611/2033/317 993/2034/317
f 1065/2036/317 2611/2033/317 1066/2035/317
f 1053/2037/317 1000/1289/317 922/1959/317
f 2609/2038/317 1000/1289/317 1053/2037/317
f 1059/2039/317 2609/2038/317 1060/2040/317
f 1000/1289/317 2609/2038/317 1059/2039/317
f 1073/2041/326 964/2029/326 1066/2035/326
f 961/2042/326 964/2029/326 1073/2041/326
f 1059/2039/325 971/2043/325 1084/2044/325
f 976/2024/325 971/2043/325 1059/2039/325
f 1084/2044/317 961/2042/317 1073/2041/317
f 971/2043/317 961/2042/317 1084/2044/317
f 1110/2045/317 1097/2046/317 1005/2047/317
f 1112/2048/317 1097/2046/317 1110/2045/317
f 1017/2016/322 1005/2047/322 1008/2011/322
f 1110/2045/322 1005/2047/322 1017/2016/322
f 1112/2048/321 1025/2002/321 1097/2046/321
f 1028/2004/321 1025/2002/321 1112/2048/321
f 1119/2049/320 2176/2050/320 1120/2051/320
f 1154/2052/320 2176/2050/320 1119/2049/320
f 1157/2053/319 1123/2054/319 2181/2055/319
f 1124/2056/319 1123/2054/319 1157/2053/319
f 1154/2052/317 2181/2055/317 2176/2050/317
f 1157/2053/317 2181/2055/317 1154/2052/317
f 1127/2057/320 1105/2058/320 1020/2017/320
f 2189/1303/320 1105/2058/320 1127/2057/320
f 2192/2059/317 1105/2058/317 2189/1303/317
f 1094/2060/317 1105/2058/317 2192/2059/317
f 2192/2059/319 1039/2007/319 1094/2060/319
f 1128/2061/319 1039/2007/319 2192/2059/319
f 1048/2028/320 2227/1291/320 1130/2062/320
f 1077/2063/320 2227/1291/320 1048/2028/320
f 1055/2021/319 2231/2064/319 1079/2065/319
f 1133/2066/319 2231/2064/319 1055/2021/319
f 1077/2063/317 2231/2064/317 2227/1291/317
f 1079/2065/317 2231/2064/317 1077/2063/317
f 1135/2067/320 1270/2068/320 1136/2069/320
f 2239/2070/320 1270/2068/320 1135/2067/320
f 2244/2071/317 1270/2068/317 2239/2070/317
f 1274/2072/317 1270/2068/317 2244/2071/317
f 2244/2071/319 1139/2073/319 1274/2072/319
f 1140/2074/319 1139/2073/319 2244/2071/319
f 1144/2075/316 1287/2076/316 2257/2077/316
f 1143/2078/316 1287/2076/316 1144/2075/316
f 2260/2079/318 1148/2080/318 1147/2081/318
f 1201/2082/318 1148/2080/318 2260/2079/318
f 1287/2076/317 2260/2079/317 2257/2077/317
f 1201/2082/317 2260/2079/317 1287/2076/317
f 1161/2083/317 1194/2084/317 1258/2085/317
f 1203/2086/317 1194/2084/317 1161/2083/317
f 1233/2087/319 1169/2088/319 1150/2089/319
f 1170/2090/319 1169/2088/319 1233/2087/319
f 1243/2091/317 1150/2089/317 1153/1085/317
f 1233/2087/317 1150/2089/317 1243/2091/317
f 1203/2086/321 1189/2092/321 1194/2084/321
f 1190/2093/321 1189/2092/321 1203/2086/321
f 1189/2092/325 1181/2094/325 1285/2095/325
f 1178/2096/325 1181/2094/325 1189/2092/325
f 1242/2097/320 1153/1085/320 1236/2098/320
f 1243/2091/320 1153/1085/320 1242/2097/320
f 1285/2095/317 1229/2099/317 1282/2100/317
f 1181/2094/317 1229/2099/317 1285/2095/317
f 1282/2100/326 1221/2101/326 1248/2102/326
f 1229/2099/326 1221/2101/326 1282/2100/326
f 1158/2103/322 1258/2085/322 1250/2104/322
f 1161/2083/322 1258/2085/322 1158/2103/322
f 1261/2105/320 1176/2106/320 1172/2107/320
f 1266/1089/320 1176/2106/320 1261/2105/320
f 1266/1089/317 1218/2108/317 1176/2106/317
f 1273/2109/317 1218/2108/317 1266/1089/317
f 1273/2109/319 1215/2110/319 1218/2108/319
f 1262/2111/319 1215/2110/319 1273/2109/319
f 1292/2112/295 1293/2113/295 1240/2049/295
f 1239/2098/295 1292/2112/295 1240/2049/295
f 1214/2088/295 1213/2056/295 1326/2114/295
f 1323/2115/295 1214/2088/295 1326/2114/295
f 2662/2116/295 1297/2117/295 1246/2097/295
f 1226/2101/295 1296/2118/295 2662/2116/295
f 1227/2119/295 1226/2101/295 2662/2116/295
f 1246/2097/295 1227/2119/295 2662/2116/295
f 1185/2120/295 1232/2090/295 1322/2121/295
f 1329/2122/295 1186/2096/295 1185/2120/295
f 2671/2123/295 1329/2122/295 1185/2120/295
f 1185/2120/295 1322/2121/295 2671/2123/295
f 1198/2080/295 1302/2124/295 2664/2125/295
f 1199/2126/295 1198/2080/295 2664/2125/295
f 1284/2102/295 1199/2126/295 2664/2125/295
f 1299/2127/295 1284/2102/295 2664/2125/295
f 1209/2128/295 1208/2093/295 1320/2129/295
f 1327/2130/295 1219/2110/295 1209/2128/295
f 2673/2131/295 1327/2130/295 1209/2128/295
f 1209/2128/295 1320/2129/295 2673/2131/295
f 1309/2132/295 1290/2078/295 1256/2133/295
f 2668/2134/295 1309/2132/295 1256/2133/295
f 1255/2104/295 1308/2135/295 2668/2134/295
f 1256/2133/295 1255/2104/295 2668/2134/295
f 2666/2136/295 1303/2137/295 1166/2103/295
f 1175/2107/295 1306/2138/295 2666/2136/295
f 1165/2139/295 1175/2107/295 2666/2136/295
f 1166/2103/295 1165/2139/295 2666/2136/295
f 1314/2140/295 1311/2141/295 1269/2105/295
f 1268/2069/295 1314/2140/295 1269/2105/295
f 1279/2073/295 1278/2111/295 1316/2142/295
f 1317/2143/295 1279/2073/295 1316/2142/295
f 1291/2112/317 1119/2049/317 1294/2113/317
f 1236/2098/317 1119/2049/317 1291/2112/317
f 1169/2088/317 1325/2114/317 1124/2056/317
f 1324/2115/317 1325/2114/317 1169/2088/317
f 2663/2116/317 1242/2097/317 1298/2117/317
f 1221/2101/317 2663/2116/317 1295/2118/317
f 1224/2119/317 2663/2116/317 1221/2101/317
f 1242/2097/317 2663/2116/317 1224/2119/317
f 1182/2120/317 1321/2121/317 1170/2090/317
f 1330/2122/317 1182/2120/317 1178/2096/317
f 2670/2123/317 1182/2120/317 1330/2122/317
f 1182/2120/317 2670/2123/317 1321/2121/317
f 1148/2080/317 2665/2125/317 1301/2124/317
f 1197/2126/317 2665/2125/317 1148/2080/317
f 1248/2102/317 2665/2125/317 1197/2126/317
f 1300/2127/317 2665/2125/317 1248/2102/317
f 1207/2128/317 1319/2129/317 1190/2093/317
f 1328/2130/317 1207/2128/317 1215/2110/317
f 2672/2131/317 1207/2128/317 1328/2130/317
f 1207/2128/317 2672/2131/317 1319/2129/317
f 1310/2132/317 1254/2133/317 1143/2078/317
f 2669/2134/317 1254/2133/317 1310/2132/317
f 1250/2104/317 2669/2134/317 1307/2135/317
f 1254/2133/317 2669/2134/317 1250/2104/317
f 2667/2136/317 1158/2103/317 1304/2137/317
f 1172/2107/317 2667/2136/317 1305/2138/317
f 1162/2139/317 2667/2136/317 1172/2107/317
f 1158/2103/317 2667/2136/317 1162/2139/317
f 1313/2140/317 1261/2105/317 1312/2141/317
f 1136/2069/317 1261/2105/317 1313/2140/317
f 1139/2073/317 1315/2142/317 1262/2111/317
f 1318/2143/317 1315/2142/317 1139/2073/317
f 2049/1956/317 908/1957/317 2054/1940/317
f 902/1955/317 908/1957/317 2049/1956/317
f 2267/2144/317 897/1604/317 1749/1606/317
f 905/2145/317 897/1604/317 2267/2144/317
f 858/2146/327 868/2144/327 919/2145/327
f 918/2147/327 858/2146/327 919/2145/327
f 2269/2146/317 905/2145/317 2267/2144/317
f 916/2147/317 905/2145/317 2269/2146/317
f 857/2148/295 864/2149/295 868/2144/295
f 858/2146/295 857/2148/295 868/2144/295
f 3210/2150/317 916/2147/317 3211/2151/317
f 910/1958/317 916/2147/317 3210/2150/317
f 3212/2152/317 3211/2151/317 3213/2153/317
f 3210/2150/317 3211/2151/317 3212/2152/317
f 1379/2152/295 1369/2153/295 1348/2151/295
f 1347/2150/295 1379/2152/295 1348/2151/295
f 1377/2152/295 1367/2153/295 1352/2151/295
f 1351/2150/295 1377/2152/295 1352/2151/295
f 1375/2152/295 1365/2153/295 1356/2151/295
f 1355/2150/295 1375/2152/295 1356/2151/295
f 1373/2152/295 1363/2153/295 1360/2151/295
f 1359/2150/295 1373/2152/295 1360/2151/295
f 1380/2152/317 1349/2151/317 1370/2153/317
f 1346/2150/317 1349/2151/317 1380/2152/317
f 1378/2152/317 1353/2151/317 1368/2153/317
f 1350/2150/317 1353/2151/317 1378/2152/317
f 1376/2152/317 1357/2151/317 1366/2153/317
f 1354/2150/317 1357/2151/317 1376/2152/317
f 1374/2152/317 1361/2151/317 1364/2153/317
f 1358/2150/317 1361/2151/317 1374/2152/317
f 2055/1939/317 3213/2153/317 2269/2146/317
f 3212/2152/317 3213/2153/317 2055/1939/317
f 1412/2154/295 3214/2155/295 2744/2156/295
f 1414/2157/295 1412/2154/295 2744/2156/295
f 2746/2158/295 3214/2155/295 1410/2159/295
f 2743/2160/295 2746/2158/295 1410/2159/295
f 1414/2157/295 2744/2156/295 2740/2161/295
f 1409/2162/295 1414/2157/295 2740/2161/295
f 2743/2160/295 1410/2159/295 1409/2162/295
f 2740/2161/295 2743/2160/295 1409/2162/295
f 1463/2163/295 3215/2164/295 2752/2165/295
f 1437/2166/295 1463/2163/295 2752/2165/295
f 3215/2164/295 1463/2163/295 1464/2167/295
f 2754/2168/295 3215/2164/295 1464/2167/295
f 1437/2166/295 2752/2165/295 2748/2169/295
f 2754/2168/295 1464/2167/295 1442/2170/295
f 2756/2171/295 2754/2168/295 1442/2170/295
f 1437/2166/295 2748/2169/295 2751/2172/295
f 1438/2173/295 1437/2166/295 2751/2172/295
f 2756/2171/295 1442/2170/295 1440/2174/295
f 2758/2175/295 2756/2171/295 1440/2174/295
f 1438/2173/295 2751/2172/295 2758/2175/295
f 1440/2174/295 1438/2173/295 2758/2175/295
f 1472/2176/299 3216/2177/299 2764/2178/299
f 1467/2179/295 1472/2176/295 2764/2178/295
f 3216/2177/295 1472/2176/295 1470/2180/295
f 2766/2181/295 3216/2177/295 1470/2180/295
f 1467/2179/299 2764/2178/299 2760/2182/299
f 2766/2181/295 1470/2180/295 1468/2183/295
f 2763/2184/295 2766/2181/295 1468/2183/295
f 1467/2179/295 2760/2182/295 2763/2184/295
f 1468/2183/295 1467/2179/295 2763/2184/295
f 1549/2185/295 3217/2186/295 2771/2187/295
f 1543/2188/295 1549/2185/295 2771/2187/295
f 1529/2189/299 1531/2190/299 1543/2188/299
f 1527/2191/295 1529/2189/295 1543/2188/295
f 1506/2192/295 1504/2193/295 1503/2194/295
f 1508/2195/295 1506/2192/295 1503/2194/295
f 1515/2196/295 1512/2197/295 1511/2198/295
f 1516/2199/295 1515/2196/295 1511/2198/295
f 1522/2200/295 1521/2201/295 1518/2202/295
f 1532/2203/295 1522/2200/295 1518/2202/295
f 2768/2204/295 3217/2186/295 1532/2203/295
f 2772/2205/299 2768/2204/299 1532/2203/299
f 1543/2188/295 2771/2187/295 2802/2206/295
f 2774/2207/295 2772/2205/295 1532/2203/295
f 1543/2188/295 2802/2206/295 2800/2208/295
f 2774/2207/295 1532/2203/295 1518/2202/295
f 2776/2209/295 2774/2207/295 1518/2202/295
f 1527/2191/299 1543/2188/299 2800/2208/299
f 2778/2210/295 2776/2209/295 1518/2202/295
f 1527/2191/295 2800/2208/295 2798/2211/295
f 1525/2212/295 1527/2191/295 2798/2211/295
f 2778/2210/295 1518/2202/295 1516/2199/295
f 2780/2213/295 2778/2210/295 1516/2199/295
f 1525/2212/295 2798/2211/295 2796/2214/295
f 2782/2215/295 2780/2213/295 1516/2199/295
f 1525/2212/295 2796/2214/295 2794/2216/295
f 1503/2194/295 1525/2212/295 2794/2216/295
f 2782/2215/295 1516/2199/295 1511/2198/295
f 2784/2217/299 2782/2215/299 1511/2198/299
f 1503/2194/295 2794/2216/295 2792/2218/295
f 2786/2219/299 2784/2217/299 1511/2198/299
f 1503/2194/299 2792/2218/299 2790/2220/299
f 1508/2195/295 1503/2194/295 2790/2220/295
f 2786/2219/295 1511/2198/295 1508/2195/295
f 2788/2221/295 2786/2219/295 1508/2195/295
f 1508/2195/299 2790/2220/299 2788/2221/299
f 1458/2222/295 2804/2223/295 2807/2224/295
f 1460/2225/299 1458/2222/299 2807/2224/299
f 2804/2223/295 1458/2222/295 1456/2226/295
f 2808/2227/295 2804/2223/295 1456/2226/295
f 1460/2225/299 2807/2224/299 2820/2228/299
f 1445/2229/299 1460/2225/299 2820/2228/299
f 2808/2227/295 1456/2226/295 1454/2230/295
f 2810/2231/295 2808/2227/295 1454/2230/295
f 1445/2229/299 2820/2228/299 2818/2232/299
f 1446/2233/299 1445/2229/299 2818/2232/299
f 2810/2231/295 1454/2230/295 1452/2234/295
f 2812/2235/295 2810/2231/295 1452/2234/295
f 1446/2233/299 2818/2232/299 2816/2236/299
f 1448/2237/299 1446/2233/299 2816/2236/299
f 2812/2235/295 1452/2234/295 1450/2238/295
f 2814/2239/295 2812/2235/295 1450/2238/295
f 1448/2237/295 2816/2236/295 2814/2239/295
f 1450/2238/299 1448/2237/299 2814/2239/299
f 1484/2240/295 3218/2241/295 2828/2242/295
f 1486/2243/295 1484/2240/295 2828/2242/295
f 2830/2244/295 3218/2241/295 1483/2245/295
f 2832/2246/295 2830/2244/295 1483/2245/295
f 1486/2243/295 2828/2242/295 2826/2247/295
f 1488/2248/295 1486/2243/295 2826/2247/295
f 2832/2246/295 1483/2245/295 1492/2249/295
f 2825/2250/295 2832/2246/295 1492/2249/295
f 1488/2248/295 2826/2247/295 2822/2251/295
f 1490/2252/295 1488/2248/295 2822/2251/295
f 2825/2250/295 1492/2249/295 1490/2252/295
f 2822/2251/295 2825/2250/295 1490/2252/295
f 1580/2253/295 3219/2254/295 2840/2255/295
f 1579/2256/295 1580/2253/295 2840/2255/295
f 3219/2254/295 1580/2253/295 1576/2257/295
f 2842/2258/295 3219/2254/295 1576/2257/295
f 2844/2259/295 2842/2258/295 1576/2257/295
f 1579/2256/295 2840/2255/295 2838/2260/295
f 1575/2261/295 1579/2256/295 2838/2260/295
f 2844/2259/295 1576/2257/295 1572/2262/295
f 2837/2263/295 2844/2259/295 1572/2262/295
f 1575/2261/295 2838/2260/295 2834/2264/295
f 1571/2265/295 1575/2261/295 2834/2264/295
f 2837/2263/295 1572/2262/295 1571/2265/295
f 2834/2264/295 2837/2263/295 1571/2265/295
f 1584/2266/295 3220/2267/295 2850/2268/295
f 1592/2269/295 1584/2266/295 2850/2268/295
f 3220/2267/295 1584/2266/295 1583/2270/295
f 2852/2271/295 3220/2267/295 1583/2270/295
f 2854/2272/295 2852/2271/295 1583/2270/295
f 1592/2269/295 2850/2268/295 2846/2273/295
f 1591/2274/295 1592/2269/295 2846/2273/295
f 2854/2272/295 1583/2270/295 1587/2275/295
f 2856/2276/295 2854/2272/295 1587/2275/295
f 1591/2274/295 2846/2273/295 2849/2277/295
f 1589/2278/295 1591/2274/295 2849/2277/295
f 2856/2276/295 1587/2275/295 1589/2278/295
f 2849/2277/295 2856/2276/295 1589/2278/295
f 1569/2279/295 3221/2280/295 2858/2281/295
f 1563/2282/295 1569/2279/295 2858/2281/295
f 2862/2283/295 3221/2280/295 1566/2284/295
f 2864/2285/295 2862/2283/295 1566/2284/295
f 1563/2282/295 2858/2281/295 2861/2286/295
f 1564/2287/295 1563/2282/295 2861/2286/295
f 2864/2285/295 1566/2284/295 1564/2287/295
f 2861/2286/295 2864/2285/295 1564/2287/295
f 1425/2288/295 2866/2289/295 2869/2290/295
f 1426/2291/295 1425/2288/295 2869/2290/295
f 2866/2289/295 1425/2288/295 1434/2292/295
f 2870/2293/295 2866/2289/295 1434/2292/295
f 1426/2291/295 2869/2290/295 2876/2294/295
f 1428/2295/295 1426/2291/295 2876/2294/295
f 2870/2293/295 1434/2292/295 1432/2296/295
f 2872/2297/295 2870/2293/295 1432/2296/295
f 1428/2295/295 2876/2294/295 2874/2298/295
f 1430/2299/295 1428/2295/295 2874/2298/295
f 2872/2297/295 1432/2296/295 1430/2299/295
f 2874/2298/295 2872/2297/295 1430/2299/295
f 1496/2300/295 3222/2301/295 2882/2302/295
f 1498/2303/295 1496/2300/295 2882/2302/295
f 2884/2304/295 3222/2301/295 1495/2305/295
f 2881/2306/295 2884/2304/295 1495/2305/295
f 1498/2303/295 2882/2302/295 2878/2307/295
f 1500/2308/295 1498/2303/295 2878/2307/295
f 2881/2306/295 1495/2305/295 1500/2308/295
f 2878/2307/295 2881/2306/295 1500/2308/295
f 1404/2309/295 3223/2310/295 2892/2311/295
f 1407/2312/295 1404/2309/295 2892/2311/295
f 2894/2313/295 3223/2310/295 1398/2314/295
f 2896/2315/295 2894/2313/295 1398/2314/295
f 1407/2312/295 2892/2311/295 2890/2316/295
f 1397/2317/295 1407/2312/295 2890/2316/295
f 2896/2315/295 1398/2314/295 1394/2318/295
f 2889/2319/295 2896/2315/295 1394/2318/295
f 1397/2317/295 2890/2316/295 2886/2320/295
f 1393/2321/295 1397/2317/295 2886/2320/295
f 2889/2319/295 1394/2318/295 1393/2321/295
f 2886/2320/295 2889/2319/295 1393/2321/295
f 1422/2322/295 3224/2323/295 2901/2324/295
f 1417/2325/295 1422/2322/295 2901/2324/295
f 2898/2326/295 3224/2323/295 1420/2327/295
f 2902/2328/295 2898/2326/295 1420/2327/295
f 1417/2325/295 2901/2324/295 2904/2329/295
f 1418/2330/295 1417/2325/295 2904/2329/295
f 2902/2328/295 1420/2327/295 1418/2330/295
f 2904/2329/295 2902/2328/295 1418/2330/295
f 1561/2331/295 3225/2332/295 2916/2333/295
f 1551/2334/295 1561/2331/295 2916/2333/295
f 2909/2335/295 3225/2332/295 1558/2336/295
f 2906/2337/295 2909/2335/295 1558/2336/295
f 1551/2334/295 2916/2333/295 2914/2338/295
f 1552/2339/295 1551/2334/295 2914/2338/295
f 2906/2337/295 1558/2336/295 1556/2340/295
f 2910/2341/295 2906/2337/295 1556/2340/295
f 1552/2339/295 2914/2338/295 2912/2342/295
f 1554/2343/295 1552/2339/295 2912/2342/295
f 2910/2341/295 1556/2340/295 1554/2343/295
f 2912/2342/295 2910/2341/295 1554/2343/295
f 1547/2344/295 3226/2345/295 2921/2346/295
f 1541/2347/295 1547/2344/295 2921/2346/295
f 3226/2345/295 1547/2344/295 1544/2348/295
f 2918/2349/295 3226/2345/295 1544/2348/295
f 1541/2347/295 2921/2346/295 2928/2350/295
f 2918/2349/295 1544/2348/295 1538/2351/295
f 2922/2352/299 2918/2349/299 1538/2351/299
f 1541/2347/295 2928/2350/295 2926/2353/295
f 1535/2354/295 1541/2347/295 2926/2353/295
f 2922/2352/295 1538/2351/295 1536/2355/295
f 2924/2356/295 2922/2352/295 1536/2355/295
f 1535/2354/295 2926/2353/295 2924/2356/295
f 1536/2355/295 1535/2354/295 2924/2356/295
f 1386/2357/295 3227/2358/295 2930/2359/295
f 1389/2360/295 1386/2357/295 2930/2359/295
f 3227/2358/295 1386/2357/295 1385/2361/295
f 2934/2362/295 3227/2358/295 1385/2361/295
f 2936/2363/295 2934/2362/295 1385/2361/295
f 1389/2360/295 2930/2359/295 2933/2364/295
f 1390/2365/295 1389/2360/295 2933/2364/295
f 2936/2363/295 1385/2361/295 1401/2366/295
f 2938/2367/295 2936/2363/295 1401/2366/295
f 1390/2365/295 2933/2364/295 2940/2368/295
f 1403/2369/295 1390/2365/295 2940/2368/295
f 2938/2367/295 1401/2366/295 1403/2369/295
f 2940/2368/295 2938/2367/295 1403/2369/295
f 1478/2370/295 3228/2371/295 2946/2372/295
f 1481/2373/295 1478/2370/295 2946/2372/295
f 2948/2374/295 3228/2371/295 1476/2375/295
f 2945/2376/295 2948/2374/295 1476/2375/295
f 1481/2373/295 2946/2372/295 2942/2377/295
f 1475/2378/295 1481/2373/295 2942/2377/295
f 2945/2376/295 1476/2375/295 1475/2378/295
f 2942/2377/295 2945/2376/295 1475/2378/295
usemtl STONE
f 1610/2379/317 1598/919/317 1679/1570/317
f 1596/2380/317 1598/919/317 1610/2379/317
f 1600/2381/317 1674/586/317 1677/666/317
f 1601/404/317 1674/586/317 1600/2381/317
f 1672/2382/317 1607/403/317 1621/323/317
f 1604/557/317 1607/403/317 1672/2382/317
f 1655/2383/317 2143/2384/317 2128/2385/317
f 1658/2386/317 2143/2384/317 1655/2383/317
f 2039/2387/317 1662/2388/317 1668/2389/317
f 2259/2390/317 1662/2388/317 2039/2387/317
f 2264/2391/317 2044/2392/317 2047/2393/317
f 2266/2394/317 2044/2392/317 2264/2391/317
f 1601/404/328 1672/2382/328 1674/586/328
f 1604/557/328 1672/2382/328 1601/404/328
f 1679/1570/329 1600/2381/329 1677/666/329
f 1598/919/329 1600/2381/329 1679/1570/329
f 1624/615/317 1687/2395/317 1689/375/317
f 1625/637/317 1687/2395/317 1624/615/317
f 1685/2396/317 1616/2397/317 1683/2398/317
f 1615/2399/317 1616/2397/317 1685/2396/317
f 1628/699/317 1691/2400/317 1868/2401/317
f 1630/2402/317 1691/2400/317 1628/699/317
f 1642/2403/317 1866/2404/317 1864/2405/317
f 1645/2406/317 1866/2404/317 1642/2403/317
f 1636/2407/317 1861/2408/317 1692/932/317
f 1638/2409/317 1861/2408/317 1636/2407/317
f 1638/2409/330 1864/2405/330 1861/2408/330
f 1642/2403/330 1864/2405/330 1638/2409/330
f 1628/699/331 1866/2404/331 1645/2406/331
f 1868/2401/331 1866/2404/331 1628/699/331
f 1901/2410/331 1967/2411/331 1977/2412/331
f 1899/1661/331 1967/2411/331 1901/2410/331
f 3229/2413/317 3230/2414/317 3231/2415/317
f 3232/20/317 3230/2414/317 3229/2413/317
f 1695/2416/317 1972/2417/317 1696/2418/317
f 1906/1658/317 1972/2417/317 1695/2416/317
f 1712/2419/317 1708/2420/317 1707/2421/317
f 1710/2422/317 1708/2420/317 1712/2419/317
f 1703/2423/317 1699/2424/317 1704/2425/317
f 1700/2426/317 1699/2424/317 1703/2423/317
f 3233/2427/317 172/2428/317 176/2429/317
f 3234/2430/317 172/2428/317 3233/2427/317
f 3232/20/317 3235/2431/317 3230/2414/317
f 3236/21/317 3235/2431/317 3232/20/317
f 160/2432/317 3237/2433/317 3238/2434/317
f 159/2435/317 3237/2433/317 160/2432/317
f 1721/70/317 159/2435/317 163/2436/317
f 1732/282/317 159/2435/317 1721/70/317
f 172/2428/317 1732/282/317 173/2437/317
f 3234/2430/317 1732/282/317 172/2428/317
f 1732/282/317 3237/2433/317 159/2435/317
f 3237/2433/317 1732/282/317 3234/2430/317
f 3238/2434/317 3236/21/317 3232/20/317
f 3237/2433/317 3236/21/317 3238/2434/317
f 3239/2438/317 3232/20/317 3240/2439/317
f 3238/2434/317 3232/20/317 3239/2438/317
f 3241/2440/317 3231/2415/317 3242/2441/317
f 3229/2413/317 3231/2415/317 3241/2440/317
f 229/2442/317 2364/2443/317 239/2444/317
f 2357/2445/324 2364/2443/324 229/2442/324
f 3238/2434/317 2363/2446/317 160/2432/317
f 3239/2438/317 2363/2446/317 3238/2434/317
f 3242/2441/317 3240/2439/317 3241/2440/317
f 3243/2447/317 3240/2439/317 3242/2441/317
f 176/2429/317 3244/2448/317 3233/2427/317
f 2370/2449/317 3244/2448/317 176/2429/317
f 2357/2445/324 2366/2450/324 2364/2443/324
f 2359/2451/317 2366/2450/317 2357/2445/317
f 3239/2438/324 2361/2452/324 2363/2446/324
f 2368/2453/317 3244/2448/317 2370/2449/317
f 2359/2451/317 2368/2453/317 2366/2450/317
f 3239/2438/317 2359/2451/317 2361/2452/317
f 2359/2451/324 3244/2448/324 2368/2453/324
f 3244/2448/317 2359/2451/317 3239/2438/317
f 1789/2454/317 359/2455/317 361/2456/317
f 1792/2457/317 359/2455/317 1789/2454/317
f 1798/2458/317 1792/2457/317 1794/2459/317
f 1795/2460/324 1792/2457/324 1798/2458/324
f 1783/2461/324 1787/2462/324 1785/2463/324
f 1779/2464/317 1787/2462/317 1783/2461/317
f 344/2465/317 1779/2464/317 1782/2466/317
f 343/2467/317 1779/2464/317 344/2465/317
f 347/2468/317 1779/2464/317 343/2467/317
f 366/2469/317 337/2470/317 340/2471/317
f 352/2472/317 337/2470/317 366/2469/317
f 1792/2457/317 357/2473/317 359/2455/317
f 349/2474/317 1779/2464/317 347/2468/317
f 1792/2457/317 355/2475/317 357/2473/317
f 349/2474/317 1787/2462/317 1779/2464/317
f 338/2476/324 1787/2462/324 349/2474/324
f 1792/2457/317 351/2477/317 355/2475/317
f 1795/2460/317 351/2477/317 1792/2457/317
f 337/2470/317 1787/2462/317 338/2476/317
f 1795/2460/317 352/2472/317 351/2477/317
f 337/2470/317 1795/2460/317 1787/2462/317
f 352/2472/317 1795/2460/317 337/2470/317
f 367/2478/317 1782/2466/317 1876/2479/317
f 344/2465/317 1782/2466/317 367/2478/317
f 1906/1658/330 1981/2480/330 1972/2417/330
f 1903/2481/330 1981/2480/330 1906/1658/330
f 1901/2410/317 1981/2480/317 1903/2481/317
f 1977/2412/317 1981/2480/317 1901/2410/317
f 1899/1661/317 1800/2482/317 1967/2411/317
f 1801/2483/317 1800/2482/317 1899/1661/317
f 1839/2484/328 1944/2485/328 1745/2486/328
f 1947/2487/328 1944/2485/328 1839/2484/328
f 1805/2488/329 1949/2489/329 1842/2490/329
f 1951/2491/329 1949/2489/329 1805/2488/329
f 1816/2492/317 2042/2493/317 1810/2494/317
f 2258/2495/317 2042/2493/317 1816/2492/317
f 409/2496/317 1876/2479/317 1873/2497/317
f 367/2478/317 1876/2479/317 409/2496/317
f 1664/2498/317 1822/2499/317 1823/2500/317
f 1666/2501/317 1822/2499/317 1664/2498/317
f 1828/2502/317 1814/2503/317 1826/2504/317
f 1812/2505/317 1814/2503/317 1828/2502/317
f 1847/2506/317 452/2507/317 1848/2508/317
f 446/2509/317 1847/2506/317 447/2510/317
f 455/2511/317 446/2509/317 450/2512/317
f 453/2513/317 446/2509/317 455/2511/317
f 1847/2506/317 453/2513/317 452/2507/317
f 453/2513/317 1847/2506/317 446/2509/317
f 2408/2514/317 455/2511/317 450/2512/317
f 492/2515/317 2402/2516/317 489/2517/317
f 2411/2518/317 2402/2516/317 492/2515/317
f 2408/2514/324 2417/2519/324 455/2511/324
f 2406/2520/317 2417/2519/317 2408/2514/317
f 2411/2518/324 2404/2521/324 2402/2516/324
f 2413/2522/317 2404/2521/317 2411/2518/317
f 2406/2520/317 2415/2523/317 2417/2519/317
f 2404/2521/317 2415/2523/317 2406/2520/317
f 2413/2522/317 2415/2523/317 2404/2521/317
f 570/2524/317 572/2525/317 585/2526/317
f 561/2527/317 572/2525/317 570/2524/317
f 569/2528/317 566/2529/317 567/2530/317
f 1754/2531/324 566/2529/324 569/2528/324
f 1757/2532/317 566/2529/317 1754/2531/317
f 1761/2533/324 1757/2532/324 1759/2534/324
f 1763/2535/317 1757/2532/317 1761/2533/317
f 1772/2536/317 1764/2537/317 1767/2538/317
f 1768/2539/317 1764/2537/317 1772/2536/317
f 581/2540/317 1768/2539/317 1771/2541/317
f 579/2542/317 1768/2539/317 581/2540/317
f 577/2543/317 1768/2539/317 579/2542/317
f 1757/2532/324 564/2544/324 566/2529/324
f 575/2545/317 1768/2539/317 577/2543/317
f 1757/2532/324 560/2546/324 564/2544/324
f 1763/2535/317 560/2546/317 1757/2532/317
f 575/2545/317 1764/2537/317 1768/2539/317
f 573/2547/317 1764/2537/317 575/2545/317
f 1763/2535/317 561/2527/317 560/2546/317
f 572/2525/317 1764/2537/317 573/2547/317
f 1763/2535/317 572/2525/317 561/2527/317
f 1764/2537/324 572/2525/324 1763/2535/324
f 409/2496/317 1754/2531/317 569/2528/317
f 1873/2497/317 1754/2531/317 409/2496/317
f 1919/2548/317 581/2540/317 1771/2541/317
f 630/2549/317 581/2540/317 1919/2548/317
f 3235/2431/317 3233/2427/317 3230/2414/317
f 3234/2430/317 3233/2427/317 3235/2431/317
f 3230/2414/317 3244/2448/317 3243/2447/317
f 3233/2427/317 3244/2448/317 3230/2414/317
f 1920/2550/317 361/2456/317 673/2551/317
f 1789/2454/317 361/2456/317 1920/2550/317
f 1920/2550/317 630/2549/317 1919/2548/317
f 673/2551/317 630/2549/317 1920/2550/317
f 1745/2486/317 1946/2552/317 1743/2553/317
f 1944/2485/317 1946/2552/317 1745/2486/317
f 1949/2489/317 1839/2484/317 1842/2490/317
f 1947/2487/317 1839/2484/317 1949/2489/317
f 1807/2554/317 1951/2491/317 1805/2488/317
f 1955/2555/317 1951/2491/317 1807/2554/317
f 1722/2556/317 1750/2557/317 1735/2558/317
f 1748/2559/317 1750/2557/317 1722/2556/317
f 1727/2560/317 2268/2561/317 1725/2562/317
f 2056/2563/317 2268/2561/317 1727/2560/317
f 1730/157/317 2050/2564/317 1728/6/317
f 2035/2565/317 2050/2564/317 1730/157/317
f 1333/2566/332 2056/2563/332 1340/2567/332
f 1336/2568/332 2056/2563/332 1333/2566/332
f 862/2569/333 1722/2556/333 1725/2562/333
f 861/2570/333 1722/2556/333 862/2569/333
f 1748/2559/328 861/2570/328 866/2571/328
f 1722/2556/328 861/2570/328 1748/2559/328
f 2266/2394/328 2039/2387/328 2044/2392/328
f 2259/2390/328 2039/2387/328 2266/2394/328
f 2042/2493/329 2264/2391/329 2047/2393/329
f 2258/2495/329 2264/2391/329 2042/2493/329
f 2073/2572/317 2061/1965/317 2098/1968/317
f 2059/2573/317 2061/1965/317 2073/2572/317
f 2063/2574/317 2093/2575/317 2096/2576/317
f 2065/2577/317 2093/2575/317 2063/2574/317
f 2092/2578/317 2070/2579/317 2087/2580/317
f 2067/2581/317 2070/2579/317 2092/2578/317
f 2065/2577/328 2092/2578/328 2093/2575/328
f 2067/2581/328 2092/2578/328 2065/2577/328
f 2098/1968/329 2063/2574/329 2096/2576/329
f 2061/1965/329 2063/2574/329 2098/1968/329
f 2083/2582/317 2102/2583/317 2103/2584/317
f 2085/2585/317 2102/2583/317 2083/2582/317
f 2108/2586/317 2077/2587/317 2106/2588/317
f 2075/2589/317 2077/2587/317 2108/2586/317
f 2114/2590/317 2110/2591/317 2115/2592/317
f 2111/2593/317 2110/2591/317 2114/2590/317
f 2119/2594/317 1653/2595/317 2118/2596/317
f 1650/2597/317 1653/2595/317 2119/2594/317
f 2139/2598/328 2125/2599/328 2131/2600/328
f 2136/2601/328 2125/2599/328 2139/2598/328
f 2128/2385/329 2141/2602/329 2133/2603/329
f 2143/2384/329 2141/2602/329 2128/2385/329
f 2125/2599/317 2138/2604/317 2123/2605/317
f 2136/2601/317 2138/2604/317 2125/2599/317
f 2141/2602/317 2131/2600/317 2133/2603/317
f 2139/2598/317 2131/2600/317 2141/2602/317
f 2159/2606/317 2191/2607/317 2180/2608/317
f 2152/2609/317 2191/2607/317 2159/2606/317
f 2170/2610/317 2155/2611/317 2157/2612/317
f 2171/2613/317 2155/2611/317 2170/2610/317
f 2167/2614/317 2163/2615/317 2162/2616/317
f 2166/2617/317 2163/2615/317 2167/2614/317
f 2182/2618/330 2188/2619/330 2177/2620/330
f 2196/2621/330 2188/2619/330 2182/2618/330
f 2180/2608/331 2194/2622/331 2185/2623/331
f 2191/2607/331 2194/2622/331 2180/2608/331
f 2177/2620/317 2190/2624/317 2175/2625/317
f 2188/2619/317 2190/2624/317 2177/2620/317
f 2185/2623/317 2196/2621/317 2182/2618/317
f 2194/2622/317 2196/2621/317 2185/2623/317
f 2211/2626/317 2243/2627/317 2230/2628/317
f 2204/2629/317 2243/2627/317 2211/2626/317
f 2222/2630/317 2207/2631/317 2209/2632/317
f 2223/2633/317 2207/2631/317 2222/2630/317
f 2219/2634/317 2215/2635/317 2214/2636/317
f 2218/2637/317 2215/2635/317 2219/2634/317
f 2228/2638/330 2248/2639/330 2238/2640/330
f 2234/2641/330 2248/2639/330 2228/2638/330
f 2230/2628/331 2246/2642/331 2237/2643/331
f 2243/2627/331 2246/2642/331 2230/2628/331
f 2228/2638/317 2241/2644/317 2225/2645/317
f 2238/2640/317 2241/2644/317 2228/2638/317
f 2237/2643/317 2248/2639/317 2234/2641/317
f 2246/2642/317 2248/2639/317 2237/2643/317
f 1728/6/334 1340/2567/334 1727/2560/334
f 1335/2568/329 1728/6/329 2050/2564/329
f 1334/2566/329 1728/6/329 1335/2568/329
f 1728/6/334 1334/2566/334 1340/2567/334
f 862/2569/335 865/2571/335 860/2570/335
f 2268/2561/335 865/2571/335 862/2569/335
usemtl STONE2
f 17/2646/321 10/436/321 3245/2647/321
f 11/2648/321 10/436/321 17/2646/321
f 2324/2649/324 3245/2647/324 2328/2650/324
f 3246/2651/324 2327/2652/324 2331/2653/324
f 19/2654/317 2327/2652/317 3246/2651/317
f 2324/2649/317 17/2646/317 3245/2647/317
f 19/2654/317 2324/2649/317 2327/2652/317
f 17/2646/324 2324/2649/324 19/2654/324
f 22/2655/322 3246/2651/322 23/2656/322
f 19/2654/322 3246/2651/322 22/2655/322
f 35/1560/336 38/2657/336 3247/2658/336
f 34/630/318 38/2657/318 35/1560/318
f 2315/2659/317 3247/2658/317 2312/2660/317
f 3248/942/317 2316/2661/317 2319/2662/317
f 43/1569/317 2316/2661/317 3248/942/317
f 2315/2659/317 35/1560/317 3247/2658/317
f 43/1569/317 2315/2659/317 2316/2661/317
f 35/1560/317 2315/2659/317 43/1569/317
f 45/2663/316 3248/942/316 47/2664/316
f 43/1569/316 3248/942/316 45/2663/316
f 3247/2658/321 83/2665/321 82/2666/321
f 38/2657/321 83/2665/321 3247/2658/321
f 85/2667/316 94/1967/316 86/1538/316
f 89/2668/316 94/1967/316 85/2667/316
f 3249/2669/317 94/1967/317 98/1969/317
f 2304/2670/317 94/1967/317 3249/2669/317
f 3249/2669/317 2310/2671/317 2308/2672/317
f 95/1539/317 2310/2671/317 3249/2669/317
f 2304/2670/317 86/1538/317 94/1967/317
f 2307/2673/317 86/1538/317 2304/2670/317
f 95/1539/317 2307/2673/317 2310/2671/317
f 86/1538/317 2307/2673/317 95/1539/317
f 95/1539/318 100/2674/318 99/2675/318
f 98/1969/318 100/2674/318 95/1539/318
f 3245/2647/337 111/373/337 110/2676/337
f 10/436/319 111/373/319 3245/2647/319
f 2331/2653/317 115/2677/317 3246/2651/317
f 2334/2678/317 115/2677/317 2331/2653/317
f 3245/2647/317 2332/2679/317 2328/2650/317
f 110/2676/317 2332/2679/317 3245/2647/317
f 2334/2678/317 110/2676/317 115/2677/317
f 2332/2679/317 110/2676/317 2334/2678/317
f 23/2656/320 115/2677/320 118/2680/320
f 3246/2651/320 115/2677/320 23/2656/320
f 47/2664/322 121/2681/322 120/2682/322
f 3248/942/322 121/2681/322 47/2664/322
f 2319/2662/317 121/2681/317 3248/942/317
f 2322/2683/324 121/2681/324 2319/2662/324
f 3247/2658/324 2320/2684/324 2312/2660/324
f 82/2666/317 2320/2684/317 3247/2658/317
f 2322/2683/324 82/2666/324 121/2681/324
f 2320/2684/317 82/2666/317 2322/2683/317
f 129/2685/295 150/2686/295 153/2687/295
f 126/2688/295 129/2685/295 153/2687/295
f 1717/2689/317 156/2690/317 155/2691/317
f 1716/2556/317 156/2690/317 1717/2689/317
f 3250/2692/317 2394/2693/317 2397/2694/317
f 3251/2695/317 2394/2693/317 3250/2692/317
f 203/2696/295 215/2697/295 150/2686/295
f 129/2685/295 203/2696/295 150/2686/295
f 3252/2698/317 2381/2699/317 2478/2700/317
f 3253/2701/317 2381/2699/317 3252/2698/317
f 228/2444/295 240/2702/295 2365/2703/295
f 2356/2704/299 228/2444/299 2365/2703/299
f 234/2705/295 1739/2706/295 2362/2707/295
f 232/2708/295 234/2705/295 2362/2707/295
f 215/2697/295 203/2696/295 235/2709/295
f 245/2710/295 215/2697/295 235/2709/295
f 1740/2711/295 241/1776/295 243/2712/295
f 2371/2713/295 1740/2711/295 243/2712/295
f 2356/2704/295 2365/2703/295 2367/2714/295
f 2358/2715/295 2356/2704/295 2367/2714/295
f 232/2708/299 2362/2707/299 2360/2716/299
f 2369/2717/295 2371/2713/295 243/2712/295
f 2358/2715/295 2367/2714/295 2369/2717/295
f 232/2708/295 2360/2716/295 2358/2715/295
f 2358/2715/295 2369/2717/295 243/2712/295
f 243/2712/295 232/2708/295 2358/2715/295
f 3254/2718/295 3255/2719/295 263/2720/295
f 259/2721/295 3256/2722/295 3257/2723/295
f 260/2724/295 259/2721/295 3257/2723/295
f 3258/2725/295 260/2724/295 3257/2723/295
f 3259/2726/295 3258/2725/295 3257/2723/295
f 3260/2727/295 3259/2726/295 3257/2723/295
f 3261/2728/295 3262/2729/295 3263/2730/295
f 269/2731/295 3261/2728/295 3263/2730/295
f 263/2720/295 269/2731/295 3263/2730/295
f 3254/2718/295 263/2720/295 3263/2730/295
f 3260/2727/299 3257/2723/299 3264/2732/299
f 3265/2733/295 3254/2718/295 3263/2730/295
f 3260/2727/295 3264/2732/295 3266/2734/295
f 3267/2735/295 3265/2733/295 3263/2730/295
f 3260/2727/295 3266/2734/295 3267/2735/295
f 3263/2730/295 3260/2727/295 3267/2735/295
f 1773/2718/317 1770/2720/317 1769/2719/317
f 1755/2721/317 1758/2723/317 1756/2722/317
f 2435/2724/317 1758/2723/317 1755/2721/317
f 2448/2725/324 1758/2723/324 2435/2724/324
f 2444/2726/317 1758/2723/317 2448/2725/317
f 2447/2727/317 1758/2723/317 2444/2726/317
f 2458/2728/317 2462/2730/317 2465/2729/317
f 2461/2731/317 2462/2730/317 2458/2728/317
f 1770/2720/317 2462/2730/317 2461/2731/317
f 1773/2718/317 2462/2730/317 1770/2720/317
f 2447/2727/324 1760/2732/324 1758/2723/324
f 1766/2733/317 2462/2730/317 1773/2718/317
f 2447/2727/317 1762/2734/317 1760/2732/317
f 1765/2735/317 2462/2730/317 1766/2733/317
f 2447/2727/317 1765/2735/317 1762/2734/317
f 2462/2730/317 1765/2735/317 2447/2727/317
f 3268/2736/317 3269/2737/317 3270/2738/317
f 3271/2739/317 3269/2737/317 3268/2736/317
f 311/2740/295 312/2741/295 237/2742/295
f 231/2743/295 311/2740/295 237/2742/295
f 3272/2744/295 3273/2745/295 311/2740/295
f 3274/2746/295 3272/2744/295 311/2740/295
f 320/2747/295 3275/2748/295 3274/2746/295
f 317/2749/295 320/2747/295 3274/2746/295
f 2379/2750/295 317/2749/295 3274/2746/295
f 311/2740/295 316/2751/295 2373/2752/295
f 2377/2753/295 2379/2750/295 3274/2746/295
f 311/2740/295 2373/2752/295 2375/2754/295
f 3274/2746/295 311/2740/295 2375/2754/295
f 2375/2754/295 2377/2753/295 3274/2746/295
f 327/2755/295 321/2756/295 324/2757/295
f 320/2747/295 327/2755/295 324/2757/295
f 362/2758/295 365/2759/295 657/2760/295
f 3276/2761/295 362/2758/295 657/2760/295
f 3277/2762/295 3278/2763/295 3276/2761/295
f 3279/2764/295 3277/2762/295 3276/2761/295
f 3280/2765/299 3281/2766/299 3282/2767/299
f 3283/2768/295 3280/2765/295 3282/2767/295
f 324/2757/295 342/2769/295 3283/2768/295
f 320/2747/295 324/2757/295 3283/2768/295
f 3275/2748/295 320/2747/295 3283/2768/295
f 312/2741/295 311/2740/295 3273/2745/295
f 3284/2770/295 312/2741/295 3273/2745/295
f 3276/2761/295 657/2760/295 3285/2771/295
f 3274/2746/299 3275/2748/299 3283/2768/299
f 3276/2761/299 3285/2771/299 3286/2772/299
f 3274/2746/295 3283/2768/295 3282/2767/295
f 3272/2744/299 3274/2746/299 3282/2767/299
f 3276/2761/295 3286/2772/295 3287/2773/295
f 3279/2764/299 3276/2761/299 3287/2773/299
f 3273/2745/295 3272/2744/295 3282/2767/295
f 3279/2764/295 3287/2773/295 3284/2770/295
f 3273/2745/295 3282/2767/295 3279/2764/295
f 3284/2770/295 3273/2745/295 3279/2764/295
f 3288/2774/299 376/2775/299 362/2758/299
f 3289/2776/295 3288/2774/295 362/2758/295
f 3290/2777/295 3289/2776/295 362/2758/295
f 3291/2778/295 3292/2779/295 3293/2780/295
f 373/2781/295 3291/2778/295 3293/2780/295
f 342/2769/295 373/2781/295 3293/2780/295
f 3280/2765/295 3283/2768/295 342/2769/295
f 362/2758/295 3276/2761/295 3278/2763/295
f 3280/2765/295 342/2769/295 3293/2780/295
f 3290/2777/299 362/2758/299 3278/2763/299
f 3281/2766/299 3280/2765/299 3293/2780/299
f 3290/2777/295 3278/2763/295 3277/2762/295
f 3282/2767/295 3281/2766/295 3293/2780/295
f 3290/2777/295 3277/2762/295 3279/2764/295
f 3282/2767/295 3293/2780/295 3290/2777/295
f 3279/2764/295 3282/2767/295 3290/2777/295
f 2454/2774/324 1790/2758/324 2456/2775/324
f 2452/2776/317 1790/2758/317 2454/2774/317
f 2450/2777/317 1790/2758/317 2452/2776/317
f 2438/2778/317 2442/2780/317 2440/2779/317
f 2436/2781/317 2442/2780/317 2438/2778/317
f 1781/2769/317 2442/2780/317 2436/2781/317
f 1784/2765/317 1781/2769/317 1780/2768/317
f 1790/2758/317 1793/2763/317 1791/2761/317
f 1784/2765/317 2442/2780/317 1781/2769/317
f 2450/2777/317 1793/2763/317 1790/2758/317
f 1786/2766/324 2442/2780/324 1784/2765/324
f 2450/2777/317 1797/2762/317 1793/2763/317
f 1788/2767/317 2442/2780/317 1786/2766/317
f 2450/2777/317 1796/2764/317 1797/2762/317
f 1788/2767/317 2450/2777/317 2442/2780/317
f 1796/2764/317 2450/2777/317 1788/2767/317
f 3251/2695/317 2436/2781/317 2394/2693/317
f 3294/2782/317 2436/2781/317 3251/2695/317
f 3295/2783/317 2397/2694/317 2435/2724/317
f 3250/2692/317 2397/2694/317 3295/2783/317
f 380/2784/320 386/2785/320 381/2786/320
f 3296/2787/320 386/2785/320 380/2784/320
f 3297/2788/317 3298/2789/317 3299/2790/317
f 3300/2791/317 3298/2789/317 3297/2788/317
f 3301/2792/317 3302/2793/317 3303/2794/317
f 3253/2701/317 3302/2793/317 3301/2792/317
f 3300/2791/317 3253/2701/317 3298/2789/317
f 3302/2793/317 3253/2701/317 3300/2791/317
f 3252/2698/317 2474/2795/317 3304/2796/317
f 2478/2700/317 2474/2795/317 3252/2698/317
f 3305/2797/317 3306/2798/317 3307/2799/317
f 3308/2800/317 3309/2801/317 3310/2802/317
f 3311/1692/317 3309/2801/317 3308/2800/317
f 3305/2797/317 3312/1697/317 3306/2798/317
f 3311/1692/317 3305/2797/317 3309/2801/317
f 3312/1697/317 3305/2797/317 3311/1692/317
f 2382/2803/317 412/2804/317 3313/2805/317
f 2385/2806/317 412/2804/317 2382/2803/317
f 3314/2807/324 2386/2808/324 2389/2809/324
f 413/2810/317 2386/2808/317 3314/2807/317
f 2385/2806/317 413/2810/317 412/2804/317
f 2386/2808/317 413/2810/317 2385/2806/317
f 416/2811/337 3315/2812/337 417/2813/337
f 423/2814/319 3315/2812/319 416/2811/319
f 413/2810/326 428/2815/326 427/2816/326
f 3314/2807/326 428/2815/326 413/2810/326
f 2343/2817/317 417/2813/317 3315/2812/317
f 2345/2818/317 417/2813/317 2343/2817/317
f 3296/2787/317 2346/2819/317 2340/2820/317
f 380/2784/317 2346/2819/317 3296/2787/317
f 2345/2818/317 380/2784/317 417/2813/317
f 2346/2819/317 380/2784/317 2345/2818/317
f 1845/2821/317 2400/2822/317 2398/2823/317
f 1844/2824/317 2400/2822/317 1845/2821/317
f 434/2825/316 441/2826/316 435/2827/316
f 444/1941/316 441/2826/316 434/2825/316
f 2513/2828/317 3316/2829/317 3317/2830/317
f 2518/2831/317 3316/2829/317 2513/2828/317
f 3304/2796/317 2477/2832/317 3298/2789/317
f 2474/2795/317 2477/2832/317 3304/2796/317
f 2409/2833/295 1855/2834/295 1856/2835/295
f 491/2836/295 490/2515/295 2403/2837/295
f 2410/2838/295 491/2836/295 2403/2837/295
f 2409/2833/295 1856/2835/295 2416/2839/295
f 2407/2840/295 2409/2833/295 2416/2839/295
f 2410/2838/295 2403/2837/295 2405/2841/295
f 2412/2842/295 2410/2838/295 2405/2841/295
f 2407/2840/295 2416/2839/295 2414/2843/295
f 2405/2841/295 2407/2840/295 2414/2843/295
f 2412/2842/295 2405/2841/295 2414/2843/295
f 3303/2794/317 3300/2791/317 3297/2788/317
f 3302/2793/317 3300/2791/317 3303/2794/317
f 3268/2736/317 3299/2790/317 3318/2844/317
f 3270/2738/317 3299/2790/317 3268/2736/317
f 3319/2845/317 3269/2737/317 3271/2739/317
f 3301/2792/317 3269/2737/317 3319/2845/317
f 3270/2738/317 3301/2792/317 3299/2790/317
f 3269/2737/317 3301/2792/317 3270/2738/317
f 2419/2846/317 2477/2832/317 498/2847/317
f 512/2848/317 2425/2849/317 514/2850/317
f 1872/2851/317 512/2848/317 511/2852/317
f 1871/2853/317 512/2848/317 1872/2851/317
f 506/2854/317 1871/2853/317 508/2855/317
f 2428/2856/317 506/2854/317 505/2857/317
f 2381/2699/317 2433/2858/317 502/2859/317
f 3319/2845/324 2433/2858/324 2381/2699/324
f 2419/2846/317 3318/2844/317 2477/2832/317
f 2421/2860/317 3318/2844/317 2419/2846/317
f 512/2848/317 2423/2861/317 2425/2849/317
f 2428/2856/317 1871/2853/317 506/2854/317
f 2427/2862/317 1871/2853/317 2428/2856/317
f 3319/2845/317 2431/2863/317 2433/2858/317
f 2423/2861/324 3318/2844/324 2421/2860/324
f 2431/2863/317 1871/2853/317 2427/2862/317
f 3319/2845/317 1871/2853/317 2431/2863/317
f 512/2848/317 3318/2844/317 2423/2861/317
f 3318/2844/317 1871/2853/317 3319/2845/317
f 1871/2853/317 3318/2844/317 512/2848/317
f 1781/2769/317 3295/2783/317 1755/2721/317
f 3294/2782/317 3295/2783/317 1781/2769/317
f 3261/2728/295 269/2731/295 534/1647/295
f 3260/2727/295 3263/2730/295 3262/2729/295
f 3259/2726/295 3260/2727/295 3262/2729/295
f 525/1712/295 260/2724/295 3258/2725/295
f 3291/2778/295 373/2781/295 522/1714/295
f 3290/2777/295 3293/2780/295 3292/2779/295
f 3289/2776/295 3290/2777/295 3292/2779/295
f 532/1646/295 376/2775/295 3288/2774/295
f 3262/2729/295 3261/2728/295 534/1647/295
f 3259/2726/295 3262/2729/295 534/1647/295
f 3258/2725/295 3259/2726/295 534/1647/295
f 525/1712/299 3258/2725/299 534/1647/299
f 3292/2779/295 3291/2778/295 522/1714/295
f 3289/2776/295 3292/2779/295 522/1714/295
f 3288/2774/295 3289/2776/295 522/1714/295
f 532/1646/299 3288/2774/299 522/1714/299
f 525/1712/295 534/1647/295 532/1646/295
f 522/1714/295 525/1712/295 532/1646/295
f 487/2864/295 494/2865/295 541/2866/295
f 538/2867/295 487/2864/295 541/2866/295
f 2473/2868/295 546/2869/295 538/2867/295
f 542/2870/295 545/2871/295 2467/2872/295
f 3320/2873/295 542/2870/295 2467/2872/295
f 3321/2874/299 3320/2873/299 2467/2872/299
f 3322/2875/295 3321/2874/295 2467/2872/295
f 538/2867/295 3323/2876/295 3322/2875/295
f 2473/2868/295 538/2867/295 3322/2875/295
f 2471/2877/295 2473/2868/295 3322/2875/295
f 3322/2875/295 2467/2872/295 2469/2878/295
f 2469/2878/295 2471/2877/295 3322/2875/295
f 553/2879/295 542/2870/295 549/2880/295
f 552/2881/295 553/2879/295 549/2880/295
f 538/2867/295 541/2866/295 3324/2882/295
f 3323/2876/295 538/2867/295 3324/2882/295
f 549/2880/295 542/2870/295 3320/2873/295
f 259/2721/299 549/2880/299 3320/2873/299
f 3256/2722/295 259/2721/295 3320/2873/295
f 3264/2732/299 3257/2723/299 3256/2722/299
f 3266/2734/295 3264/2732/295 3256/2722/295
f 3254/2718/295 3265/2733/295 3267/2735/295
f 3255/2719/295 3254/2718/295 3267/2735/295
f 583/2883/295 263/2720/295 3255/2719/295
f 670/2884/295 583/2883/295 3255/2719/295
f 3325/2885/295 670/2884/295 3255/2719/295
f 3256/2722/295 3320/2873/295 3321/2874/295
f 3326/2886/299 3325/2885/299 3255/2719/299
f 3256/2722/295 3321/2874/295 3322/2875/295
f 3266/2734/295 3256/2722/295 3322/2875/295
f 3326/2886/295 3255/2719/295 3267/2735/295
f 3327/2887/295 3326/2886/295 3267/2735/295
f 3266/2734/299 3322/2875/299 3323/2876/299
f 3324/2882/299 3327/2887/299 3267/2735/299
f 3266/2734/295 3323/2876/295 3324/2882/295
f 3267/2735/299 3266/2734/299 3324/2882/299
f 587/2888/317 1880/2889/317 588/2890/317
f 1881/2891/317 1880/2889/317 587/2888/317
f 680/2892/317 1883/2893/317 2484/2894/317
f 1884/2895/317 1883/2893/317 680/2892/317
f 2486/2896/324 1886/2897/324 2487/2898/324
f 1887/2899/317 1886/2897/317 2486/2896/317
f 2489/2900/317 1889/2901/317 2490/2902/317
f 1890/2903/317 1889/2901/317 2489/2900/317
f 2493/2904/317 1887/2899/317 2486/2896/317
f 1891/2905/317 1887/2899/317 2493/2904/317
f 2495/2906/317 1890/2903/317 2489/2900/317
f 1893/2907/317 1890/2903/317 2495/2906/317
f 621/2908/317 1896/2909/317 1897/2910/317
f 620/2911/317 1896/2909/317 621/2908/317
f 2506/2912/317 620/2911/317 624/2913/317
f 2513/2828/317 2511/2914/317 608/2915/317
f 3308/2800/317 2511/2914/317 2513/2828/317
f 603/2916/317 3306/2798/317 2517/2917/317
f 2502/2918/317 3306/2798/317 603/2916/317
f 612/2919/317 2497/2920/317 614/2921/317
f 1896/2909/317 612/2919/317 611/2922/317
f 2505/2923/317 620/2911/317 2506/2912/317
f 3308/2800/317 2509/2924/317 2511/2914/317
f 2500/2925/317 3306/2798/317 2502/2918/317
f 612/2919/317 2498/2926/317 2497/2920/317
f 1896/2909/317 2498/2926/317 612/2919/317
f 3308/2800/324 2505/2923/324 2509/2924/324
f 2498/2926/317 3306/2798/317 2500/2925/317
f 1896/2909/317 3306/2798/317 2498/2926/317
f 3308/2800/317 620/2911/317 2505/2923/317
f 1896/2909/317 3308/2800/317 3306/2798/317
f 3308/2800/317 1896/2909/317 620/2911/317
f 611/2922/317 1907/2927/317 1896/2909/317
f 629/2928/317 1907/2927/317 611/2922/317
f 2480/2929/317 3328/2930/317 2483/2931/317
f 3329/2932/317 3328/2930/317 2480/2929/317
f 2517/2917/317 3330/2933/317 2514/2934/317
f 3331/2935/317 3330/2933/317 2517/2917/317
f 1914/6/317 645/2936/317 644/2427/317
f 1717/2689/317 645/2936/317 1914/6/317
f 155/2691/317 645/2936/317 1717/2689/317
f 1916/2937/317 2522/2938/317 2521/2939/317
f 1915/2940/317 2522/2938/317 1916/2937/317
f 3332/2941/317 1770/2720/317 3333/2942/317
f 1790/2758/317 1770/2720/317 3332/2941/317
f 3305/2797/317 3310/2802/317 3309/2801/317
f 3307/2799/317 3310/2802/317 3305/2797/317
f 3285/2771/295 657/2760/295 659/2943/295
f 3286/2772/295 3285/2771/295 659/2943/295
f 3284/2770/295 3287/2773/295 3286/2772/295
f 312/2741/299 3284/2770/299 3286/2772/299
f 2530/2944/295 660/1632/295 312/2741/295
f 3286/2772/295 659/2943/295 2524/2945/295
f 2530/2944/295 312/2741/295 3286/2772/295
f 2528/2946/295 2530/2944/295 3286/2772/295
f 3286/2772/299 2524/2945/299 2526/2947/299
f 2526/2947/299 2528/2946/299 3286/2772/299
f 657/2760/295 365/2759/295 663/1694/295
f 664/2948/295 657/2760/295 663/1694/295
f 1924/2949/317 2533/2950/317 2531/2951/317
f 1923/2952/317 2533/2950/317 1924/2949/317
f 670/2884/295 671/2953/295 669/1691/295
f 583/2883/295 670/2884/295 669/1691/295
f 2535/2954/295 674/2955/295 670/2884/295
f 541/2866/295 677/1725/295 2541/2956/295
f 3324/2882/299 541/2866/299 2541/2956/299
f 3327/2887/299 3324/2882/299 2541/2956/299
f 3326/2886/295 3327/2887/295 2541/2956/295
f 670/2884/295 3325/2885/295 3326/2886/295
f 2535/2954/295 670/2884/295 3326/2886/295
f 2537/2957/295 2535/2954/295 3326/2886/295
f 3326/2886/295 2541/2956/295 2539/2958/295
f 2539/2958/295 2537/2957/295 3326/2886/295
f 2480/2929/317 3332/2941/317 3329/2932/317
f 2456/2775/317 3332/2941/317 2480/2929/317
f 679/2959/317 1884/2895/317 680/2892/317
f 1880/2889/317 679/2959/317 588/2890/317
f 1884/2895/317 679/2959/317 1880/2889/317
f 2484/2894/317 1925/2960/317 2544/2961/317
f 1883/2893/317 1925/2960/317 2484/2894/317
f 2543/2961/324 1891/2905/324 2493/2904/324
f 1926/2960/317 1891/2905/317 2543/2961/317
f 2487/2898/317 1927/2962/317 2546/2963/317
f 1886/2897/317 1927/2962/317 2487/2898/317
f 2545/2963/317 1893/2907/317 2495/2906/317
f 1928/2962/317 1893/2907/317 2545/2963/317
f 2490/2902/317 1929/2964/317 2547/2965/317
f 1889/2901/317 1929/2964/317 2490/2902/317
f 693/2965/317 1930/2964/317 1907/2927/317
f 2461/2731/317 3328/2930/317 3333/2942/317
f 2483/2931/317 3328/2930/317 2461/2731/317
f 1932/2966/317 2399/2823/317 2549/2967/317
f 1931/2821/317 2399/2823/317 1932/2966/317
f 1934/32/317 704/1850/317 1935/113/317
f 1937/2968/317 2549/2967/317 2550/2969/317
f 1932/2966/317 2549/2967/317 1937/2968/317
f 1923/2952/317 2550/2969/317 2533/2950/317
f 1937/2968/317 2550/2969/317 1923/2952/317
f 3334/2970/317 3312/1697/317 3335/2971/317
f 3311/1692/317 3336/2972/317 3337/2973/317
f 3317/2830/317 3336/2972/317 3311/1692/317
f 3334/2970/317 3331/2935/317 3312/1697/317
f 3317/2830/317 3334/2970/317 3336/2972/317
f 3331/2935/317 3334/2970/317 3317/2830/317
f 2514/2934/317 3316/2829/317 2518/2831/317
f 3330/2933/317 3316/2829/317 2514/2934/317
f 1844/2824/317 644/2427/317 2400/2822/317
f 1914/6/317 644/2427/317 1844/2824/317
f 3334/2970/317 3337/2973/317 3336/2972/317
f 3335/2971/317 3337/2973/317 3334/2970/317
f 1915/2940/317 2551/2974/317 2522/2938/317
f 1939/2975/317 2551/2974/317 1915/2940/317
f 1940/32/317 2521/2939/317 2553/1850/317
f 1916/2937/317 2521/2939/317 1940/32/317
f 1871/2853/317 703/2976/317 508/2855/317
f 1935/113/317 703/2976/317 1871/2853/317
f 1939/2975/317 2532/2951/317 2551/2974/317
f 1941/2949/317 2532/2951/317 1939/2975/317
f 423/2814/325 731/2977/325 3315/2812/325
f 732/2978/325 731/2977/325 423/2814/325
f 2340/2820/317 735/2979/317 3296/2787/317
f 2336/2980/317 735/2979/317 2340/2820/317
f 3315/2812/324 2339/2981/324 2343/2817/324
f 731/2977/317 2339/2981/317 3315/2812/317
f 2336/2980/317 731/2977/317 735/2979/317
f 2339/2981/317 731/2977/317 2336/2980/317
f 3296/2787/326 736/2982/326 386/2785/326
f 735/2979/326 736/2982/326 3296/2787/326
f 743/1763/338 741/2983/338 3313/2805/338
f 742/1762/316 741/2983/316 743/1763/316
f 2392/2984/317 3314/2807/317 2389/2809/317
f 3313/2805/317 2390/2985/317 2382/2803/317
f 741/2983/317 2390/2985/317 3313/2805/317
f 2392/2984/317 749/2986/317 3314/2807/317
f 741/2983/317 2392/2984/317 2390/2985/317
f 749/2986/317 2392/2984/317 741/2983/317
f 749/2986/318 428/2815/318 3314/2807/318
f 750/2987/318 428/2815/318 749/2986/318
f 773/2988/325 3313/2805/325 412/2804/325
f 743/1763/325 3313/2805/325 773/2988/325
f 781/2989/318 775/2990/318 774/2991/318
f 782/1943/318 775/2990/318 781/2989/318
f 3338/2992/317 444/1941/317 782/1943/317
f 2354/2993/317 444/1941/317 3338/2992/317
f 3338/2992/317 2348/2994/317 2351/2995/317
f 781/2989/317 2348/2994/317 3338/2992/317
f 2354/2993/317 441/2826/317 444/1941/317
f 2352/2996/317 441/2826/317 2354/2993/317
f 781/2989/317 2352/2996/317 2348/2994/317
f 441/2826/317 2352/2996/317 781/2989/317
f 786/2997/317 1986/2998/317 1985/2999/317
f 785/3000/317 1986/2998/317 786/2997/317
f 802/3001/317 1989/3002/317 1988/3003/317
f 2561/3004/317 1989/3002/317 802/3001/317
f 2564/3005/317 1992/3006/317 1991/3007/317
f 2563/3008/317 1992/3006/317 2564/3005/317
f 2567/3009/317 1995/3010/317 1994/3011/317
f 2566/3012/317 1995/3010/317 2567/3009/317
f 2568/3013/317 1991/3007/317 1998/3014/317
f 2564/3005/317 1991/3007/317 2568/3013/317
f 2570/3015/317 1994/3011/317 2000/3016/317
f 2567/3009/317 1994/3011/317 2570/3015/317
f 800/3017/317 1897/2910/317 2002/3018/317
f 621/2908/317 1897/2910/317 800/3017/317
f 785/3000/317 1988/3003/317 1986/2998/317
f 803/3019/317 1988/3003/317 785/3000/317
f 1988/3003/317 803/3019/317 802/3001/317
f 2561/3004/317 2003/3020/317 1989/3002/317
f 2572/3021/317 2003/3020/317 2561/3004/317
f 2573/3021/317 1998/3014/317 2004/3020/317
f 2568/3013/317 1998/3014/317 2573/3021/317
f 2563/3008/317 2005/3022/317 1992/3006/317
f 2574/3023/317 2005/3022/317 2563/3008/317
f 2575/3023/317 2000/3016/317 2006/3022/317
f 2570/3015/317 2000/3016/317 2575/3023/317
f 2566/3012/317 2007/3024/317 1995/3010/317
f 2576/3025/317 2007/3024/317 2566/3012/317
f 2002/3018/317 2008/3024/317 817/3025/317
f 2011/3026/317 819/3027/317 2012/3028/317
f 820/3029/317 819/3027/317 2011/3026/317
f 2014/3030/317 838/3031/317 2015/3032/317
f 2577/3033/324 838/3031/324 2014/3030/324
f 2017/3034/317 2579/3035/317 2018/3036/317
f 2580/3037/324 2579/3035/324 2017/3034/324
f 2020/3038/317 2582/3039/317 2021/3040/317
f 2583/3041/317 2582/3039/317 2020/3038/317
f 2018/3036/317 2586/3042/317 2022/3043/317
f 2579/3035/317 2586/3042/317 2018/3036/317
f 2021/3040/317 2588/3044/317 2024/3045/317
f 2582/3039/317 2588/3044/317 2021/3040/317
f 1872/2851/317 835/3046/317 2026/3047/317
f 511/2852/317 835/3046/317 1872/2851/317
f 2015/3032/317 820/3029/317 2011/3026/317
f 837/3048/317 2015/3032/317 838/3031/317
f 2015/3032/317 837/3048/317 820/3029/317
f 2028/3049/317 2577/3033/317 2014/3030/317
f 2590/3050/317 2577/3033/317 2028/3049/317
f 2022/3043/317 2589/3050/317 2029/3049/317
f 2586/3042/317 2589/3050/317 2022/3043/317
f 2030/3051/317 2580/3037/317 2017/3034/317
f 2592/3052/317 2580/3037/317 2030/3051/317
f 2024/3045/317 2591/3052/317 2031/3051/317
f 2588/3044/324 2591/3052/324 2024/3045/324
f 2032/3053/317 2583/3041/317 2020/3038/317
f 2593/1917/317 2583/3041/317 2032/3053/317
f 2026/3047/317 851/1917/317 2033/3053/317
f 878/3054/317 882/3055/317 879/3056/317
f 883/3057/317 882/3055/317 878/3054/317
f 890/3058/317 886/3059/317 891/3060/317
f 887/3061/317 886/3059/317 890/3058/317
f 899/3062/318 878/3054/318 898/3063/318
f 883/3057/318 878/3054/318 899/3062/318
f 886/3059/316 901/3064/316 891/3060/316
f 904/3065/316 901/3064/316 886/3059/316
f 3339/3066/317 904/3065/317 899/3062/317
f 2601/3067/317 904/3065/317 3339/3066/317
f 3339/3066/317 2597/3068/317 2598/3069/317
f 898/3063/317 2597/3068/317 3339/3066/317
f 2601/3067/317 901/3064/317 904/3065/317
f 2594/3070/317 901/3064/317 2601/3067/317
f 898/3063/317 2594/3070/317 2597/3068/317
f 901/3064/317 2594/3070/317 898/3063/317
f 962/3071/326 965/3072/326 963/3073/326
f 3340/3074/326 965/3072/326 962/3071/326
f 2630/3075/317 972/3076/317 3341/3077/317
f 2626/3078/324 972/3076/324 2630/3075/324
f 3340/3074/324 2629/3079/324 2633/3080/324
f 962/3071/317 2629/3079/317 3340/3074/317
f 2626/3078/324 962/3071/324 972/3076/324
f 2629/3079/317 962/3071/317 2626/3078/317
f 975/3081/325 3341/3077/325 972/3076/325
f 974/3082/325 3341/3077/325 975/3081/325
f 988/2080/318 982/2099/318 981/3083/318
f 3342/1256/318 982/2099/318 988/2080/318
f 990/1966/318 992/3084/318 991/3085/318
f 3343/3086/336 992/3084/336 990/1966/336
f 2614/3087/317 998/1964/317 3344/959/317
f 2617/3088/317 998/1964/317 2614/3087/317
f 3343/3086/317 2619/3089/317 2621/3090/317
f 990/1966/317 2619/3089/317 3343/3086/317
f 2617/3088/317 990/1966/317 998/1964/317
f 2619/3089/317 990/1966/317 2617/3088/317
f 999/3091/316 3344/959/316 998/1964/316
f 1001/1283/316 3344/959/316 999/3091/316
f 1007/3092/322 3345/3093/322 1009/3094/322
f 1006/3095/322 3345/3093/322 1007/3092/322
f 3343/3086/326 1070/3096/326 992/3084/326
f 1072/3097/326 1070/3096/326 3343/3086/326
f 965/3072/320 1076/3098/320 1074/3099/320
f 3340/3074/339 1076/3098/339 965/3072/339
f 2633/3080/317 1076/3098/317 3340/3074/317
f 2634/3100/317 1076/3098/317 2633/3080/317
f 3341/3077/317 2637/3101/317 2630/3075/317
f 1078/3102/317 2637/3101/317 3341/3077/317
f 2634/3100/317 1078/3102/317 1076/3098/317
f 2637/3101/317 1078/3102/317 2634/3100/317
f 974/3082/319 1078/3102/319 3341/3077/319
f 1080/3103/319 1078/3102/319 974/3082/319
f 1001/1283/325 1085/3104/325 3344/959/325
f 1082/3105/325 1085/3104/325 1001/1283/325
f 2621/3090/317 1072/3097/317 3343/3086/317
f 2623/3106/317 1072/3097/317 2621/3090/317
f 3344/959/324 2624/3107/324 2614/3087/324
f 1085/3104/317 2624/3107/317 3344/959/317
f 2623/3106/317 1085/3104/317 1072/3097/317
f 2624/3107/317 1085/3104/317 2623/3106/317
f 1093/3108/319 1088/3109/319 3346/3110/319
f 1089/3111/319 1088/3109/319 1093/3108/319
f 2653/3112/324 3342/1256/324 2650/3113/324
f 3345/3093/317 2655/3114/317 2657/3115/317
f 1006/3095/317 2655/3114/317 3345/3093/317
f 2653/3112/317 1098/3116/317 3342/1256/317
f 1006/3095/324 2653/3112/324 2655/3114/324
f 1098/3116/324 2653/3112/324 1006/3095/324
f 1099/3117/320 3347/3118/320 1100/3119/320
f 1106/3120/339 3347/3118/339 1099/3117/339
f 1098/3116/321 982/2099/321 3342/1256/321
f 1107/3121/321 982/2099/321 1098/3116/321
f 2646/3122/317 3346/3110/317 2645/3123/317
f 3347/3118/317 2649/3124/317 2638/3125/317
f 1106/3120/317 2649/3124/317 3347/3118/317
f 2646/3122/317 1093/3108/317 3346/3110/317
f 1106/3120/317 2646/3122/317 2649/3124/317
f 1093/3108/317 2646/3122/317 1106/3120/317
f 1100/3119/322 1109/3126/322 1108/3127/322
f 3347/3118/322 1109/3126/322 1100/3119/322
f 2638/3125/317 1109/3126/317 3347/3118/317
f 2641/3128/317 1109/3126/317 2638/3125/317
f 3346/3110/317 2642/3129/317 2645/3123/317
f 1111/3130/317 2642/3129/317 3346/3110/317
f 2641/3128/324 1111/3130/324 1109/3126/324
f 2642/3129/317 1111/3130/317 2641/3128/317
f 3346/3110/321 1113/3131/321 1111/3130/321
f 1088/3109/321 1113/3131/321 3346/3110/321
f 2657/3115/317 1116/2082/317 3345/3093/317
f 2659/3132/317 1116/2082/317 2657/3115/317
f 3342/1256/317 2660/3133/317 2650/3113/317
f 988/2080/317 2660/3133/317 3342/1256/317
f 2659/3132/317 988/2080/317 1116/2082/317
f 2660/3133/317 988/2080/317 2659/3132/317
f 1117/3134/338 3345/3093/338 1116/2082/338
f 1009/3094/316 3345/3093/316 1117/3134/316
f 2708/3135/317 1156/3136/317 3348/3137/317
f 3348/3137/317 2707/3138/317 2710/3139/317
f 1155/3140/317 2707/3138/317 3348/3137/317
f 2708/3135/317 1151/3141/317 1156/3136/317
f 1155/3140/317 2704/3142/317 2707/3138/317
f 1152/3143/317 2704/3142/317 1155/3140/317
f 2708/3135/317 1152/3143/317 1151/3141/317
f 2704/3142/317 1152/3143/317 2708/3135/317
f 1163/3144/322 1160/3145/322 1159/3146/322
f 3349/3147/322 1160/3145/322 1163/3144/322
f 1173/3148/320 3349/3147/320 1163/3144/320
f 1177/3149/339 3349/3147/339 1173/3148/339
f 1179/3150/325 3350/3151/325 1180/1088/325
f 1183/2110/340 3350/3151/340 1179/3150/340
f 1193/3152/321 1192/3153/321 3351/3154/321
f 1202/3155/318 1196/3156/318 1195/3157/318
f 3352/3158/336 1196/3156/336 1202/3155/336
f 3353/3159/321 1205/3160/321 1204/3161/321
f 1206/3162/341 1205/3160/341 3353/3159/341
f 1151/3141/319 1212/3163/319 1156/3136/319
f 1211/3164/319 1212/3163/319 1151/3141/319
f 1217/3165/319 1206/3162/319 3353/3159/319
f 1216/3166/319 1206/3162/319 1217/3165/319
f 1230/3167/326 1223/3168/326 1222/3169/326
f 3354/3170/326 1223/3168/326 1230/3167/326
f 3350/3151/319 1231/3171/319 1234/3172/319
f 1183/2110/319 1231/3171/319 3350/3151/319
f 2712/3173/317 3353/3159/317 1204/3161/317
f 2715/3174/317 3353/3159/317 2712/3173/317
f 1204/3161/317 2716/3175/317 2712/3173/317
f 1160/3145/324 2716/3175/324 1204/3161/324
f 2715/3174/317 1217/3165/317 3353/3159/317
f 2722/3176/317 1217/3165/317 2715/3174/317
f 1160/3145/317 2718/3177/317 2716/3175/317
f 3349/3147/317 2718/3177/317 1160/3145/317
f 2722/3176/317 1177/3149/317 1217/3165/317
f 2720/3178/317 1177/3149/317 2722/3176/317
f 3349/3147/317 2720/3178/317 2718/3177/317
f 1177/3149/317 2720/3178/317 3349/3147/317
f 1235/3179/320 1155/3140/320 1237/3180/320
f 1152/3143/320 1155/3140/320 1235/3179/320
f 2700/3181/317 1234/3172/317 3355/3182/317
f 3355/3182/317 2695/3183/317 2702/3184/317
f 1244/3185/317 2695/3183/317 3355/3182/317
f 2700/3181/317 3350/3151/317 1234/3172/317
f 1244/3185/317 2692/3186/317 2695/3183/317
f 3354/3170/317 2692/3186/317 1244/3185/317
f 2700/3181/324 1180/1088/324 3350/3151/324
f 2698/3187/317 1180/1088/317 2700/3181/317
f 3354/3170/324 2696/3188/324 2692/3186/324
f 1230/3167/317 2696/3188/317 3354/3170/317
f 2698/3187/324 1230/3167/324 1180/1088/324
f 2696/3188/317 1230/3167/317 2698/3187/317
f 1223/3168/320 1244/3185/320 1245/3189/320
f 3354/3170/339 1244/3185/339 1223/3168/339
f 1252/3190/322 3356/3191/322 1253/3192/322
f 1259/3193/342 3356/3191/342 1252/3190/342
f 1271/3194/320 1264/3195/320 1267/3196/320
f 1265/3197/320 1264/3195/320 1271/3194/320
f 3357/3198/317 1275/3199/317 1272/3200/317
f 2727/3201/317 1275/3199/317 3357/3198/317
f 3357/3198/317 2728/3202/317 2724/3203/317
f 1265/3197/317 2728/3202/317 3357/3198/317
f 2727/3201/317 1271/3194/317 1275/3199/317
f 2730/3204/317 1271/3194/317 2727/3201/317
f 1265/3197/317 2730/3204/317 2728/3202/317
f 1271/3194/317 2730/3204/317 1265/3197/317
f 1277/3205/319 1272/3200/319 1275/3199/319
f 1276/3206/319 1272/3200/319 1277/3205/319
f 3352/3158/326 1280/2104/326 1196/3156/326
f 1281/3207/343 1280/2104/343 3352/3158/343
f 1192/3153/325 1286/3208/325 3351/3154/325
f 2680/3209/324 1286/3208/324 1281/3207/324
f 2678/3210/317 1286/3208/317 2680/3209/317
f 1281/3207/324 2682/3211/324 2680/3209/324
f 3352/3158/317 2682/3211/317 1281/3207/317
f 2678/3210/324 3351/3154/324 1286/3208/324
f 2674/3212/324 3351/3154/324 2678/3210/324
f 3352/3158/317 2684/3213/317 2682/3211/317
f 1202/3155/317 2684/3213/317 3352/3158/317
f 2674/3212/324 1193/3152/324 3351/3154/324
f 2677/3214/324 1193/3152/324 2674/3212/324
f 1202/3155/317 2686/3215/317 2684/3213/317
f 1288/3216/317 2686/3215/317 1202/3155/317
f 2677/3214/324 1259/3193/324 1193/3152/324
f 2690/3217/317 1259/3193/317 2677/3214/317
f 1288/3216/317 2688/3218/317 2686/3215/317
f 3356/3191/317 2688/3218/317 1288/3216/317
f 2690/3217/317 3356/3191/317 1259/3193/317
f 2688/3218/317 3356/3191/317 2690/3217/317
f 1289/3219/338 3356/3191/338 1288/3216/338
f 1253/3192/316 3356/3191/316 1289/3219/316
f 2920/3220/295 3358/3221/295 2733/3222/295
f 2929/3223/295 2920/3220/295 2733/3222/295
f 2885/3224/295 2925/3225/295 2927/3226/295
f 2883/3227/295 2885/3224/295 2927/3226/295
f 2831/3228/295 2880/3229/295 2879/3230/295
f 2829/3231/295 2831/3228/295 2879/3230/295
f 2867/3232/295 2823/3233/295 2827/3234/295
f 2868/3235/295 2867/3232/295 2827/3234/295
f 2899/3236/295 2875/3237/295 2877/3238/295
f 2900/3239/295 2899/3236/295 2877/3238/295
f 2895/3240/295 2903/3241/295 2905/3242/295
f 2893/3243/295 2895/3240/295 2905/3242/295
f 2873/3244/295 2897/3245/295 2888/3246/295
f 2871/3247/295 2873/3244/295 2888/3246/295
f 2923/3248/295 2833/3249/295 2824/3250/295
f 3359/3251/295 2923/3248/295 2824/3250/295
f 2805/3252/295 3359/3251/295 2824/3250/295
f 2819/3253/295 2821/3254/295 2806/3255/295
f 2935/3256/295 3360/3257/295 2817/3258/295
f 2935/3256/295 2937/3259/295 2939/3260/295
f 3360/3257/295 2935/3256/295 2939/3260/295
f 2815/3261/295 3360/3257/295 2939/3260/295
f 2813/3262/295 2815/3261/295 2939/3260/295
f 2805/3252/295 2809/3263/295 2811/3264/295
f 3359/3251/295 2805/3252/295 2811/3264/295
f 2919/3265/295 3359/3251/295 2811/3264/295
f 3361/3266/295 3358/3221/295 2920/3220/295
f 2917/3267/295 2908/3268/295 3361/3266/295
f 2907/3269/295 2911/3270/295 2913/3271/295
f 3362/3272/295 3361/3266/295 2907/3269/295
f 2859/3273/299 2863/3274/299 3362/3272/299
f 2949/3275/295 3363/3276/295 2860/3277/295
f 2947/3278/295 2949/3275/295 2860/3277/295
f 2865/3279/295 3363/3276/295 2944/3280/295
f 2747/3281/295 2865/3279/295 2944/3280/295
f 2853/3282/295 3364/3283/295 3362/3272/295
f 2851/3284/295 2853/3282/295 3362/3272/295
f 2857/3285/295 2848/3286/295 2847/3287/295
f 2753/3288/295 2857/3285/295 2847/3287/295
f 2749/3289/299 2753/3288/299 2847/3287/299
f 2750/3290/295 2749/3289/295 2847/3287/295
f 3364/3283/295 2853/3282/295 2855/3291/295
f 3365/3292/295 3364/3283/295 2855/3291/295
f 2843/3293/295 3365/3292/295 2855/3291/295
f 2835/3294/295 2839/3295/295 2841/3296/295
f 3365/3292/295 2843/3293/295 2845/3297/295
f 3366/3298/295 3365/3292/295 2845/3297/295
f 2801/3299/295 2803/3300/295 2770/3301/295
f 2799/3302/299 2801/3299/299 2770/3301/299
f 2797/3303/295 2799/3302/295 2770/3301/295
f 2791/3304/295 2793/3305/295 2795/3306/295
f 2789/3307/295 2791/3304/295 2795/3306/295
f 2765/3308/295 3367/3309/295 2789/3307/295
f 2761/3310/295 2765/3308/295 2789/3307/295
f 3367/3309/295 2765/3308/295 2767/3311/295
f 2787/3312/295 3367/3309/295 2767/3311/295
f 2783/3313/299 2785/3314/299 2787/3312/299
f 2781/3315/295 2783/3313/295 2787/3312/295
f 2775/3316/295 2777/3317/295 2779/3318/295
f 2773/3319/295 2775/3316/295 2779/3318/295
f 3366/3298/295 2773/3319/295 2779/3318/295
f 2734/3320/295 3366/3298/295 2779/3318/295
f 2739/3321/295 2734/3320/295 2779/3318/295
f 2929/3223/295 2733/3222/295 2737/3322/295
f 2927/3226/295 2929/3223/295 2737/3322/295
f 2883/3227/295 2927/3226/295 2737/3322/295
f 2879/3230/295 2883/3227/295 2737/3322/295
f 2829/3231/295 2879/3230/295 2737/3322/295
f 2827/3234/295 2829/3231/295 2737/3322/295
f 2868/3235/295 2827/3234/295 2737/3322/295
f 2877/3238/295 2868/3235/295 2737/3322/295
f 2900/3239/295 2877/3238/295 2737/3322/295
f 2905/3242/295 2900/3239/295 2737/3322/295
f 2893/3243/295 2905/3242/295 2737/3322/295
f 2891/3323/295 2893/3243/295 2737/3322/295
f 2805/3252/295 2824/3250/295 2823/3233/295
f 2806/3255/295 2805/3252/295 2823/3233/295
f 2915/3324/299 2917/3267/299 3361/3266/299
f 2859/3273/299 3362/3272/299 2907/3269/299
f 2747/3281/295 2944/3280/295 2943/3325/295
f 2745/3326/295 2747/3281/295 2943/3325/295
f 2851/3284/295 3362/3272/295 2742/3327/295
f 2847/3287/295 2851/3284/295 2742/3327/295
f 2750/3290/295 2847/3287/295 2742/3327/295
f 2759/3328/295 2750/3290/295 2742/3327/295
f 2843/3293/295 2855/3291/295 2857/3285/295
f 2841/3296/295 2843/3293/295 2857/3285/295
f 3366/3298/295 2845/3297/295 2836/3329/295
f 2769/3330/295 3366/3298/295 2836/3329/295
f 2761/3310/295 2789/3307/295 2795/3306/295
f 2781/3315/295 2787/3312/295 2767/3311/295
f 2739/3321/295 2779/3318/295 2781/3315/295
f 2887/3331/295 2891/3323/295 2737/3322/295
f 2806/3255/295 2823/3233/295 2867/3232/295
f 2819/3253/295 2806/3255/295 2867/3232/295
f 2915/3324/299 3361/3266/299 2920/3220/299
f 2943/3325/299 2859/3273/299 2907/3269/299
f 2745/3326/299 2943/3325/299 2907/3269/299
f 2741/3332/295 2745/3326/295 2907/3269/295
f 2757/3333/344 2759/3328/344 2741/3332/344
f 2835/3294/295 2841/3296/295 2857/3285/295
f 2769/3330/295 2836/3329/295 2835/3294/295
f 2770/3301/295 2769/3330/295 2835/3294/295
f 2739/3321/295 2781/3315/295 2767/3311/295
f 2888/3246/295 2887/3331/295 2737/3322/295
f 2819/3253/295 2867/3232/295 2871/3247/295
f 2817/3258/295 2819/3253/295 2871/3247/295
f 2915/3324/295 2920/3220/295 2919/3265/295
f 2913/3271/295 2915/3324/295 2919/3265/295
f 2770/3301/295 2835/3294/295 2857/3285/295
f 2797/3303/295 2770/3301/295 2857/3285/295
f 2739/3321/295 2767/3311/295 2762/3334/295
f 2817/3258/295 2871/3247/295 2888/3246/295
f 2935/3256/295 2817/3258/295 2888/3246/295
f 2913/3271/295 2919/3265/295 2811/3264/295
f 2907/3269/295 2913/3271/295 2811/3264/295
f 2797/3303/299 2857/3285/299 2753/3288/299
f 2795/3306/295 2797/3303/295 2753/3288/295
f 2931/3335/295 2935/3256/295 2888/3246/295
f 2741/3332/299 2907/3269/299 2941/3336/299
f 2761/3310/295 2795/3306/295 2753/3288/295
f 2931/3335/299 2888/3246/299 2737/3322/299
f 2741/3332/344 2941/3336/344 2932/3337/344
f 2761/3310/295 2753/3288/295 2755/3338/295
f 2762/3334/295 2761/3310/295 2755/3338/295
f 2932/3337/299 2931/3335/299 2737/3322/299
f 2739/3321/295 2762/3334/295 2755/3338/295
f 2932/3337/295 2737/3322/295 2739/3321/295
f 2757/3333/295 2932/3337/295 2739/3321/295
f 2739/3321/295 2755/3338/295 2757/3333/295
usemtl BLOOD1
f 2306/963/317 2309/961/317 2311/962/317
f 2305/960/317 2309/961/317 2306/963/317
f 2317/950/317 2313/947/317 2318/949/317
f 2314/946/317 2313/947/317 2317/950/317
f 2318/949/317 2321/988/317 2323/987/317
f 2313/947/317 2321/988/317 2318/949/317
f 2326/938/317 2329/935/317 2330/937/317
f 2325/934/317 2329/935/317 2326/938/317
f 2330/937/317 2333/983/317 2335/982/317
f 2329/935/317 2333/983/317 2330/937/317
f 2342/995/324 2337/997/324 2341/996/324
f 2338/998/317 2337/997/317 2342/995/317
f 2344/1007/317 2341/996/317 2347/1008/317
f 2342/995/317 2341/996/317 2344/1007/317
f 2355/1009/317 2349/1011/317 2353/1010/317
f 2350/1012/317 2349/1011/317 2355/1009/317
f 3368/1020/317 3369/1022/317 3370/1021/317
f 3371/1023/317 3369/1022/317 3368/1020/317
f 3372/1044/317 3373/1046/317 3374/1045/317
f 3375/1047/317 3373/1046/317 3372/1044/317
f 2384/1050/317 2388/1052/317 2387/1051/317
f 2383/1053/317 2388/1052/317 2384/1050/317
f 2383/1053/317 2393/1054/317 2388/1052/317
f 2391/1055/317 2393/1054/317 2383/1053/317
f 2396/1025/317 3376/1083/317 3377/1082/317
f 2395/1026/317 3376/1083/317 2396/1025/317
f 3378/3339/317 3379/1145/317 3380/3340/317
f 3381/1146/317 3382/3341/317 3383/3342/317
f 3384/1143/317 3382/3341/317 3381/1146/317
f 3378/3339/317 3385/1144/317 3379/1145/317
f 3384/1143/317 3378/3339/317 3382/3341/317
f 3385/1144/317 3378/3339/317 3384/1143/317
f 3386/1126/317 3387/3343/317 3388/1125/317
f 3389/3344/317 3390/1123/317 3391/1124/317
f 3380/3340/317 3390/1123/317 3389/3344/317
f 3386/1126/317 3383/3342/317 3387/3343/317
f 3380/3340/317 3386/1126/317 3390/1123/317
f 3383/3342/317 3386/1126/317 3380/3340/317
f 3372/1044/317 3392/3345/317 3393/3346/317
f 3374/1045/317 3392/3345/317 3372/1044/317
f 3394/3347/317 3373/1046/317 3375/1047/317
f 3395/3348/317 3373/1046/317 3394/3347/317
f 3374/1045/317 3395/3348/317 3392/3345/317
f 3373/1046/317 3395/3348/317 3374/1045/317
f 3368/1020/317 3393/3346/317 3396/3349/317
f 3370/1021/317 3393/3346/317 3368/1020/317
f 3397/3350/317 3369/1022/317 3371/1023/317
f 3394/3347/317 3369/1022/317 3397/3350/317
f 3370/1021/317 3394/3347/317 3393/3346/317
f 3369/1022/317 3394/3347/317 3370/1021/317
f 2396/1025/317 3396/3349/317 2434/3351/317
f 3377/1082/317 3396/3349/317 2396/1025/317
f 2437/3352/317 3376/1083/317 2395/1026/317
f 3397/3350/317 3376/1083/317 2437/3352/317
f 3377/1082/317 3397/3350/317 3396/3349/317
f 3376/1083/317 3397/3350/317 3377/1082/317
f 2459/3353/317 3378/3339/317 2460/3354/317
f 2446/3355/317 2464/3356/317 2463/3357/317
f 2445/3358/317 2464/3356/317 2446/3355/317
f 3392/3345/317 2449/3359/317 2434/3351/317
f 2439/3360/317 3395/3348/317 2437/3352/317
f 2451/3361/317 2441/3362/317 2443/3363/317
f 2453/3364/317 2441/3362/317 2451/3361/317
f 3382/3341/317 2455/3365/317 2457/3366/317
f 2464/3356/317 3378/3339/317 2459/3353/317
f 2445/3358/317 3378/3339/317 2464/3356/317
f 2449/3359/317 3378/3339/317 2445/3358/317
f 3392/3345/324 3378/3339/324 2449/3359/324
f 2441/3362/317 3395/3348/317 2439/3360/317
f 2453/3364/317 3395/3348/317 2441/3362/317
f 2455/3365/317 3395/3348/317 2453/3364/317
f 3382/3341/324 3395/3348/324 2455/3365/324
f 3392/3345/317 3382/3341/317 3378/3339/317
f 3395/3348/317 3382/3341/317 3392/3345/317
f 2460/3354/317 3398/1176/317 2482/1128/317
f 3389/3344/317 3398/1176/317 2460/3354/317
f 2481/1127/317 3387/3343/317 2457/3366/317
f 3399/1175/317 3387/3343/317 2481/1127/317
f 3389/3344/317 3399/1175/317 3398/1176/317
f 3387/3343/317 3399/1175/317 3389/3344/317
f 3390/1123/317 3388/1125/317 3391/1124/317
f 3386/1126/317 3388/1125/317 3390/1123/317
f 3384/1143/317 3379/1145/317 3385/1144/317
f 3381/1146/317 3379/1145/317 3384/1143/317
f 3399/1175/317 2482/1128/317 3398/1176/317
f 2481/1127/317 2482/1128/317 3399/1175/317
f 2600/1266/324 2596/1268/324 2595/1269/324
f 2599/1267/324 2596/1268/324 2600/1266/324
f 2616/1340/317 2620/1341/317 2618/1342/317
f 2615/1338/317 2620/1341/317 2616/1340/317
f 2615/1338/317 2622/1358/317 2620/1341/317
f 2625/1359/317 2622/1358/317 2615/1338/317
f 2627/1329/317 2632/1330/317 2628/1331/317
f 2631/1326/317 2632/1330/317 2627/1329/317
f 2631/1326/317 2635/1352/317 2632/1330/317
f 2636/1353/317 2635/1352/317 2631/1326/317
f 2639/1360/317 2643/1362/317 2640/1361/317
f 2644/1363/324 2643/1362/324 2639/1360/324
f 2648/1364/317 2644/1363/317 2639/1360/317
f 2647/1365/317 2644/1363/317 2648/1364/317
f 2654/1370/317 2651/1372/317 2656/1371/317
f 2652/1373/317 2651/1372/317 2654/1370/317
f 2656/1371/317 2661/1375/317 2658/1374/317
f 2651/1372/317 2661/1375/317 2656/1371/317
f 2687/1521/317 2683/1517/317 2685/1519/317
f 2689/1523/317 2683/1517/317 2687/1521/317
f 2676/1520/317 2689/1523/317 2691/1522/317
f 2675/1518/317 2689/1523/317 2676/1520/317
f 2681/1515/324 2675/1518/324 2679/1516/324
f 2683/1517/317 2675/1518/317 2681/1515/317
f 2689/1523/317 2675/1518/317 2683/1517/317
f 2699/1499/317 2693/1498/317 2697/1500/317
f 2701/1494/317 2693/1498/317 2699/1499/317
f 2703/1496/317 2693/1498/317 2701/1494/317
f 2694/1497/317 2693/1498/317 2703/1496/317
f 2709/1448/317 2706/1451/317 2705/1453/317
f 2711/1450/317 2706/1451/317 2709/1448/317
f 2719/1490/317 2713/1486/317 2717/1488/317
f 2723/1489/317 2719/1490/317 2721/1491/317
f 2714/1487/317 2719/1490/317 2723/1489/317
f 2713/1486/317 2719/1490/317 2714/1487/317
f 2731/1514/317 2725/1512/317 2729/1513/317
f 2726/1511/317 2725/1512/317 2731/1514/317
f 1559/3367/295 1560/3368/295 1550/3369/295
f 1557/3370/295 1559/3367/295 1550/3369/295
f 1553/3371/295 1555/3372/295 1557/3370/295
f 1550/3369/299 1553/3371/299 1557/3370/299
f 1567/3373/295 1568/3374/295 1562/3375/295
f 1565/3376/295 1567/3373/295 1562/3375/295
f 1586/3377/295 1582/3378/295 1585/3379/295
f 1588/3380/299 1586/3377/299 1585/3379/299
f 1593/3381/295 1590/3382/295 1588/3380/295
f 1585/3379/295 1593/3381/295 1588/3380/295
f 1539/3383/295 1545/3384/295 1546/3385/295
f 1534/3386/295 1537/3387/295 1539/3383/295
f 1540/3388/295 1534/3386/295 1539/3383/295
f 1546/3385/299 1540/3388/299 1539/3383/299
f 1573/3389/295 1577/3390/295 1581/3391/295
f 1570/3392/295 1573/3389/295 1581/3391/295
f 1574/3393/295 1570/3392/295 1581/3391/295
f 1581/3391/295 1578/3394/295 1574/3393/295
f 1501/3395/295 1494/3396/295 1497/3397/295
f 1499/3398/295 1501/3395/295 1497/3397/295
f 1491/3399/295 1493/3400/295 1482/3401/295
f 1489/3402/295 1491/3399/295 1482/3401/295
f 1487/3403/295 1489/3402/295 1482/3401/295
f 1485/3404/295 1487/3403/295 1482/3401/295
f 1533/3405/295 1548/3406/295 1542/3407/295
f 1517/3408/295 1519/3409/295 1520/3410/295
f 1514/3411/299 1517/3408/299 1520/3410/299
f 1509/3412/295 1510/3413/295 1513/3414/295
f 1507/3415/295 1509/3412/295 1513/3414/295
f 1524/3416/295 1502/3417/295 1505/3418/295
f 1526/3419/299 1524/3416/299 1505/3418/299
f 1533/3405/295 1542/3407/295 1530/3420/295
f 1523/3421/295 1533/3405/295 1530/3420/295
f 1514/3411/295 1520/3410/295 1523/3421/295
f 1513/3414/295 1514/3411/295 1523/3421/295
f 1507/3415/295 1513/3414/295 1523/3421/295
f 1505/3418/295 1507/3415/295 1523/3421/295
f 1526/3419/295 1505/3418/295 1523/3421/295
f 1528/3422/295 1526/3419/295 1523/3421/295
f 1523/3421/295 1530/3420/295 1528/3422/295
f 1453/3423/295 1455/3424/295 1457/3425/295
f 1451/3426/295 1453/3423/295 1457/3425/295
f 1447/3427/295 1449/3428/295 1451/3426/295
f 1444/3429/295 1447/3427/295 1451/3426/295
f 1459/3430/299 1461/3431/299 1444/3429/299
f 1457/3425/295 1459/3430/295 1444/3429/295
f 1451/3426/295 1457/3425/295 1444/3429/295
f 1474/3432/299 1477/3433/299 1479/3434/299
f 1480/3435/299 1474/3432/299 1479/3434/299
f 1433/3436/295 1435/3437/295 1424/3438/295
f 1429/3439/295 1431/3440/295 1433/3436/295
f 1427/3441/295 1429/3439/295 1433/3436/295
f 1424/3438/295 1427/3441/295 1433/3436/295
f 1421/3442/295 1423/3443/295 1416/3444/295
f 1419/3445/295 1421/3442/295 1416/3444/295
f 1392/3446/295 1395/3447/295 1399/3448/295
f 1396/3449/299 1392/3446/299 1399/3448/299
f 1406/3450/295 1396/3449/295 1399/3448/295
f 1405/3451/295 1406/3450/295 1399/3448/295
f 1469/3452/299 1471/3453/299 1473/3454/299
f 1466/3455/295 1469/3452/295 1473/3454/295
f 1402/3456/295 1400/3457/295 1384/3458/295
f 1391/3459/295 1402/3456/295 1384/3458/295
f 1388/3460/299 1391/3459/299 1384/3458/299
f 1387/3461/295 1388/3460/295 1384/3458/295
f 1443/3462/295 1465/3463/295 1462/3464/295
f 1441/3465/295 1443/3462/295 1462/3464/295
f 1436/3466/295 1439/3467/295 1441/3465/295
f 1441/3465/295 1462/3464/295 1436/3466/295
f 1408/3468/295 1411/3469/295 1413/3470/295
f 1415/3471/295 1408/3468/295 1413/3470/295
f 3400/3367/317 3401/3369/317 3402/3368/317
f 3403/3370/317 3401/3369/317 3400/3367/317
f 3404/3371/317 3403/3370/317 3405/3372/317
f 3401/3369/324 3403/3370/324 3404/3371/324
f 3406/3373/317 3407/3375/317 3408/3374/317
f 3409/3376/317 3407/3375/317 3406/3373/317
f 3410/3377/317 3411/3379/317 3412/3378/317
f 3413/3380/324 3411/3379/324 3410/3377/324
f 3414/3381/317 3413/3380/317 3415/3382/317
f 3411/3379/317 3413/3380/317 3414/3381/317
f 3416/3383/317 3417/3385/317 3418/3384/317
f 3419/3386/317 3416/3383/317 3420/3387/317
f 3421/3388/317 3416/3383/317 3419/3386/317
f 3417/3385/324 3416/3383/324 3421/3388/324
f 3422/3389/317 3423/3391/317 3424/3390/317
f 3425/3392/317 3423/3391/317 3422/3389/317
f 3426/3393/317 3423/3391/317 3425/3392/317
f 3423/3391/317 3426/3393/317 3427/3394/317
f 3428/3395/317 3429/3397/317 3430/3396/317
f 3431/3398/317 3429/3397/317 3428/3395/317
f 3432/3399/317 3433/3401/317 3434/3400/317
f 3435/3402/317 3433/3401/317 3432/3399/317
f 3436/3403/317 3433/3401/317 3435/3402/317
f 3437/3404/317 3433/3401/317 3436/3403/317
f 3438/3405/317 3439/3407/317 3440/3406/317
f 3441/3408/317 3442/3410/317 3443/3409/317
f 3444/3411/324 3442/3410/324 3441/3408/324
f 3445/3412/317 3446/3414/317 3447/3413/317
f 3448/3415/317 3446/3414/317 3445/3412/317
f 3449/3416/317 3450/3418/317 3451/3417/317
f 3452/3419/324 3450/3418/324 3449/3416/324
f 3438/3405/317 3453/3420/317 3439/3407/317
f 3454/3421/317 3453/3420/317 3438/3405/317
f 3444/3411/317 3454/3421/317 3442/3410/317
f 3446/3414/317 3454/3421/317 3444/3411/317
f 3448/3415/317 3454/3421/317 3446/3414/317
f 3450/3418/317 3454/3421/317 3448/3415/317
f 3452/3419/317 3454/3421/317 3450/3418/317
f 3455/3422/317 3454/3421/317 3452/3419/317
f 3454/3421/317 3455/3422/317 3453/3420/317
f 3456/3423/317 3457/3425/317 3458/3424/317
f 3459/3426/317 3457/3425/317 3456/3423/317
f 3460/3427/317 3459/3426/317 3461/3428/317
f 3462/3429/324 3459/3426/324 3460/3427/324
f 3463/3430/324 3462/3429/324 3464/3431/324
f 3457/3425/317 3462/3429/317 3463/3430/317
f 3459/3426/317 3462/3429/317 3457/3425/317
f 3465/3432/324 3466/3434/324 3467/3433/324
f 3468/3435/324 3466/3434/324 3465/3432/324
f 3469/3436/317 3470/3438/317 3471/3437/317
f 3472/3439/317 3469/3436/317 3473/3440/317
f 3474/3441/317 3469/3436/317 3472/3439/317
f 3470/3438/317 3469/3436/317 3474/3441/317
f 3475/3442/317 3476/3444/317 3477/3443/317
f 3478/3445/317 3476/3444/317 3475/3442/317
f 3479/3446/317 3480/3448/317 3481/3447/317
f 3482/3449/324 3480/3448/324 3479/3446/324
f 3483/3450/317 3480/3448/317 3482/3449/317
f 3484/3451/317 3480/3448/317 3483/3450/317
f 3485/3452/324 3486/3454/324 3487/3453/324
f 3488/3455/317 3486/3454/317 3485/3452/317
f 3489/3456/317 3490/3458/317 3491/3457/317
f 3492/3459/317 3490/3458/317 3489/3456/317
f 3493/3460/324 3490/3458/324 3492/3459/324
f 3494/3461/317 3490/3458/317 3493/3460/317
f 3495/3462/317 3496/3464/317 3497/3463/317
f 3498/3465/317 3496/3464/317 3495/3462/317
f 3499/3466/317 3498/3465/317 3500/3467/317
f 3498/3465/317 3499/3466/317 3496/3464/317
f 3501/3468/317 3502/3470/317 3503/3469/317
f 3504/3471/317 3502/3470/317 3501/3468/317
f 3505/3472/317 3506/3473/317 3507/3474/317
f 3508/3475/324 3506/3473/324 3505/3472/324
f 3509/3476/317 3510/3477/317 3511/3478/317
f 3512/3479/317 3510/3477/317 3509/3476/317
f 3513/3480/317 3514/3481/317 3515/3482/317
f 3516/3483/317 3514/3481/317 3513/3480/317
f 3517/3484/317 3518/3485/317 3519/3486/317
f 3520/3487/317 3518/3485/317 3517/3484/317
f 3521/3488/317 3522/3489/317 3523/3490/317
f 3524/3491/317 3522/3489/317 3521/3488/317
f 3525/3492/317 3526/3493/317 3527/3494/317
f 3528/3495/317 3526/3493/317 3525/3492/317
f 3529/3496/317 3530/3497/317 3531/3498/317
f 3532/3499/317 3530/3497/317 3529/3496/317
f 3533/3500/317 3534/3501/317 3535/3502/317
f 3536/3503/317 3534/3501/317 3533/3500/317
f 3537/3504/317 3534/3501/317 3536/3503/317
f 3538/3505/317 3539/3506/317 3540/3507/317
f 3541/3508/317 3542/3509/317 3543/3510/317
f 3541/3508/317 3544/3511/317 3545/3512/317
f 3543/3510/317 3544/3511/317 3541/3508/317
f 3546/3513/317 3544/3511/317 3543/3510/317
f 3547/3514/317 3544/3511/317 3546/3513/317
f 3537/3504/317 3548/3515/317 3549/3516/317
f 3536/3503/317 3548/3515/317 3537/3504/317
f 3550/3517/317 3548/3515/317 3536/3503/317
f 3551/3518/317 3505/3472/317 3507/3474/317
f 3552/3519/317 3551/3518/317 3553/3520/317
f 3554/3521/317 3555/3522/317 3556/3523/317
f 3557/3524/317 3554/3521/317 3551/3518/317
f 3558/3525/324 3557/3524/324 3559/3526/324
f 3560/3527/317 3561/3528/317 3562/3529/317
f 3563/3530/317 3561/3528/317 3560/3527/317
f 3564/3531/317 3565/3532/317 3562/3529/317
f 3566/3533/317 3565/3532/317 3564/3531/317
f 3567/3534/317 3557/3524/317 3568/3535/317
f 3569/3536/317 3557/3524/317 3567/3534/317
f 3570/3537/317 3571/3538/317 3572/3539/317
f 3573/3540/317 3571/3538/317 3570/3537/317
f 3574/3541/324 3571/3538/324 3573/3540/324
f 3575/3542/317 3571/3538/317 3574/3541/317
f 3568/3535/317 3576/3543/317 3567/3534/317
f 3577/3544/317 3576/3543/317 3568/3535/317
f 3578/3545/317 3576/3543/317 3577/3544/317
f 3579/3546/317 3580/3547/317 3581/3548/317
f 3577/3544/317 3582/3549/317 3578/3545/317
f 3583/3550/317 3582/3549/317 3577/3544/317
f 3584/3551/317 3585/3552/317 3586/3553/317
f 3587/3554/324 3585/3552/324 3584/3551/324
f 3588/3555/317 3585/3552/317 3587/3554/317
f 3589/3556/317 3590/3557/317 3591/3558/317
f 3592/3559/317 3590/3557/317 3589/3556/317
f 3593/3560/317 3592/3559/317 3594/3561/317
f 3595/3562/317 3592/3559/317 3593/3560/317
f 3594/3561/317 3596/3563/317 3593/3560/317
f 3597/3564/317 3596/3563/317 3594/3561/317
f 3598/3565/324 3597/3564/324 3599/3566/324
f 3600/3567/317 3597/3564/317 3598/3565/317
f 3601/3568/324 3602/3569/324 3603/3570/324
f 3604/3571/317 3602/3569/317 3601/3568/317
f 3583/3550/317 3602/3569/317 3604/3571/317
f 3605/3572/317 3602/3569/317 3583/3550/317
f 3606/3573/317 3602/3569/317 3605/3572/317
f 3508/3475/317 3607/3574/317 3506/3473/317
f 3510/3477/317 3607/3574/317 3508/3475/317
f 3512/3479/317 3607/3574/317 3510/3477/317
f 3514/3481/317 3607/3574/317 3512/3479/317
f 3516/3483/317 3607/3574/317 3514/3481/317
f 3518/3485/317 3607/3574/317 3516/3483/317
f 3520/3487/317 3607/3574/317 3518/3485/317
f 3522/3489/317 3607/3574/317 3520/3487/317
f 3524/3491/317 3607/3574/317 3522/3489/317
f 3526/3493/317 3607/3574/317 3524/3491/317
f 3528/3495/317 3607/3574/317 3526/3493/317
f 3608/3575/317 3607/3574/317 3528/3495/317
f 3537/3504/317 3519/3486/317 3534/3501/317
f 3539/3506/317 3519/3486/317 3537/3504/317
f 3609/3576/324 3551/3518/324 3552/3519/324
f 3558/3525/324 3554/3521/324 3557/3524/324
f 3566/3533/317 3610/3577/317 3565/3532/317
f 3611/3578/317 3610/3577/317 3566/3533/317
f 3569/3536/317 3612/3579/317 3557/3524/317
f 3571/3538/317 3612/3579/317 3569/3536/317
f 3575/3542/317 3612/3579/317 3571/3538/317
f 3613/3580/317 3612/3579/317 3575/3542/317
f 3578/3545/317 3570/3537/317 3576/3543/317
f 3580/3547/317 3570/3537/317 3578/3545/317
f 3583/3550/317 3614/3581/317 3582/3549/317
f 3615/3582/317 3614/3581/317 3583/3550/317
f 3595/3562/317 3590/3557/317 3592/3559/317
f 3600/3567/317 3596/3563/317 3597/3564/317
f 3606/3573/317 3600/3567/317 3602/3569/317
f 3616/3583/324 3607/3574/324 3608/3575/324
f 3539/3506/317 3517/3484/317 3519/3486/317
f 3538/3505/317 3517/3484/317 3539/3506/317
f 3609/3576/317 3505/3472/317 3551/3518/317
f 3610/3577/324 3554/3521/324 3558/3525/324
f 3611/3578/324 3554/3521/324 3610/3577/324
f 3617/3584/324 3554/3521/324 3611/3578/324
f 3618/3585/344 3617/3584/344 3613/3580/344
f 3579/3546/317 3570/3537/317 3580/3547/317
f 3615/3582/317 3579/3546/317 3614/3581/317
f 3585/3552/317 3579/3546/317 3615/3582/317
f 3606/3573/317 3596/3563/317 3600/3567/317
f 3530/3497/317 3607/3574/317 3616/3583/317
f 3538/3505/317 3532/3499/317 3517/3484/317
f 3542/3509/317 3532/3499/317 3538/3505/317
f 3609/3576/317 3550/3517/317 3505/3472/317
f 3555/3522/317 3550/3517/317 3609/3576/317
f 3585/3552/317 3570/3537/317 3579/3546/317
f 3588/3555/317 3570/3537/317 3585/3552/317
f 3606/3573/317 3619/3586/317 3596/3563/317
f 3542/3509/317 3530/3497/317 3532/3499/317
f 3541/3508/317 3530/3497/317 3542/3509/317
f 3555/3522/317 3548/3515/317 3550/3517/317
f 3554/3521/317 3548/3515/317 3555/3522/317
f 3588/3555/324 3573/3540/324 3570/3537/324
f 3590/3557/324 3573/3540/324 3588/3555/324
f 3620/3587/317 3530/3497/317 3541/3508/317
f 3617/3584/324 3621/3588/324 3554/3521/324
f 3595/3562/317 3573/3540/317 3590/3557/317
f 3620/3587/317 3607/3574/317 3530/3497/317
f 3617/3584/344 3622/3589/344 3621/3588/344
f 3595/3562/317 3623/3590/317 3573/3540/317
f 3619/3586/317 3623/3590/317 3595/3562/317
f 3622/3589/324 3607/3574/324 3620/3587/324
f 3606/3573/317 3623/3590/317 3619/3586/317
f 3622/3589/317 3606/3573/317 3607/3574/317
f 3618/3585/317 3606/3573/317 3622/3589/317
f 3606/3573/317 3618/3585/317 3623/3590/317
f 2735/3572/295 3624/3591/295 2954/3592/295
f 2732/3473/295 2735/3572/295 2954/3592/295
f 2956/3593/295 3624/3591/295 2738/3573/295
f 2953/3594/295 2956/3593/295 2738/3573/295
f 2732/3473/295 2954/3592/295 2950/3595/295
f 2736/3574/295 2732/3473/295 2950/3595/295
f 2953/3594/295 2738/3573/295 2736/3574/295
f 2950/3595/295 2953/3594/295 2736/3574/295
f 3605/3572/317 2955/3592/317 3625/3591/317
f 3506/3473/317 2955/3592/317 3605/3572/317
f 2957/3593/317 3606/3573/317 3625/3591/317
f 2952/3594/317 3606/3573/317 2957/3593/317
f 3506/3473/317 2951/3595/317 2955/3592/317
f 3607/3574/317 2951/3595/317 3506/3473/317
f 2952/3594/317 3607/3574/317 3606/3573/317
f 2951/3595/317 3607/3574/317 2952/3594/317
f 3502/3470/317 3611/3578/317 3626/3596/317
f 3504/3471/317 3611/3578/317 3502/3470/317
f 3566/3533/317 3503/3469/317 3626/3596/317
f 3612/3579/317 3503/3469/317 3566/3533/317
f 3504/3471/317 3617/3584/317 3611/3578/317
f 3501/3468/317 3617/3584/317 3504/3471/317
f 3612/3579/317 3501/3468/317 3503/3469/317
f 3617/3584/317 3501/3468/317 3612/3579/317
f 3496/3464/317 3573/3540/317 3627/3597/317
f 3499/3466/317 3573/3540/317 3496/3464/317
f 3627/3597/324 3497/3463/324 3496/3464/324
f 3623/3590/317 3497/3463/317 3627/3597/317
f 3499/3466/324 3574/3541/324 3573/3540/324
f 3623/3590/317 3495/3462/317 3497/3463/317
f 3618/3585/317 3495/3462/317 3623/3590/317
f 3499/3466/317 3575/3542/317 3574/3541/317
f 3500/3467/317 3575/3542/317 3499/3466/317
f 3618/3585/317 3498/3465/317 3495/3462/317
f 3613/3580/317 3498/3465/317 3618/3585/317
f 3500/3467/317 3613/3580/317 3575/3542/317
f 3498/3465/317 3613/3580/317 3500/3467/317
f 3486/3454/317 3593/3560/317 3628/3598/317
f 3488/3455/317 3593/3560/317 3486/3454/317
f 3628/3598/317 3487/3453/317 3486/3454/317
f 3596/3563/317 3487/3453/317 3628/3598/317
f 3488/3455/317 3595/3562/317 3593/3560/317
f 3596/3563/317 3485/3452/317 3487/3453/317
f 3619/3586/317 3485/3452/317 3596/3563/317
f 3488/3455/317 3619/3586/317 3595/3562/317
f 3485/3452/317 3619/3586/317 3488/3455/317
f 3440/3406/317 3585/3552/317 3629/3599/317
f 3439/3407/317 3585/3552/317 3440/3406/317
f 3455/3422/324 3439/3407/324 3453/3420/324
f 3452/3419/324 3439/3407/324 3455/3422/324
f 3448/3415/317 3451/3417/317 3450/3418/317
f 3445/3412/317 3451/3417/317 3448/3415/317
f 3444/3411/317 3447/3413/317 3446/3414/317
f 3441/3408/317 3447/3413/317 3444/3411/317
f 3454/3421/317 3443/3409/317 3442/3410/317
f 3438/3405/317 3443/3409/317 3454/3421/317
f 3615/3582/317 3438/3405/317 3629/3599/317
f 3604/3571/324 3438/3405/324 3615/3582/324
f 3439/3407/317 3586/3553/317 3585/3552/317
f 3601/3568/317 3438/3405/317 3604/3571/317
f 3439/3407/317 3584/3551/317 3586/3553/317
f 3601/3568/317 3443/3409/317 3438/3405/317
f 3603/3570/317 3443/3409/317 3601/3568/317
f 3452/3419/317 3584/3551/317 3439/3407/317
f 3602/3569/317 3443/3409/317 3603/3570/317
f 3452/3419/317 3587/3554/317 3584/3551/317
f 3449/3416/317 3587/3554/317 3452/3419/317
f 3602/3569/317 3441/3408/317 3443/3409/317
f 3600/3567/317 3441/3408/317 3602/3569/317
f 3449/3416/317 3588/3555/317 3587/3554/317
f 3598/3565/317 3441/3408/317 3600/3567/317
f 3449/3416/317 3590/3557/317 3588/3555/317
f 3451/3417/317 3590/3557/317 3449/3416/317
f 3598/3565/317 3447/3413/317 3441/3408/317
f 3599/3566/324 3447/3413/324 3598/3565/324
f 3451/3417/317 3591/3558/317 3590/3557/317
f 3597/3564/317 3447/3413/317 3599/3566/317
f 3451/3417/317 3589/3556/317 3591/3558/317
f 3445/3412/317 3589/3556/317 3451/3417/317
f 3597/3564/317 3445/3412/317 3447/3413/317
f 3592/3559/317 3445/3412/317 3597/3564/317
f 3445/3412/317 3592/3559/317 3589/3556/317
f 3463/3430/317 3539/3506/317 3537/3504/317
f 3464/3431/317 3539/3506/317 3463/3430/317
f 3537/3504/324 3457/3425/324 3463/3430/324
f 3549/3516/317 3457/3425/317 3537/3504/317
f 3464/3431/324 3540/3507/324 3539/3506/324
f 3462/3429/324 3540/3507/324 3464/3431/324
f 3549/3516/317 3458/3424/317 3457/3425/317
f 3548/3515/317 3458/3424/317 3549/3516/317
f 3462/3429/324 3538/3505/324 3540/3507/324
f 3460/3427/324 3538/3505/324 3462/3429/324
f 3548/3515/317 3456/3423/317 3458/3424/317
f 3547/3514/317 3456/3423/317 3548/3515/317
f 3460/3427/324 3542/3509/324 3538/3505/324
f 3461/3428/317 3542/3509/317 3460/3427/317
f 3547/3514/317 3459/3426/317 3456/3423/317
f 3546/3513/317 3459/3426/317 3547/3514/317
f 3461/3428/317 3546/3513/317 3542/3509/317
f 3459/3426/317 3546/3513/317 3461/3428/317
f 3437/3404/317 3516/3483/317 3630/3600/317
f 3436/3403/317 3516/3483/317 3437/3404/317
f 3513/3480/317 3433/3401/317 3630/3600/317
f 3535/3502/317 3433/3401/317 3513/3480/317
f 3436/3403/317 3518/3485/317 3516/3483/317
f 3435/3402/317 3518/3485/317 3436/3403/317
f 3535/3502/317 3434/3400/317 3433/3401/317
f 3534/3501/317 3434/3400/317 3535/3502/317
f 3435/3402/317 3519/3486/317 3518/3485/317
f 3432/3399/317 3519/3486/317 3435/3402/317
f 3534/3501/324 3432/3399/324 3434/3400/324
f 3519/3486/317 3432/3399/317 3534/3501/317
f 3423/3391/317 3580/3547/317 3631/3601/317
f 3427/3394/317 3580/3547/317 3423/3391/317
f 3631/3601/317 3424/3390/317 3423/3391/317
f 3578/3545/317 3424/3390/317 3631/3601/317
f 3582/3549/317 3424/3390/317 3578/3545/317
f 3427/3394/317 3581/3548/317 3580/3547/317
f 3426/3393/317 3581/3548/317 3427/3394/317
f 3582/3549/317 3422/3389/317 3424/3390/317
f 3614/3581/317 3422/3389/317 3582/3549/317
f 3426/3393/317 3579/3546/317 3581/3548/317
f 3425/3392/317 3579/3546/317 3426/3393/317
f 3614/3581/317 3425/3392/317 3422/3389/317
f 3579/3546/317 3425/3392/317 3614/3581/317
f 3411/3379/317 3569/3536/317 3632/3602/317
f 3414/3381/317 3569/3536/317 3411/3379/317
f 3632/3602/317 3412/3378/317 3411/3379/317
f 3567/3534/317 3412/3378/317 3632/3602/317
f 3576/3543/317 3412/3378/317 3567/3534/317
f 3414/3381/317 3571/3538/317 3569/3536/317
f 3415/3382/317 3571/3538/317 3414/3381/317
f 3576/3543/317 3410/3377/317 3412/3378/317
f 3570/3537/317 3410/3377/317 3576/3543/317
f 3415/3382/317 3572/3539/317 3571/3538/317
f 3413/3380/317 3572/3539/317 3415/3382/317
f 3570/3537/317 3413/3380/317 3410/3377/317
f 3572/3539/317 3413/3380/317 3570/3537/317
f 3408/3374/317 3558/3525/317 3633/3603/317
f 3407/3375/317 3558/3525/317 3408/3374/317
f 3559/3526/317 3406/3373/317 3633/3603/317
f 3564/3531/317 3406/3373/317 3559/3526/317
f 3407/3375/317 3561/3528/317 3558/3525/317
f 3409/3376/317 3561/3528/317 3407/3375/317
f 3564/3531/317 3409/3376/317 3406/3373/317
f 3561/3528/317 3409/3376/317 3564/3531/317
f 3470/3438/317 3520/3487/317 3517/3484/317
f 3474/3441/317 3520/3487/317 3470/3438/317
f 3517/3484/324 3471/3437/324 3470/3438/324
f 3532/3499/317 3471/3437/317 3517/3484/317
f 3474/3441/317 3522/3489/317 3520/3487/317
f 3472/3439/317 3522/3489/317 3474/3441/317
f 3532/3499/317 3469/3436/317 3471/3437/317
f 3529/3496/317 3469/3436/317 3532/3499/317
f 3472/3439/317 3523/3490/317 3522/3489/317
f 3473/3440/317 3523/3490/317 3472/3439/317
f 3529/3496/317 3473/3440/317 3469/3436/317
f 3523/3490/317 3473/3440/317 3529/3496/317
f 3429/3397/317 3512/3479/317 3634/3604/317
f 3431/3398/317 3512/3479/317 3429/3397/317
f 3509/3476/317 3430/3396/317 3634/3604/317
f 3515/3482/317 3430/3396/317 3509/3476/317
f 3431/3398/317 3514/3481/317 3512/3479/317
f 3428/3395/317 3514/3481/317 3431/3398/317
f 3515/3482/317 3428/3395/317 3430/3396/317
f 3514/3481/317 3428/3395/317 3515/3482/317
f 3484/3451/317 3528/3495/317 3635/3605/317
f 3483/3450/317 3528/3495/317 3484/3451/317
f 3525/3492/317 3480/3448/317 3635/3605/317
f 3531/3498/317 3480/3448/317 3525/3492/317
f 3483/3450/317 3608/3575/317 3528/3495/317
f 3482/3449/317 3608/3575/317 3483/3450/317
f 3531/3498/317 3481/3447/317 3480/3448/317
f 3530/3497/317 3481/3447/317 3531/3498/317
f 3482/3449/317 3616/3583/317 3608/3575/317
f 3479/3446/317 3616/3583/317 3482/3449/317
f 3530/3497/317 3479/3446/317 3481/3447/317
f 3616/3583/317 3479/3446/317 3530/3497/317
f 3477/3443/317 3524/3491/317 3636/3606/317
f 3476/3444/317 3524/3491/317 3477/3443/317
f 3521/3488/317 3475/3442/317 3636/3606/317
f 3527/3494/317 3475/3442/317 3521/3488/317
f 3476/3444/317 3526/3493/317 3524/3491/317
f 3478/3445/317 3526/3493/317 3476/3444/317
f 3527/3494/317 3478/3445/317 3475/3442/317
f 3526/3493/317 3478/3445/317 3527/3494/317
f 3402/3368/317 3552/3519/317 3637/3607/317
f 3401/3369/317 3552/3519/317 3402/3368/317
f 3553/3520/317 3400/3367/317 3637/3607/317
f 3554/3521/317 3400/3367/317 3553/3520/317
f 3401/3369/317 3609/3576/317 3552/3519/317
f 3404/3371/317 3609/3576/317 3401/3369/317
f 3554/3521/317 3403/3370/317 3400/3367/317
f 3556/3523/317 3403/3370/317 3554/3521/317
f 3404/3371/317 3555/3522/317 3609/3576/317
f 3405/3372/324 3555/3522/324 3404/3371/324
f 3556/3523/317 3405/3372/317 3403/3370/317
f 3555/3522/317 3405/3372/317 3556/3523/317
f 3417/3385/317 3505/3472/317 3638/3608/317
f 3421/3388/317 3505/3472/317 3417/3385/317
f 3638/3608/317 3418/3384/317 3417/3385/317
f 3550/3517/317 3418/3384/317 3638/3608/317
f 3421/3388/317 3508/3475/317 3505/3472/317
f 3550/3517/317 3416/3383/317 3418/3384/317
f 3533/3500/324 3416/3383/324 3550/3517/324
f 3421/3388/317 3510/3477/317 3508/3475/317
f 3419/3386/317 3510/3477/317 3421/3388/317
f 3533/3500/317 3420/3387/317 3416/3383/317
f 3511/3478/317 3420/3387/317 3533/3500/317
f 3419/3386/317 3511/3478/317 3510/3477/317
f 3420/3387/317 3511/3478/317 3419/3386/317
f 3494/3461/317 3620/3587/317 3639/3609/317
f 3493/3460/317 3620/3587/317 3494/3461/317
f 3639/3609/317 3490/3458/317 3494/3461/317
f 3541/3508/317 3490/3458/317 3639/3609/317
f 3545/3512/317 3490/3458/317 3541/3508/317
f 3493/3460/317 3622/3589/317 3620/3587/317
f 3492/3459/317 3622/3589/317 3493/3460/317
f 3545/3512/317 3491/3457/317 3490/3458/317
f 3544/3511/317 3491/3457/317 3545/3512/317
f 3492/3459/317 3621/3588/317 3622/3589/317
f 3489/3456/317 3621/3588/317 3492/3459/317
f 3544/3511/317 3489/3456/317 3491/3457/317
f 3621/3588/317 3489/3456/317 3544/3511/317
f 3466/3434/317 3563/3530/317 3640/3610/317
f 3468/3435/317 3563/3530/317 3466/3434/317
f 3560/3527/317 3467/3433/317 3640/3610/317
f 3565/3532/317 3467/3433/317 3560/3527/317
f 3468/3435/317 3610/3577/317 3563/3530/317
f 3465/3432/317 3610/3577/317 3468/3435/317
f 3565/3532/317 3465/3432/317 3467/3433/317
f 3610/3577/317 3465/3432/317 3565/3532/317
usemtl FLAT3
f 1632/3053/295 3641/1933/295 1690/1916/295
f 1633/2851/295 1632/3053/295 1690/1916/295
f 1647/3611/295 3642/3612/295 3643/3613/295
f 1648/3614/295 1647/3611/295 3643/3613/295
f 1639/3615/295 1693/3616/295 3644/3617/295
f 1640/3618/295 1639/3615/295 3644/3617/295
f 1640/3618/295 3644/3617/295 3642/3612/295
f 1647/3611/295 1640/3618/295 3642/3612/295
f 1632/3053/295 1648/3614/295 3643/3613/295
f 3641/1933/295 1632/3053/295 3643/3613/295
f 3645/3619/295 1978/3620/295 1968/3621/295
f 3646/1906/295 3645/3619/295 1968/3621/295
f 1694/3622/295 1697/3623/295 1975/3624/295
f 3647/3625/295 1694/3622/295 1975/3624/295
f 180/3626/295 175/1786/295 171/3627/295
f 177/3628/295 180/3626/295 171/3627/295
f 170/3629/295 181/3630/295 183/3631/295
f 168/3632/295 170/3629/295 183/3631/295
f 161/1629/295 164/3633/295 167/3634/295
f 158/3635/295 161/1629/295 167/3634/295
f 1714/308/295 162/1015/295 158/3635/295
f 1731/1110/295 1714/308/295 158/3635/295
f 171/3627/295 174/1107/295 1731/1110/295
f 177/3628/295 171/3627/295 1731/1110/295
f 1731/1110/295 158/3635/295 167/3634/295
f 167/3634/295 177/3628/295 1731/1110/295
f 1737/1924/295 1778/3636/295 333/3637/295
f 335/3638/295 1737/1924/295 333/3637/295
f 3647/3625/295 1975/3624/295 1982/3639/295
f 3648/3640/295 3647/3625/295 1982/3639/295
f 3645/3619/295 3648/3640/295 1982/3639/295
f 1978/3620/295 3645/3619/295 1982/3639/295
f 3646/1906/295 1968/3621/295 1799/3641/295
f 1802/1889/295 3646/1906/295 1799/3641/295
f 1846/1229/295 1849/1202/295 451/1201/295
f 445/3642/295 448/1230/295 1846/1229/295
f 456/3643/295 449/3644/295 445/3642/295
f 454/3645/295 456/3643/295 445/3642/295
f 1846/1229/295 451/1201/295 454/3645/295
f 454/3645/295 445/3642/295 1846/1229/295
f 2418/3646/295 497/3647/295 1853/3648/295
f 513/3649/295 515/3650/295 2424/3651/295
f 519/3652/295 510/3653/295 513/3649/295
f 518/3654/295 519/3652/295 513/3649/295
f 507/3655/295 509/3656/295 518/3654/295
f 2429/3657/295 504/3658/295 507/3655/295
f 1737/1924/295 503/3659/295 2432/3660/295
f 1860/3661/299 1737/1924/299 2432/3660/299
f 2418/3646/295 1853/3648/295 1858/3662/295
f 2420/3663/295 2418/3646/295 1858/3662/295
f 513/3649/295 2424/3651/295 2422/3664/295
f 2429/3657/295 507/3655/295 518/3654/295
f 2426/3665/295 2429/3657/295 518/3654/295
f 1860/3661/295 2432/3660/295 2430/3666/295
f 2422/3664/299 2420/3663/299 1858/3662/299
f 2430/3666/295 2426/3665/295 518/3654/295
f 1860/3661/295 2430/3666/295 518/3654/295
f 513/3649/295 2422/3664/295 1858/3662/295
f 1858/3662/295 1860/3661/295 518/3654/295
f 518/3654/295 513/3649/295 1858/3662/295
f 1853/3648/295 500/3667/295 558/3668/295
f 1877/3669/295 1853/3648/295 558/3668/295
f 622/3670/295 627/3671/295 616/3672/295
f 619/3673/295 622/3670/295 616/3672/295
f 2507/3674/295 623/3675/295 619/3673/295
f 1851/3676/295 609/3677/295 2510/3678/295
f 1835/3679/295 1851/3676/295 2510/3678/295
f 602/3680/295 1910/1895/295 1830/3681/295
f 2503/3682/295 602/3680/295 1830/3681/295
f 613/3683/299 615/3684/299 2496/3685/299
f 616/3672/295 610/3686/295 613/3683/295
f 2504/3687/295 2507/3674/295 619/3673/295
f 1835/3679/295 2510/3678/295 2508/3688/295
f 2501/3689/295 2503/3682/295 1830/3681/295
f 613/3683/299 2496/3685/299 2499/3690/299
f 616/3672/295 613/3683/295 2499/3690/295
f 1835/3679/299 2508/3688/299 2504/3687/299
f 2499/3690/295 2501/3689/295 1830/3681/295
f 616/3672/295 2499/3690/295 1830/3681/295
f 1835/3679/295 2504/3687/295 619/3673/295
f 616/3672/295 1830/3681/295 1835/3679/295
f 1835/3679/295 619/3673/295 616/3672/295
f 1913/3691/295 636/3692/295 606/3693/295
f 1851/3676/295 1913/3691/295 606/3693/295
f 1912/3694/295 1910/1895/295 605/3695/295
f 668/3696/295 1912/3694/295 605/3695/295
f 3649/3697/295 1734/3698/295 1753/3699/295
f 1752/1033/295 3649/3697/295 1753/3699/295
f 3650/3700/295 3651/3701/295 859/1535/295
f 852/1534/295 3650/3700/295 859/1535/295
f 1719/3702/295 3652/3703/295 2052/1262/295
f 2034/3704/295 1719/3702/295 2052/1262/295
f 856/3705/295 3651/3701/295 3649/3697/295
f 863/3706/295 856/3705/295 3649/3697/295
f 1752/1033/295 867/1526/295 863/3706/295
f 3649/3697/295 1752/1033/295 863/3706/295
f 3652/3703/295 3650/3700/295 855/3707/295
f 1339/1524/295 2052/1262/295 3652/3703/295
f 1337/3708/295 1339/1524/295 3652/3703/295
f 3652/3703/295 855/3707/295 1337/3708/295
